event_id,product_id,classified_date,firm,description,excluded_because,fda_url
61307,107780,2012-06-13,"Western Feed LLC","Payback Kountry Buffet 14% Text, packaged in 50-lb. bags. The firm name on the label says the product is Manufactured by CHS Nutrition, Sioux Falls, SD.","Not dog or cat food",https://www.accessdata.fda.gov/scripts/ires/?Product=107780
61441,108083,2012-06-25,"Virbac Inc","Virbac IVERHART MAX (ivermectin/pyrantel pamoate/praziquantel), Chewable Tablets for Dogs 50.1 to 100 lbs., packaged in 6-tablet boxes, 10 boxes/display case, each chewable tablet contains 272 mcg ivermectin, 228 mg pyrantel as pamoate salt and 228 mg praziquantel, RX, NADA 141-257. Manufactured by ","Animal drug, device or non-food product",https://www.accessdata.fda.gov/scripts/ires/?Product=108083
62008,109685,2012-06-25,"Franck's Lab Inc., d.b.a. Franck's Compounding Lab","OPHTHALMIC PRODUCTS: (No labeling available) CHLORAMPHENICOL 0.5% OPHTHALMIC 10 ML. CIPROFLOXACIN HCL 0.4% OPHTHALMIC 10 ML. CYCLOSPORINE (A) (CANNOLA OIL) 1% OPHTHALMIC 10 ML, 15 ML. CYCLOSPORINE (A) (CORN OIL) 1% OPHTHALMIC 5 ML, 10 ML, 15 ML, 20 ML, 30 ML, 40 ML, 60 ML. CYCLOSPORINE (A) /TACROLIM","Animal drug, device or non-food product",https://www.accessdata.fda.gov/scripts/ires/?Product=109685
62008,109691,2012-06-25,"Franck's Lab Inc., d.b.a. Franck's Compounding Lab","OPHTHALMIC OINTMENT PRODUCTS: (No labeling available) ACYCLOVIR OPHTHALMIC 3% OINTMENT 6 ML. ACYCLOVIR OPHTHALMIC 3% OINTMENT 5 GM. CHLORAMPHENICOL OINTMENT 1% OPHTHALMIC 5 GM, 8 GM, 12 GM, 20 GM, 24 GM, 30 GM, 40 GM, 120 GM, 10ML AND 30 ML. CHLORAMPHENICOL/MICONAZOLE/DMSO OINTMENT 2%/2%/1% OPHTHALM","Animal drug, device or non-food product",https://www.accessdata.fda.gov/scripts/ires/?Product=109691
62008,109692,2012-06-25,"Franck's Lab Inc., d.b.a. Franck's Compounding Lab","TOPICAL OPHTHALMIC PRODUCTS / ARTIFICAL TEARS: (No labeling available) ACETYLCYSTEINE, OPHTHALMIC IN ARTIFICIAL TEARS - 2.5% 15 ML, 5%, 15ML, AND 10% IN 5ML, SOLUTION. CEFAZOLIN OPHTHALMIC IN ARTIFICIAL TEARS 66MG/ML OPHTHALMIC 15 ML. CEFAZOLIN SOLUTION IN ARTIFICIAL TEARS 55MG/ML OPHTHALMIC 5 ML,10","Animal drug, device or non-food product",https://www.accessdata.fda.gov/scripts/ires/?Product=109692
62008,109764,2012-06-25,"Franck's Lab Inc., d.b.a. Franck's Compounding Lab","TOPICAL IRRIGATION: (No labeling available). CLOTRIMAZOLE UTERINE FLUSH, STERILE 500MG/60ML (8.33MG/ML) SOLUTION 300 ML, 500 ML. CLOTRIMAZOLE UTERINE FLUSH, STERILE 500MG/20ML (25MG/ML) SOLUTION 140 ML, 168 ML.","Animal drug, device or non-food product",https://www.accessdata.fda.gov/scripts/ires/?Product=109764
62008,109766,2012-06-25,"Franck's Lab Inc., d.b.a. Franck's Compounding Lab","TOPICAL: (No labeling available). AMIKACIN SULFATE, OTIC 2% SOLUTION 90 ML. AMIKACIN / TOBRAMYCIN OTIC 250MG / 10MG / ML DROP 30 ML.","Animal drug, device or non-food product",https://www.accessdata.fda.gov/scripts/ires/?Product=109766
62008,109775,2012-06-25,"Franck's Lab Inc., d.b.a. Franck's Compounding Lab","ORAL: (No labeling available). CYPROHEPTADINE 100MG/ML SUSPENSION 60 ML, 90 ML, 100 ML 180 ML, 240 ML, 360 ML, 480 ML. CIMETIDINE 1.5GM/LEVEL SCOOP SCOOP 120 SCOOP. CYCLOSPORINE 15MG CAPSULE 60 CAPS. LACTULOSE, FLAVORED 10GM/15ML SYRUP 90 ML, 480 ML.","Animal drug, device or non-food product",https://www.accessdata.fda.gov/scripts/ires/?Product=109775
62008,109778,2012-06-25,"Franck's Lab Inc., d.b.a. Franck's Compounding Lab","INJECTIBLE OPHTHALMIC (No labeling available). MITOMYCIN (OPHTHALMIC) SOLUTION, P.F. 5MG/ML INJECTABLE 4ML.","Animal drug, device or non-food product",https://www.accessdata.fda.gov/scripts/ires/?Product=109778
62008,109787,2012-06-25,"Franck's Lab Inc., d.b.a. Franck's Compounding Lab","INJECTIBLE INTRAPERITONEAL: (No labeling available). CARBOXYMETHYLCELLULOSE (STERILE) 1% LIQUID 500 ML, 1000 ML, 2000 ML, 3000 ML. CARBOXYMETHYLCELLULOSE (STERILE) P&S 1% LIQUID 4000 ML.","Animal drug, device or non-food product",https://www.accessdata.fda.gov/scripts/ires/?Product=109787
62008,109790,2012-06-25,"Franck's Lab Inc., d.b.a. Franck's Compounding Lab","DEVICE: (No labeling available). NEEDLE BD PRECISIONGLIDE** 18GX1"" DEVICE (100 EA). INJECT- EASE*** DEVICE (1 EA). SYRINGE BD ULTRA-FINE II** 1ML (31G, 8MM) SYRINGE (20 SYRINGES).","Not dog or cat food",https://www.accessdata.fda.gov/scripts/ires/?Product=109790
61017,107045,2012-06-26,"Cargill Inc Animal Nutrition Division","Sportsman's Choice, RECORD RACK, DEER CORN (LL), 10263 LL, NET WEIGHT 40 LB (18.14 kg), CARGILL ANIMAL NUTRITION, GENERAL OFFICE, MINNEAPOLIS, MN 55440, UPC 722304239992","Livestock feed or food for other animals",https://www.accessdata.fda.gov/scripts/ires/?Product=107045
61017,107054,2012-06-26,"Cargill Inc Animal Nutrition Division","DEER CORN (LL), 5692 LL, NET WEIGHT 50 LB (22.67 kg), CARGILL ANIMAL NUTRITION, GENERAL OFFICE, MINNEAPOLIS, MN 55440, UPC 722304009519","Livestock feed or food for other animals",https://www.accessdata.fda.gov/scripts/ires/?Product=107054
61017,107055,2012-06-26,"Cargill Inc Animal Nutrition Division","Sportsman's Choice, RECORD RACK, 20% DEER PELLET (LL), 3573 LL, NET WEIGHT 40 LB (18.14 kg), CARGILL ANIMAL NUTRITION, GENERAL OFFICE, MINNEAPOLIS, MN 55440, UPC 722304200176","Livestock feed or food for other animals",https://www.accessdata.fda.gov/scripts/ires/?Product=107055
61017,107056,2012-06-26,"Cargill Inc Animal Nutrition Division","Sportsman's Choice, RECORD RACK, TEXTURED BREEDER 18 (MN), 45044 MN, NET WEIGHT 50 LB (22.67 kg) BAG, CARGILL ANIMAL NUTRITION, GENERAL OFFICE, MINNEAPOLIS, MN 55440, UPC 722304245078","Not dog or cat food",https://www.accessdata.fda.gov/scripts/ires/?Product=107056
61017,107057,2012-06-26,"Cargill Inc Animal Nutrition Division","Nutrena (R), Stock & Stable, ALL GRAIN 12% (LL), 7507-A LL, NET WEIGHT ON BAG OR BULK, NUTRENA, GENERAL OFFICE, MINNEAPOLIS, MN 55440, UPC 722304259693","Not dog or cat food",https://www.accessdata.fda.gov/scripts/ires/?Product=107057
61017,107058,2012-06-26,"Cargill Inc Animal Nutrition Division","DUMOR (R) EQUISTAGES (TM) HORSE FEED (LL), 93925 LL, NET WEIGHT ON BAG OR BULK, DISTRIBUTED BY: TRACTOR SUPPLY COMPANY, BRENTWOOD, TN 37027 UPC 749394003883","Livestock feed or food for other animals",https://www.accessdata.fda.gov/scripts/ires/?Product=107058
61017,107059,2012-06-26,"Cargill Inc Animal Nutrition Division","DUMOR (R) PLEASURE HORSE 12% TEXTURED (LL), 93917 LL, NET WEIGHT ON BAG OR BULK, DISTRIBUTED BY: TRACTOR SUPPLY COMPANY, BRENTWOOD, TN 37027 UPC 749394057428","Livestock feed or food for other animals",https://www.accessdata.fda.gov/scripts/ires/?Product=107059
61017,107060,2012-06-26,"Cargill Inc Animal Nutrition Division","FRIENDS EQUINE 12 (LL), 2859 LL, NET WEIGHT ON BAG OR BULK, CARGILL ANIMAL NUTRITION, GENERAL OFFICE, MINNEAPOLIS, MN 55440, UPC 722304221799","Livestock feed or food for other animals",https://www.accessdata.fda.gov/scripts/ires/?Product=107060
61017,107061,2012-06-26,"Cargill Inc Animal Nutrition Division","FRIENDS 12-5 PELLETS (LL), 5995 LL, NET WEIGHT ON BAG OR BULK, CARGILL ANIMAL NUTRITION, GENERAL OFFICE, MINNEAPOLIS, MN 55440, UPC 722304237745","Not dog or cat food",https://www.accessdata.fda.gov/scripts/ires/?Product=107061
61017,107062,2012-06-26,"Cargill Inc Animal Nutrition Division","Nutrena (R), LIFE DESIGN MARE & FOAL (LL), 1307 LL, NET WEIGHT ON BAG OR BULK, and 1307-BK LL, (BULK), NUTRENA, GENERAL OFFICE, MINNEAPOLIS, MN 55440, UPC 722304004279 (BULK HAS NO UPC)","Not dog or cat food",https://www.accessdata.fda.gov/scripts/ires/?Product=107062
61017,107063,2012-06-26,"Cargill Inc Animal Nutrition Division","Prime Quality MATTHEWS 14% HORSE PELLET (LL), 338018 LL, NET WEIGHT ON BAG OR BULK, PRIME QUALITY FEEDS, GENERAL OFFICE, MINNEAPOLIS, MN 55440, UPC 722304243180","Livestock feed or food for other animals",https://www.accessdata.fda.gov/scripts/ires/?Product=107063
61017,107065,2012-06-26,"Cargill Inc Animal Nutrition Division","Producer's PRIDE (R) 10% DRY TEXTURE HORSE FEED (LL), 93921 LL, NET WEIGHT ON BAG OR BULK, DISTRIBUTED BY: TRACTOR SUPPLY COMPANY, BRENTWOOD, TN 37027 UPC 749394017026","Livestock feed or food for other animals",https://www.accessdata.fda.gov/scripts/ires/?Product=107065
61017,107066,2012-06-26,"Cargill Inc Animal Nutrition Division","Nutrena (R), Stock & Stable, 12% HORSE SWEET (LL), 7512 LL, NET WEIGHT ON BAG OR BULK, NUTRENA, GENERAL OFFICE, MINNEAPOLIS, MN 55440, UPC 722304253189","Livestock feed or food for other animals",https://www.accessdata.fda.gov/scripts/ires/?Product=107066
61017,107067,2012-06-26,"Cargill Inc Animal Nutrition Division","Nutrena (R), VITALITY (R) MARE & FOAL, 7139 LL, NET WEIGHT ON BAG OR BULK, NUTRENA, GENERAL OFFICE, MINNEAPOLIS, MN 55440, UPC 722304235796","Not dog or cat food",https://www.accessdata.fda.gov/scripts/ires/?Product=107067
61017,107068,2012-06-26,"Cargill Inc Animal Nutrition Division","Nutrena (R), VITALITY (R) PERFORM 12% (LL), 7133 LL, NET WEIGHT ON BAG OR BULK, NUTRENA, GENERAL OFFICE, MINNEAPOLIS, MN 55440, UPC 722304235772","Not dog or cat food",https://www.accessdata.fda.gov/scripts/ires/?Product=107068
61017,107069,2012-06-26,"Cargill Inc Animal Nutrition Division","Nutrena (R), VITALITY (R) PERFORM 14% (LL), 7136 LL, NET WEIGHT ON BAG OR BULK, NUTRENA, GENERAL OFFICE, MINNEAPOLIS, MN 55440, UPC 722304253826","Not dog or cat food",https://www.accessdata.fda.gov/scripts/ires/?Product=107069
61017,107070,2012-06-26,"Cargill Inc Animal Nutrition Division","Nutrena (R), TRIUMPH (R) 12 PELLETS (LL), 7189 LL, NET WEIGHT ON BAG OR BULK, NUTRENA, GENERAL OFFICE, MINNEAPOLIS, MN 55440, UPC 722304251079","Not dog or cat food",https://www.accessdata.fda.gov/scripts/ires/?Product=107070
61017,107071,2012-06-26,"Cargill Inc Animal Nutrition Division","Nutrena (R), TRIUMPH (R) COMPLETE (LL), 7192 LL, NET WEIGHT ON BAG OR BULK, NUTRENA, GENERAL OFFICE, MINNEAPOLIS, MN 55440, UPC 722304251109","Not dog or cat food",https://www.accessdata.fda.gov/scripts/ires/?Product=107071
61017,107072,2012-06-26,"Cargill Inc Animal Nutrition Division","Nutrena (R), TRIUMPH (R) 14 SWEET HORSE FEED (LL), 7193 LL, NET WEIGHT ON BAG OR BULK, NUTRENA, GENERAL OFFICE, MINNEAPOLIS, MN 55440, UPC 722304252199","Livestock feed or food for other animals",https://www.accessdata.fda.gov/scripts/ires/?Product=107072
61017,107073,2012-06-26,"Cargill Inc Animal Nutrition Division","Nutrena (R), TRIUMPH (R) 14 PELLETED HORSE FEED (LL), 7198 LL, NET WEIGHT ON BAG OR BULK, NUTRENA, GENERAL OFFICE, MINNEAPOLIS, MN 55440, UPC 722304252175","Livestock feed or food for other animals",https://www.accessdata.fda.gov/scripts/ires/?Product=107073
61017,107074,2012-06-26,"Cargill Inc Animal Nutrition Division","Nutrena (R), Life Design PRIME 10 (LL), 1310 LL, NET WEIGHT ON BAG OR BULK, NUTRENA, GENERAL OFFICE, MINNEAPOLIS, MN 55440, UPC 722304004293","Not dog or cat food",https://www.accessdata.fda.gov/scripts/ires/?Product=107074
61017,107075,2012-06-26,"Cargill Inc Animal Nutrition Division","Nutrena (R), Life Design PRIME 12 (LL), 1312 LL, NET WEIGHT ON BAG OR BULK, NUTRENA, GENERAL OFFICE, MINNEAPOLIS, MN 55440, UPC 722304004309","Not dog or cat food",https://www.accessdata.fda.gov/scripts/ires/?Product=107075
61017,107076,2012-06-26,"Cargill Inc Animal Nutrition Division","Nutrena (R), Life Design COMPLETE 10% (LL), 1309 LL, NET WEIGHT ON BAG OR BULK, NUTRENA, GENERAL OFFICE, MINNEAPOLIS, MN 55440, UPC 722304041397","Not dog or cat food",https://www.accessdata.fda.gov/scripts/ires/?Product=107076
61017,107077,2012-06-26,"Cargill Inc Animal Nutrition Division","Nutrena (R), Life Design COMPLETE (LL), 1308 LL and 1308-BK LL, (BULK), NET WEIGHT ON BAG OR BULK, NUTRENA, GENERAL OFFICE, MINNEAPOLIS, MN 55440, UPC 722304004286 and UPC 722304282059 (BULK)","Not dog or cat food",https://www.accessdata.fda.gov/scripts/ires/?Product=107077
61017,107078,2012-06-26,"Cargill Inc Animal Nutrition Division","Nutrena (R), Life Design SENIOR HORSE FEED (LL), 7550 LL, NET WEIGHT ON BAG OR BULK, NUTRENA, GENERAL OFFICE, MINNEAPOLIS, MN 55440, UPC 722304007140","Livestock feed or food for other animals",https://www.accessdata.fda.gov/scripts/ires/?Product=107078
61017,107092,2012-06-26,"Cargill Inc Animal Nutrition Division","Nutrena (R), LEGACY COMMERCIAL (LL), 60103-C LL, NET WEIGHT ON BAG OR BULK, NUTRENA, GENERAL OFFICE, MINNEAPOLIS, MN 55440, UPC 722304275334","Not dog or cat food",https://www.accessdata.fda.gov/scripts/ires/?Product=107092
61017,107093,2012-06-26,"Cargill Inc Animal Nutrition Division","FEED PRO 10-10-10 (LL), 9542 LL, NET WEIGHT ON BAG OR BULK, CARGILL ANIMAL NUTRITION, GENERAL OFFICE, MINNEAPOLIS, MN 55440, UPC 722304247386","Not dog or cat food",https://www.accessdata.fda.gov/scripts/ires/?Product=107093
61017,107094,2012-06-26,"Cargill Inc Animal Nutrition Division","HIGH FAT PERFORMANCE PELLET (LB) 205736 LB (22.67 kg) OR BULK, CARGILL ANIMAL NUTRITION, GENERAL OFFICE, MINNEAPOLIS, MN 55440, UPC 722304269364","Not dog or cat food",https://www.accessdata.fda.gov/scripts/ires/?Product=107094
61017,107095,2012-06-26,"Cargill Inc Animal Nutrition Division","Nutrena (R), COUNTRY FEEDS (R) LAYER 16% CRUMBLES (LL), 95172 LL, NET WEIGHT 50 LB (22.67 kg), NUTRENA, GENERAL OFFICE, MINNEAPOLIS, MN 55440, No UPC","Livestock feed or food for other animals",https://www.accessdata.fda.gov/scripts/ires/?Product=107095
61017,107096,2012-06-26,"Cargill Inc Animal Nutrition Division","Nutrena (R), COUNTRY FEEDS (R) LAYER 16% PL (LL), 95180 LL, NET WEIGHT 50 LB (22.67 kg), NUTRENA, GENERAL OFFICE, MINNEAPOLIS, MN 55440, No UPC","Livestock feed or food for other animals",https://www.accessdata.fda.gov/scripts/ires/?Product=107096
61017,107097,2012-06-26,"Cargill Inc Animal Nutrition Division","Nutrena (R), COUNTRY FEEDS (R) SCRATCH GRAINS (LL), 95174 LL, NET WEIGHT 50 LB (22.67 kg), NUTRENA, GENERAL OFFICE, MINNEAPOLIS, MN 55440, UPC 722304275860","Not dog or cat food",https://www.accessdata.fda.gov/scripts/ires/?Product=107097
61017,107098,2012-06-26,"Cargill Inc Animal Nutrition Division","DUMOR (R) POULTRY LAYER 16% PL (LL), 93973 LL, NET WEIGHT ON BAG OR BULK, DISTRIBUTED BY: TRACTOR SUPPLY COMPANY, BRENTWOOD, TN 37027 UPC 749694951136","Livestock feed or food for other animals",https://www.accessdata.fda.gov/scripts/ires/?Product=107098
61017,107099,2012-06-26,"Cargill Inc Animal Nutrition Division","DUMOR (R) POULTRY LAYER 16% CR (LL), 93976 LL, NET WEIGHT ON BAG OR BULK, DISTRIBUTED BY: TRACTOR SUPPLY COMPANY, BRENTWOOD, TN 37027 UPC 749394057381","Livestock feed or food for other animals",https://www.accessdata.fda.gov/scripts/ires/?Product=107099
61017,107100,2012-06-26,"Cargill Inc Animal Nutrition Division","JORDAN LAYER 190 (LL), 2672 LL, NET WEIGHT ON BAG OR BULK, CARGILL ANIMAL NUTRITION, GENERAL OFFICE, MINNEAPOLIS, MN 55440, UPC 722304220532","Livestock feed or food for other animals",https://www.accessdata.fda.gov/scripts/ires/?Product=107100
61017,107101,2012-06-26,"Cargill Inc Animal Nutrition Division","JORDAN LAYER 200 W/SHELL PACK (LL), 4055-SH LL, NET WEIGHT ON BAG OR BULK, CARGILL ANIMAL NUTRITION, GENERAL OFFICE, MINNEAPOLIS, MN 55440, UPC 72230422045","Livestock feed or food for other animals",https://www.accessdata.fda.gov/scripts/ires/?Product=107101
61017,107102,2012-06-26,"Cargill Inc Animal Nutrition Division","JORDAN LAYER 220 (SHELL PACK) (LL), 2359-SH LL, NET WEIGHT ON BAG OR BULK, CARGILL ANIMAL NUTRITION, GENERAL OFFICE, MINNEAPOLIS, MN 55440, UPC 722304220501","Livestock feed or food for other animals",https://www.accessdata.fda.gov/scripts/ires/?Product=107102
61017,107103,2012-06-26,"Cargill Inc Animal Nutrition Division","JORDAN LAYER REFRESH PHASE 1 (LL), 6714 LL, NET WEIGHT ON BAG OR BULK, CARGILL ANIMAL NUTRITION, GENERAL OFFICE, MINNEAPOLIS, MN 55440, UPC 722304249182","Livestock feed or food for other animals",https://www.accessdata.fda.gov/scripts/ires/?Product=107103
61017,107104,2012-06-26,"Cargill Inc Animal Nutrition Division","ACCO FEEDS (R) Showmaster (R) BROILER/TURKEY FINISHER EXTRUDED (LL), 11044 LL, NET WEIGHT ON BAG OR BULK, ACCO FEEDS, GENERAL OFFICE, MINNEAPOLIS, MN 55440, UPC 722304261511","Livestock feed or food for other animals",https://www.accessdata.fda.gov/scripts/ires/?Product=107104
61017,107106,2012-06-26,"Cargill Inc Animal Nutrition Division","Producer's PRIDE HOG FEED PL (LL), 93962 LL, NET WEIGHT ON BAG OR BULK, DISTRIBUTED BY: TRACTOR SUPPLY COMPANY, BRENTWOOD, TN 37027 UPC 749394950163","Livestock feed or food for other animals",https://www.accessdata.fda.gov/scripts/ires/?Product=107106
61017,107107,2012-06-26,"Cargill Inc Animal Nutrition Division","Nutrena (R), Stock & Stable, 10% MULTI SPECIES SWEET (LL), 7504 LL, NET WEIGHT ON BAG OR BULK, NUTRENA, GENERAL OFFICE, MINNEAPOLIS, MN 55440, UPC 722304252120","Not dog or cat food",https://www.accessdata.fda.gov/scripts/ires/?Product=107107
61017,107108,2012-06-26,"Cargill Inc Animal Nutrition Division","Nutrena (R), NATUREWISE(R) CRICKET & EARTHWORM FEED (HI CAL) (LL), 91823 LL, NET WEIGHT ON BAG OR BULK, NUTRENA, GENERAL OFFICE, MINNEAPOLIS, MN 55440, UPC 722304217846","Not dog or cat food",https://www.accessdata.fda.gov/scripts/ires/?Product=107108
61017,107109,2012-06-26,"Cargill Inc Animal Nutrition Division","Nutrena (R), NATUREWISE(R) RABBIT PELLETS 16 (25#) (LL), 91972 LL, WEIGHT 25 LB (11.33 kg), UPC: 722304029210 and (50#) (LL) 91974 LL, NET WEIGHT 50 LB (22.67 kg), UPC: 722304029074, NUTRENA, GENERAL OFFICE, MINNEAPOLIS, MN 55440","Livestock feed or food for other animals",https://www.accessdata.fda.gov/scripts/ires/?Product=107109
61017,107110,2012-06-26,"Cargill Inc Animal Nutrition Division","Nutrena (R), NATUREWISE(R) CRACKED CORN (25#) (LL) 91868-25 LL1006, NET WEIGHT 25 LB (11.33 kg), UPC: 722304029036 and 91868 LL1006 NET WEIGHT 50 LB (22.67 kg), UPC: 72230429036, NUTRENA, GENERAL OFFICE, MINNEAPOLIS, MN 55440","Not dog or cat food",https://www.accessdata.fda.gov/scripts/ires/?Product=107110
61017,107111,2012-06-26,"Cargill Inc Animal Nutrition Division","Nutrena (R), Stock & Stable, 12% MULTI-SPECIES SWEET (LL), 7502 LL, NET WEIGHT ON BAG OR BULK, NUTRENA, GENERAL OFFICE, MINNEAPOLIS, MN 55440, UPC 722304252106","Not dog or cat food",https://www.accessdata.fda.gov/scripts/ires/?Product=107111
61017,107112,2012-06-26,"Cargill Inc Animal Nutrition Division","Nutrena (R), Stock & Stable, 10% MULTI-SPECIES SWEET (LL), 7504 LL, NET WEIGHT ON BAG OR BULK, NUTRENA, GENERAL OFFICE, MINNEAPOLIS, MN 55440, UPC 722304252120","Not dog or cat food",https://www.accessdata.fda.gov/scripts/ires/?Product=107112
61017,107113,2012-06-26,"Cargill Inc Animal Nutrition Division","12% HI FAT ALL STOCK (LL), 9541 LL, NET WEIGHT ON BAG OR BULK and 9541-BK, BULK, CARGILL ANIMAL NUTRITION, GENERAL OFFICE, MINNEAPOLIS, MN 55440, UPC 722304247362 and UPC 722304247386 (BULK)","Not dog or cat food",https://www.accessdata.fda.gov/scripts/ires/?Product=107113
61017,107114,2012-06-26,"Cargill Inc Animal Nutrition Division","12% PREMIX PELLET (LL), 7137 LL, NET WEIGHT ON BAG OR BULK, CARGILL ANIMAL NUTRITION, GENERAL OFFICE, MINNEAPOLIS, MN 55440, UPC 722304251796","Not dog or cat food",https://www.accessdata.fda.gov/scripts/ires/?Product=107114
61017,107115,2012-06-26,"Cargill Inc Animal Nutrition Division","WRANGLER 10 SWEET (LL), 95300 LL, NET WEIGHT 50 LB (22.67 kg) OR BULK, CARGILL ANIMAL NUTRITION, GENERAL OFFICE, MINNEAPOLIS, MN 55440, UPC 722304283995","Livestock feed or food for other animals",https://www.accessdata.fda.gov/scripts/ires/?Product=107115
61017,107116,2012-06-26,"Cargill Inc Animal Nutrition Division","Producer's PRIDE (R) 10% SWEET FEED TXT (LL), 93916 LL, NET WEIGHT ON BAG OR BULK, DISTRIBUTED BY: TRACTOR SUPPLY COMPANY, BRENTWOOD, TN 37027 UPC 749394950583","Not dog or cat food",https://www.accessdata.fda.gov/scripts/ires/?Product=107116
61017,107117,2012-06-26,"Cargill Inc Animal Nutrition Division","Producer's PRIDE (R) 12% SWEET FEED TXT (LL), 93922 LL, NET WEIGHT ON BAG OR BULK, DISTRIBUTED BY: TRACTOR SUPPLY COMPANY, BRENTWOOD, TN 37027 UPC 749394950583","Not dog or cat food",https://www.accessdata.fda.gov/scripts/ires/?Product=107117
61017,107119,2012-06-26,"Cargill Inc Animal Nutrition Division","Producer's PRIDE (R) ALL STOCK SWEET FEED (LL), 93933 LL, NET WEIGHT ON BAG OR BULK, DISTRIBUTED BY: TRACTOR SUPPLY COMPANY, BRENTWOOD, TN 37027 UPC 749394016340","Not dog or cat food",https://www.accessdata.fda.gov/scripts/ires/?Product=107119
61017,107124,2012-06-26,"Cargill Inc Animal Nutrition Division","Nutrena (R), NutreBeef (R), 14% AN CREEP PELLET (LL), 93912 LL, NET WEIGHT ON BAG OR BULK, NUTRENA, GENERAL OFFICE, MINNEAPOLIS, MN 55440, UPC 722304271077","Livestock feed or food for other animals",https://www.accessdata.fda.gov/scripts/ires/?Product=107124
61017,107125,2012-06-26,"Cargill Inc Animal Nutrition Division","Nutrena (R), NutreBeef (R), SUPER BEEF (LL), 92102 LL, NET WEIGHT ON BAG OR BULK, NUTRENA, GENERAL OFFICE, MINNEAPOLIS, MN 55440, UPC 722304261412","Not dog or cat food",https://www.accessdata.fda.gov/scripts/ires/?Product=107125
61017,107126,2012-06-26,"Cargill Inc Animal Nutrition Division","Nutrena (R), Stock & Stable, 12 PMP (LL), 7502_P LL, NET WEIGHT 50 LB (22.67 kg) OR BULK, NUTRENA, GENERAL OFFICE, MINNEAPOLIS, MN 55440, UPC 722304282226","Not dog or cat food",https://www.accessdata.fda.gov/scripts/ires/?Product=107126
61017,107127,2012-06-26,"Cargill Inc Animal Nutrition Division","SKLAR RANGE MEAL (LL), 4442 LL, NET WEIGHT ON BAG OR BULK, CARGILL ANIMAL NUTRITION, GENERAL OFFICE, MINNEAPOLIS, MN 55440, UPC 722304075675","Not dog or cat food",https://www.accessdata.fda.gov/scripts/ires/?Product=107127
61017,107128,2012-06-26,"Cargill Inc Animal Nutrition Division","JR. SKLAR BULL RATION (LL), 4445 LL, CARGILL ANIMAL NUTRITION, GENERAL OFFICE, MINNEAPOLIS, MN 55440, UPC 722304075668","Not dog or cat food",https://www.accessdata.fda.gov/scripts/ires/?Product=107128
61017,107129,2012-06-26,"Cargill Inc Animal Nutrition Division","COMMODITY 14 (LL), 151016-A LL, NET WEIGHT ON BAG OR BULK, CARGILL ANIMAL NUTRITION, GENERAL OFFICE, MINNEAPOLIS, MN 55440, UPC 722304254384","Not dog or cat food",https://www.accessdata.fda.gov/scripts/ires/?Product=107129
61017,107130,2012-06-26,"Cargill Inc Animal Nutrition Division","Nutrena (R), COUNTRY FEEDS (R) CHICK STARTER GROWER 18% CRUMBLES (AMP) (LL) MEDICATED, 95171-A LL, NET WEIGHT 50 LB (22.67 kg), NUTRENA, GENERAL OFFICE, MINNEAPOLIS, MN 55440, UPC None","Animal drug, device or non-food product",https://www.accessdata.fda.gov/scripts/ires/?Product=107130
61017,107131,2012-06-26,"Cargill Inc Animal Nutrition Division","Nutrena (R), NutreBeef (R), RANGE MEAL (C70) (LL) MEDICATED, 93908LL, NET WEIGHT ON BAG OR BULK, NUTRENA, GENERAL OFFICE, MINNEAPOLIS, MN 55440, UPC 722304273767","Animal drug, device or non-food product",https://www.accessdata.fda.gov/scripts/ires/?Product=107131
61017,107132,2012-06-26,"Cargill Inc Animal Nutrition Division","Nutrena (R), NATUREWISE GOAT PELLETS 16 (DQ) (LL), 91705-D LL, MEDICATED, NET WEIGHT ON BAG OR BULK, NUTRENA, GENERAL OFFICE, MINNEAPOLIS, MN 55440, UPC 722304031640","Animal drug, device or non-food product",https://www.accessdata.fda.gov/scripts/ires/?Product=107132
61017,107133,2012-06-26,"Cargill Inc Animal Nutrition Division","Nutrena (R), PORKTRACK(R) SOW/PIG COMPLETE PL 16 (C50) (LL) MEDICATED, 90679-C LL, NET WEIGHT ON BAG OR BULK, NUTRENA, GENERAL OFFICE, MINNEAPOLIS, MN 55440, UPC 722304017200","Animal drug, device or non-food product",https://www.accessdata.fda.gov/scripts/ires/?Product=107133
61017,107134,2012-06-26,"Cargill Inc Animal Nutrition Division","ACCO FEEDS (R) SHOWMASTER (R) GOAT DEVELOPER (DCX) (LL) MEDICATED, 10601-D LL, NET WEIGHT 50 LB (22.67 kg) OR BULK, ACCO FEEDS, GENERAL OFFICE, MINNEAPOLIS, MN 55440, UPC 722304235536","Animal drug, device or non-food product",https://www.accessdata.fda.gov/scripts/ires/?Product=107134
61017,107135,2012-06-26,"Cargill Inc Animal Nutrition Division","14% HI-E RANGE MEAL (AN) (C100) (LL) MEDICATED, 4685-N LL, NET WEIGHT ON BAG OR BULK, NUTRENA, GENERAL OFFICE, MINNEAPOLIS, MN 55440, UPC 722304073985","Animal drug, device or non-food product",https://www.accessdata.fda.gov/scripts/ires/?Product=107135
61017,107136,2012-06-26,"Cargill Inc Animal Nutrition Division","CALF CREEP FEED (B45) (LL) MEDICATED, 4078-B LL, NET WEIGHT ON BAG OR BULK, NUTRENA, GENERAL OFFICE, MINNEAPOLIS, MN 55440, UPC 722304073848","Animal drug, device or non-food product",https://www.accessdata.fda.gov/scripts/ires/?Product=107136
61017,107214,2012-06-26,"Cargill Inc Animal Nutrition Division","Nutrena (R), NutreBeef (R), CATTLE GROWER/FINISHER TEXTURED (LL), 93913 LL, NET WEIGHT ON BAG OR BULK, NUTRENA, GENERAL OFFICE, MINNEAPOLIS, MN 55440, UPC 722304271084","Livestock feed or food for other animals",https://www.accessdata.fda.gov/scripts/ires/?Product=107214
61017,107215,2012-06-26,"Cargill Inc Animal Nutrition Division","COMMODITY 12 (LL), 151013 LL, NET WEIGHT ON BAG OR BULK, CARGILL ANIMAL NUTRITION, GENERAL OFFICE, MINNEAPOLIS, MN 55440, UPC 722304273286","Not dog or cat food",https://www.accessdata.fda.gov/scripts/ires/?Product=107215
61017,107225,2012-06-26,"Cargill Inc Animal Nutrition Division","EQUINE ONE (LL), 9510 LL, NET WEIGHT ON BAG OR BULK, CARGILL ANIMAL NUTRITION, GENERAL OFFICE, MINNEAPOLIS, MN 55440, UPC 722304209810","Livestock feed or food for other animals",https://www.accessdata.fda.gov/scripts/ires/?Product=107225
61017,107226,2012-06-26,"Cargill Inc Animal Nutrition Division","WENDLAND'S One 'N Only FREE CHOICE COMPLETE HORSE FEED, 151165, Net Weight 50 LBS. (22.68 Kgs.), Manufactured for WENDLAND'S FARM PRODUCTS, A DIVISION OF JUPE FOODS, INC. TEMPLE, TEXAS 76504","Livestock feed or food for other animals",https://www.accessdata.fda.gov/scripts/ires/?Product=107226
61017,107227,2012-06-26,"Cargill Inc Animal Nutrition Division","Nutrena (R), EMPOWER (R) BOOST, 7613 LL, NET WEIGHT ON BAG OR BULK, and 1316-BK LL, (BULK), NUTRENA, GENERAL OFFICE, MINNEAPOLIS, MN 55440, UPC 722304261406","Not dog or cat food",https://www.accessdata.fda.gov/scripts/ires/?Product=107227
61017,107228,2012-06-26,"Cargill Inc Animal Nutrition Division","RURAL KING 32% FARM POND FLOATING CATFISH FOOD (LL), 960-R4 LL, NET WEIGHT 40 LB (18.14 kg), MANUFACTURED FOR: RURAL KING, MATTOON, IL 61938, MANUFACTURED BY: CARGILL ANIMAL NUTRITION, GENERAL OFFICE, MINNEAPOLIS, MN 55440, UPC 722304253240","Not dog or cat food",https://www.accessdata.fda.gov/scripts/ires/?Product=107228
61017,107229,2012-06-26,"Cargill Inc Animal Nutrition Division","Sportsman's Choice, CATFISH FEED (LL), 45050 LL, NET WEIGHT 50 LB (22.67 kg) BAG, CARGILL ANIMAL NUTRITION, GENERAL OFFICE, MINNEAPOLIS, MN 55440, UPC 72230425932","Not dog or cat food",https://www.accessdata.fda.gov/scripts/ires/?Product=107229
61017,107230,2012-06-26,"Cargill Inc Animal Nutrition Division","WENDLAND'S 32% FLOATING FISH FEED (LL), 151194 LL, Net Weight 50 LBS. (22.68 Kg) BAG, MANUFACTURED FOR WENDLAND'S FARM PRODUCTS, A DIV. OF JUPE FOODS, INC., TEMPLE, TEXAS 76504","Livestock feed or food for other animals",https://www.accessdata.fda.gov/scripts/ires/?Product=107230
61017,107232,2012-06-26,"Cargill Inc Animal Nutrition Division","ACCO FEEDS (R) Showmaster (R) POWER PHAT (TM) (LL), 10739-25 LL, NET WEIGHT 25 LB (11.33 kg), ACCO FEEDS, GENERAL OFFICE, MINNEAPOLIS, MN 55440, UPC 722304239107","Not dog or cat food",https://www.accessdata.fda.gov/scripts/ires/?Product=107232
61017,107233,2012-06-26,"Cargill Inc Animal Nutrition Division","WENDLAND'S DEER-LICIOUS NUGGETS (LL), 151195 LL, NET WEIGHT 40 LB (18.14kg), MANUFACTURED FOR WENDLAND'S FARM PRODUCTS, A DIV. OF JUPE FOODS, INC., TEMPLE, TEXAS 76504","Livestock feed or food for other animals",https://www.accessdata.fda.gov/scripts/ires/?Product=107233
61017,107234,2012-06-26,"Cargill Inc Animal Nutrition Division","Sportsman's Choice, RECORD RACK, GOLDEN DEER NUGGET (TM) (LL), 45011 LL, NET WEIGHT 40 LB (18.14 kg), CARGILL ANIMAL NUTRITION, GENERAL OFFICE, MINNEAPOLIS, MN 55440, UPC 722304504402","Livestock feed or food for other animals",https://www.accessdata.fda.gov/scripts/ires/?Product=107234
62279,110086,2012-07-09,"Manna Pro Corp","MannaPro Chick Stick, Net Wt 15-oz (0.43 kg). Each Stick is individually packaged in a plastic wrapper. Each case contains 8/15oz-Stix. The firm name on the label is Manna Pro Products, LLC, St. Louis, MO.","Not dog or cat food",https://www.accessdata.fda.gov/scripts/ires/?Product=110086
61857,109246,2012-07-11,"Yachere Feed, Inc.","19% Calf Starter Medicated Active Ingredient Lasatocid Yachere 19% Calf Starter Medicated 50 Lb. Net Wt. Active Drug Ingredient Lasatocid 47.4 g/ton Yachere Feed, Inc. 415 Somerset Ave., Rockwood, PA 15557","Animal drug, device or non-food product",https://www.accessdata.fda.gov/scripts/ires/?Product=109246
60891,106719,2012-07-17,"Cargill Inc Animal Nutrition Division","Nature Wise CHICK STARTER GROWER 18% CRUMBLES (LL), 91577-25LL 1110, NET WEIGHT 25 LB (11.33 kg), UPC: 722304275631 and 91577LL, NET WEIGHT 50 LB (22.67 kg), UPC: none, NUTRENA, GENERAL OFFICE, MINNEAPOLIS, MN 55440","Not dog or cat food",https://www.accessdata.fda.gov/scripts/ires/?Product=106719
60891,106720,2012-07-17,"Cargill Inc Animal Nutrition Division","Nature Wise MEAT BIRD 22% CRUMBLES (LL), 91585-40LL, NET WEIGHT 40 LB (18.14 kg), UPC: 722304275754 and 91585 LL 1101, NET WEIGHT 50 LB (22.67 kg), UPC: none, NUTRENA, GENERAL OFFICE, MINNEAPOLIS, MN 55440","Livestock feed or food for other animals",https://www.accessdata.fda.gov/scripts/ires/?Product=106720
60891,106721,2012-07-17,"Cargill Inc Animal Nutrition Division","DUMOR(R) CHICK STARTER/GROWER 20% CR (LL), 93971 LL, NET WEIGHT 20 LB (9.07 kg), UPC: 749394067411 and 93978 LL 1006, NET WEIGHT 50 LB (22.67 kg), ON BAG OR BULK, UPC: 749394067404, DISTRIBUTED BY: TRACTOR SUPPLY COMPANY, 200 POWELL PLACE, BRENTWOOD, TN 37027","Not dog or cat food",https://www.accessdata.fda.gov/scripts/ires/?Product=106721
60891,106722,2012-07-17,"Cargill Inc Animal Nutrition Division","DUMOR(R) POULTRY GRO/FINISH 15% (LL), 93975 LL, NET WEIGHT ON BAG OR BULK, DISTRIBUTED BY: TRACTOR SUPPLY COMPANY, 200 POWELL PLACE, BRENTWOOD, TN 37027, UPC: 749394067374","Livestock feed or food for other animals",https://www.accessdata.fda.gov/scripts/ires/?Product=106722
60891,106723,2012-07-17,"Cargill Inc Animal Nutrition Division","Nutrena(R) NATUREWISE(R) CRACKED CORN (25#) (LL) 91868-25 LL1006, NET WEIGHT 25 LB (11.33 kg), UPC: 722304029036 and 91868 LL, NET WEIGHT 50 LB (22.67 kg), UPC: 72230429036, NUTRENA, GENERAL OFFICE, MINNEAPOLIS, MN 55440","Not dog or cat food",https://www.accessdata.fda.gov/scripts/ires/?Product=106723
60891,106724,2012-07-17,"Cargill Inc Animal Nutrition Division","Producer's PRIDE CRACKED CORN (LL), 93951 LL, NET WEIGHT ON BAG OR BULK, DISTRIBUTED BY: TRACTOR SUPPLY COMPANY, 200 POWELL PLACE, BRENTWOOD, TN 37027, UPC: 750889222030","Not dog or cat food",https://www.accessdata.fda.gov/scripts/ires/?Product=106724
60891,106725,2012-07-17,"Cargill Inc Animal Nutrition Division","Producers's PRIDE WHOLE CORN (LL), 93952 LL, NET WEIGHT ON BAG OR BULK, DISTRIBUTED BY: TRACTOR SUPPLY COMPANY, 200 POWELL PLACE, BRENTWOOD, TN 37027, UPC: 749394016333","Not dog or cat food",https://www.accessdata.fda.gov/scripts/ires/?Product=106725
60891,106726,2012-07-17,"Cargill Inc Animal Nutrition Division","ACCO FEEDS(R) SHOWMASTER(R) CALF GROWER (B13.6) (LL) MEDICATED, 10568-B LL , NET WEIGHT ON BAG OR BULK, ACCO FEEDS, GENERAL OFFICE, MINNEAPOLIS, MN 55440, UPC: 722304042103","Animal drug, device or non-food product",https://www.accessdata.fda.gov/scripts/ires/?Product=106726
61940,110751,2012-07-17,"Pegasus Laboratories, Inc.","PROIN 75MG COUNT BOTTLES HAVE THE CORRECT BASE LABEL OF: ""***PROIN 75 mg (phenylpropanolamine hydrochloride) CHEWABLE TABLETS 75 mg per tablet***For oral use in dogs only***60 tablets***CAUTION: Federal law restricts this drug to use by or on the order of a licensed veterinarian.***Sympathomimetic a","Animal drug, device or non-food product",https://www.accessdata.fda.gov/scripts/ires/?Product=110751
62111,109864,2012-07-17,"Franck's Lab Inc., d.b.a. Franck's Compounding Lab","INJECTABLES: (No product labeling available) ACEPROMAZINE MALEATE 2MG/ML INJECTABLE 50 ML. ACEPROMAZINE MALEATE** 10 MG/ML INJECTABLE 50 ML. ACETYLCYSTEINE 10% INJECTABLE 100 ML. ACETYLCYSTEINE 20% INJECTABLE 30 ML, 50 ML, 90 ML, 100 ML, 120 ML, 120 ML, 180 ML, 200 ML, 300 ML, 400 ML, 600 ML. ACETYL","Animal drug, device or non-food product",https://www.accessdata.fda.gov/scripts/ires/?Product=109864
61507,108298,2012-08-02,"Hartz Mountain Corp.","Wardley Advanced Nutrition Perfect Protein Tropical Fish Flake Food Net Wt. 1 OZ. (28 g) UPC 0-43324-00591-7 Made in the USA by The Hartz Mountain Corporation Secaucus, New Jersey 07094","Livestock feed or food for other animals",https://www.accessdata.fda.gov/scripts/ires/?Product=108298
61748,108896,2012-08-02,"Kaytee Products, Inc.","Kaytee Forti-Diet Pro Health Mouse, Rat & Hamster, with DHA Omega-3 supports Heart, Brain & Visual Functions. Nutritionally Enhanced Daily Diet for a long, happier, healthier life. Packaged into the following sizes and UPC codes. - 3lb (1.36 kg), UPC 71859-99994, - 5lb. (2.27kg) UPC 71859-00001; - 2","Livestock feed or food for other animals",https://www.accessdata.fda.gov/scripts/ires/?Product=108896
61833,109202,2012-08-07,"Land O Lakes Purina LLC","Bulk Honor Show Chow Showlamb Creep Pellet, DX Medicated, containing 0.0029% (13.6 MG/LB) Decoquinate. The firm name on the label is Purina Mills, LLC, St. Louis, MO.","Animal drug, device or non-food product",https://www.accessdata.fda.gov/scripts/ires/?Product=109202
61634,108597,2012-08-08,"Kaytee Products, Inc.","Kaytee exact Hand Feeding Formula, formulated for All Baby Birds. with DHA Omega-3 For Growth and Development. Packaged into the following sizes with Product Code/SKU/Material # and UPC codes: 1. Net Wt. 7.5 oz (213g) 100032326, UPC 71859-47510; 2. Net Wt. 18 oz (510g), 100032328, UPC 71859-47511; 3","Livestock feed or food for other animals",https://www.accessdata.fda.gov/scripts/ires/?Product=108597
61634,108598,2012-08-08,"Kaytee Products, Inc.","Kaytee exact Hand Feeding Formula, Specifically Formulated for Baby Macaws. with DHA Omega-3 For Growth and Development. Net Wt 5 lb (2.27kg), Product Code/SKU/Material # 100032337, UPC 71859-47515. Manufactured by Kaytee Products, Inc., Chilton, WI 53014 USA.","Not dog or cat food",https://www.accessdata.fda.gov/scripts/ires/?Product=108598
62662,111304,2012-08-13,"Hubbard Feeds Inc.","Scales Dairy 2 16% Pellet is a non-medicated bulk animal feed. Indicated on label as a ""Lactating Dairy Cattle Feed"" / Bulk feed","Animal drug, device or non-food product",https://www.accessdata.fda.gov/scripts/ires/?Product=111304
61730,108796,2012-08-14,"Land O Lakes Purina LLC","The bag is labeled DuMOR Poultry Grower/Finisher Net Wt 50 lb Manufactured Exclusively For Tractor Supply Company 200 Powell Place, Brentwood, TN 37027 The feed tag is labeled DuMOR Poultry Layer 16% Crumble Manufactured for Tractor Supply Company, 200 Powell Place, Brentwood, TN 37027 Net Wt 50 lb","Livestock feed or food for other animals",https://www.accessdata.fda.gov/scripts/ires/?Product=108796
61880,109283,2012-09-07,"Process Managers LLC","CalDensity Black Label, CalDensity White Label with HA, packaged in white plastic 5, 15, 25, 40, 60 lb pails with plastic liner and white plastic lid.","Not dog or cat food",https://www.accessdata.fda.gov/scripts/ires/?Product=109283
62700,111443,2012-09-07,"Nutra Blend LLC","BLN Fescue Forage Blend CTC NB-0451, Type B Medicated Feed For Beef Cattle, containing 1.4 g/lb. chlortetracycline, packaged in 50-lb. bags. The tag is labeled Manufactured by: Nutra Blend, LLC, Neosho, MO. The bag lists the firm name as Bass Livestock Nutrition, LLC, Rogersville, MO.","Animal drug, device or non-food product",https://www.accessdata.fda.gov/scripts/ires/?Product=111443
62914,112039,2012-09-07,"Steve Pritchett Farms LLC","Frozen mice in ziplock bags","Livestock feed or food for other animals",https://www.accessdata.fda.gov/scripts/ires/?Product=112039
62944,112097,2012-09-10,"Greer Laboratories Inc","Product is an aqueous Black/Carpenter Ant, veterinary allergenic extract in liquid form. Product is viled in 10 mL Type 1 glass vials, stoppered with latex stoppers and sealed with a 13 mm aluminum crimped cap.","Not dog or cat food",https://www.accessdata.fda.gov/scripts/ires/?Product=112097
62597,111120,2012-11-05,"Land O Lakes Purina LLC","Land O Lakes, Pheasant Starter A Medicated, Type C Medicated Feed. Item # 1125000-301","Animal drug, device or non-food product",https://www.accessdata.fda.gov/scripts/ires/?Product=111120
62597,111437,2012-11-05,"Land O Lakes Purina LLC","EXPANDED RECALL: PURINA HONOR SHOW CHOW BROILER COMP AMP 0.0125% BMD50 MEDICATED, NET WEIGHT 50 LBS (22.67 KG), PURINA MILLS, LLC, PO BOX 66812, ST. LOUIS, MO 63166-6812, UPC 8 83576 01124 9, 0016637, 781B.","Animal drug, device or non-food product",https://www.accessdata.fda.gov/scripts/ires/?Product=111437
62597,111438,2012-11-05,"Land O Lakes Purina LLC","EXPANDED RECALL: PURINA HONOR SHOW CHOW TURKEY GROW/FINISH BMD50 PELLET MEDICATED, NET WEIGHT 50 LBS (22.67 KG), PURINA MILLS, LLC, PO BOX 66812, ST. LOUIS, MO 63166-6812, UPC 8 83576 01182 9, 801R,0017095.","Animal drug, device or non-food product",https://www.accessdata.fda.gov/scripts/ires/?Product=111438
62597,111439,2012-11-05,"Land O Lakes Purina LLC","EXPANDED RECALL: PURINA HONOR SHOW CHOW TURKEY STARTER AMP .0125% BMD50 MEDICATED, NET WEIGHT 50 LBS (22.67 KG), PURINA MILLS, LLC, PO BOX 66812, ST. LOUIS, MO 63166-6812, UPC 8 83576 01183 6, 801T, 0017096.","Animal drug, device or non-food product",https://www.accessdata.fda.gov/scripts/ires/?Product=111439
62597,111440,2012-11-05,"Land O Lakes Purina LLC","EXPANDED RECALL: DUMOR SHOW POULTRY AMP .0125% BMD 50 MEDICATED, TRACTOR SUPPLY COMPANY, 200 POWELL PLACE, BRENTWOOD, TN 37027-6812, NET WEIGHT 40 LB (18.14 KG), UPC 7 49394 01890 0, 60VA, 0045400.","Animal drug, device or non-food product",https://www.accessdata.fda.gov/scripts/ires/?Product=111440
62597,111441,2012-11-05,"Land O Lakes Purina LLC","EXPANDED RECALL: DUMOR CHICK STARTER 24%, TRACTOR SUPPLY COMPANY, 200 POWELL PLACE, BRENTWOOD, TN 37027-6812, NET WEIGHT 50 LB (22.67 KG), UPC 7 49394 05739 8, 60X7 , 0046443.","Not dog or cat food",https://www.accessdata.fda.gov/scripts/ires/?Product=111441
62597,111442,2012-11-05,"Land O Lakes Purina LLC","EXPANDED RECALL: DUMOR POULTRY GROWER/FINISHER 15%, TRACTOR SUPPLY COMPANY, 200 POWELL PLACE, BRENTWOOD, TN 37027-6812, NET WEIGHT 50 LB (22.67 KG), UPC 7 49394 05737 4, 60Y7, 0046444.","Livestock feed or food for other animals",https://www.accessdata.fda.gov/scripts/ires/?Product=111442
62597,111448,2012-11-05,"Land O Lakes Purina LLC","EXPANDED RECALL: PURINA DIAMOND MILLING 15% LAYER FEED 1.5 FLAX, 0041731, 60BQ, BULK NET WEIGHT, PURINA MILLS, LLC, PO BOX 66812, ST. LOUIS, MO 63166-6812.","Livestock feed or food for other animals",https://www.accessdata.fda.gov/scripts/ires/?Product=111448
62597,111449,2012-11-05,"Land O Lakes Purina LLC","EXPANDED RECALL: PURINA CU PRIVETT BREEDER STARTER 60KK, 0044485, BULK NET WEIGHT AND PURINA CU PRIVETT BREEDER GROWER, 60KL, 0044484, BULK NET WEIGHT PURINA MILLS, LLC, PO BOX 66812, ST. LOUIS, MO 63166-6812","Not dog or cat food",https://www.accessdata.fda.gov/scripts/ires/?Product=111449
62597,111451,2012-11-05,"Land O Lakes Purina LLC","EXPANDED RECALL: PURINA TURKEYMAX FINISHER 3 VMY 10 MEDICATED, 806G, 0045481, BULK NET WEIGHT, PURINA MILLS, LLC, PO BOX 66812, ST. LOUIS, MO 63166-6812","Animal drug, device or non-food product",https://www.accessdata.fda.gov/scripts/ires/?Product=111451
62597,111452,2012-11-05,"Land O Lakes Purina LLC","EXPANDED RECALL: PURINA CS PHEASANT GROWER AMP 0.0175% MEDICATED, 804A, 0038560, BULK NET WEIGHT, PURINA MILLS, LLC, PO BOX 66812, ST. LOUIS, MO 63166-6812","Animal drug, device or non-food product",https://www.accessdata.fda.gov/scripts/ires/?Product=111452
62597,111475,2012-11-05,"Land O Lakes Purina LLC","EXPANDED RECALL: PURINA CU LATHROP AN LAY 16 FLAX, 61XU, 0058755, BULK NET WEIGHT, PURINA MILLS, LLC, PO BOX 66812, ST. LOUIS, MO 63166-6812.","Not dog or cat food",https://www.accessdata.fda.gov/scripts/ires/?Product=111475
62597,111581,2012-11-05,"Land O Lakes Purina LLC","EXPANDED RECALL: PURINA LATHROP BROILER FINISHER, 783Z, 3000846-201, BULK NET WEIGHT, PURINA MILLS, LLC, PO BOX 66812, ST. LOUIS, MO 63166-6812","Livestock feed or food for other animals",https://www.accessdata.fda.gov/scripts/ires/?Product=111581
63041,112354,2012-11-19,"Dairy Farmers Of America, Inc.","DFA (Dairy Farmers of America), non-fat dry milk intended and labeled as animal feed 50 lb bags","Not dog or cat food",https://www.accessdata.fda.gov/scripts/ires/?Product=112354
63135,112664,2012-11-19,"Quality Feed, Inc","PEACHEY'S 20/20 AM NM MILK REPLACER,""ALL MILK"", Manufactured for: Peachey's 638 Bunker Hill Road, Belleville, PA #122, NET WEIGHT 50 LBS (22.7Kg).","Not dog or cat food",https://www.accessdata.fda.gov/scripts/ires/?Product=112664
63135,112665,2012-11-19,"Quality Feed, Inc","YO-MOMMA 26/24 AM NM MILK REPLACER., Manufactured for Agri Support Inc., 8137 Royal Oaks Road, Rockford, IL 61107 #126, NET WEIGHT 50 LBS (22.7 Kg).","Not dog or cat food",https://www.accessdata.fda.gov/scripts/ires/?Product=112665
63135,112666,2012-11-19,"Quality Feed, Inc","QUALITY FEEDS INCORPORATED 20/20 AM, ., Manufactured for Quality Feed, Inc., 151 S. Main Street, Dousman, WI 53118 Pin #2021, NET WEIGHT 50 LBS (22.7 Kg).","Not dog or cat food",https://www.accessdata.fda.gov/scripts/ires/?Product=112666
63135,112668,2012-11-19,"Quality Feed, Inc","DAIRY PRINCESS ""ACCELERATED"" , 23/18 AM MILK REPLACER MEDICATED, Manufactured for Nelson Dairy Consultants, Inc., Holtz Nelson Dairy Consultants, LLC., 115 Washington Street, Decorah, IA 52101 #208, NET WEIGHT 50 LBS (22.7 Kg).","Animal drug, device or non-food product",https://www.accessdata.fda.gov/scripts/ires/?Product=112668
63135,112669,2012-11-19,"Quality Feed, Inc","QUALITY FEED INC., STARTER PLUS, 20/17 , MILK REPLACER, Manufactured by Quality Feed, Inc., 151 S. Main Street, Dousman, WI 53118, NET WEIGHT 50 LBS (22.7 Kg).","Not dog or cat food",https://www.accessdata.fda.gov/scripts/ires/?Product=112669
63135,112670,2012-11-19,"Quality Feed, Inc","QUALITY FEED INC., FINISHER PLUS 16/18 , MILK REPLACER , Manufactured by Quality Feed, Inc., 151 S. Main Street, Dousman, WI 53118, NET WEIGHT 50 LBS (22.7 Kg).","Not dog or cat food",https://www.accessdata.fda.gov/scripts/ires/?Product=112670
62133,109895,2012-12-03,"Lloyd Inc","PrednisTab (Prednisolone, USP) 5 mg, packaged in 1,000-tablet bottles, For Oral Use in Dogs Only, RX, NADA #140-921, packaged under the following labels: (1) Lloyd, Inc., Shenandoah, IA; (2) Butler Schein Animal Health, Dublin, OH; and (3) Phoenix, Manufactured for Clipper Distributing Company, LLC,","Animal drug, device or non-food product",https://www.accessdata.fda.gov/scripts/ires/?Product=109895
62550,110908,2012-12-03,"Lloyd Inc. of Iowa","LLOYD Thyro-Tabs (Levothyroxine sodium tablets, USP), 0.2 mg., packaged in 120-ct. (NDC 11789-252-10) and 1,000-ct. bottles (NDC 11789-252-20), RX, LLOYD, Inc., Shenandoah, IA..","Animal drug, device or non-food product",https://www.accessdata.fda.gov/scripts/ires/?Product=110908
62550,110936,2012-12-03,"Lloyd Inc. of Iowa","Levothyroxine sodium tablets, USP, 0.3 mg., RX, packaged under the following labels: (1) LLOYD Thyro-Tabs, packaged in 120-ct. (NDC 11789-253-10) and 1,000-ct. bottles (NDC 11789-253-20), LLOYD, Inc., Shenandoah, IA; (2) Butler Schein Animal Health Thyroxine L, packaged in 180-ct. (NDC 11695-4463-1)","Animal drug, device or non-food product",https://www.accessdata.fda.gov/scripts/ires/?Product=110936
62550,110937,2012-12-03,"Lloyd Inc. of Iowa","Levothyroxine sodium tablets, USP, 0.7 mg.,RX, packaged under the following labels: (1) LLOYD Thyro-Tabs, packaged in 120-ct. (NDC 11789-257-10), and 1,000-ct. bottles (NDC 11789-257-20), LLOYD, Inc., Shenandoah, IA; (2) Butler Schein Animal Health Thyroxine L, packaged in 180-ct. (NDC 11695-4463-1)","Animal drug, device or non-food product",https://www.accessdata.fda.gov/scripts/ires/?Product=110937
62550,110938,2012-12-03,"Lloyd Inc. of Iowa","Levothyroxine sodium tablets, USP, 0.8 mg., packaged in 1,000-ct. bottles, RX, under the following private labels: (1) Butler Schein Animal Health Thyroxine L, NDC 11695-4468-2, Distributed Exclusively by Butler Schein Animal Health, Dublin. OH; and (2) VEDCO Thyrosyn .8 mg Tablets, NDC 50989-204-53","Animal drug, device or non-food product",https://www.accessdata.fda.gov/scripts/ires/?Product=110938
62550,110939,2012-12-03,"Lloyd Inc. of Iowa","LLOYD Thyro-Tabs (Levothyroxine sodium tablets, USP), 1.0 mg., packaged in 120-ct. (NDC 11789-268-10) and 1,000-ct. bottles (NDC 11789-268-20), RX. The firm name on the label is LLOYD, Inc., Shenandoah, IA.","Animal drug, device or non-food product",https://www.accessdata.fda.gov/scripts/ires/?Product=110939
62800,111742,2012-12-10,"PECO Foods Inc.","Bulk Broiler Feed labeled as WD-2","Livestock feed or food for other animals",https://www.accessdata.fda.gov/scripts/ires/?Product=111742
63880,114948,2013-01-11,"ICU Medical Inc","Plum A+ Single Channel Infusion Pump with Module for Veterinary Use Only; Hospira, Inc., Lake Forest, IL 60045; list number 60529, module 60530-04","Not dog or cat food",https://www.accessdata.fda.gov/scripts/ires/?Product=114948
63513,114098,2013-01-14,"WILDWOOD SEED & SPECIALTIES","Pet Bird Feed- Sleek and Sassy are sold under multiple names. Products with UPCs are listed below. Garden Conure has the following UPCs: 0-1253111602-0; 0-1253111604-4; 0-1253111620-4; 0-1253111640-2; Garden Large Hookbill has the following UPCs: 0-1253113102-3; 0-1253113104-7; 0-1253113120-7; 0-125","Livestock feed or food for other animals",https://www.accessdata.fda.gov/scripts/ires/?Product=114098
63513,114099,2013-01-14,"WILDWOOD SEED & SPECIALTIES","Small Pet Animal Food is sold under Sleek and Sassy brand. Product are packaged from 2 lb., 4 lb., 20 lb., to 40 lb in polysynth bag. Garden Small Animal has the following UPCs: 0-1253113902-9; 0-1253113904-3; 0-1253113920-3; 0-1253113940-1;","Livestock feed or food for other animals",https://www.accessdata.fda.gov/scripts/ires/?Product=114099
63513,114551,2013-01-14,"WILDWOOD SEED & SPECIALTIES","Garden Guinea Pig/Rabbit diet is sold under Sleek and Sassy brand. Product is packaged from 2 lb., 4 lb., 20 lb., to 40 lb in polysynth bag. Garden Guinea Pig/Rabbit has UPC is 0-1253113502-1.","Livestock feed or food for other animals",https://www.accessdata.fda.gov/scripts/ires/?Product=114551
63513,114552,2013-01-14,"WILDWOOD SEED & SPECIALTIES","Fortified feeds are sold under Sleek and Sassy brand. Different products with UPCs are listed below. Fortified Large Hookbill with the UPCs: 0-1253111402-6; 0-1253111404-0; 0-1253111420-0; 0-1253111440-8; Fortified Large Hookbill No Sunflower with the UPCs: 0-1253111502-3; 0-1253111504-7; 0-12531115","Livestock feed or food for other animals",https://www.accessdata.fda.gov/scripts/ires/?Product=114552
63537,114160,2013-01-14,"HBD International","WILD WINGS, CERTIFIED ORGANIC, PREMIUM ORGANIC BLEND, PREMIUM SEED FOR BIRDS, Net wt. 80 oz (5 lbs) (2.27 kg), HBD INTERNATIONAL, 7108 CROSSROADS BLVD., SUITE 325 BRENTWOOD, TN 37027, 615.221.9890 800.346.0269","Livestock feed or food for other animals",https://www.accessdata.fda.gov/scripts/ires/?Product=114160
63686,114536,2013-01-24,"Magnolia Bird Farm Inc","Magnolia Bird Farm Hookbill Supreme, 2 lbs. clear plastic; 5 lbs.; 10 lbs. in brown Kraft bag; 25; 50 lbs. in white paper bag;***PACKAGED BY MAGNOLIA BIRD FARM 8990 CERRITOS AVE. ANAHEIM, CA. 92804***12200 MAGNOLIA AVE. RIVERSIDE, CA. 92503.","Livestock feed or food for other animals",https://www.accessdata.fda.gov/scripts/ires/?Product=114536
63686,114537,2013-01-24,"Magnolia Bird Farm Inc","Magnolia Bird Farm Conure Mix, 2 lbs. clear plastic; 5 lbs.; 10 lbs. in brown Kraft bag; 25 lbs; 50 lbs. in white paper bag;***PACKAGED BY MAGNOLIA BIRD FARM 8990 CERRITOS AVE. ANAHEIM, CA. 92804***12200 MAGNOLIA AVE. RIVERSIDE, CA. 92503","Livestock feed or food for other animals",https://www.accessdata.fda.gov/scripts/ires/?Product=114537
63686,114538,2013-01-24,"Magnolia Bird Farm Inc","Magnolia Bird Farm Parrot Mix, 3 lbs. clear plastic; 5 lbs; 10 lbs. in brown Kraft bag; 25 lbs; 50 lbs. in white paper bag.;***PACKAGED BY MAGNOLIA BIRD FARM 8990 CERRITOS AVE. ANAHEIM, CA. 92804***12200 MAGNOLIA AVE. RIVERSIDE, CA. 92503","Livestock feed or food for other animals",https://www.accessdata.fda.gov/scripts/ires/?Product=114538
63686,114540,2013-01-24,"Magnolia Bird Farm Inc","Magnolia Bird Farm Hulled Peanuts, 2 lbs. clear plastic. in ***PACKAGED BY MAGNOLIA BIRD FARM 8990 CERRITOS AVE. ANAHEIM, CA. 92804***12200 MAGNOLIA AVE. RIVERSIDE, CA. 92503.","Livestock feed or food for other animals",https://www.accessdata.fda.gov/scripts/ires/?Product=114540
63686,114541,2013-01-24,"Magnolia Bird Farm Inc","Magnolia Bird Farm Large Hookbill, 2 lbs. clear plastic; 5 lbs.; 10 lbs. in brown Kraft bag; 25 lbs; 50 lbs. in white paper bag;***PACKAGED BY MAGNOLIA BIRD FARM 8990 CERRITOS AVE. ANAHEIM, CA. 92804***12200 MAGNOLIA AVE. RIVERSIDE, CA. 92503","Livestock feed or food for other animals",https://www.accessdata.fda.gov/scripts/ires/?Product=114541
63905,114982,2013-02-05,"Western Stockmen's","WSI Pride Plus Amprolium Crumble 1.25%, packaged in a 50 lb. bag. The Product code/number is 104636. Tag is tan in color; with the lot number and product number located at the bottom of the tag just above the tag sew line. The product is labeled in parts: ""***WSI Pride Plus Amprolium Crumble 1.25%**","Animal drug, device or non-food product",https://www.accessdata.fda.gov/scripts/ires/?Product=114982
63743,114693,2013-02-08,"Cohoons Elevator Inc.","Regular Chicken 50# Ingredients: Corn, Wheat, Oats, Oyster shells, Medium Grit, CCC, ADS, Plant Protein Products, Animal Protein Products, Processed Grain By-Products, Roughage Products, Animal Fat procession with DHA, etc","Not dog or cat food",https://www.accessdata.fda.gov/scripts/ires/?Product=114693
63936,115071,2013-02-08,"Dairy Manufacturers, Inc","Lone Star 22-10-.5 Instant Medicated Calf Milk Replacer 25lb bag, manufactured for Texas Farm Products Company, Nacogdoches, Texas 75963","Animal drug, device or non-food product",https://www.accessdata.fda.gov/scripts/ires/?Product=115071
63989,115178,2013-02-25,"ADM Alliance Nutrition, Inc.","ADM Alliance Nutrition Meat Goat Power 16%","Livestock feed or food for other animals",https://www.accessdata.fda.gov/scripts/ires/?Product=115178
64500,116358,2013-03-21,"Sogeval Laboratories, Inc.","Sogeval Oxiderm +PS Shampoo (Benzoyl Peroxide 3%, Sulfur 2%, Salicylic Acid 2%, PhytoSphingosine 0.05%) Antiseborrheic and Antiseptic Shampoo in a Moisturizing and Soap-Free Cleaning Base 16oz. - For topical use in dogs, cats and horses.","Animal drug, device or non-food product",https://www.accessdata.fda.gov/scripts/ires/?Product=116358
64777,117031,2013-04-18,"Wilbur-Ellis Nutrition LLC","Messerle & Sons Dewormer Mineral. Product is Type B medicated mineral premix (dewormer), formulated to contain fendendazole. The product is labeled in parts: ""***Messerle & Sons Dewormer Mineral***MEDICATED***ACTIVE DRUG INGREDIENTS Fenbendazole***4540 g/ton***Manufactured by: Wilbur-Ellis Company P","Animal drug, device or non-food product",https://www.accessdata.fda.gov/scripts/ires/?Product=117031
64956,117510,2013-05-01,"Sandoz Incorporated","Amoxicillin Capsules, USP, 500mg, 500 count bottles, NDC 26637-222-50.","Animal drug, device or non-food product",https://www.accessdata.fda.gov/scripts/ires/?Product=117510
64920,117408,2013-05-03,"Lloyd Inc. of Iowa","Lloyd Thyro-Tabs, levothyroxine sodium tablets, USP, 0.1mg, packaged in 120-ct bottles (NDC 11789-251-10), Lloyd, Shenandoah, IA.","Animal drug, device or non-food product",https://www.accessdata.fda.gov/scripts/ires/?Product=117408
64920,117410,2013-05-03,"Lloyd Inc. of Iowa","Lloyd Thyro-Tabs, levothyroxine sodium tablets, USP, 0.2 mg, packaged in 120-ct bottles (NDC 11789-252-10), Lloyd, Shenandoah, IA.","Animal drug, device or non-food product",https://www.accessdata.fda.gov/scripts/ires/?Product=117410
64920,117411,2013-05-03,"Lloyd Inc. of Iowa","Lloyd Thyro-Tabs, levothyroxine sodium tablets, USP, 0.3 mg, packaged in 120-ct bottles (NDC 11789-253-10), Lloyd, Shenandoah, IA.","Animal drug, device or non-food product",https://www.accessdata.fda.gov/scripts/ires/?Product=117411
64920,117412,2013-05-03,"Lloyd Inc. of Iowa","Lloyd Thyro-Tabs, levothyroxine sodium tablets, USP, 0.4 mg, packaged in 120-ct bottles (NDC 11789-254-10), Lloyd, Shenandoah, IA.","Animal drug, device or non-food product",https://www.accessdata.fda.gov/scripts/ires/?Product=117412
64920,117417,2013-05-03,"Lloyd Inc. of Iowa","Lloyd Thyro-Tabs, levothyroxine sodium tablets, USP, 0.6 mg, packaged in 120-ct bottles (NDC 11789-256-10), Lloyd, Shenandoah, IA.","Animal drug, device or non-food product",https://www.accessdata.fda.gov/scripts/ires/?Product=117417
64920,117418,2013-05-03,"Lloyd Inc. of Iowa","Lloyd Thyro-Tabs, levothyroxine sodium tablets, USP, 0.5 mg, packaged in 120-ct bottles (NDC 11789-255-10), Lloyd, Shenandoah, IA.","Animal drug, device or non-food product",https://www.accessdata.fda.gov/scripts/ires/?Product=117418
64920,117420,2013-05-03,"Lloyd Inc. of Iowa","Lloyd Thyro-Tabs, levothyroxine sodium tablets, USP, 0.7 mg, packaged in 120-ct bottles (NDC 11789-257-10), Lloyd, Shenandoah, IA.","Animal drug, device or non-food product",https://www.accessdata.fda.gov/scripts/ires/?Product=117420
64920,117421,2013-05-03,"Lloyd Inc. of Iowa","Lloyd Thyro-Tabs, levothyroxine sodium tablets, USP, 0.8 mg, packaged in 120-ct bottles (NDC 11789-258-10), Lloyd, Shenandoah, IA.","Animal drug, device or non-food product",https://www.accessdata.fda.gov/scripts/ires/?Product=117421
64920,117422,2013-05-03,"Lloyd Inc. of Iowa","Lloyd Thyro-Tabs, levothyroxine sodium tablets, USP, 1.0 mg, packaged in 120-ct bottles (NDC 11789-268-10), Lloyd, Shenandoah, IA.","Animal drug, device or non-food product",https://www.accessdata.fda.gov/scripts/ires/?Product=117422
63308,113472,2013-05-16,"Premium Nutritional Products Inc","ZuPreem FruitBlend with Natural Fruit Flavors, Premium Daily Bird Food, for Conures, Amazons, Greys, Pionus, Caiques, Senegals and other medium to large parrots. Packaged in 2 lb, 3.5 lb and 12 lb stand-up plastic pouches; also packaged in 17.5 lb and 35 lb bulk paper bags.","Livestock feed or food for other animals",https://www.accessdata.fda.gov/scripts/ires/?Product=113472
63308,113473,2013-05-16,"Premium Nutritional Products Inc","ZuPreem FruitBlend with Natural Fruit Flavors, Premium Daily Bird Food for Macaws, Cockatoos, Amazons and other Large parrots. Packaged in 2 lb, 3.5 lb and 12 lb stand-up plastic pouches; also packaged in 17.5 lb and 35 lb bulk paper bags.","Livestock feed or food for other animals",https://www.accessdata.fda.gov/scripts/ires/?Product=113473
63468,113945,2013-05-16,"Sunland, Incorporated","Dogsbutter RUC with Flax PB, 16 oz UPC 3050.","Not dog or cat food",https://www.accessdata.fda.gov/scripts/ires/?Product=113945
63468,113946,2013-05-16,"Sunland, Incorporated","Sunland Valencia Roasted and Blanched Wildlife, 30 lb UPC 41322.","Not dog or cat food",https://www.accessdata.fda.gov/scripts/ires/?Product=113946
63468,114060,2013-05-16,"Sunland, Incorporated","Sunland Raw Shelled Wildlife (not for human use), 50 lb item 402.","Not dog or cat food",https://www.accessdata.fda.gov/scripts/ires/?Product=114060
63968,115140,2013-05-16,"ADM Alliance Nutrition, Inc.","MoorMan's ShowTec 18 Elite Lamb DC medicated textured grain mix, packaged in 50 lb bags","Animal drug, device or non-food product",https://www.accessdata.fda.gov/scripts/ires/?Product=115140
64371,115947,2013-05-16,"MI Industries Inc","Nature's Variety Instinct raw, Organic Chicken Formula medallions, packaged in 3-lb bags and packaged 9/3-lb bags/case.","Not dog or cat food",https://www.accessdata.fda.gov/scripts/ires/?Product=115947
64371,115948,2013-05-16,"MI Industries Inc","Nature's Variety Instinct raw, Organic Chicken Formula patties, packaged in 6-lb bags and packaged in 6/6-lb bag/cases.","Not dog or cat food",https://www.accessdata.fda.gov/scripts/ires/?Product=115948
64476,116216,2013-05-17,"United Pet Group Inc","Ultra Blend Gourmet, Food for Parakeets (80 oz bag), A Harvest Celebration FOOD FOR PARAKEETS, NET.WT 80 OZ (5 LBS) Eight In One Pet Products Distributed by United Pet Group, Inc., Cincinnati, OH 45230 (800) 645-5154 www.eightinonepet.com UPC 0 26851 00904","Livestock feed or food for other animals",https://www.accessdata.fda.gov/scripts/ires/?Product=116216
64476,116217,2013-05-17,"United Pet Group Inc","eCotrition Grains & Greens, Nutritional Supplement for Parakeets A Diverse Blend of Garden Vegetables & Select Grains Vitamin & Mineral Enriched NEW WT. 8 OZ (226 g) Eight In One Pet Products Distributed by United Pet Group, Inc. Cincinnati, Ohio 45230 (800) 645-5154 www.eightinonepet.com UPC 0 2685","Livestock feed or food for other animals",https://www.accessdata.fda.gov/scripts/ires/?Product=116217
64476,116221,2013-05-17,"United Pet Group Inc","eCotrition Grains & Greens, Nutritional Supplement for Cockatiels A Diverse Blend of Garden Fresh Vegetables & Select Grains Vitamin & Mineral Enriched NET WT. 6.5 OZ (184 g) Eight In One Pet Products Distributed by United Pet Group, Inc. Cincinnati, Ohio 45230 (800) 645-5154 www.eightinonepet.com U","Livestock feed or food for other animals",https://www.accessdata.fda.gov/scripts/ires/?Product=116221
64903,117360,2013-05-20,"Bimeda MTC Animal Health Inc.","Hypertonic Saline Solution 7.2%; Sterile - Preservative Free; For Animal Use Only; Packaged in HDPE 1000 mL bottle with a grey 30mm chlorobutyl rubber (silicone) stopper and capped with a silver tear off aluminum seal.","Animal drug, device or non-food product",https://www.accessdata.fda.gov/scripts/ires/?Product=117360
64903,117361,2013-05-20,"Bimeda MTC Animal Health Inc.","Calcium Gluconate 23% Solution; Sterile Preservative Free; FOR ANIMAL USE ONLY; Packaged in HDPE 500 mL bottle with a grey 30mm chlorobutyl rubber (siliconized) stopper and capped with a red tear off aluminum seal.","Animal drug, device or non-food product",https://www.accessdata.fda.gov/scripts/ires/?Product=117361
64903,117362,2013-05-20,"Bimeda MTC Animal Health Inc.","50% Dextrose Injection, USP; Sterile Preservative Free; For Animal Use Only; Packaged in HDPE 500 mL bottle with a grey 30mm chlorobutyl rubber (siliconized) stopper and capped with a silver tear off aluminum seal.","Animal drug, device or non-food product",https://www.accessdata.fda.gov/scripts/ires/?Product=117362
65020,117772,2013-05-20,"Nora Apothecary and Alternative Therapies, Inc.","Cyclosporine Opth Oint 0.2%: 3 gm, 6 gm Opthalmic, 30 day expiration","Not dog or cat food",https://www.accessdata.fda.gov/scripts/ires/?Product=117772
65020,117773,2013-05-20,"Nora Apothecary and Alternative Therapies, Inc.","Cyclosporine Opth Oint 0.2%, 6 gm Opthalmic, 30 day expiration","Not dog or cat food",https://www.accessdata.fda.gov/scripts/ires/?Product=117773
65020,117774,2013-05-20,"Nora Apothecary and Alternative Therapies, Inc.","Cyclosporine Opth Soln 0.2%,10 ml Opthalmic, 30 day expiration","Not dog or cat food",https://www.accessdata.fda.gov/scripts/ires/?Product=117774
65020,117775,2013-05-20,"Nora Apothecary and Alternative Therapies, Inc.","Cyclosporine Opth Soln 1%,10 ml Opthalmic, 30 day expiration","Not dog or cat food",https://www.accessdata.fda.gov/scripts/ires/?Product=117775
65020,117776,2013-05-20,"Nora Apothecary and Alternative Therapies, Inc.","Cyclosporine Opth Soln 2%,10 ml Opthalmic, 30 day expiration","Not dog or cat food",https://www.accessdata.fda.gov/scripts/ires/?Product=117776
65020,117777,2013-05-20,"Nora Apothecary and Alternative Therapies, Inc.","EDTA Opth Soln 1%,10 ml Opthalmic, 30 day expiration","Not dog or cat food",https://www.accessdata.fda.gov/scripts/ires/?Product=117777
65020,117778,2013-05-20,"Nora Apothecary and Alternative Therapies, Inc.","Tacrolimus Opth Soln 0.01%,10 ml Opthalmic, 30 day expiration","Not dog or cat food",https://www.accessdata.fda.gov/scripts/ires/?Product=117778
65020,117779,2013-05-20,"Nora Apothecary and Alternative Therapies, Inc.","Tacrolimus Opth Soln 0.02%,10 ml Opthalmic, 30 day expiration","Not dog or cat food",https://www.accessdata.fda.gov/scripts/ires/?Product=117779
65020,117780,2013-05-20,"Nora Apothecary and Alternative Therapies, Inc.","Idoxuridine Opth Soln 0.1%,5 ml Opthalmic, 30 day expiration","Not dog or cat food",https://www.accessdata.fda.gov/scripts/ires/?Product=117780
64064,115611,2013-06-12,"Central Garden and Pet DBA IMS, Trading, LLC.","Shep Chicken Breast Fillets Net Wt. 3.5 oz (99g) Net Wt. 3. oz (99g) Product of China. Not for Human Consumption. Distributed by: ALDI Inc. Batavia, IL 60510-1477","Not dog or cat food",https://www.accessdata.fda.gov/scripts/ires/?Product=115611
65270,118421,2013-06-20,"Sogeval Laboratories Inc","""***SOGevaL***KETOSEB FLUSH+PS Chlorhexidine 2%, Ketoconazole 0.2%, Phytosphingosine 0.02% Topical Antiseptic Formulation with Astringent, Cleansing and Drying Properties.***16 FL OZ***Contact Sogeval Laboratories, Inc., Oldsmar, FL, 1-800-877-0177***"".","Animal drug, device or non-food product",https://www.accessdata.fda.gov/scripts/ires/?Product=118421
64732,116877,2013-06-21,"Virbac Corporation","Ivermectin/pyrantel flavored chewables for dogs up to 25 lbs., each tablet contains 68 mcg. ivermectin and 57 mg. pyrantel as pamoate salt, RX, ANADA 200-302, packaged with the following brand names and configurations: (1) Virbac Animal Health Iverhart Plus Flavored Chewables, packaged 6 tablets per","Animal drug, device or non-food product",https://www.accessdata.fda.gov/scripts/ires/?Product=116877
64732,117181,2013-06-21,"Virbac Corporation","Worm Shield (ivermectin/pyrantel) Flavored Chewables to prevent heartworm disease and to treat and control ascarid and hookworm infections in dogs. Hannah Pharmaceuticals Manufactured for Schuyler LLC Portland OR","Animal drug, device or non-food product",https://www.accessdata.fda.gov/scripts/ires/?Product=117181
64732,117182,2013-06-21,"Virbac Corporation","Worm Shield (ivermectin/pyrantel) Flavored Chewables to prevent heartworm disease and to treat and control ascarid and hookworm infections in dogs. Hannah Pharmaceuticals Manufactured for Schuyler LLC Portland OR","Animal drug, device or non-food product",https://www.accessdata.fda.gov/scripts/ires/?Product=117182
64732,117183,2013-06-21,"Virbac Corporation","Iverhart Plus (ivermectin/pyrantel) Flavored Chewables to prevent heartworm disease and control ascarid and hookworm infections in dog","Animal drug, device or non-food product",https://www.accessdata.fda.gov/scripts/ires/?Product=117183
64732,117184,2013-06-21,"Virbac Corporation","Iverhart Plus (ivermectin/pyrantel) Flavored Chewables to prevent heartworm disease and control ascarid and hookworm infections in dog","Animal drug, device or non-food product",https://www.accessdata.fda.gov/scripts/ires/?Product=117184
65481,119063,2013-06-27,"Diamondback Drugs of Delaware, LLC","BUPRENORPHINE HCl PF (C) INJECTABLE STRENGTHS: 0.15 mg/ml , 0.6 mg/ml NDC: 49452825301, G9064-0122-10","Animal drug, device or non-food product",https://www.accessdata.fda.gov/scripts/ires/?Product=119063
65185,118159,2013-07-02,"Wedgewood Village Pharmacy, Inc.","1) Digoxin LS (0.05 mg/mL) Liver 50 mcg/mL Elixir, Oral for Veterinary Use Only Various Sizes, Packaged in 60 mL amber plastic bottle Store at room temperature Item Codes DIGOXI-SOL502VC and DIGOXISOL0005VC 2) Digoxin LS (0.15 mg/mL) Liver 150 mcg/mL Elixir, Oral for Veterinary Use Only Various Size","Animal drug, device or non-food product",https://www.accessdata.fda.gov/scripts/ires/?Product=118159
65185,119049,2013-07-02,"Wedgewood Village Pharmacy, Inc.","Digoxin LS (0.05 mg/mL) Chicken 50 mcg/mL Elixir, Oral for Veterinary Use Only Packaged in 60 mL amber plastic bottle Store at room temperature Item Code: DIGOXI-SOL003VC","Animal drug, device or non-food product",https://www.accessdata.fda.gov/scripts/ires/?Product=119049
65185,119051,2013-07-02,"Wedgewood Village Pharmacy, Inc.","Digoxin (0.09 mg) Capsules, Oral for Veterinary Use Only 100 capsules Packaged in white plastic bottle Store at room temperature Item Code DIGOXI-CAP505VC","Animal drug, device or non-food product",https://www.accessdata.fda.gov/scripts/ires/?Product=119051
65185,119052,2013-07-02,"Wedgewood Village Pharmacy, Inc.","a) Digoxin (Flavored) 0.015 mg/mL Suspension, Oral, for Veterinary Use Only 30 mL, Packaged in amber plastic bottle Store at room temperature Item Code DIGOXI-SUS509VC b) Digoxin (Flavored) 0.002 mg/mL Suspension, Oral, for Veterinary Use Only 30 mL, Packaged in amber plastic bottle Store at room te","Animal drug, device or non-food product",https://www.accessdata.fda.gov/scripts/ires/?Product=119052
64392,116066,2013-07-24,"Kasel Associates Industries, Inc.","Colorado Naturals Chicken Chips, 16 oz, UPC 647263800291, Distributed by Petco/Kasel Ind.","Not dog or cat food",https://www.accessdata.fda.gov/scripts/ires/?Product=116066
64549,116460,2013-07-24,"Kaytee Products, Inc.","Kaytee Fiesta Max Canary/Finch, Net Wt. 2 lb., UPC 71859-40410","Livestock feed or food for other animals",https://www.accessdata.fda.gov/scripts/ires/?Product=116460
64549,116462,2013-07-24,"Kaytee Products, Inc.","Kaytee Honey Treat, Parakeet, Net Wt. 3.5 oz, UPC 71859-00431, 3.5 oz UPC 71859-00434, and 7 oz Value Pack UPC 71859-55027","Livestock feed or food for other animals",https://www.accessdata.fda.gov/scripts/ires/?Product=116462
64549,116463,2013-07-24,"Kaytee Products, Inc.","Kaytee Fiesta Fruit & Veggie Treat, Parakeet, Net Wt. 3.5 oz, UPC 71859-99885, 9.5 oz UPC 71859-99855,","Livestock feed or food for other animals",https://www.accessdata.fda.gov/scripts/ires/?Product=116463
64549,116464,2013-07-24,"Kaytee Products, Inc.","Kaytee Forti-Diet Pro Health Honey Treat, Parakeet, Net Wt. 3.5 oz, UPC 71859-94235, 7 oz Value Pack UPC 71859-94236","Livestock feed or food for other animals",https://www.accessdata.fda.gov/scripts/ires/?Product=116464
64549,116465,2013-07-24,"Kaytee Products, Inc.","Kaytee Forti-Diet Pro Health Munchables Shred-A-Box, Honey Seed Treats, Parakeet, 4 boxes, Net Wt. 2 oz, UPC 71859-94268","Livestock feed or food for other animals",https://www.accessdata.fda.gov/scripts/ires/?Product=116465
64549,116466,2013-07-24,"Kaytee Products, Inc.","Kaytee Forti-Diet Pro Health Molting & Conditioning, Small Birds, Net Wt. 11 oz, UPC 71859-94264","Livestock feed or food for other animals",https://www.accessdata.fda.gov/scripts/ires/?Product=116466
64549,116467,2013-07-24,"Kaytee Products, Inc.","Kaytee Fiesta Nutty Papaya Treat, Parakeet & Cockatiel, Net Wt. 2.25 oz, UPC 71859-94368","Livestock feed or food for other animals",https://www.accessdata.fda.gov/scripts/ires/?Product=116467
64549,116473,2013-07-24,"Kaytee Products, Inc.","Kaytee Fiesta Foraging Treat for Pet Birds, Net Wt. 1.5 oz, UPC 71859-94370","Livestock feed or food for other animals",https://www.accessdata.fda.gov/scripts/ires/?Product=116473
64549,116474,2013-07-24,"Kaytee Products, Inc.","Grreat Choice Treat Sticks for Small Birds, Net Wt. 3.2 oz, UPC 37257-27166, 9.6 oz, UPC 37257-27165","Livestock feed or food for other animals",https://www.accessdata.fda.gov/scripts/ires/?Product=116474
64549,116475,2013-07-24,"Kaytee Products, Inc.","Kaytee Foraging Box O' Fun Treat for Pet Birds, Net Wt. 1.5 oz, UPC 71859-94615","Livestock feed or food for other animals",https://www.accessdata.fda.gov/scripts/ires/?Product=116475
64549,116476,2013-07-24,"Kaytee Products, Inc.","Kaytee Bird Greens Foraging Treat, Net Wt. 1 oz, UPC 71859-94708","Livestock feed or food for other animals",https://www.accessdata.fda.gov/scripts/ires/?Product=116476
64726,116868,2013-08-07,"JDJ Manufacturing, LLC","Combo Diet Bulk Pack 06306, 24 lbs. bag, sold under BARF brand name. There is no UPC for this item.","Not dog or cat food",https://www.accessdata.fda.gov/scripts/ires/?Product=116868
64726,116873,2013-08-07,"JDJ Manufacturing, LLC","Variety Pack 04107, consists of one retail unit of BARF Combo, Beef, Chicken, and Lamb product. There are total 4 individual units per case. There is NO UPC for this product.","Not dog or cat food",https://www.accessdata.fda.gov/scripts/ires/?Product=116873
65671,119843,2013-08-12,"Manna Pro Corp","MannaPro Goat Treats, Licorice Flavor, 6 lb bag, Manufactured by: MannaPro, St. Louis, MO. Positive Pellet Goat Dewormer packed in Goat Treat bags packaged in Positive Pellet Goat Dewormer shipping boxes. The Positive Pellet Goat Dewormer contains 880 gram Morantel Tartrate per ton.","Animal drug, device or non-food product",https://www.accessdata.fda.gov/scripts/ires/?Product=119843
48735,117507,2013-08-27,"Merit Bird Co Llc","Vitae Small Hookbill, 4lbs.","Not dog or cat food",https://www.accessdata.fda.gov/scripts/ires/?Product=117507
48735,117508,2013-08-27,"Merit Bird Co Llc","Vitae Hookbill with Sunflower, 4lbs","Not dog or cat food",https://www.accessdata.fda.gov/scripts/ires/?Product=117508
48735,117509,2013-08-27,"Merit Bird Co Llc","Vitae Large Hookbill 4lbs","Not dog or cat food",https://www.accessdata.fda.gov/scripts/ires/?Product=117509
48735,72017,2013-08-27,"Merit Bird Co Llc","Vitae Cockatiel with Sunflower, 2lbs and 4lbs","Livestock feed or food for other animals",https://www.accessdata.fda.gov/scripts/ires/?Product=72017
64309,115793,2013-08-27,"International Food Products - R&D Lab","Brewtech Dried Brewers Yeast, manufactured by International Ingredient Corporation, P.O. Box 26377, St. Louis, MO 63026 sold in 50 lb. bags, 2000 lb. bulk totes, and 2205 lb. bulk totes.","Not dog or cat food",https://www.accessdata.fda.gov/scripts/ires/?Product=115793
64811,117113,2013-08-27,"Cargill Animal Nutrition","Showmaster S-Series Show Lamb Feed (BW). Cargill Animal Nutrition, General Office, Minneapolis, MN 55440. UPC 7 22304 28992 8 50 lb bag","Not dog or cat food",https://www.accessdata.fda.gov/scripts/ires/?Product=117113
65986,121144,2013-08-28,"Sparhawk Laboratories Inc","Sparhawk Laboratories, Inc. Atropine Sulfate 1/120 Injectable Solution, each mL of sterile solution contains 0.54 mg. atropine sulfate, packaged in 100-ml. vials, RX, Manufactured for Sparhawk Laboratories, Inc., Lenexa, KS.","Animal drug, device or non-food product",https://www.accessdata.fda.gov/scripts/ires/?Product=121144
66042,121308,2013-09-04,"Wedgewood Village Pharmacy, Inc.","Pentosan Polysulfate Sodium (K9) 150 mg/ml aqueous solution for injection, for Veterinary Use only 10 mL Sterile amber vials Refrigerated Storage required. Item Code PENTOS-INJ007VC This preparation is dispensed with a prescription label, so each vial would be individually labeled with specific info","Animal drug, device or non-food product",https://www.accessdata.fda.gov/scripts/ires/?Product=121308
65884,120895,2013-09-30,"Beacon Hill Medical Pharmacy, P.C.","Apomorphine HCL 3 MG/ML INJECTABLE Sterile Rx Only","Animal drug, device or non-food product",https://www.accessdata.fda.gov/scripts/ires/?Product=120895
65884,120896,2013-09-30,"Beacon Hill Medical Pharmacy, P.C.","Buprenorphine .3 MG/ML INJECTABLE Buprenorphine .5 MG/ML INJECTABLE Sterile Rx Only","Animal drug, device or non-food product",https://www.accessdata.fda.gov/scripts/ires/?Product=120896
65884,120897,2013-09-30,"Beacon Hill Medical Pharmacy, P.C.","Cyclosporine (A) 2% (PF) Aqueous Susp Sterile Rx Only","Animal drug, device or non-food product",https://www.accessdata.fda.gov/scripts/ires/?Product=120897
65884,120900,2013-09-30,"Beacon Hill Medical Pharmacy, P.C.","Diazepam 5MG/ML INJECTABLE Sterile Rx Only","Animal drug, device or non-food product",https://www.accessdata.fda.gov/scripts/ires/?Product=120900
65884,120908,2013-09-30,"Beacon Hill Medical Pharmacy, P.C.","Meloxicam 10 MG/ML INJECTABLE Sterile Rx Only","Animal drug, device or non-food product",https://www.accessdata.fda.gov/scripts/ires/?Product=120908
65884,120923,2013-09-30,"Beacon Hill Medical Pharmacy, P.C.","Tacrolimus Solution 0.02% OPTHALMIC Sterile Rx Only","Animal drug, device or non-food product",https://www.accessdata.fda.gov/scripts/ires/?Product=120923
66017,121257,2013-11-05,"Virbac Corporation","Virbac Iverhart Plus (ivermectin/pyrantel) Flavored Chewables, 136 mcg Ivermectin and 114 mg pyrantel as pamoate salt, 6 chewables/blister pack, Recommended for dogs 26 to 50 lbs. ANADA 200-302. Manufactured by Virbac A, Inc, Fort Worth, TX. VETIQ HeartShield Plus (ivermectin/pyrantel) Flavored Chew","Animal drug, device or non-food product",https://www.accessdata.fda.gov/scripts/ires/?Product=121257
66017,121316,2013-11-05,"Virbac Corporation","Virbac Iverhart Plus (ivermectin/pyrantel) Flavored Chewables, 272 mcg Ivermectin and 227 mg pyrantel as pamoate salt, 6 chewables/blister pack, Recommended for dogs 51 to 100 lbs. ANADA 200-302. Manufactured by Virbac A, Inc, Fort Worth, TX. VETIQ HeartShield Plus (ivermectin/pyrantel) Flavored Che","Animal drug, device or non-food product",https://www.accessdata.fda.gov/scripts/ires/?Product=121316
66017,121321,2013-11-05,"Virbac Corporation","Virbac Iverhart Plus (ivermectin/pyrantel) Flavored Chewables, 68 mcg Ivermectin and 57 mg pyrantel as pamoate salt, 6 chewables/box, Recommended for dogs up to 25 lbs. ANADA 200-302. Manufactured by Virbac A, Inc, Fort Worth, TX. VETIQ Heart Shield plus (ivermectin/pyrantel), 68 mcg Ivermectin and ","Animal drug, device or non-food product",https://www.accessdata.fda.gov/scripts/ires/?Product=121321
66170,121603,2013-11-05,"Zoetis Inc","Bio-Cox Granular 60 Alpharma Brand of salinomycin sodium Type A Medicated Article Net Wt 50 LB, Marketed by Alpharma Inc. Bridgewater, New Jersey 08807, NADA # 128-686","Animal drug, device or non-food product",https://www.accessdata.fda.gov/scripts/ires/?Product=121603
66432,122386,2013-11-18,"Cargill Inc.","Agway LS Meat Goat 16 PL (DQ) (AX) MEDICATED, Net Wt. 50 lb poly bags","Animal drug, device or non-food product",https://www.accessdata.fda.gov/scripts/ires/?Product=122386
65350,118609,2013-11-22,"Ridley USA Inc.","WAT Partridge Grower, AVT133, Product No. 37465. Medicated Complete Partridge Grower. Active Drug Ingredient: Lasalocid 113 g/ton. Hubbard Feeds, Inc. General Offices, Mankato, MN 56002-8500","Animal drug, device or non-food product",https://www.accessdata.fda.gov/scripts/ires/?Product=118609
65452,118952,2013-11-22,"Hartz Mountain Corp.","Wardley Betta Fish Food 1.2 oz Made in the USA by The Hartz Mountain Corporation, Secaucus, New Jersey 07094 and imported by Canada Inc., St. Thomas, Ontario N59 3W7, Canada UPC number 0-43324-01648","Livestock feed or food for other animals",https://www.accessdata.fda.gov/scripts/ires/?Product=118952
65146,118006,2013-12-05,"Rural King Supply, Inc.","Stutzman's Feed & Supply LLC; Yellow Shelled Deer Corn; 50 Lbs.; WARNING: Do not feed to animals producing milk or meat for food.","Livestock feed or food for other animals",https://www.accessdata.fda.gov/scripts/ires/?Product=118006
66460,122429,2013-12-05,"Lloyd Inc. of Iowa","Lloyd Butorphic Injection, Butorphanol Tartrate, 10 mg/mL, 20 mL, C 4, ANDA 200-332. Manufactured by Akorn, Inc., Decatur, IL for Lloyd, Shenandoah, IA.","Animal drug, device or non-food product",https://www.accessdata.fda.gov/scripts/ires/?Product=122429
66789,123437,2013-12-05,"BioMatrix, Inc.","Gourley Brothers LC, Pig Enzyme Pack 8184, For use in Manufacturing of Animal Feeds Only. Guaranteed Analysis: Phytase, Min 1,500 FTU/gram, Xylanase, Min 800 HSU/gram, Protease, Min 6,000 HUT /gram. Ingredients: Calcium Carbonate, roughage products, dried Aspergillus oryae and Trichoderma reesei fer","Not dog or cat food",https://www.accessdata.fda.gov/scripts/ires/?Product=123437
66673,122928,2013-12-06,"Ridley USA Inc.","Hubbard Grolean 16% B91Aureo 140+Vit A, medicated, contains Lasalocid, 91g/ton and Chlortetracycline 140 g/ton, vitamin A, vitamin D, and vitamin E, packaged in 50 lb/bags. Hubbard Feeds Inc., Mankato, MN.","Animal drug, device or non-food product",https://www.accessdata.fda.gov/scripts/ires/?Product=122928
65949,121122,2013-12-13,"Land O Lakes Purina LLC","Purina¿ GATES LON Complete PEL DBZ7.2 with Diflubenzuron","Not dog or cat food",https://www.accessdata.fda.gov/scripts/ires/?Product=121122
65641,119795,2013-12-18,"Hubbard Feeds, Inc.","Hubbard Life Homestead FASTGROW AM.0.0125 NAB/NAB MEDICATED Complete Chicken Starter/ Grower/ Finisher/ Broiler Feed, Complete Turkey Grower/ Finisher Aid in prevention of coccidiosis. ACTIVE DRUG INGREDIENT AMPROLIUM 0.0125 %","Animal drug, device or non-food product",https://www.accessdata.fda.gov/scripts/ires/?Product=119795
67079,124664,2013-12-20,"Fresenius Kabi USA, LLC","FOLIC ACID INJECTION, USP; 5 mg/mL ; For IM, IV or SC Use; 10 mL; Multiple Dose Vial; Rx only; APP Pharmaceuticals, LLC; Schaumburg, IL 60173","Animal drug, device or non-food product",https://www.accessdata.fda.gov/scripts/ires/?Product=124664
67091,124684,2014-01-24,"Abbott Laboratories","OroCAM is supplied in three glass vial sizes containing 6 mL, 11 mL and 33 mL of meloxicam. Each vial has a different metered dose pump delivering a dose of 0.25 mg, 0.50 mg, or 1.075 mg, per spray, respectively. Manufactured for Abbott Laboratories; North Chicago, IL 60064 USA; Product of Spain","Animal drug, device or non-food product",https://www.accessdata.fda.gov/scripts/ires/?Product=124684
66636,122864,2014-02-03,"Specialty Medicine Compounding Pharmacy","AMIKACIN SULFATE*-PF 250MG/ML INJECTABLE","Animal drug, device or non-food product",https://www.accessdata.fda.gov/scripts/ires/?Product=122864
66636,124197,2014-02-03,"Specialty Medicine Compounding Pharmacy","BUPRENORPHINE* HCL 0.6MG/ML INJECTABLE","Animal drug, device or non-food product",https://www.accessdata.fda.gov/scripts/ires/?Product=124197
66636,124198,2014-02-03,"Specialty Medicine Compounding Pharmacy","CYCLOSPORIN* MCT 0.2% OPHTHALMIC CYCLOSPORIN* MCT 1% OPHTHALMIC CYCLOSPORIN* MCT 2% OPHTHALMIC","Animal drug, device or non-food product",https://www.accessdata.fda.gov/scripts/ires/?Product=124198
66636,124199,2014-02-03,"Specialty Medicine Compounding Pharmacy","DESMOPRESSIN ACETATE* (0.01%) 0.1MG/ML SOLUTION DESMOPRESSIN ACETATE* (0.0125%) 0.125MG/ML DESMOPRESSIN ACETATE* (0.02%) 0.2MG/ML SOLUTION","Recalled by an animal-drug maker or pharmacy",https://www.accessdata.fda.gov/scripts/ires/?Product=124199
66636,124200,2014-02-03,"Specialty Medicine Compounding Pharmacy","DOXYCYCLINE-OS 100MG/ML VET LIQUID","Recalled by an animal-drug maker or pharmacy",https://www.accessdata.fda.gov/scripts/ires/?Product=124200
66636,124201,2014-02-03,"Specialty Medicine Compounding Pharmacy","IDOXURIDINE* OPHTHALMIC 0.1% SOLUTION L","Animal drug, device or non-food product",https://www.accessdata.fda.gov/scripts/ires/?Product=124201
66636,124202,2014-02-03,"Specialty Medicine Compounding Pharmacy","PHENOBARBITAL SODIUM* 65MG/ML INJECTABLE","Animal drug, device or non-food product",https://www.accessdata.fda.gov/scripts/ires/?Product=124202
66636,124203,2014-02-03,"Specialty Medicine Compounding Pharmacy","TACROLIMUS (VET)* 0.03% OPHTH SOL TACROLIMUS* (VET) 0.02% OPHTH SOL","Recalled by an animal-drug maker or pharmacy",https://www.accessdata.fda.gov/scripts/ires/?Product=124203
66636,124204,2014-02-03,"Specialty Medicine Compounding Pharmacy","TACROLIMUS OINTMENT 0.03% OPHTHALMIC","Animal drug, device or non-food product",https://www.accessdata.fda.gov/scripts/ires/?Product=124204
66636,124232,2014-02-03,"Specialty Medicine Compounding Pharmacy","TACROLIMUS* (VET) MCT 0.02% OPHTH SOL","Recalled by an animal-drug maker or pharmacy",https://www.accessdata.fda.gov/scripts/ires/?Product=124232
66636,124234,2014-02-03,"Specialty Medicine Compounding Pharmacy","XYLAZINE* (VET) 100MG/ML INJECTABLE","Animal drug, device or non-food product",https://www.accessdata.fda.gov/scripts/ires/?Product=124234
66857,123800,2014-02-03,"Natures Pharmacy & Compounding Center","Cyclosporine Opthalmic (vet use)","Recalled by an animal-drug maker or pharmacy",https://www.accessdata.fda.gov/scripts/ires/?Product=123800
67284,125150,2014-02-03,"Western Sugar Company","Cattle Feed- Tailings and Pulp from beet production","Livestock feed or food for other animals",https://www.accessdata.fda.gov/scripts/ires/?Product=125150
67113,124724,2014-02-10,"Abbott Laboratories","OroCAM is supplied in three glass vial sizes containing 6 mL, 11 mL and 33 mL of meloxicam. Each vial has a different metered dose pump delivering a dose of 0.25 mg, 0.50 mg, or 1.075 mg, per spray, respectively. Manufactured for Abbott Laboratories; North Chicago, IL 60064 USA; Product of Spain","Animal drug, device or non-food product",https://www.accessdata.fda.gov/scripts/ires/?Product=124724
65903,120812,2014-03-18,"Land O Lakes Purina LLC","PURINA TEST DIET: Mod PicoLab Mouse w/12 PPM Ivermectin Route of Administration: Oral; Name and Address: Richmond Indiana Test Diet, 1050 Progress Drive, Richmond, IN 47374; Product Code 5D5R","Animal drug, device or non-food product",https://www.accessdata.fda.gov/scripts/ires/?Product=120812
67522,125665,2014-04-07,"American Health Service Sales","1/2cc Insulin Syringe U-40 with 29G x 1/2"" Needles are individually packages in a container consisting of a transparent plastic bottom and a white top with green printing. 100 individual wrapped syringes per carton. The cartons are white with green printing.","Not dog or cat food",https://www.accessdata.fda.gov/scripts/ires/?Product=125665
66307,121993,2014-04-08,"CHS Nutrition","""CHAMPION LAMB TEXTURIZED B30 MEDICATED For GROWING AND FINISHING SHEEP***"" Product Code 6701","Animal drug, device or non-food product",https://www.accessdata.fda.gov/scripts/ires/?Product=121993
67898,126579,2014-04-30,"Southwestern/Great American, INC.","Triple Cleaned Corn, 50 LBS NET, Packaged by: Southern Seed and Feed, Macon, MS","Not dog or cat food",https://www.accessdata.fda.gov/scripts/ires/?Product=126579
67408,125411,2014-05-06,"Zoetis Inc","Cattlyst 50G is a Type A Medicated Article packaged in 50 lb (22.68 kg) multiwall paper bag with protective barrier ply.","Animal drug, device or non-food product",https://www.accessdata.fda.gov/scripts/ires/?Product=125411
65870,120628,2014-06-10,"BARF World Inc","BARF World Brand Variety Pack; 12 patties packed into a 6 lb bag- one each of Chicken, Beef, Lamb, Combination. No UPC - contains individual UPC for each variety. Distributed by: BARF World, Inc. 3840 Blackhawk Road, Suite 100 Danville, CA 94506","Not dog or cat food",https://www.accessdata.fda.gov/scripts/ires/?Product=120628
68300,127302,2014-06-17,"Oxbow Enterprises","Essentials Mouse & Young Rat Food, packaged in 2.5-lb. flexible plastic bags (12/case), UPC 744845404042, and 25-lb. flexible plastic bags, UPC 744845404035. Manufactured by Oxbow Animal Health, Oxbow Enterprises, Inc., Murdock, NE.","Livestock feed or food for other animals",https://www.accessdata.fda.gov/scripts/ires/?Product=127302
64532,116417,2014-06-18,"Cargill, Inc         Corporate Headquarters","Cargill Right Now Onyx (MC), mineral mix with added Vitamin A, Vitamin D3 and Vitamin E. Packaged in a 50-lb/poly bag. Cargill Animal Nutrition General Office, Minneapolis, MN. Product Code: 55104 Manufactured at the Montgomery City, MO firm. Cargill Right Now Onyx (MH), Mineral mix with added Vitam","Not dog or cat food",https://www.accessdata.fda.gov/scripts/ires/?Product=116417
64532,116582,2014-06-18,"Cargill, Inc         Corporate Headquarters","Cargill Right Now Emerald Anaplas Fly Control (C2.4/Meth) (GY) Medicated, Active Drug Ingredient: Chlortetracycline and S-Methoprene, mineral mix with added Vitamin A, Vitamin D3 and Vitamin E. Packaged in a 50-lb/poly bag. Cargill Animal Nutrition General Office, Minneapolis, MN. Product Code: 5510","Animal drug, device or non-food product",https://www.accessdata.fda.gov/scripts/ires/?Product=116582
64532,116583,2014-06-18,"Cargill, Inc         Corporate Headquarters","Cargill Right Now Onyx Fly (C1.4) (GY) Medicated, Active Drug Ingredient: Chlortetracycline and S-Methaprene, mineral mix with added Vitamin A, Vitamin D3 and Vitamin E. Packaged in a 50-lb/poly bag. Cargill Animal Nutrition General Office, Minneapolis, MN. Product Code: 55104-C2 GY 0802 Manufacture","Animal drug, device or non-food product",https://www.accessdata.fda.gov/scripts/ires/?Product=116583
64532,116584,2014-06-18,"Cargill, Inc         Corporate Headquarters","Cargill Right Now Emerald (C650) (MC) Medicated, Active Drug Ingredient: Chlortetracycline, mineral mix with added Vitamin A, Vitamin D3 and Vitamin E. Packaged in a 50-lb/poly bag. Cargill Animal Nutrition General Office, Minneapolis, MN. Product Code: 55103-A5 MC 1301 Manufactured at the Montgomer","Animal drug, device or non-food product",https://www.accessdata.fda.gov/scripts/ires/?Product=116584
64532,116585,2014-06-18,"Cargill, Inc         Corporate Headquarters","Cargill Right Now Emerald (C1.4) (MC) Medicated, Active Drug Ingredient: Chlortetracycline, mineral mix with added Vitamin A, Vitamin D3 and Vitamin E. Packaged in a 50-lb/poly bag. Cargill Animal Nutrition General Office, Minneapolis, MN. Product Code: 55103-CS MC 1301 Manufactured at the Montgomer","Animal drug, device or non-food product",https://www.accessdata.fda.gov/scripts/ires/?Product=116585
64532,116586,2014-06-18,"Cargill, Inc         Corporate Headquarters","Cargill Right Now Emerald Fly (C1.4) (MC) Medicated, Active Drug Ingredient: Chlortetracycline and S-Methoprene, mineral mix with added Vitamin A, Vitamin D3 and Vitamin E. Packaged in a 50-lb/poly bag. Cargill Animal Nutrition General Office, Minneapolis, MN. Product Code: 55103-AL MC 1301 Manufact","Animal drug, device or non-food product",https://www.accessdata.fda.gov/scripts/ires/?Product=116586
64532,116605,2014-06-18,"Cargill, Inc         Corporate Headquarters","Cargill Right Now Emerald (MC) Mineral mix with added Vitamin A, Vitamin D3 and Vitamin E. Packaged in a 50-lb/poly bag. Cargill Animal Nutrition General Office, Minneapolis, MN. Product Code: 55103 MC 1301 Manufactured at the Montgomery City, MO firm.","Not dog or cat food",https://www.accessdata.fda.gov/scripts/ires/?Product=116605
64532,116606,2014-06-18,"Cargill, Inc         Corporate Headquarters","Cargill Right Now Emerald Anaplas (C2.4) (MC) Medicated, Active Drug Ingredient: Chlortetracycline, mineral mix with added Vitamin A, Vitamin D3 and Vitamin E. Packaged in a 50-lb/poly bag. Cargill Animal Nutrition General Office, Minneapolis, MN. Product Code: 55103-C1 MC 1301 Manufactured at the M","Animal drug, device or non-food product",https://www.accessdata.fda.gov/scripts/ires/?Product=116606
64532,116607,2014-06-18,"Cargill, Inc         Corporate Headquarters","Cargill Right Now Emerald (C2.0) (BIOMS) (UMW) (MC) Medicated, Active Drug Ingredient: Chlortetracycline, mineral mix with added Vitamin A, Vitamin D3 and Vitamin E. Packaged in a 50-lb/poly bag. Cargill Animal Nutrition General Office, Minneapolis, MN. Product Code: 55103-P5 MC 1202 Manufactured at","Animal drug, device or non-food product",https://www.accessdata.fda.gov/scripts/ires/?Product=116607
64532,116608,2014-06-18,"Cargill, Inc         Corporate Headquarters","Cargill Cattle Grazers APC Mineral (C3500) (MH) Medicated, Active Drug Ingredient: Chlortetracycline , mineral mix with added Vitamin A, Vitamin D3 and Vitamin E. Packaged in a 50-lb/poly bag. Cargill Animal Nutrition General Office, Minneapolis, MN. Product Code: 7144-C5 MH 1103 Manufactured at the","Animal drug, device or non-food product",https://www.accessdata.fda.gov/scripts/ires/?Product=116608
64532,116610,2014-06-18,"Cargill, Inc         Corporate Headquarters","Cargill Cattle Grazers APC Mineral (C2800) (MH) Medicated, Active Drug Ingredient: Chlortetracycline, mineral mix with added Vitamin A, Vitamin D3 and Vitamin E. Packaged in a 50-lb/poly bag. Cargill Animal Nutrition General Office, Minneapolis, MN. Product Code: 7144-C MH 1103 Manufactured at the M","Animal drug, device or non-food product",https://www.accessdata.fda.gov/scripts/ires/?Product=116610
64532,116611,2014-06-18,"Cargill, Inc         Corporate Headquarters","Cargill Cattle Grazer AP (B720) (MH) Medicated, Active Drug Ingredient: Lasalocid, mineral mix with added Vitamin A, Vitamin D3 and Vitamin E. Packaged in a 50-lb/poly bag. Cargill Animal Nutrition General Office, Minneapolis, MN. Product Code: 7144-B MH 1301 Manufactured at the McPherson, KS firm.","Animal drug, device or non-food product",https://www.accessdata.fda.gov/scripts/ires/?Product=116611
64532,116619,2014-06-18,"Cargill, Inc         Corporate Headquarters","Cargill Cattle Grazers ALL Purpose (C2.0/IGR) (MH) Medicated, Active Drug Ingredients: Chlortetracycline and S-Methoprene, mineral mix with added Vitamin A, Vitamin D3 and Vitamin E. Packaged in a 50-lb/poly bag. Cargill Animal Nutrition General Office, Minneapolis, MN. Product Code: 7144-C6 MH 1205","Animal drug, device or non-food product",https://www.accessdata.fda.gov/scripts/ires/?Product=116619
64532,116623,2014-06-18,"Cargill, Inc         Corporate Headquarters","Cargill Cattle Grazers AP Mineral (MOS) (C2.0) (MH) Medicated, Active Drug Ingredient: Chlortetracycline, mineral mix with added Vitamin A, Vitamin D3 and Vitamin E. Packaged in a 50-lb/poly bag. Cargill Animal Nutrition General Office, Minneapolis, MN. Product Code: 7144-CM MH 1103 MOS Manufactured","Animal drug, device or non-food product",https://www.accessdata.fda.gov/scripts/ires/?Product=116623
64532,116625,2014-06-18,"Cargill, Inc         Corporate Headquarters","Cargill Cattle Grazers APC Mineral (C4000) (MH) Medicated, Active Drug Ingredient: Chlortetracycline, mineral mix with added Vitamin A, Vitamin D3 and Vitamin E. Packaged in a 50-lb/poly bag. Cargill Animal Nutrition General Office, Minneapolis, MN. Product Code: 7144-C3 MH 1103 Manufactured at the ","Animal drug, device or non-food product",https://www.accessdata.fda.gov/scripts/ires/?Product=116625
64532,116627,2014-06-18,"Cargill, Inc         Corporate Headquarters","Cargill Cattle Grazers APC Fescue Mineral (C1.4) (MH) Medicated, Active Drug Ingredient: Chlortetracycline, mineral mix with added Vitamin A, Vitamin D3 and Vitamin E. Packaged in a 50-lb/poly bag. Cargill Animal Nutrition General Office, Minneapolis, MN. Product Code: 7144-FT MH 1206 Manufactured a","Animal drug, device or non-food product",https://www.accessdata.fda.gov/scripts/ires/?Product=116627
64532,116634,2014-06-18,"Cargill, Inc         Corporate Headquarters","Cargill Right Now Emerald (P) (C2.0/IGR) (MH) Medicated, Active Drug Ingredients: Chlortetracycline and S-Methoprene, mineral mix with added Vitamin A, Vitamin D3 and Vitamin E. Packaged in a 50-lb/poly bag. Cargill Animal Nutrition General Office, Minneapolis, MN. Product Code: 55103-GG MH 1203 Man","Animal drug, device or non-food product",https://www.accessdata.fda.gov/scripts/ires/?Product=116634
64532,116635,2014-06-18,"Cargill, Inc         Corporate Headquarters","Cargill Cattle Grazers APC Mineral CFLY (C1.4) (MH) Medicated, Active Drug Ingredients: Chlortetracycline and S-Methoprene, mineral mix with added Vitamin A, Vitamin D3 and Vitamin E. Packaged in a 50-lb/poly bag. Cargill Animal Nutrition General Office, Minneapolis, MN. Product Code: 7144-CE MH 130","Animal drug, device or non-food product",https://www.accessdata.fda.gov/scripts/ires/?Product=116635
64532,116636,2014-06-18,"Cargill, Inc         Corporate Headquarters","Cargill Right Now Emerald (W) (MH), mineral mix with added Vitamin A, Vitamin D3 and Vitamin E. Packaged in a 50-lb/poly bag. Cargill Animal Nutrition General Office, Minneapolis, MN. Product Code: 55103-W MH 1203 Manufactured at the McPherson, KS firm.","Not dog or cat food",https://www.accessdata.fda.gov/scripts/ires/?Product=116636
64532,116637,2014-06-18,"Cargill, Inc         Corporate Headquarters","Cargill Right Now Emerald (C2.0) (MH) Medicated, Active Drug Ingredient: Chlortetracycline, mineral mix with added Vitamin A, Vitamin D3 and Vitamin E. Packaged in a 50-lb/poly bag. Cargill Animal Nutrition General Office, Minneapolis, MN. Product Code: 55103-N2 MH 1203 Manufactured at the McPherson","Animal drug, device or non-food product",https://www.accessdata.fda.gov/scripts/ires/?Product=116637
64532,116660,2014-06-18,"Cargill, Inc         Corporate Headquarters","Cargill Right Now Emerald (PNW) (AVL) (C2.0) (MH) Medicated, Active Drug Ingredient: Chlortetracycline, mineral mix with added Vitamin A, Vitamin D3 and Vitamin E. Packaged in a 50-lb/poly bag. Cargill Animal Nutrition General Office, Minneapolis, MN. Product Code: 55103-NH MN 1203 Manufactured at t","Animal drug, device or non-food product",https://www.accessdata.fda.gov/scripts/ires/?Product=116660
64532,116661,2014-06-18,"Cargill, Inc         Corporate Headquarters","Cargill Right Now Emerald (Altosid IGR) Active Ingredient: S-Methoprene, mineral mix with added Vitamin A, Vitamin D3 and Vitamin E. Packaged in a 50-lb/poly bag. Cargill Animal Nutrition General Office, Minneapolis, MN. Product Code: 55103-GR MH Manufactured at the McPherson, KS firm.","Not dog or cat food",https://www.accessdata.fda.gov/scripts/ires/?Product=116661
64532,116662,2014-06-18,"Cargill, Inc         Corporate Headquarters","Cargill Right Now Emerald (PNW) Complex (MH), mineral mix with added Vitamin A, Vitamin D3 and Vitamin E. Packaged in a 50-lb/poly bag. Cargill Animal Nutrition General Office, Minneapolis, MN. Product Code: 55103-N1 MH 1203 Manufactured at the McPherson, KS firm.","Not dog or cat food",https://www.accessdata.fda.gov/scripts/ires/?Product=116662
64532,116663,2014-06-18,"Cargill, Inc         Corporate Headquarters","Cargill Right Now Emerald (B1440) MOS CHEL (MH) Medicated, Active Ingredient: Lasalocid, mineral mix with added Vitamin A, Vitamin D3 and Vitamin E. Packaged in a 50-lb/poly bag. Cargill Animal Nutrition General Office, Minneapolis, MN. Product Code: 55103-NF MH 1201 Manufactured at the McPherson, K","Animal drug, device or non-food product",https://www.accessdata.fda.gov/scripts/ires/?Product=116663
64532,116664,2014-06-18,"Cargill, Inc         Corporate Headquarters","Cargill Right Now Emerald (C2.0) MOS (MH) Medicated, Active Ingredient: Chlortetracycline, mineral mix with added Vitamin A, Vitamin D3 and Vitamin E. Packaged in a 50-lb/poly bag. Cargill Animal Nutrition General Office, Minneapolis, MN. Product Code: 55103-N3 MH 1203 Manufactured at the McPherson,","Animal drug, device or non-food product",https://www.accessdata.fda.gov/scripts/ires/?Product=116664
64532,116666,2014-06-18,"Cargill, Inc         Corporate Headquarters","Cargill Right Now Emerald (PNW) (MOS) (MH), Mineral mix with added Vitamin A, Vitamin D3 and Vitamin E. Packaged in a 50-lb/poly bag. Cargill Animal Nutrition General Office, Minneapolis, MN. Product Code: 55103-N8 MH 1203 Manufactured at the McPherson, KS firm.","Not dog or cat food",https://www.accessdata.fda.gov/scripts/ires/?Product=116666
64532,116667,2014-06-18,"Cargill, Inc         Corporate Headquarters","Cargill Right Now Emerald (MH), Mineral mix with added Vitamin A, Vitamin D3 and Vitamin E. Packaged in a 50-lb/poly bag. Cargill Animal Nutrition General Office, Minneapolis, MN. Product Code: 55103-N MH 1203 Manufactured at the McPherson, KS firm.","Not dog or cat food",https://www.accessdata.fda.gov/scripts/ires/?Product=116667
64532,116668,2014-06-18,"Cargill, Inc         Corporate Headquarters","Cargill Breeding Herd Mineral (MH), Mineral mix with added Vitamin A, Vitamin D3 and Vitamin E. Packaged in a 50-lb/poly bag. Cargill Animal Nutrition General Office, Minneapolis, MN. Product Code: 92428 MH 1206 Manufactured at the McPherson, KS firm.","Not dog or cat food",https://www.accessdata.fda.gov/scripts/ires/?Product=116668
64532,116670,2014-06-18,"Cargill, Inc         Corporate Headquarters","Cargill Winter Mineral (MH), Mineral mix with added Vitamin A, Vitamin D3 and Vitamin E. Packaged in a 50-lb/poly bag. Cargill Animal Nutrition General Office, Minneapolis, MN. Product Code: 80678 MH 1207 Manufactured at the McPherson, KS firm.","Not dog or cat food",https://www.accessdata.fda.gov/scripts/ires/?Product=116670
64532,116671,2014-06-18,"Cargill, Inc         Corporate Headquarters","Cargill Right Now Emerald (C2.0) (W) (MH), Medicated, Active Drug Ingredient: Chlortetracycline, mineral mix with added Vitamin A, Vitamin D3 and Vitamin E. Packaged in a 50-lb/poly bag. Cargill Animal Nutrition General Office, Minneapolis, MN. Product Code: 55103-WS MH 1202 Manufactured at the McPh","Animal drug, device or non-food product",https://www.accessdata.fda.gov/scripts/ires/?Product=116671
64532,116672,2014-06-18,"Cargill, Inc         Corporate Headquarters","Cargill Right Now Onyx (MH), Mineral mix with added Vitamin A, Vitamin D3 and Vitamin E. Packaged in a 50-lb/poly bag. Cargill Animal Nutrition General Office, Minneapolis, MN. Product Code: 55104-N MH 1210 Manufactured at the McPherson, KS firm.","Not dog or cat food",https://www.accessdata.fda.gov/scripts/ires/?Product=116672
64532,116673,2014-06-18,"Cargill, Inc         Corporate Headquarters","Cargill Nutrebeef Stocker Summer Mineral (C1.4) (MH), Medicated, Active Drug Ingredient: Chlortetracycline, mineral mix with added Vitamin A, Vitamin D3 and Vitamin E. Packaged in a 50-lb/poly bag. Cargill Animal Nutrition General Office, Minneapolis, MN. Product Code: 92111-C MH 0707 Manufactured a","Animal drug, device or non-food product",https://www.accessdata.fda.gov/scripts/ires/?Product=116673
64532,116674,2014-06-18,"Cargill, Inc         Corporate Headquarters","Cargill Right Now Onyx Min (P) (C2.0) (MH), Medicated, Active Drug Ingredient: Chlortetracycline, mineral mix with added Vitamin A, Vitamin D3 and Vitamin E. Packaged in a 50-lb/poly bag. Cargill Animal Nutrition General Office, Minneapolis, MN. Product Code: 55104-CC MH 1112 Manufactured at the McP","Animal drug, device or non-food product",https://www.accessdata.fda.gov/scripts/ires/?Product=116674
64532,116675,2014-06-18,"Cargill, Inc         Corporate Headquarters","Cargill Stocker Summer Mineral (B720) (MH), Medicated, Active Drug Ingredient: Lasalocid, mineral mix with added Vitamin A, Vitamin D3 and Vitamin E. Packaged in a 50-lb/poly bag. Cargill Animal Nutrition General Office, Minneapolis, MN. Product Code: 92111-L MH 0807 Manufactured at the McPherson, K","Animal drug, device or non-food product",https://www.accessdata.fda.gov/scripts/ires/?Product=116675
64532,116676,2014-06-18,"Cargill, Inc         Corporate Headquarters","Cargill Right Now Onyx (P) (MH), Mineral mix with added Vitamin A, Vitamin D3 and Vitamin E. Packaged in a 50-lb/poly bag. Cargill Animal Nutrition General Office, Minneapolis, MN. Product Code: 55104-P MH 1203 Manufactured at the McPherson, KS firm.","Not dog or cat food",https://www.accessdata.fda.gov/scripts/ires/?Product=116676
64532,117052,2014-06-18,"Cargill, Inc         Corporate Headquarters","Cargill Cattle Grazers APC Mineral (MH), Mineral mix with added Vitamin A, Vitamin D3 and Vitamin E. Packaged in a 50-lb/poly bag. Cargill Animal Nutrition General Office, Minneapolis, MN. Product Code: 7144 MH 1103 Manufactured at the McPherson, KS firm.","Livestock feed or food for other animals",https://www.accessdata.fda.gov/scripts/ires/?Product=117052
64532,117063,2014-06-18,"Cargill, Inc         Corporate Headquarters","Cargill Cattle Grazers All Purpose Fescue Mineral (UMW) (M800) (MH) Medicated, Active Drug Ingredient: Monensin, mineral mix with added Vitamin A, Vitamin D3 and Vitamin E. Packaged in a 50-lb/poly bag. Cargill Animal Nutrition, Minneapolis, MN. Product Code: 7144-P3 MH 1302, Manufactured at the McP","Animal drug, device or non-food product",https://www.accessdata.fda.gov/scripts/ires/?Product=117063
64532,117067,2014-06-18,"Cargill, Inc         Corporate Headquarters","Cargill Right Now Emerald (P) (CHLT) (MH), Mineral mix with added Vitamin A, Vitamin D3 and Vitamin E. Packaged in a 50-lb/poly bag. Cargill Animal Nutrition, Minneapolis, MN. Product Code: 55103-CH MH 1203, Manufactured at the McPherson, KS firm.","Not dog or cat food",https://www.accessdata.fda.gov/scripts/ires/?Product=117067
64532,117068,2014-06-18,"Cargill, Inc         Corporate Headquarters","Cargill Right Now Emerald (P) (C2.0) (MH), Medicated, Active Drug Ingredient: Chlortetracycline, mineral mix with added Vitamin A, Vitamin D3 and Vitamin E. Packaged in a 50-lb/poly bag. Cargill Animal Nutrition, Minneapolis, MN. Product Code: 55103-CH MH 1203, Manufactured at the McPherson, KS firm","Animal drug, device or non-food product",https://www.accessdata.fda.gov/scripts/ires/?Product=117068
64532,117069,2014-06-18,"Cargill, Inc         Corporate Headquarters","Cargill Right Now Emerald Fescue (C2.0) (MH), Medicated, Active Drug Ingredient: Chlortetracycline, mineral mix with added Vitamin A, Vitamin D3 and Vitamin E. Packaged in a 50-lb/poly bag. Cargill Animal Nutrition, Minneapolis, MN. Product Code: 55103-FT MH 1201, Manufactured at the McPherson, KS f","Animal drug, device or non-food product",https://www.accessdata.fda.gov/scripts/ires/?Product=117069
64532,117072,2014-06-18,"Cargill, Inc         Corporate Headquarters","Cargill Right Now Emerald (M600) (UMW) (MH), Medicated, Active Drug Ingredient: Monensin, mineral mix with added Vitamin A, Vitamin D3 and Vitamin E. Packaged in a 50-lb/poly bag. Cargill Animal Nutrition, Minneapolis, MN. Product Code: 55103-PH MH 1301, Manufactured at the McPherson, KS firm.","Animal drug, device or non-food product",https://www.accessdata.fda.gov/scripts/ires/?Product=117072
64532,117073,2014-06-18,"Cargill, Inc         Corporate Headquarters","Cargill Right Now Emerald (M1200) (UMW) MOS (MH), Medicated, Active Drug Ingredient: Monensin, mineral mix with added Vitamin A, Vitamin D3 and Vitamin E. Packaged in a 50-lb/poly bag. Cargill Animal Nutrition, Minneapolis, MN. Product Code: 55103-RZ MH 1203, Manufactured at the McPherson, KS firm.","Animal drug, device or non-food product",https://www.accessdata.fda.gov/scripts/ires/?Product=117073
64532,117075,2014-06-18,"Cargill, Inc         Corporate Headquarters","Cargill Right Now Emerald (P) (MH), Mineral mix with added Vitamin A, Vitamin D3 and Vitamin E. Packaged in a 50-lb/poly bag. Cargill Animal Nutrition, Minneapolis, MN. Product Code: 55103-P MH 1203, Manufactured at the McPherson, KS firm.","Not dog or cat food",https://www.accessdata.fda.gov/scripts/ires/?Product=117075
64532,117078,2014-06-18,"Cargill, Inc         Corporate Headquarters","Cargill Right Now Emerald (C3.0) (MH), Medicated, Active Drug Ingredient: Chlortetracycline. Mineral mix with added Vitamin A, Vitamin D3 and Vitamin E. Packaged in a 50-lb/poly bag. Cargill Animal Nutrition, Minneapolis, MN. Product Code: 55103-WK MH 1207, Manufactured at the McPherson, KS firm.","Animal drug, device or non-food product",https://www.accessdata.fda.gov/scripts/ires/?Product=117078
64532,117079,2014-06-18,"Cargill, Inc         Corporate Headquarters","Cargill Stocker Summer Mineral (MH), Mineral mix with added Vitamin A, Vitamin D3 and Vitamin E. Packaged in a 50-lb/poly bag. Cargill Animal Nutrition, Minneapolis, MN. Product Code: 92111 MH 1301, Manufactured at the McPherson, KS firm.","Not dog or cat food",https://www.accessdata.fda.gov/scripts/ires/?Product=117079
64532,117080,2014-06-18,"Cargill, Inc         Corporate Headquarters","Cargill Stocker Summer Mineral (M610) (MH) Medicated, Active Drug Ingredient: Monensin, mineral mix with added Vitamin A, Vitamin D3 and Vitamin E. Packaged in a 50-lb/poly bag. Cargill Animal Nutrition, Minneapolis, MN. Product Code: 92111-R MH 1212, Manufactured at the McPherson, KS firm.","Animal drug, device or non-food product",https://www.accessdata.fda.gov/scripts/ires/?Product=117080
64532,117081,2014-06-18,"Cargill, Inc         Corporate Headquarters","Cargill Stocker Wheat Mineral W/THIA (B720) (MH) Medicated, Active Drug Ingredient: Lasalocid, mineral mix with added Vitamin A, Vitamin D3 and Vitamin E. Packaged in a 50-lb/poly bag. Cargill Animal Nutrition, Minneapolis, MN. Product Code: 92113-L3 MH 1201, Manufactured at the McPherson, KS firm.","Animal drug, device or non-food product",https://www.accessdata.fda.gov/scripts/ires/?Product=117081
64532,117082,2014-06-18,"Cargill, Inc         Corporate Headquarters","Cargill Stocker Wheat Mineral (M600) (MH) Medicated, Active Drug Ingredient: Monensin, mineral mix with added Vitamin A, Vitamin D3 and Vitamin E. Packaged in a 50-lb/poly bag. Cargill Animal Nutrition, Minneapolis, MN. Product Code: 92113-R MH 1208, Manufactured at the McPherson, KS firm.","Animal drug, device or non-food product",https://www.accessdata.fda.gov/scripts/ires/?Product=117082
64532,117083,2014-06-18,"Cargill, Inc         Corporate Headquarters","Cargill Stocker Wheat Mineral (M720) (MH) Medicated, Active Drug Ingredient: Lasalocid, mineral mix with added Vitamin A, Vitamin D3 and Vitamin E. Packaged in a 50-lb/poly bag. Cargill Animal Nutrition, Minneapolis, MN. Product Code: 92113-L MH 1105, Manufactured at the McPherson, KS firm.","Animal drug, device or non-food product",https://www.accessdata.fda.gov/scripts/ires/?Product=117083
68132,126984,2014-06-18,"Piramal Critical Care, Inc.","Petrem, lot S2991K16 Sevoflurane, USP , 250 mL, packaged in an amber glass vial, NDC 60307-320-25, for use in dogs, ANADA 200-438, manufactured by MINRAD, INC., Bethlehem, PA. Piramal Inc is the actual manufacturing site dba as MINRAD, INC. since 2009.","Animal drug, device or non-food product",https://www.accessdata.fda.gov/scripts/ires/?Product=126984
68217,127159,2014-06-18,"Carefusion 2200 Inc","CareFusion Scrub Care Surgical Scrub Brush-Sponge/Nail Cleaner with 9% Povidone-iodine (USP) Surgical Hand Scrub; NDC 57613-003-18. Packaged 30 scrub brushes per carton and 10 cartons per corrugate box.","Animal drug, device or non-food product",https://www.accessdata.fda.gov/scripts/ires/?Product=127159
68217,127160,2014-06-18,"Carefusion 2200 Inc","CareFusion Scrub Care Surgical Scrub Brush-Sponge/Nail Cleaner with 15% Povidone-iodine (USP) Surgical Hand Scrub; NDC 57613-013-15. Packaged 30 scrub brushes per carton and 10 cartons per corrugate box.","Animal drug, device or non-food product",https://www.accessdata.fda.gov/scripts/ires/?Product=127160
68151,127034,2014-06-26,"ICU Medical Inc","LATEX-FREE; EXTENSION SET; For Bladder Irrigation or Urinary Drainage, Compatible with T-U- R FLOW-POUCH RESERVOIR, list 6542, 71 inch (180 cm) Nominal Length; List No. 4693-01; single use; Hospira","Not dog or cat food",https://www.accessdata.fda.gov/scripts/ires/?Product=127034
68151,127035,2014-06-26,"ICU Medical Inc","LATEX-FREE; T-U-R Y-Set; Nonvented Set for Transurethral Resection Procedures; 96 inch (244 cm); For Flexible Irrigation Container Systems; List No. 6543-01; single use; Hospira","Not dog or cat food",https://www.accessdata.fda.gov/scripts/ires/?Product=127035
68151,127036,2014-06-26,"ICU Medical Inc","LATEX-FREE; CYSTOSCOPY/IRRIGATION SET; Nonvented, 77 inch (195 cm) for Constant or Intermittent Bladder Irrigation; For Use with Flexible Irrigation Container System; List No. 6544- 01; Hospira","Not dog or cat food",https://www.accessdata.fda.gov/scripts/ires/?Product=127036
68151,127037,2014-06-26,"ICU Medical Inc","LATEX-FREE; LARGE BORE Y-IRRIGATION SET; Nonvented Set; 100 inch (254 cm); For Flexible Irrigation Container Systems; List No. 6599-01; single use; Hospira","Not dog or cat food",https://www.accessdata.fda.gov/scripts/ires/?Product=127037
68151,127038,2014-06-26,"ICU Medical Inc","LATEX-FREE; 4-LEAD T-U-R IRRIGATION SET; Nonvented Set for Transurethral Resection Procedures; 85 inch (216 cm); For Flexible Irrigation Container Systems; List No. 15239-01; Single Use; Hospira","Not dog or cat food",https://www.accessdata.fda.gov/scripts/ires/?Product=127038
67729,126169,2014-06-27,"ICU Medical Inc","LifeShield LATEX-FREE HemoSet 100 mL Burette I.V. PlumSet, Nonvented, 105 inch with Prepierced Reseals, OPTION-LOK and Inline Dual Channel Cassette","Not dog or cat food",https://www.accessdata.fda.gov/scripts/ires/?Product=126169
68613,128309,2014-06-27,"Steve Pritchett Farms LLC","Frozen mice in ziplock bags","Livestock feed or food for other animals",https://www.accessdata.fda.gov/scripts/ires/?Product=128309
68380,127497,2014-07-08,"Norbrook Inc","Hexasol (tm) Injection, 300 mg oxytetracycline and 20 mg flunixin meglumine per mL, 500 mL, Federal (U.S.A.) law restricts this drug to use by or on the order of a licensed veterinarian, Norbrook Laboratories Limited, NDC 55529-016-05. Hexasol (tm) (oxytetracycline and flunixin) Injection is a steri","Animal drug, device or non-food product",https://www.accessdata.fda.gov/scripts/ires/?Product=127497
68381,127493,2014-07-14,"Norbrook Inc","VetOne Vetrimycin 100, Oxytetracycline Hydrochloride Injection, 100 mg/mL Sterile, 500 mL, ANDA 200-452, Distributed by: MWI, Meridian, ID. Made in UK","Animal drug, device or non-food product",https://www.accessdata.fda.gov/scripts/ires/?Product=127493
68381,127495,2014-07-14,"Norbrook Inc","Terra-Vet 100, Oxytetracycline Hydrochloride Injection, 100 mg/mL, Multiple Dose Sterile Vial, 500 mL, ANDA 200-452, Veterinary Resources, LTD. Manufactured for: Aspen Veterinary Resources, Ltd., Liberty, MO.","Animal drug, device or non-food product",https://www.accessdata.fda.gov/scripts/ires/?Product=127495
68514,128119,2014-07-14,"Huvepharma Inc","Huvepharma Amprol 25% (amprolium), Type A medicated article, NADA 012-650, Manufactured by: Huvepharma, Inc., St. Louis, MO, Distributed by: Huvepharma, Inc., Peachtree City, GA.","Animal drug, device or non-food product",https://www.accessdata.fda.gov/scripts/ires/?Product=128119
68545,128168,2014-07-14,"Boehringer Ingelheim Vetmedica Inc","Surpass (1% diclofenac sodium) Topical Anti-Inflammatory Cream, 124 g tube, UPC 012313449810, NADA 141-186. Manufactured for: Boehringer Ingelheim Vetmedica, Inc., St. Joseph, MO.","Animal drug, device or non-food product",https://www.accessdata.fda.gov/scripts/ires/?Product=128168
67500,125577,2014-07-15,"ICU Medical Inc","The Plum XL Family is indicated for intravenous. arterial, sort-term epidural, and parenteral administration of general I.V. fluids, medications, nutritional fluids, and blood/blood products to patients in hospital and home care environments.","Not dog or cat food",https://www.accessdata.fda.gov/scripts/ires/?Product=125577
67761,126242,2014-07-16,"ICU Medical Inc","The Plum A+ Infusion System is designed to meet the fluid delivery requirements of today's evolving healthcare environments. It is a cassette based multi-function infusion system. The Plum A+ allows two lines in and one line out. The pump can be used for standard, piggyback, or concurrent delivery. ","Not dog or cat food",https://www.accessdata.fda.gov/scripts/ires/?Product=126242
67778,126287,2014-07-16,"ICU Medical Inc","The Plum A+ Infusion System is designed to meet the fluid delivery requirements of today's evolving healthcare environments. It is a cassette based multi-function infusion system. The Plum A+ allows two lines in and one line out. The pump can be used for standard, piggyback, or concurrent delivery. ","Not dog or cat food",https://www.accessdata.fda.gov/scripts/ires/?Product=126287
67581,125762,2014-07-18,"ICU Medical Inc","The Acclaim Encore is designed to deliver parenteral infusions including whole blood or red blood cell components and enteral fluids using a wide variety of standard administration sets and fluid containers.","Not dog or cat food",https://www.accessdata.fda.gov/scripts/ires/?Product=125762
67754,126215,2014-07-18,"ICU Medical Inc","The Plum A+ Infusion System is designed to meet the fluid delivery requirements of today's evolving healthcare environments. It is a cassette based multi-function infusion system. The Plum A+ allows two lines in and one line out. The pump can be used for standard, piggyback, or concurrent delivery. ","Not dog or cat food",https://www.accessdata.fda.gov/scripts/ires/?Product=126215
67785,126324,2014-07-18,"ICU Medical Inc","The Plum A+ Infusion System is designed to meet the fluid delivery requirements of today's evolving healthcare environments. It is a cassette based multi-function infusion system. The Plum A+ allows two lines in and one line out. The pump can be used for standard, piggyback, or concurrent delivery. ","Not dog or cat food",https://www.accessdata.fda.gov/scripts/ires/?Product=126324
67799,126339,2014-07-18,"ICU Medical Inc","The Plum A+ Infusion System is designed to meet the fluid delivery requirements of today's evolving healthcare environments. It is a cassette based multi-function infusion system. The Plum A+ allows two lines in and one line out. The pump can be used for standard, piggyback, or concurrent delivery. ","Not dog or cat food",https://www.accessdata.fda.gov/scripts/ires/?Product=126339
67949,126645,2014-07-18,"ICU Medical Inc","The Acclaim Infusion Pump is designed to deliver parenteral infusions including whole blood or red blood cell components and enteral fluids using a wide variety of standard administration sets and fluid containers.","Not dog or cat food",https://www.accessdata.fda.gov/scripts/ires/?Product=126645
67949,126646,2014-07-18,"ICU Medical Inc","The Acclaim Infusion Pump is designed to deliver parenteral infusions including whole blood or red blood cell components and enteral fluids using a wide variety of standard administration sets and fluid containers.","Not dog or cat food",https://www.accessdata.fda.gov/scripts/ires/?Product=126646
68035,126831,2014-07-18,"ICU Medical Inc","The Plum A+ Infusion System is designed to meet the fluid delivery requirements of today's evolving healthcare environments. It is a cassette based multi-function infusion system. The Plum A+ allows two lines in and one line out. The pump can be used for standard, piggyback, or concurrent delivery. ","Not dog or cat food",https://www.accessdata.fda.gov/scripts/ires/?Product=126831
68257,127225,2014-07-18,"ICU Medical Inc","The LifeCare 5000 Pump (Plum 1.6) is indicated for accurate, volumetric infusion of critical drugs and fluids by intravenous (I.V.) administration.","Not dog or cat food",https://www.accessdata.fda.gov/scripts/ires/?Product=127225
68257,127227,2014-07-18,"ICU Medical Inc","The Plum XL Family is indicated for intravenous. arterial, sort-term epidural, and parenteral administration of general I.V. fluids, medications, nutritional fluids, and blood/blood products to patients in hospital and home care environments.","Not dog or cat food",https://www.accessdata.fda.gov/scripts/ires/?Product=127227
68257,127228,2014-07-18,"ICU Medical Inc","The Plum XL Family is indicated for intravenous. arterial, sort-term epidural, and parenteral administration of general I.V. fluids, medications, nutritional fluids, and blood/blood products to patients in hospital and home care environments.","Not dog or cat food",https://www.accessdata.fda.gov/scripts/ires/?Product=127228
68707,128492,2014-07-21,"PGG/HSC  Feed Co. LLC","KOXY KRUMBLES MEDICATED calf pellet/crumble feed; 50 lb bag; Active Drug Ingredient Amprolium 1.25%; Manufactured By: CHS Inc. Sioux Falls, SD 57107","Animal drug, device or non-food product",https://www.accessdata.fda.gov/scripts/ires/?Product=128492
66977,124380,2014-09-10,"Cargill, Inc         Corporate Headquarters","40 lb poly-paper bags of poultry feed labeled in part: Nutrena; Nature Wise; Meatbird; 22% Crumbles; Minneapolis, MN 55440; www.NutrenaNatureWise.com.","Livestock feed or food for other animals",https://www.accessdata.fda.gov/scripts/ires/?Product=124380
66977,124382,2014-09-10,"Cargill, Inc         Corporate Headquarters","40 and 50 lb poly-paper bags of poultry feed labeled in part: Nutrena; Nature Wise; Chick Starter Grower; 18% Crumbles; Minneapolis, MN 55440; www.NutrenaNatureWise.com.","Livestock feed or food for other animals",https://www.accessdata.fda.gov/scripts/ires/?Product=124382
66068,121433,2014-09-18,Goldenfeast,"Goldenfeast Australian Blend packaged in 32 lb foil Bulk Bags, 13 lb. foil mini bulk bags, 64 oz super size plastic jars, and 25 oz barrier film bags.","Not dog or cat food",https://www.accessdata.fda.gov/scripts/ires/?Product=121433
66068,121797,2014-09-18,Goldenfeast,"Goldenfeast Bean Supreme in 32 lbs.Foil Bulk Bag, 10 lb. Foil Mini Bulk Bags, 64 oz. Super Size Plastic Jars, and 23 oz. Barrier Film Bag.","Not dog or cat food",https://www.accessdata.fda.gov/scripts/ires/?Product=121797
66068,121798,2014-09-18,Goldenfeast,"Goldenfeast Caribbean Bounty Foil 32 lb. Bulk Bag Foil, 11 lb. Mini Bulk 64 oz. Super Size Plastic Jar, 25 oz. Barrier Film Bag.","Not dog or cat food",https://www.accessdata.fda.gov/scripts/ires/?Product=121798
66068,121799,2014-09-18,Goldenfeast,"Goldenfeast Gardenflora Foil 12 lb. Bulk Bag, Foil 4 lb. Mini Bulk Foil Bag, Super Size 23 oz Plastic Jar, and Barrier Film 9 oz. Bag.","Not dog or cat food",https://www.accessdata.fda.gov/scripts/ires/?Product=121799
66068,121800,2014-09-18,Goldenfeast,"Goldenfeast Petite Hookbill Bulk Foil 32 lb. Bag, Foil Mini Bulk Bag 12 lb., Super Size 64 oz. Plastic Jar, and Barrier Film 25 oz. Bag.","Not dog or cat food",https://www.accessdata.fda.gov/scripts/ires/?Product=121800
66068,121801,2014-09-18,Goldenfeast,"Goldenfeast Schmitts Original Bulk Foil 32 lb. Bag, Mini Bulk Foil Bag 13 lb., Super Size 64 oz. Plastic Jar, and Barrier Film 25 oz. Bag.","Not dog or cat food",https://www.accessdata.fda.gov/scripts/ires/?Product=121801
66068,121802,2014-09-18,Goldenfeast,"Goldenfeast Basics Plus Finch Bulk Foil 40 lb. Bag, Mini Bulk Foil Bag 13 lb., Super Size 80 oz. Plastic Jar, Barrier Film 32 oz. Bag.","Livestock feed or food for other animals",https://www.accessdata.fda.gov/scripts/ires/?Product=121802
66068,121809,2014-09-18,Goldenfeast,"Goldenfeast Basics Plus Parakeet Bulk Foil 40 lb. Bag, Mini Bulk Foil Bag 13 lb., Super Size Plastic Jar 72 oz, and Barrier Film 32 oz. Bag.","Livestock feed or food for other animals",https://www.accessdata.fda.gov/scripts/ires/?Product=121809
66183,121655,2014-09-18,"Hubbard Feeds, Inc","34739-2, HOMESTEAD¿, FASTGROW AM.0125 NAP/NAB, MEDICATED Complete Chicken Starter/Grower/Finisher/Broiler Feed, Complete Turkey Grower/Finisher, Aid in prevention of coccidiosis. ACTIVE DRUG INGREDIENT AMPROLIUM 0.0125 % GUARANTEED ANALYSIS ... CALCIUM, min 0.8 % CALCIUM, max 1.3 % PHOSPHORUS, min 0","Animal drug, device or non-food product",https://www.accessdata.fda.gov/scripts/ires/?Product=121655
66690,122971,2014-09-19,"Renaissance Nutrition, Inc.","Dan Nelson Dairy Pre-mix R Dairy mineral pre-mix with Monensin at 509g/ton Product #WIK361 Lot #21413J","Not dog or cat food",https://www.accessdata.fda.gov/scripts/ires/?Product=122971
67801,126353,2014-09-19,"Mercer Milling Co. Inc.","MERRSM - MERRELL MEDICATED STOCK MIX -- For Further Manufacture of Feed -- MEDICATED -- ACTIVE DRUG INGREDIENT: Monensin (as Monensin Sodium) 6000 g/ton. Ingredients: Processed Grain By-Products and Calcium Carbonate --- Manufactured For: Eagle Supply Company, LLC, PO Box 4844, Syracuse, NY 13221 --","Animal drug, device or non-food product",https://www.accessdata.fda.gov/scripts/ires/?Product=126353
67801,126514,2014-09-19,"Mercer Milling Co. Inc.","FCI RUMENSIN 10 G Premix (FCIRUM10), MEDICATED --- ACTIVE DRUG INGREDIENT: Monensin, USP . . . . . 20,000 g/ton; Guaranteed Analysis: Calcium, (Min) . . . 31 % , (Max) . . . 35% LIST OF INGREDIENTS: Calcium Carbonate and Mineral Oil --- Rumensin 90 - NADA # 95-735 --- Manufactured for: Feed Commodit","Animal drug, device or non-food product",https://www.accessdata.fda.gov/scripts/ires/?Product=126514
69111,129658,2014-09-23,"ICU Medical, Inc.","STAT 2 Flow Controller; 26"" (66 cm) Appx 2.8 mL, 15 Drop Admin Set w/2 Clave, STAT 2 Flow Controller, Inj Site, MicroClave, Item No. AH7007.","Not dog or cat food",https://www.accessdata.fda.gov/scripts/ires/?Product=129658
68998,129231,2014-09-29,"Pegasus Laboratories, Inc.","ReBalance Antiprotozoal Oral Suspension (Sulfadiazine and Pyrimethamine For Oral Use in Horses Only","Animal drug, device or non-food product",https://www.accessdata.fda.gov/scripts/ires/?Product=129231
69164,129780,2014-09-29,"Bimeda MTC Animal Health Inc.","Ivermax (Ivermectin) 1% sterile solution is provided in a 500 mL plastic bottle suitable for use with automatic syringe equipment. Each bottle contains sufficient solution to treat 100 head of 550 lb (250 kg) cattle or 1000 head of 38 lb (17.3 kg) swine.","Animal drug, device or non-food product",https://www.accessdata.fda.gov/scripts/ires/?Product=129780
69174,129795,2014-10-03,"Boehringer Ingelheim Vetmedica Inc","Metacam (meloxicam) Oral Suspension 0.5 mg/mL packaged in 15 ml plastic bottles, RX, NADA 141-213, UPC 012313601416, Manufactured for Boehringer Ingelheim Vetmedica, Inc., St. Joseph, MO.","Animal drug, device or non-food product",https://www.accessdata.fda.gov/scripts/ires/?Product=129795
69174,129796,2014-10-03,"Boehringer Ingelheim Vetmedica Inc","Metacam (meloxicam) Oral Suspension 1.5 mg/mL packaged in 10 ml plastic bottles, RX, NADA 141-213, UPC 012313601515, Manufactured for Boehringer Ingelheim Vetmedica, Inc., St. Joseph, MO.","Animal drug, device or non-food product",https://www.accessdata.fda.gov/scripts/ires/?Product=129796
69161,129776,2014-10-06,"Vetix Inc.","Naphazoline HCI - 0.025% per 14.78 mL bottle.Oval 15-mL eye drop container labeled and placed inside of brand name box.","Not dog or cat food",https://www.accessdata.fda.gov/scripts/ires/?Product=129776
69161,129777,2014-10-06,"Vetix Inc.","Pheniramine Maleate 0.3% per 14.78 mL bottle.Oval 15-mL eye drop container labeled and placed inside of brand name box.","Not dog or cat food",https://www.accessdata.fda.gov/scripts/ires/?Product=129777
69162,129778,2014-10-06,"Carefusion 2200 Inc","1) 10127-4H1, AirLife, Isothermal Infant Respiratory Breathing Circuit, Heated, 4 ft., X1 Per Bag, 30 Per Case, CareFusion; 2) 10331N-4S2, AirLife, Isothermal Infant Respiratory Breathing Circuit, Heated, 4 ft., X1 Per Bag, 30 Per Case, CareFusion; 3) 10351-4H2, AirLife, Isothermal Infant Respirator","Not dog or cat food",https://www.accessdata.fda.gov/scripts/ires/?Product=129778
69171,129793,2014-10-06,"Virbac AH, Inc","Suprelorin F (DESLORELIN ACETATE) 4.7 mg Implant. NOT APPROVED BY FDA - Legally marketed as an FDA Indexed Product under MIF 900-013. FOR USE IN FERRETS ONLY. Extra-label use is prohibited. This product is not to be used in animals intended for use as food for humans or other animals.","Animal drug, device or non-food product",https://www.accessdata.fda.gov/scripts/ires/?Product=129793
62479,110736,2014-10-08,"PMI Nutrition International","Guinea Pig Diet PMI NUTRITION INTL., LLC. P.O. BOX 19798, BRENTWOOD, MO 63144 Net Weight 50 Ib (22.67 kg)","Livestock feed or food for other animals",https://www.accessdata.fda.gov/scripts/ires/?Product=110736
62479,110738,2014-10-08,"PMI Nutrition International","MAZURI MANED WOLF DIET THE RICHMOND STANDARD PMI NUTRITION INT'l., LLC. P.O. BOX 19798, BRENTWOOD, MO 63144-6812 15kg","Not dog or cat food",https://www.accessdata.fda.gov/scripts/ires/?Product=110738
62479,110739,2014-10-08,"PMI Nutrition International","MAZURI SMALL BIRD MAINTENANCE PMI NUTRITION INT'L., LLC. P.O. BOX 19798, BRENTWOOD, MO 63144¿6812 Net Weight 251b (11.33 kg)","Livestock feed or food for other animals",https://www.accessdata.fda.gov/scripts/ires/?Product=110739
62479,110770,2014-10-08,"PMI Nutrition International","Mazuri Primate Maintenance Biscuit PMI NUTRITION INT'L., LLC. P.O. BOX 19798, BRENTWOOD, MO 63144¿6812 Net Weight 251b (11.33 kg)","Livestock feed or food for other animals",https://www.accessdata.fda.gov/scripts/ires/?Product=110770
62479,110771,2014-10-08,"PMI Nutrition International","Mazuri Mouse Breeder 9F, FOR BREEDING RODENTS CAUTION: USE AS DIRECTED, PMI NUTRITION INT'L., LLC. P.O. BOX 19798, BRENTWOOD, MO 63144¿6812 Net. Weight 50 Ib (22.67 kg)","Livestock feed or food for other animals",https://www.accessdata.fda.gov/scripts/ires/?Product=110771
62479,110772,2014-10-08,"PMI Nutrition International","MAZURI PRIMATE BASIX, FOR PRIMATES ~ CAUTION: USE ONLY AS DIRECTED, PMI NUTRITION INT'L., LLC. P.O. BOX 19798, BRENTWOOD, MO 63144¿6812 Net. Weight 25 Ib (11.33 kg)","Livestock feed or food for other animals",https://www.accessdata.fda.gov/scripts/ires/?Product=110772
62479,110915,2014-10-08,"PMI Nutrition International","MAZURI EX GAMEBIRD STARTER 25 LB","Not dog or cat food",https://www.accessdata.fda.gov/scripts/ires/?Product=110915
62479,110916,2014-10-08,"PMI Nutrition International","MONKEY DIET JUMBO 25 LB","Livestock feed or food for other animals",https://www.accessdata.fda.gov/scripts/ires/?Product=110916
62479,110917,2014-10-08,"PMI Nutrition International","MONKEY DIET 25 LB","Livestock feed or food for other animals",https://www.accessdata.fda.gov/scripts/ires/?Product=110917
62479,110918,2014-10-08,"PMI Nutrition International","NEW WORLD PRIMATE DIET 25 LB","Livestock feed or food for other animals",https://www.accessdata.fda.gov/scripts/ires/?Product=110918
62479,110919,2014-10-08,"PMI Nutrition International","HIGH PROTEIN MONKEY DIET 25 LB","Livestock feed or food for other animals",https://www.accessdata.fda.gov/scripts/ires/?Product=110919
62479,110920,2014-10-08,"PMI Nutrition International","HIGH PROTEIN MONKEY DIET JUMBO 25 LB","Livestock feed or food for other animals",https://www.accessdata.fda.gov/scripts/ires/?Product=110920
62479,110921,2014-10-08,"PMI Nutrition International","CERTIFIED GUINEA PIG DIET 33 LB","Livestock feed or food for other animals",https://www.accessdata.fda.gov/scripts/ires/?Product=110921
62479,110922,2014-10-08,"PMI Nutrition International","CERTIFIED PRIMATE DIET 22 LB","Livestock feed or food for other animals",https://www.accessdata.fda.gov/scripts/ires/?Product=110922
62479,110923,2014-10-08,"PMI Nutrition International","LAB FIBER‐PLUS MONKEY DIET 25 LB","Livestock feed or food for other animals",https://www.accessdata.fda.gov/scripts/ires/?Product=110923
62479,110924,2014-10-08,"PMI Nutrition International","LAB FIBER‐PLUS MONKEY DIET JUMBO 25 LB","Livestock feed or food for other animals",https://www.accessdata.fda.gov/scripts/ires/?Product=110924
62479,110925,2014-10-08,"PMI Nutrition International","AUTOCLAVABLE RODENT BREEDER DIET 25 LB","Livestock feed or food for other animals",https://www.accessdata.fda.gov/scripts/ires/?Product=110925
62479,110926,2014-10-08,"PMI Nutrition International","GUINEA PIG DIET 33 LB","Livestock feed or food for other animals",https://www.accessdata.fda.gov/scripts/ires/?Product=110926
62479,110927,2014-10-08,"PMI Nutrition International","HIGH PROTEIN MONKEY DIET JUMBO 25LB","Livestock feed or food for other animals",https://www.accessdata.fda.gov/scripts/ires/?Product=110927
62479,110928,2014-10-08,"PMI Nutrition International","LAB FIBER PLUS MONKEY DIET 25 LB","Livestock feed or food for other animals",https://www.accessdata.fda.gov/scripts/ires/?Product=110928
62479,110929,2014-10-08,"PMI Nutrition International","PMI CERTIFIED HI FIBER PRIMATE JUMBO 22 LB","Livestock feed or food for other animals",https://www.accessdata.fda.gov/scripts/ires/?Product=110929
62479,110930,2014-10-08,"PMI Nutrition International","PMI LAB FIBERPLUS MONKEY DIET 15% 40 LB","Livestock feed or food for other animals",https://www.accessdata.fda.gov/scripts/ires/?Product=110930
62479,110931,2014-10-08,"PMI Nutrition International","RODENT LAB DIET EQ 44.1 LB","Livestock feed or food for other animals",https://www.accessdata.fda.gov/scripts/ires/?Product=110931
62479,110932,2014-10-08,"PMI Nutrition International","RODENT LAB AUTO DIET EQ 20 KG","Livestock feed or food for other animals",https://www.accessdata.fda.gov/scripts/ires/?Product=110932
62479,110940,2014-10-08,"PMI Nutrition International","FIBER PLUS MONKEY‐PNT 25 LB","Livestock feed or food for other animals",https://www.accessdata.fda.gov/scripts/ires/?Product=110940
62479,110941,2014-10-08,"PMI Nutrition International","PROLAB RMH 2500 50 LB","Not dog or cat food",https://www.accessdata.fda.gov/scripts/ires/?Product=110941
62479,110942,2014-10-08,"PMI Nutrition International","PROLAB RMH 2500 15 KG","Not dog or cat food",https://www.accessdata.fda.gov/scripts/ires/?Product=110942
62479,110943,2014-10-08,"PMI Nutrition International","PROLAB GUINEA PIG 50 LB","Livestock feed or food for other animals",https://www.accessdata.fda.gov/scripts/ires/?Product=110943
62479,110944,2014-10-08,"PMI Nutrition International","PMI LAB FIBER‐PLUS MONKEY 20‐JUMBO 40 LB","Livestock feed or food for other animals",https://www.accessdata.fda.gov/scripts/ires/?Product=110944
62479,110945,2014-10-08,"PMI Nutrition International","FIBER ENHANCER 40 LB","Not dog or cat food",https://www.accessdata.fda.gov/scripts/ires/?Product=110945
62479,110946,2014-10-08,"PMI Nutrition International","TAD PRIMATE DIET 40 LB","Livestock feed or food for other animals",https://www.accessdata.fda.gov/scripts/ires/?Product=110946
62479,110947,2014-10-08,"PMI Nutrition International","MONKEY DIET 15% 40 LB","Livestock feed or food for other animals",https://www.accessdata.fda.gov/scripts/ires/?Product=110947
62479,110948,2014-10-08,"PMI Nutrition International","PROLAB RMH 1800 AUTOCLAVABLE 25 LB","Not dog or cat food",https://www.accessdata.fda.gov/scripts/ires/?Product=110948
62479,110949,2014-10-08,"PMI Nutrition International","ISOPRO RHM 2500 25 LB","Not dog or cat food",https://www.accessdata.fda.gov/scripts/ires/?Product=110949
62479,110950,2014-10-08,"PMI Nutrition International","LAB FIBER‐PLUS MONKEY DIET 25 LB","Livestock feed or food for other animals",https://www.accessdata.fda.gov/scripts/ires/?Product=110950
62479,110951,2014-10-08,"PMI Nutrition International","NIA GERIATRIC PRIMATE DIET 22 LB","Livestock feed or food for other animals",https://www.accessdata.fda.gov/scripts/ires/?Product=110951
62479,110952,2014-10-08,"PMI Nutrition International","PROLAB RMH 1800 33 LB","Not dog or cat food",https://www.accessdata.fda.gov/scripts/ires/?Product=110952
62479,110953,2014-10-08,"PMI Nutrition International","GUINEA PIG DIET 50 LB","Livestock feed or food for other animals",https://www.accessdata.fda.gov/scripts/ires/?Product=110953
62479,110954,2014-10-08,"PMI Nutrition International","HIGH PROTEIN MONKEY DIET 25 LB","Livestock feed or food for other animals",https://www.accessdata.fda.gov/scripts/ires/?Product=110954
62479,110955,2014-10-08,"PMI Nutrition International","FIBER‐BALANCED MONKEY JUMBO 25 LB","Livestock feed or food for other animals",https://www.accessdata.fda.gov/scripts/ires/?Product=110955
62479,110956,2014-10-08,"PMI Nutrition International","HF PRIMATE 5K91 12G 25 LB","Livestock feed or food for other animals",https://www.accessdata.fda.gov/scripts/ires/?Product=110956
62479,110957,2014-10-08,"PMI Nutrition International","MONKEY DIET JUMBO 25 LB","Livestock feed or food for other animals",https://www.accessdata.fda.gov/scripts/ires/?Product=110957
62479,110958,2014-10-08,"PMI Nutrition International","CU ADULT FROG DIET 50 LB","Not dog or cat food",https://www.accessdata.fda.gov/scripts/ires/?Product=110958
62479,110959,2014-10-08,"PMI Nutrition International","CU JUVENILE FROG DIET 50 LB","Not dog or cat food",https://www.accessdata.fda.gov/scripts/ires/?Product=110959
62479,110960,2014-10-08,"PMI Nutrition International","Mazuri CRL GUINEA PIG AUTO, W/O VIT C 50 LB","Livestock feed or food for other animals",https://www.accessdata.fda.gov/scripts/ires/?Product=110960
62479,110961,2014-10-08,"PMI Nutrition International","5LK7 / 20000 IU/KG VIT D3 (Weight VARIES)","Not dog or cat food",https://www.accessdata.fda.gov/scripts/ires/?Product=110961
62479,110962,2014-10-08,"PMI Nutrition International","AQUAMAX GROWER 600 50 LB","Not dog or cat food",https://www.accessdata.fda.gov/scripts/ires/?Product=110962
62479,110963,2014-10-08,"PMI Nutrition International","Purina CATFISH 32 50 LB","Not dog or cat food",https://www.accessdata.fda.gov/scripts/ires/?Product=110963
62479,110964,2014-10-08,"PMI Nutrition International","Purina CATFISH CHOW SR 50 LB","Not dog or cat food",https://www.accessdata.fda.gov/scripts/ires/?Product=110964
62479,110965,2014-10-08,"PMI Nutrition International","MAZ KOI POND NUGGETS 20 LB","Not dog or cat food",https://www.accessdata.fda.gov/scripts/ires/?Product=110965
62479,110966,2014-10-08,"PMI Nutrition International","MAZURI GUINEA PIG DIET 25 LB","Livestock feed or food for other animals",https://www.accessdata.fda.gov/scripts/ires/?Product=110966
62479,110967,2014-10-08,"PMI Nutrition International","MAZURI RATITE DIET 50 LB","Not dog or cat food",https://www.accessdata.fda.gov/scripts/ires/?Product=110967
62479,110968,2014-10-08,"PMI Nutrition International","MAZURI WATERFOWL MAINT. 50 LB","Not dog or cat food",https://www.accessdata.fda.gov/scripts/ires/?Product=110968
62479,110969,2014-10-08,"PMI Nutrition International","NUTRISOURCE KOI POND 4.25 LB","Not dog or cat food",https://www.accessdata.fda.gov/scripts/ires/?Product=110969
62479,110970,2014-10-08,"PMI Nutrition International","Purina WELLSOLVE W/C 50 LB","Not dog or cat food",https://www.accessdata.fda.gov/scripts/ires/?Product=110970
62479,110971,2014-10-08,"PMI Nutrition International","MAZURI KOI PLATINUM NUGGETS 20 LB","Not dog or cat food",https://www.accessdata.fda.gov/scripts/ires/?Product=110971
62479,110972,2014-10-08,"PMI Nutrition International","AQUAMAX GROWER 400 50 LB","Not dog or cat food",https://www.accessdata.fda.gov/scripts/ires/?Product=110972
62479,110973,2014-10-08,"PMI Nutrition International","AQUAMAX GROWER 500 50 LB","Not dog or cat food",https://www.accessdata.fda.gov/scripts/ires/?Product=110973
62479,110974,2014-10-08,"PMI Nutrition International","AQUAMAX POND 2000 50 LB","Not dog or cat food",https://www.accessdata.fda.gov/scripts/ires/?Product=110974
62479,110989,2014-10-08,"PMI Nutrition International","Purina GAME FISH CHOW 50 LB","Livestock feed or food for other animals",https://www.accessdata.fda.gov/scripts/ires/?Product=110989
62479,110990,2014-10-08,"PMI Nutrition International","MAZURI LEAF EATER PRIMATE DIET MINI-BISCUIT 25 LB","Livestock feed or food for other animals",https://www.accessdata.fda.gov/scripts/ires/?Product=110990
62479,110991,2014-10-08,"PMI Nutrition International","MAZURI PARROT MAINTENANCE 25 LB","Livestock feed or food for other animals",https://www.accessdata.fda.gov/scripts/ires/?Product=110991
62479,110992,2014-10-08,"PMI Nutrition International","MAZURI PARROT BREEDER 25 LB","Livestock feed or food for other animals",https://www.accessdata.fda.gov/scripts/ires/?Product=110992
62479,110993,2014-10-08,"PMI Nutrition International","AQUAMAX DENSE 4000 50 LB","Not dog or cat food",https://www.accessdata.fda.gov/scripts/ires/?Product=110993
62479,110994,2014-10-08,"PMI Nutrition International","MAZURI LEAF EATER PRIMATE DIET 25 LB","Livestock feed or food for other animals",https://www.accessdata.fda.gov/scripts/ires/?Product=110994
62479,110995,2014-10-08,"PMI Nutrition International","MAZURI MONKEY CRUNCH 20 20 LB","Livestock feed or food for other animals",https://www.accessdata.fda.gov/scripts/ires/?Product=110995
62479,110996,2014-10-08,"PMI Nutrition International","MAZURI RODENT 6F 50 LB","Livestock feed or food for other animals",https://www.accessdata.fda.gov/scripts/ires/?Product=110996
62479,110997,2014-10-08,"PMI Nutrition International","MAZURI RATITE STARTER 40 LB","Not dog or cat food",https://www.accessdata.fda.gov/scripts/ires/?Product=110997
62479,110998,2014-10-08,"PMI Nutrition International","MAZURI PLATINUM KOI BITS 20 LB","Not dog or cat food",https://www.accessdata.fda.gov/scripts/ires/?Product=110998
62479,110999,2014-10-08,"PMI Nutrition International","MAZURI KANGAROO & WALLABY DIET 40 LB","Not dog or cat food",https://www.accessdata.fda.gov/scripts/ires/?Product=110999
62479,111000,2014-10-08,"PMI Nutrition International","MAZURI PETTING ZOO 40 LB","Not dog or cat food",https://www.accessdata.fda.gov/scripts/ires/?Product=111000
62479,111001,2014-10-08,"PMI Nutrition International","MAZURI FLAMINGO COMPLETE 50 LB","Not dog or cat food",https://www.accessdata.fda.gov/scripts/ires/?Product=111001
62479,111002,2014-10-08,"PMI Nutrition International","MAZURI FLAMINGO BREEDER 50 LB","Not dog or cat food",https://www.accessdata.fda.gov/scripts/ires/?Product=111002
62479,111003,2014-10-08,"PMI Nutrition International","MAZURI CRANE DIET 50 LB","Not dog or cat food",https://www.accessdata.fda.gov/scripts/ires/?Product=111003
62479,111004,2014-10-08,"PMI Nutrition International","MAZURI MOOSE MAINTENANCE 40 LB","Not dog or cat food",https://www.accessdata.fda.gov/scripts/ires/?Product=111004
62479,111005,2014-10-08,"PMI Nutrition International","MAZURI ZEBRA PELLETS 50 LB","Not dog or cat food",https://www.accessdata.fda.gov/scripts/ires/?Product=111005
62479,111006,2014-10-08,"PMI Nutrition International","AQUAMAX FRY STARTER 200 50 LB","Not dog or cat food",https://www.accessdata.fda.gov/scripts/ires/?Product=111006
62479,111007,2014-10-08,"PMI Nutrition International","AQUAMAX FINGERLING 300 50 LB","Not dog or cat food",https://www.accessdata.fda.gov/scripts/ires/?Product=111007
62479,111008,2014-10-08,"PMI Nutrition International","Purina Minnow Chow 50# 50 LB","Not dog or cat food",https://www.accessdata.fda.gov/scripts/ires/?Product=111008
62479,111009,2014-10-08,"PMI Nutrition International","MAZURI FLAMINGO BREEDER 50 LB","Not dog or cat food",https://www.accessdata.fda.gov/scripts/ires/?Product=111009
62479,111010,2014-10-08,"PMI Nutrition International","MAZURI MOUSE 11F 50 LB","Livestock feed or food for other animals",https://www.accessdata.fda.gov/scripts/ires/?Product=111010
62479,111011,2014-10-08,"PMI Nutrition International","MAZURI GUINEA PIG BREEDER 50 LB","Livestock feed or food for other animals",https://www.accessdata.fda.gov/scripts/ires/?Product=111011
62479,111012,2014-10-08,"PMI Nutrition International","MAZURI HERBIVORE BOOST 25 LB","Not dog or cat food",https://www.accessdata.fda.gov/scripts/ires/?Product=111012
62479,111013,2014-10-08,"PMI Nutrition International","MAZURI HIGH FIBER STICKS 25 LB","Not dog or cat food",https://www.accessdata.fda.gov/scripts/ires/?Product=111013
62479,111014,2014-10-08,"PMI Nutrition International","MAZURI PRIMATE BROWSE BISCUIT 25 LB","Livestock feed or food for other animals",https://www.accessdata.fda.gov/scripts/ires/?Product=111014
62479,111015,2014-10-08,"PMI Nutrition International","MAZURI NEW WORLD PRIMATE 25 LB","Livestock feed or food for other animals",https://www.accessdata.fda.gov/scripts/ires/?Product=111015
62479,111016,2014-10-08,"PMI Nutrition International","MAZURI GROWTH & REPRO PRIMATE BISCUIT 25 LB","Livestock feed or food for other animals",https://www.accessdata.fda.gov/scripts/ires/?Product=111016
62479,111020,2014-10-08,"PMI Nutrition International","AQUAMAX FRY POWDER 50 LB","Not dog or cat food",https://www.accessdata.fda.gov/scripts/ires/?Product=111020
62479,111021,2014-10-08,"PMI Nutrition International","AQUAMAX POND PLUS 3000 50 LB","Not dog or cat food",https://www.accessdata.fda.gov/scripts/ires/?Product=111021
62479,111022,2014-10-08,"PMI Nutrition International","MAZURI KOI PLAT OGATA 20 LB","Not dog or cat food",https://www.accessdata.fda.gov/scripts/ires/?Product=111022
62479,111023,2014-10-08,"PMI Nutrition International","EH GUINEA PIG DIET 50 LB","Livestock feed or food for other animals",https://www.accessdata.fda.gov/scripts/ires/?Product=111023
62479,111024,2014-10-08,"PMI Nutrition International","ORNAMENTAL FISH GROWER 3/16 50 LB","Livestock feed or food for other animals",https://www.accessdata.fda.gov/scripts/ires/?Product=111024
62479,111026,2014-10-08,"PMI Nutrition International","AQUAMAX GROWER 5/8 50 LB","Not dog or cat food",https://www.accessdata.fda.gov/scripts/ires/?Product=111026
62479,111027,2014-10-08,"PMI Nutrition International","AUTOCLAVABLE RODENT BREEDER DIET 25 LB","Livestock feed or food for other animals",https://www.accessdata.fda.gov/scripts/ires/?Product=111027
62479,111028,2014-10-08,"PMI Nutrition International","AQUAMAX CUSTOM 41/12 3/16 50 LB","Not dog or cat food",https://www.accessdata.fda.gov/scripts/ires/?Product=111028
62479,111029,2014-10-08,"PMI Nutrition International","AQUAMAX CUSTOM 41/12 1/8 50 LB","Not dog or cat food",https://www.accessdata.fda.gov/scripts/ires/?Product=111029
62479,111030,2014-10-08,"PMI Nutrition International","MAZURI PRIMATE L/S BANANA 25 LB","Livestock feed or food for other animals",https://www.accessdata.fda.gov/scripts/ires/?Product=111030
62479,111031,2014-10-08,"PMI Nutrition International","MAZURI TIMOTHY RABBIT DIET 25 LB","Livestock feed or food for other animals",https://www.accessdata.fda.gov/scripts/ires/?Product=111031
62479,111032,2014-10-08,"PMI Nutrition International","Purina WellSolve W/G 25# (bucket) 25 LB","Not dog or cat food",https://www.accessdata.fda.gov/scripts/ires/?Product=111032
62479,111033,2014-10-08,"PMI Nutrition International","MAZURI FRESH WATER TURTLE DIET 25 LB","Livestock feed or food for other animals",https://www.accessdata.fda.gov/scripts/ires/?Product=111033
62479,111034,2014-10-08,"PMI Nutrition International","KOI KICHI COLOR ENHANCER 40# 40 LB","Not dog or cat food",https://www.accessdata.fda.gov/scripts/ires/?Product=111034
62479,111035,2014-10-08,"PMI Nutrition International","MAZURI CALLITRICHID GEL NO ADD SUGAR (SIZE VARIES)","Not dog or cat food",https://www.accessdata.fda.gov/scripts/ires/?Product=111035
62479,111036,2014-10-08,"PMI Nutrition International","ORNAMENTAL FISH GROWER 1/8 50 LB","Livestock feed or food for other animals",https://www.accessdata.fda.gov/scripts/ires/?Product=111036
62479,111037,2014-10-08,"PMI Nutrition International","MAZURI INSECTIVORE DIET 25 LB","Not dog or cat food",https://www.accessdata.fda.gov/scripts/ires/?Product=111037
62479,111038,2014-10-08,"PMI Nutrition International","KOI KICHI WHEAT GERM FOOD 40# 40 LB","Not dog or cat food",https://www.accessdata.fda.gov/scripts/ires/?Product=111038
62479,111039,2014-10-08,"PMI Nutrition International","MAZURI PARROT BREEDER 40 LB","Livestock feed or food for other animals",https://www.accessdata.fda.gov/scripts/ires/?Product=111039
62479,111040,2014-10-08,"PMI Nutrition International","AQUAMAX GROWER NAB 50 LB","Not dog or cat food",https://www.accessdata.fda.gov/scripts/ires/?Product=111040
62479,111041,2014-10-08,"PMI Nutrition International","GUINEA PIG DIET 50 LB","Livestock feed or food for other animals",https://www.accessdata.fda.gov/scripts/ires/?Product=111041
62479,111042,2014-10-08,"PMI Nutrition International","HIGH PROTEIN MONKEY DIET 25 LB","Livestock feed or food for other animals",https://www.accessdata.fda.gov/scripts/ires/?Product=111042
62479,111043,2014-10-08,"PMI Nutrition International","MAZURI KOI PLATINUM - WHEAT NUGGETS 20 LB","Not dog or cat food",https://www.accessdata.fda.gov/scripts/ires/?Product=111043
62479,111044,2014-10-08,"PMI Nutrition International","EVANS FIBER NUTRIENTS 25 LB","Not dog or cat food",https://www.accessdata.fda.gov/scripts/ires/?Product=111044
62479,111045,2014-10-08,"PMI Nutrition International","MAZURI CROCODILIAN DIET - LARGE 40 LB","Not dog or cat food",https://www.accessdata.fda.gov/scripts/ires/?Product=111045
62479,111046,2014-10-08,"PMI Nutrition International","MAZURI CU TX RODENT 6F 50 LB","Livestock feed or food for other animals",https://www.accessdata.fda.gov/scripts/ires/?Product=111046
62479,111047,2014-10-08,"PMI Nutrition International","CU CARNIVORE TURTLE 40 LB","Livestock feed or food for other animals",https://www.accessdata.fda.gov/scripts/ires/?Product=111047
62479,111048,2014-10-08,"PMI Nutrition International","MAZURI FLAMINGO COMPLETE 50 LB","Not dog or cat food",https://www.accessdata.fda.gov/scripts/ires/?Product=111048
62479,111051,2014-10-08,"PMI Nutrition International","MAZURI BEAR DIET 40 LB","Not dog or cat food",https://www.accessdata.fda.gov/scripts/ires/?Product=111051
62479,111052,2014-10-08,"PMI Nutrition International","MAZURI CU RODENT BRDR GA 9F 50 LB","Livestock feed or food for other animals",https://www.accessdata.fda.gov/scripts/ires/?Product=111052
62479,111053,2014-10-08,"PMI Nutrition International","AQUAMAX LARGEMOUTH 40 LB","Not dog or cat food",https://www.accessdata.fda.gov/scripts/ires/?Product=111053
62479,111054,2014-10-08,"PMI Nutrition International","MAZURI CALLITRICHID GEL HEAT STABLE (SIZE VARIES)","Not dog or cat food",https://www.accessdata.fda.gov/scripts/ires/?Product=111054
62479,111055,2014-10-08,"PMI Nutrition International","MAZURI BROOKFIELD ZOO CALLITRICHID DIET (SIZE VARIES)","Not dog or cat food",https://www.accessdata.fda.gov/scripts/ires/?Product=111055
62479,111056,2014-10-08,"PMI Nutrition International","MAZURI CALLITRICHID GEL DIET, PLUS (SIZE VARIES)","Not dog or cat food",https://www.accessdata.fda.gov/scripts/ires/?Product=111056
62479,111057,2014-10-08,"PMI Nutrition International","MAZ CU FRZ CALL HI D (SIZE VARIES)","Not dog or cat food",https://www.accessdata.fda.gov/scripts/ires/?Product=111057
62614,111150,2014-10-10,"PMI Nutrition International","NEW WORLD PRIMATE 10 KG","Livestock feed or food for other animals",https://www.accessdata.fda.gov/scripts/ires/?Product=111150
62614,111151,2014-10-10,"PMI Nutrition International","HIGH PROTEIN MONKEY DIET REGRIND MEAL 50 LB","Livestock feed or food for other animals",https://www.accessdata.fda.gov/scripts/ires/?Product=111151
62614,111152,2014-10-10,"PMI Nutrition International","HIGH PROTEIN MONKEY DIET REGRIND MEAL 25 LB","Livestock feed or food for other animals",https://www.accessdata.fda.gov/scripts/ires/?Product=111152
62614,111153,2014-10-10,"PMI Nutrition International","FISH CHOW MEAL 50 LB","Livestock feed or food for other animals",https://www.accessdata.fda.gov/scripts/ires/?Product=111153
62614,111154,2014-10-10,"PMI Nutrition International","NUTRAZU INSECTIVORE DIET 50 LB","Not dog or cat food",https://www.accessdata.fda.gov/scripts/ires/?Product=111154
62614,111155,2014-10-10,"PMI Nutrition International","MAZURI ALPACA ULTIMATE 40 LB","Not dog or cat food",https://www.accessdata.fda.gov/scripts/ires/?Product=111155
62614,111156,2014-10-10,"PMI Nutrition International","MAZURI CALLITRICHID DIET SIZE VARIES","Not dog or cat food",https://www.accessdata.fda.gov/scripts/ires/?Product=111156
62614,111157,2014-10-10,"PMI Nutrition International","MAZURI CALLITRICHID HIGH FIBER DIET SIZE VARIES","Not dog or cat food",https://www.accessdata.fda.gov/scripts/ires/?Product=111157
62614,111158,2014-10-10,"PMI Nutrition International","MONKEY 1-HIGGINS 25 LB","Livestock feed or food for other animals",https://www.accessdata.fda.gov/scripts/ires/?Product=111158
62614,111159,2014-10-10,"PMI Nutrition International","ORNAMENTAL FISH FINGERLING 3/64 50 LB","Livestock feed or food for other animals",https://www.accessdata.fda.gov/scripts/ires/?Product=111159
62614,111160,2014-10-10,"PMI Nutrition International","ADVANCED PROTOCOL OLD WORLD PRIMATE WITH DENTAGUARD 25 LB","Livestock feed or food for other animals",https://www.accessdata.fda.gov/scripts/ires/?Product=111160
62614,111172,2014-10-10,"PMI Nutrition International","FIBER BALANCED MONKEY DIET MEAL 25 LB","Livestock feed or food for other animals",https://www.accessdata.fda.gov/scripts/ires/?Product=111172
62614,111173,2014-10-10,"PMI Nutrition International","MAZURI CALLITRIC GEL DIET, NO SUGAR ADDED (BAG SIZE VARIES)","Not dog or cat food",https://www.accessdata.fda.gov/scripts/ires/?Product=111173
62614,111174,2014-10-10,"PMI Nutrition International","ADVANCED PROTOCOL FROG DIET 11 LB","Not dog or cat food",https://www.accessdata.fda.gov/scripts/ires/?Product=111174
62614,111175,2014-10-10,"PMI Nutrition International","ADVANCED PROTOCOL SMALL AVIAN DIET 11 LB","Not dog or cat food",https://www.accessdata.fda.gov/scripts/ires/?Product=111175
62614,111176,2014-10-10,"PMI Nutrition International","ADVANCED PROTOCOL LARGE AVIAN 5 KG","Not dog or cat food",https://www.accessdata.fda.gov/scripts/ires/?Product=111176
62614,111177,2014-10-10,"PMI Nutrition International","CERTIFIED GUINEA PIG - IRR 25 LB","Livestock feed or food for other animals",https://www.accessdata.fda.gov/scripts/ires/?Product=111177
62614,111178,2014-10-10,"PMI Nutrition International","MAZ CROCODILLIAN DIET 50 LB","Not dog or cat food",https://www.accessdata.fda.gov/scripts/ires/?Product=111178
62614,111179,2014-10-10,"PMI Nutrition International","MAZ FRESH WATER TURTLE 1 LB","Livestock feed or food for other animals",https://www.accessdata.fda.gov/scripts/ires/?Product=111179
62614,111180,2014-10-10,"PMI Nutrition International","MAZURI MINI PACK INSECTIVORE DIET 3 LB","Not dog or cat food",https://www.accessdata.fda.gov/scripts/ires/?Product=111180
62614,111181,2014-10-10,"PMI Nutrition International","MAZ MINIPACK KOI PLATINUM WHEAT NUGGETS 2.5 LB","Not dog or cat food",https://www.accessdata.fda.gov/scripts/ires/?Product=111181
62614,111182,2014-10-10,"PMI Nutrition International","MAZURI BZ CALLITRICHID DIET (BAG SIZE VARIES)","Not dog or cat food",https://www.accessdata.fda.gov/scripts/ires/?Product=111182
62614,111183,2014-10-10,"PMI Nutrition International","GRAIN-BASED NON-HUMAN PRIMATE TABLET 1 GM BANANA (BAG SIZE VARIES)","Animal drug, device or non-food product",https://www.accessdata.fda.gov/scripts/ires/?Product=111183
62614,111184,2014-10-10,"PMI Nutrition International","GRAIN-BASED NON-HUMAN PRIMATE TABLET 190 MG FRUIT PUNCH (BAG SIZE VARIES)","Animal drug, device or non-food product",https://www.accessdata.fda.gov/scripts/ires/?Product=111184
62614,111185,2014-10-10,"PMI Nutrition International","GRAIN-BASED NON-HUMAN PRIMATE TABLET 45 MG RASPBERRY (BAG SIZE VARIES)","Animal drug, device or non-food product",https://www.accessdata.fda.gov/scripts/ires/?Product=111185
62614,111186,2014-10-10,"PMI Nutrition International","GRAIN-BASED NON-HUMAN PRIMATE TABLET 97 MG RASPBERRY (BAG SIZE VARIES)","Animal drug, device or non-food product",https://www.accessdata.fda.gov/scripts/ires/?Product=111186
62614,111187,2014-10-10,"PMI Nutrition International","GRAIN-BASED NON-HUMAN PRIMATE TABALET 97 MG GRAPE (BAG SIZE VARIES)","Livestock feed or food for other animals",https://www.accessdata.fda.gov/scripts/ires/?Product=111187
62614,111188,2014-10-10,"PMI Nutrition International","GRAIN-BASED NON-HUMAN PRIMATE TABLET 97 MG FRUIT PUNCH (BAG SIZE VARIES)","Animal drug, device or non-food product",https://www.accessdata.fda.gov/scripts/ires/?Product=111188
62614,111189,2014-10-10,"PMI Nutrition International","GRAIN-BASED NON-HUMAN PRIMATE TABLET 1 GM FRUIT PUNCH (BAG SIZE VARIES)","Animal drug, device or non-food product",https://www.accessdata.fda.gov/scripts/ires/?Product=111189
62614,111190,2014-10-10,"PMI Nutrition International","MAZURI CALLITRICHID GEL DIET, HIGH VITAMIN D (BAG SIZE VARIES)","Not dog or cat food",https://www.accessdata.fda.gov/scripts/ires/?Product=111190
62614,111191,2014-10-10,"PMI Nutrition International","LABDIET 5037 GEL DIET (BAG SIZE VARIES)","Livestock feed or food for other animals",https://www.accessdata.fda.gov/scripts/ires/?Product=111191
62614,111192,2014-10-10,"PMI Nutrition International","LABDIET 5025W/0.5%CHOLESTEROL FROM EGGS/5%LARD (BAG SIZE VARIES)","Livestock feed or food for other animals",https://www.accessdata.fda.gov/scripts/ires/?Product=111192
69284,130158,2014-10-10,"Aerogen Ltd.","The Aeroneb Professional Nebulizer System is a portable medical device for multiple patient use that is intended to aerosolize physician-prescribed solutions for inhalation to patients on and off ventilation or other positive pressure breathing assistance. The Aeroneb Professional Nebulizer System i","Not dog or cat food",https://www.accessdata.fda.gov/scripts/ires/?Product=130158
69284,130159,2014-10-10,"Aerogen Ltd.","The Aeroneb Professional Nebulizer System is a portable medical device for multiple patient use that is intended to aerosolize physician-prescribed solutions for inhalation to patients on and off ventilation or other positive pressure breathing assistance. The Aeroneb Professional Nebulizer System i","Not dog or cat food",https://www.accessdata.fda.gov/scripts/ires/?Product=130159
69284,130160,2014-10-10,"Aerogen Ltd.","The Aeroneb Professional Nebulizer System is a portable medical device for multiple patient use that is intended to aerosolize physician-prescribed solutions for inhalation to patients on and off ventilation or other positive pressure breathing assistance. The Aeroneb Professional Nebulizer System i","Not dog or cat food",https://www.accessdata.fda.gov/scripts/ires/?Product=130160
69284,130161,2014-10-10,"Aerogen Ltd.","The Aeroneb Professional Nebulizer System is a portable medical device for multiple patient use that is intended to aerosolize physician-prescribed solutions for inhalation to patients on and off ventilation or other positive pressure breathing assistance. The Aeroneb Professional Nebulizer System i","Not dog or cat food",https://www.accessdata.fda.gov/scripts/ires/?Product=130161
69361,130296,2014-10-31,"Virbac AH, Inc","Clindamycin hydrochloride oral liquid, 25 mg per mL, in 20-ml. plastic bottles, RX, ANDA #200-291, packaged under the following labels: (1) Virbac Animal Health Clinsol Liquid, NDC 051311-500-25, Mfd. by Virbac AH, Inc., Fort Worth, TX; and (2) VEDCO ClindaCure, NDC 050989-495-09, Mfd. for VEDCO, In","Animal drug, device or non-food product",https://www.accessdata.fda.gov/scripts/ires/?Product=130296
69442,130598,2014-11-03,"Martin Avenue Pharmacy, Inc.","Peng/proc/strep/chlor/hyos (penicillin G, procaine, streptomycin sulfate, chlorpheniramine maleate, hyoscyamine sulfate) (vet) injection suspension packaged in an amber glass injectable vial with silver crimp top and sold under the Martin Avenue Pharmacy brand.","Animal drug, device or non-food product",https://www.accessdata.fda.gov/scripts/ires/?Product=130598
69442,130609,2014-11-03,"Martin Avenue Pharmacy, Inc.","Phenylephrine 1% injectable packaged in an amber glass injectable vial with silver crimp top and sold under the Martin Avenue Pharmacy brand.","Animal drug, device or non-food product",https://www.accessdata.fda.gov/scripts/ires/?Product=130609
69442,130614,2014-11-03,"Martin Avenue Pharmacy, Inc.","Prednisolone acetate 50 mg/mL injectable packaged in an amber glass injectable vial with silver crimp top and sold under the Martin Avenue Pharmacy brand.","Animal drug, device or non-food product",https://www.accessdata.fda.gov/scripts/ires/?Product=130614
69442,130629,2014-11-03,"Martin Avenue Pharmacy, Inc.","""Tri-mix"" 30 mg/3 mg/5 mcg/mL (papaverine, phentolamine mesylate, alprostadil) injectable packaged in a clear glass injectable vial with silver crimp top and sold under the Martin Avenue Pharmacy brand.","Animal drug, device or non-food product",https://www.accessdata.fda.gov/scripts/ires/?Product=130629
69442,130659,2014-11-03,"Martin Avenue Pharmacy, Inc.","Tacrolimus oil 0.03% opthalmic solution packaged in an opaque squeeze bottle eye dropper, Martin Avenue Pharmacy, 1247 Rickert Dr, Naperville, IL.","Recalled by an animal-drug maker or pharmacy",https://www.accessdata.fda.gov/scripts/ires/?Product=130659
67276,125139,2014-11-10,"Cargill, Inc         Corporate Headquarters","Bulk PEG GROW'EM BASE MIX (SC), 99226 SC 1311. Firm name on the label is Cargill Animal Nutrition, General Office, Minneapolis, MN 55440.","Not dog or cat food",https://www.accessdata.fda.gov/scripts/ires/?Product=125139
67276,125216,2014-11-10,"Cargill, Inc         Corporate Headquarters","Bulk JEM GRAIN 102 CTC/DENAGARD, MEDICATED, Active Drug Ingredients: Tiamulin 35 g/ton, Chlortetracycline 400 g/ton, Custom Mix Not For Resale or Redistribution, Product Code 187201_CD. Manufactured by Cargill Animal Nutrition, General Office, Minneapolis, MN 55440.","Animal drug, device or non-food product",https://www.accessdata.fda.gov/scripts/ires/?Product=125216
67276,125217,2014-11-10,"Cargill, Inc         Corporate Headquarters","TRITECH NURSERY II 600 AN (SC), 471023-N SC 1311, packaged in 50-lb. bags. Manufactured for Tritech, Inc. Huron, SD 57350. Cargill Animal Nutrition, General Office, Minneapolis, MN 55440.","Not dog or cat food",https://www.accessdata.fda.gov/scripts/ires/?Product=125217
69470,130731,2014-11-13,"Oregon Compounding Centers, Inc. dba Creative Compounds","APOMORPHINE HCL 3MG/ML INJECTABLE","Animal drug, device or non-food product",https://www.accessdata.fda.gov/scripts/ires/?Product=130731
69470,130733,2014-11-13,"Oregon Compounding Centers, Inc. dba Creative Compounds","CYCLOSPORINE-E PLUS 2% OPHTHALMIC, 5 mL per package","Animal drug, device or non-food product",https://www.accessdata.fda.gov/scripts/ires/?Product=130733
69470,130735,2014-11-13,"Oregon Compounding Centers, Inc. dba Creative Compounds","POLYSULF GLUCOSAMIN GLYCAN 10% INJECTABLE, 30 mL per package","Animal drug, device or non-food product",https://www.accessdata.fda.gov/scripts/ires/?Product=130735
69691,131370,2015-01-20,"Norbrook Inc","PUTNEY Carprofen Caplets, Non-steroidal anti-Inflammatory drug, 100 mg, packaged in 180 ct bottles. Responsible firm name on label is Norbrook Laboratories Limited, Newry, Northern Ireland.","Animal drug, device or non-food product",https://www.accessdata.fda.gov/scripts/ires/?Product=131370
69617,131434,2015-01-22,"Animalgesic Labs","Brand Name: Animalgesics for Mice NDC: 86004-100-30 Active Ingredient: 1.3 mg/mL buprenorphine HCl Dosage Form: Injectable suspension Firm Product Number: n/a Packaging: 5 mL Type 1 glass vial with 20 mm elastomeric stopper and flip-top seal Size: 3.0 mL Dose: 3.25 mg/kg; approx. 50 doses per vial R","Animal drug, device or non-food product",https://www.accessdata.fda.gov/scripts/ires/?Product=131434
70026,132150,2015-01-22,"Virbac AH, Inc","Virbac Virbantel (pyrantel pamoate/praziquantel) 50 Flavored Chewables, 114 mg pyrantel pomoate and 114 mg praziquantel, De-Wormer for Dogs Only, Medium and Large Dogs, 25.1 to 200 lbs, ANDA 141-261, NDC 051311-741-50, Mfd. by: Virbac AH, Inc., Fort Worth, TX","Animal drug, device or non-food product",https://www.accessdata.fda.gov/scripts/ires/?Product=132150
69905,131933,2015-01-23,"Tri-Star Equine Marketing LLC","Gastrotec (Omeprazole 2.28 g / Misoprostol 1.4 mg.)","Not dog or cat food",https://www.accessdata.fda.gov/scripts/ires/?Product=131933
70031,132160,2015-01-23,"Virbac AH, Inc","Virbac Clintabs Tablets, clindamycin hydrochloride tablets, USP, 25 mg., packaged in 400-count bottles, For Use in Dogs Only, RX, ANDA #200-316, NDC 051311-400-40. Mfd. for Virbac AH, Inc., Fort Worth, TX.","Animal drug, device or non-food product",https://www.accessdata.fda.gov/scripts/ires/?Product=132160
70031,132183,2015-01-23,"Virbac AH, Inc","Virbac Clintabs Tablets, clindamycin hydrochloride tablets, USP, 75 mg., packaged in 200-count bottles, For Use in Dogs Only, RX, ANDA #200-316, NDC 051311-402-75. Mfd. for Virbac AH, Inc., Fort Worth, TX.","Animal drug, device or non-food product",https://www.accessdata.fda.gov/scripts/ires/?Product=132183
70031,132184,2015-01-23,"Virbac AH, Inc","Virbac Clintabs Tablets, clindamycin hydrochloride tablets, USP, 150 mg., packaged in 100-count bottles, For Use in Dogs Only, RX, ANDA #200-316, NDC 051311-404-15. Mfd. for Virbac AH, Inc., Fort Worth, TX.","Animal drug, device or non-food product",https://www.accessdata.fda.gov/scripts/ires/?Product=132184
70083,132224,2015-01-23,"Virbac AH, Inc","Virbac Soloxine (levothyroxine sodium) Tablets, 0.1mg packaged in 250 and 1000 count bottles. NDC 051311-831-25. Virbac AH Inc., Fort Worth, TX.","Animal drug, device or non-food product",https://www.accessdata.fda.gov/scripts/ires/?Product=132224
70083,132313,2015-01-23,"Virbac AH, Inc","Virbac Soloxine (levothyroxine sodium) Tablets, 0.2mg., packaged in 250 count bottles. NDC 051311-832-25. Virbac AH Inc., Fort Worth, TX.","Animal drug, device or non-food product",https://www.accessdata.fda.gov/scripts/ires/?Product=132313
70083,132314,2015-01-23,"Virbac AH, Inc","Virbac Soloxine (levothyroxine sodium) Tablets, 0.8mg., packaged in 250 and 1000 count bottles. NDC 051311-838-25. Virbac AH, Inc., Fort Worth, TX.","Animal drug, device or non-food product",https://www.accessdata.fda.gov/scripts/ires/?Product=132314
70289,132885,2015-02-12,"Virbac AH, Inc","TUMIL-K- potassium gluconate powder, 2 mEq per 0.65 g (1/4 level teaspoon), 4 oz bottle, Manufactured for Virbac, Inc., P.O. Box 162059, Fort Worth, TX 76161","Animal drug, device or non-food product",https://www.accessdata.fda.gov/scripts/ires/?Product=132885
70289,132887,2015-02-12,"Virbac AH, Inc","UROEZE ammonium chloride, 200 mg tablets, packaged in 500 count bottles, Manufactured by Virbac, Inc., P.O. Box 162059, Fort Worth, TX 76161","Animal drug, device or non-food product",https://www.accessdata.fda.gov/scripts/ires/?Product=132887
70289,132888,2015-02-12,"Virbac AH, Inc","Allerderm Efa-Caps, packaged in 60 capsule bottles, Distributed by Virbac AH, Inc., P.O. Box 162059, Fort Worth, TX 76161","Animal drug, device or non-food product",https://www.accessdata.fda.gov/scripts/ires/?Product=132888
70289,132889,2015-02-12,"Virbac AH, Inc","Thyrosyn 0.7 mg, Levothyroxin Sodium Tablet packaged in 180 tablet bottles, Distributed by Vedco, Inc. St. Joseph, MO 64507","Animal drug, device or non-food product",https://www.accessdata.fda.gov/scripts/ires/?Product=132889
70219,132570,2015-02-13,"Sogeval Laboratories Inc","SOGEVAL Medicated Shampoo Antibacterial and Anti Fungal in 16 fl. oz.","Animal drug, device or non-food product",https://www.accessdata.fda.gov/scripts/ires/?Product=132570
70219,132571,2015-02-13,"Sogeval Laboratories Inc","VET ONE Medicated Shampoo Veterinary Formula Antibacterial and Antifungal in 16 fl. oz.","Animal drug, device or non-food product",https://www.accessdata.fda.gov/scripts/ires/?Product=132571
70219,132573,2015-02-13,"Sogeval Laboratories Inc","VET SELECTION Universal Medicated Shampoo for Dogs and Cats in 8 or 16 fl. oz.","Animal drug, device or non-food product",https://www.accessdata.fda.gov/scripts/ires/?Product=132573
70219,132574,2015-02-13,"Sogeval Laboratories Inc","Dr. SKIN MediSeb Shampoo All Purpose, Antiseborrheic, Antimicrobial, Cleansing Formulation in 8 fl. oz.","Animal drug, device or non-food product",https://www.accessdata.fda.gov/scripts/ires/?Product=132574
70219,132575,2015-02-13,"Sogeval Laboratories Inc","TALGAL PRO Medicated Shampoo Antibacterial, Antifungal in 16 fl.oz.","Animal drug, device or non-food product",https://www.accessdata.fda.gov/scripts/ires/?Product=132575
70219,132576,2015-02-13,"Sogeval Laboratories Inc","VHS Veterinary Healthcare Solutions Medicated Shampoo Antibacterial Antifungal for dogs, cats, and horses in 16 fl.oz.","Animal drug, device or non-food product",https://www.accessdata.fda.gov/scripts/ires/?Product=132576
70219,132577,2015-02-13,"Sogeval Laboratories Inc","DOC WATSON'S REMEDIES Salon Medicated Shampoo Antibacterial Antifungal in 16 fl.oz","Animal drug, device or non-food product",https://www.accessdata.fda.gov/scripts/ires/?Product=132577
70358,133250,2015-02-13,"Cox Veterinary Laboratory, Inc.","Gastroade Xtra (Omeprazole) paste, Net Contents 32 ml, Cox Cox Veterinary Laboratory, Inc., 1865 Pressley Rd., Chester, SC 29706.","Not dog or cat food",https://www.accessdata.fda.gov/scripts/ires/?Product=133250
70372,133344,2015-02-23,"BJB, LLC","Yellow Grease","Not dog or cat food",https://www.accessdata.fda.gov/scripts/ires/?Product=133344
71192,136435,2015-05-27,"Virbac AH, Inc","Virbac Animal Health Soloxine (Levothyroxine Sodium) 0.2 mg Tablets packaged as 250 tablets per plastic bottle. NDC 051311-832-25. The responsible name on the label is Virbac AH Inc., Fort Worth, TX 76161.","Animal drug, device or non-food product",https://www.accessdata.fda.gov/scripts/ires/?Product=136435
70691,134504,2015-05-29,"Quality Animal Care Mfg Inc","Pala-Tech Canine Thyroid Chewable Tablets (Levothyroxine Sodium, USP) 0.1 mg (100 mcg) packaged in 180-tablet and 1,000 tablet bottles. Manufactured for Pala-tech Laboratories Inc.","Animal drug, device or non-food product",https://www.accessdata.fda.gov/scripts/ires/?Product=134504
70691,134505,2015-05-29,"Quality Animal Care Mfg Inc","Pala-Tech Canine Thyroid Chewable Tablets (Levothyroxine Sodium, USP) 0.2 mg (200 mcg) packaged in 180-tablet and 1,000-tablet bottles. Manufactured for Pala-tech Laboratories Inc.","Animal drug, device or non-food product",https://www.accessdata.fda.gov/scripts/ires/?Product=134505
70691,134506,2015-05-29,"Quality Animal Care Mfg Inc","(1) Pala-Tech Canine Thyroid Chewable Tablets (Levothyroxine Sodium, USP) 0.3 mg (300 mcg) packaged in 180-tablet and 1,000-tablet bottles. Manufactured for Pala-tech Laboratories Inc.; (2) Caninthrox (Levothyroxine Sodium, USP) 0.3 mg (300 mcg) Manufactured for BET Laboratories, Lexington, KY;","Animal drug, device or non-food product",https://www.accessdata.fda.gov/scripts/ires/?Product=134506
70691,134507,2015-05-29,"Quality Animal Care Mfg Inc","Pala-Tech Canine Thyroid Chewable Tablets (Levothyroxine Sodium, USP) 0.4 mg (400 mcg) packaged in 180-tablet and 1,000-tablet bottles. Manufactured for Pala-tech Laboratories Inc.","Animal drug, device or non-food product",https://www.accessdata.fda.gov/scripts/ires/?Product=134507
70691,134508,2015-05-29,"Quality Animal Care Mfg Inc","Pala-Tech Canine Thyroid Chewable Tablets (Levothyroxine Sodium, USP) 0.5 mg (500 mcg) packaged in 180-tablet and 1,000-tablet bottles. Manufactured for Pala-tech Laboratories Inc.","Animal drug, device or non-food product",https://www.accessdata.fda.gov/scripts/ires/?Product=134508
70691,134509,2015-05-29,"Quality Animal Care Mfg Inc","Pala-Tech Canine Thyroid Chewable Tablets (Levothyroxine Sodium, USP) 0.6 mg (600 mcg) packaged in 180-tablet and 1,000-tablet bottles. Manufactured for Pala-tech Laboratories Inc.","Animal drug, device or non-food product",https://www.accessdata.fda.gov/scripts/ires/?Product=134509
70691,134510,2015-05-29,"Quality Animal Care Mfg Inc","Pala-Tech Canine Thyroid Chewable Tablets (Levothyroxine Sodium, USP) 0.7 mg (700 mcg) packaged in 180-tablet and 1,000-tablet bottles. Manufactured for Pala-tech Laboratories Inc.","Animal drug, device or non-food product",https://www.accessdata.fda.gov/scripts/ires/?Product=134510
70691,134511,2015-05-29,"Quality Animal Care Mfg Inc","(1) Pala-Tech Canine Thyroid Chewable Tablets (Levothyroxine Sodium, USP) 0.8 mg (800 mcg) packaged in 180-tablet and 1,000-tablet bottles. Manufactured for Pala-tech Laboratories Inc.; (2) Caninthrox (Levothyroxine Sodium, USP) 0.8 mg (800 mcg) packaged in 1,000-tablet bottles. Manufactured for BET","Animal drug, device or non-food product",https://www.accessdata.fda.gov/scripts/ires/?Product=134511
70691,134512,2015-05-29,"Quality Animal Care Mfg Inc","Pala-Tech Canine Thyroid Chewable Tablets (Levothyroxine Sodium, USP) 0.9 mg (900 mcg) packaged in 180-tablet and 1,000-tablet bottles. Manufactured for Pala-tech Laboratories Inc.","Animal drug, device or non-food product",https://www.accessdata.fda.gov/scripts/ires/?Product=134512
70691,134513,2015-05-29,"Quality Animal Care Mfg Inc","Pala-Tech Canine Thyroid Chewable Tablets (Levothyroxine Sodium, USP) 1.0 mg (1,000 mcg) packaged in 180-tablet and 1,000-tablet bottles. Manufactured for Pala-tech Laboratories Inc.","Animal drug, device or non-food product",https://www.accessdata.fda.gov/scripts/ires/?Product=134513
70691,134514,2015-05-29,"Quality Animal Care Mfg Inc","(1) Pala-Tech Equine Thyroid Supplement 0.22% Levothyroxine Sodium, USP (1.0 gram per 454 grams of product) powder packaged in 454 gram (1 pound) and 4,540 gram (10 pound) containers. Manufactured for Pala-tech Laboratories Inc. (2) Equithrox Equine Thyroid Supplement 0.22% Levothyroxine Sodium, USP","Livestock feed or food for other animals",https://www.accessdata.fda.gov/scripts/ires/?Product=134514
67798,126340,2015-07-31,"CHS INC Holland","Bulk Feed Label: F813, 3T #1 GROWER LARGE CRUMBLES W/ CIT, MEDICATED; For starting/growing female turkeys less than 13 weeks of age or male turkeys less than 16 weeks of age. For increased rate of weight gain, improved feed efficiency and the prevention of coccidiosis caused by Eimeria adenoeides, E","Animal drug, device or non-food product",https://www.accessdata.fda.gov/scripts/ires/?Product=126340
67798,126341,2015-07-31,"CHS INC Holland","Bulk Feed Label: F837 7T FINISHER #2 PELLETS W/ SAFEGUARD MEDICATED For finishing female turkeys that are 13 weeks to 17 weeks of age and male turkeys that are at least 16 weeks of age. LABEL Directions For the removal and control of: Gastrointestinal worms, adults and larvae (Ascaridia dissimilis);","Animal drug, device or non-food product",https://www.accessdata.fda.gov/scripts/ires/?Product=126341
71261,137149,2015-08-05,"Ceva Animal Health, LLC","Duoxo Maintenance Shampoo for regular hygiene packaged in 3 Liters (101.4 fl. oz.), 500 ml (16.9 fl. oz.), and 200 ml (6.8 fl. oz.) plastic bottles. The responsible firm name on the label is Sogeval Laboratories, Inc. Irving, TX 75038.","Animal drug, device or non-food product",https://www.accessdata.fda.gov/scripts/ires/?Product=137149
70725,135307,2015-08-28,"Phibro Animal Health Corporation","V-Max 50 Type A Medicated Article # 66104-9601 Packed in a 50 lb Multi-wall bag, with the following construction/configuration: 4 ply Kraft and 1 ply of HDPE.","Animal drug, device or non-food product",https://www.accessdata.fda.gov/scripts/ires/?Product=135307
70305,132925,2015-09-17,"Farmers Cooperative Society","Co Pro (P) BAL R850-TY250 PEL, 0.3125% Tylan","Not dog or cat food",https://www.accessdata.fda.gov/scripts/ires/?Product=132925
70305,132926,2015-09-17,"Farmers Cooperative Society","Sick Pen Feed","Not dog or cat food",https://www.accessdata.fda.gov/scripts/ires/?Product=132926
70305,132927,2015-09-17,"Farmers Cooperative Society","Moffatt Calf Ration","Livestock feed or food for other animals",https://www.accessdata.fda.gov/scripts/ires/?Product=132927
70305,132928,2015-09-17,"Farmers Cooperative Society","Jerry Helmers Cattle Mix, 0.2775 % Rumensin","Livestock feed or food for other animals",https://www.accessdata.fda.gov/scripts/ires/?Product=132928
70305,132931,2015-09-17,"Farmers Cooperative Society","Cracked Corn","Not dog or cat food",https://www.accessdata.fda.gov/scripts/ires/?Product=132931
70305,132932,2015-09-17,"Farmers Cooperative Society","Nelson Protein","Not dog or cat food",https://www.accessdata.fda.gov/scripts/ires/?Product=132932
70305,132933,2015-09-17,"Farmers Cooperative Society","Horizon Beef BAL. A R1440, 0.8 % Rumensin","Not dog or cat food",https://www.accessdata.fda.gov/scripts/ires/?Product=132933
70305,132934,2015-09-17,"Farmers Cooperative Society","HB BAL. R 1440 Amaize, 0.8 % Rumensin","Not dog or cat food",https://www.accessdata.fda.gov/scripts/ires/?Product=132934
70305,132935,2015-09-17,"Farmers Cooperative Society","FS Calf Aureo, 0.665 % Aureomycin 100 0.075 % Bovatec","Livestock feed or food for other animals",https://www.accessdata.fda.gov/scripts/ires/?Product=132935
70843,135102,2015-09-17,"ADM Alliance Nutrition, Inc.","ADM Alliance Nutrition Super Stressfighter 10 - 51797AWM, Medicated packaged in plain paper bag Net Weight 50 lb (22.67 kg). The responsible name on the label is ADM Alliance Nutrition Quincy, IL.","Animal drug, device or non-food product",https://www.accessdata.fda.gov/scripts/ires/?Product=135102
71082,136050,2015-09-17,"South Coast Specialty Compounding, Inc.","-Cisapride 10mg Chicken Tablets -Cisapride 2.5mg capsule -Cisapride 2.5mg Chicken Tablets -Cisapride 2mg capsules -Cisapride 5mg Chicken Tablets Veterinary non-sterile formulation","Animal drug, device or non-food product",https://www.accessdata.fda.gov/scripts/ires/?Product=136050
71080,136046,2015-09-21,"Huvepharma Inc","CORID (amprolium) 9.6% Oral Solution Coccidiostat packaged in 16 oz plastic bottle, 12 bottles per case. NADA 013-149. OTC. UPC 3 50604 66970 8. Distributed by: Merial Limited, Duluth, GA.","Animal drug, device or non-food product",https://www.accessdata.fda.gov/scripts/ires/?Product=136046
70669,134413,2015-10-09,"Health Innovations Pharmacy, Inc","Atenolol 6.25 mg/0.1 mL Vet Gel","Recalled by an animal-drug maker or pharmacy",https://www.accessdata.fda.gov/scripts/ires/?Product=134413
70669,134414,2015-10-09,"Health Innovations Pharmacy, Inc","Protamine Zinc for insulin (PZI), 100 units/1mL Vet Insulin","Recalled by an animal-drug maker or pharmacy",https://www.accessdata.fda.gov/scripts/ires/?Product=134414
70669,134415,2015-10-09,"Health Innovations Pharmacy, Inc","Diazepam, 5mg/1ml Vet Injection","Animal drug, device or non-food product",https://www.accessdata.fda.gov/scripts/ires/?Product=134415
70669,134416,2015-10-09,"Health Innovations Pharmacy, Inc","Medroxyprogesterone, 100mg/1ml Vet Injection","Animal drug, device or non-food product",https://www.accessdata.fda.gov/scripts/ires/?Product=134416
70669,134417,2015-10-09,"Health Innovations Pharmacy, Inc","Baytril (enrofloxacin) 0.68 mg/1mL Vet Suspension","Animal drug, device or non-food product",https://www.accessdata.fda.gov/scripts/ires/?Product=134417
70669,134419,2015-10-09,"Health Innovations Pharmacy, Inc","Tramadol 10mg/ml Vet Suspension","Animal drug, device or non-food product",https://www.accessdata.fda.gov/scripts/ires/?Product=134419
70669,134421,2015-10-09,"Health Innovations Pharmacy, Inc","Gabapentin 10mg/1ml Vet Suspension","Animal drug, device or non-food product",https://www.accessdata.fda.gov/scripts/ires/?Product=134421
70669,134422,2015-10-09,"Health Innovations Pharmacy, Inc","Methimazole 10mg/1ml Vet Suspension","Animal drug, device or non-food product",https://www.accessdata.fda.gov/scripts/ires/?Product=134422
70669,134423,2015-10-09,"Health Innovations Pharmacy, Inc","Sam-e 180mg/2ml Vet Suspension","Animal drug, device or non-food product",https://www.accessdata.fda.gov/scripts/ires/?Product=134423
70669,134424,2015-10-09,"Health Innovations Pharmacy, Inc","Enalapril 1.25mg/1ml Vet Suspension","Animal drug, device or non-food product",https://www.accessdata.fda.gov/scripts/ires/?Product=134424
70669,134425,2015-10-09,"Health Innovations Pharmacy, Inc","Ursodiol 100mg Vet Capsule","Animal drug, device or non-food product",https://www.accessdata.fda.gov/scripts/ires/?Product=134425
70669,134426,2015-10-09,"Health Innovations Pharmacy, Inc","Phenobarbital 10mg Capsule","Animal drug, device or non-food product",https://www.accessdata.fda.gov/scripts/ires/?Product=134426
70669,134427,2015-10-09,"Health Innovations Pharmacy, Inc","Doxycycline 150mg Vet Capsule","Animal drug, device or non-food product",https://www.accessdata.fda.gov/scripts/ires/?Product=134427
70669,134429,2015-10-09,"Health Innovations Pharmacy, Inc","Trilostane 140mg/1ml Vet Suspension","Animal drug, device or non-food product",https://www.accessdata.fda.gov/scripts/ires/?Product=134429
70669,134430,2015-10-09,"Health Innovations Pharmacy, Inc","Fluoxetine 2.5mg/1ml Vet Suspension","Animal drug, device or non-food product",https://www.accessdata.fda.gov/scripts/ires/?Product=134430
70669,134431,2015-10-09,"Health Innovations Pharmacy, Inc","Benazepril 2.5mg/1ml Vet Suspension","Animal drug, device or non-food product",https://www.accessdata.fda.gov/scripts/ires/?Product=134431
70669,134432,2015-10-09,"Health Innovations Pharmacy, Inc","Cisapride 3.5mg Vet Capsule","Animal drug, device or non-food product",https://www.accessdata.fda.gov/scripts/ires/?Product=134432
70669,134434,2015-10-09,"Health Innovations Pharmacy, Inc","Metronidazole 30mg/1ml Vet Suspension","Animal drug, device or non-food product",https://www.accessdata.fda.gov/scripts/ires/?Product=134434
70669,134435,2015-10-09,"Health Innovations Pharmacy, Inc","Theophylline 20mg SR Vet Capsules","Animal drug, device or non-food product",https://www.accessdata.fda.gov/scripts/ires/?Product=134435
70669,134437,2015-10-09,"Health Innovations Pharmacy, Inc","Glipizide 2.5mg/0.1ml Vet Gel","Recalled by an animal-drug maker or pharmacy",https://www.accessdata.fda.gov/scripts/ires/?Product=134437
70669,134438,2015-10-09,"Health Innovations Pharmacy, Inc","Amlodipine 0.625mg/0.1ml Vet Gel","Recalled by an animal-drug maker or pharmacy",https://www.accessdata.fda.gov/scripts/ires/?Product=134438
70669,134439,2015-10-09,"Health Innovations Pharmacy, Inc","Budesonide 0.5mg/1ml Vet Suspension","Animal drug, device or non-food product",https://www.accessdata.fda.gov/scripts/ires/?Product=134439
70669,134440,2015-10-09,"Health Innovations Pharmacy, Inc","Zonisamide 18.75mg Vet Capsule","Animal drug, device or non-food product",https://www.accessdata.fda.gov/scripts/ires/?Product=134440
70669,134441,2015-10-09,"Health Innovations Pharmacy, Inc","DES 0.25mg Vet Capsule","Animal drug, device or non-food product",https://www.accessdata.fda.gov/scripts/ires/?Product=134441
70669,134442,2015-10-09,"Health Innovations Pharmacy, Inc","Griseofulvin 25mg/1ml Vet Suspension","Animal drug, device or non-food product",https://www.accessdata.fda.gov/scripts/ires/?Product=134442
70669,134443,2015-10-09,"Health Innovations Pharmacy, Inc","PPA 25mg Vet Capsule","Animal drug, device or non-food product",https://www.accessdata.fda.gov/scripts/ires/?Product=134443
70669,134446,2015-10-09,"Health Innovations Pharmacy, Inc","Meloxicam 0.5mg/1ml Vet Suspension","Animal drug, device or non-food product",https://www.accessdata.fda.gov/scripts/ires/?Product=134446
70669,134447,2015-10-09,"Health Innovations Pharmacy, Inc","Chlorpheniramine 2mg/0.1ml Vet Gel","Recalled by an animal-drug maker or pharmacy",https://www.accessdata.fda.gov/scripts/ires/?Product=134447
70669,134449,2015-10-09,"Health Innovations Pharmacy, Inc","Minocycline 360mg/5ml Vet Suspension","Animal drug, device or non-food product",https://www.accessdata.fda.gov/scripts/ires/?Product=134449
70669,134450,2015-10-09,"Health Innovations Pharmacy, Inc","Paroxetine 5mg/ml Vet Suspension Tuna","Animal drug, device or non-food product",https://www.accessdata.fda.gov/scripts/ires/?Product=134450
70669,134451,2015-10-09,"Health Innovations Pharmacy, Inc","Itraconazole 35mg Vet Treats (Tuna Flavor)","Animal drug, device or non-food product",https://www.accessdata.fda.gov/scripts/ires/?Product=134451
70669,134452,2015-10-09,"Health Innovations Pharmacy, Inc","Furosemide 10m/1ml Vet Suspension","Animal drug, device or non-food product",https://www.accessdata.fda.gov/scripts/ires/?Product=134452
70669,134453,2015-10-09,"Health Innovations Pharmacy, Inc","Aluminum Hydroxide 30mg Vet Capsule","Animal drug, device or non-food product",https://www.accessdata.fda.gov/scripts/ires/?Product=134453
70669,134454,2015-10-09,"Health Innovations Pharmacy, Inc","Stanazol 4mg Vet Capsule","Animal drug, device or non-food product",https://www.accessdata.fda.gov/scripts/ires/?Product=134454
70669,134456,2015-10-09,"Health Innovations Pharmacy, Inc","Clindamycin 60mg/1ml Vet Suspension","Animal drug, device or non-food product",https://www.accessdata.fda.gov/scripts/ires/?Product=134456
70669,134457,2015-10-09,"Health Innovations Pharmacy, Inc","Prednisolone 5mg/1ml Vet Suspension","Animal drug, device or non-food product",https://www.accessdata.fda.gov/scripts/ires/?Product=134457
70669,134459,2015-10-09,"Health Innovations Pharmacy, Inc","Piroxicam 2.5mg/1ml Vet Suspension","Animal drug, device or non-food product",https://www.accessdata.fda.gov/scripts/ires/?Product=134459
70669,134460,2015-10-09,"Health Innovations Pharmacy, Inc","Azathioprine 10mg Vet Capsule","Animal drug, device or non-food product",https://www.accessdata.fda.gov/scripts/ires/?Product=134460
70669,134461,2015-10-09,"Health Innovations Pharmacy, Inc","Diltiazem SR 30mg Vet Capsule","Animal drug, device or non-food product",https://www.accessdata.fda.gov/scripts/ires/?Product=134461
70669,134462,2015-10-09,"Health Innovations Pharmacy, Inc","Amitriptyline 10mg/0.1ml Vet Gel","Recalled by an animal-drug maker or pharmacy",https://www.accessdata.fda.gov/scripts/ires/?Product=134462
70669,135576,2015-10-09,"Health Innovations Pharmacy, Inc","Clomipramine 10mg Vet Capsule","Animal drug, device or non-food product",https://www.accessdata.fda.gov/scripts/ires/?Product=135576
70669,135578,2015-10-09,"Health Innovations Pharmacy, Inc","Prazosin 0.5mg Vet Capsule","Animal drug, device or non-food product",https://www.accessdata.fda.gov/scripts/ires/?Product=135578
70669,136641,2015-10-09,"Health Innovations Pharmacy, Inc","Cyclosporin 0.2% Opth Drops","Recalled by an animal-drug maker or pharmacy",https://www.accessdata.fda.gov/scripts/ires/?Product=136641
70669,136642,2015-10-09,"Health Innovations Pharmacy, Inc","Tacrolimus 0.02% Opth Drops","Recalled by an animal-drug maker or pharmacy",https://www.accessdata.fda.gov/scripts/ires/?Product=136642
70669,136643,2015-10-09,"Health Innovations Pharmacy, Inc","Omeproazole 2gm/15mls","Recalled by an animal-drug maker or pharmacy",https://www.accessdata.fda.gov/scripts/ires/?Product=136643
70669,136644,2015-10-09,"Health Innovations Pharmacy, Inc","Potassium Bromide 250 mg/1ml Suspension","Animal drug, device or non-food product",https://www.accessdata.fda.gov/scripts/ires/?Product=136644
70669,136645,2015-10-09,"Health Innovations Pharmacy, Inc","Pergolide 0.25mg/.5ml Suspension","Animal drug, device or non-food product",https://www.accessdata.fda.gov/scripts/ires/?Product=136645
70669,136646,2015-10-09,"Health Innovations Pharmacy, Inc","ACTH 80 Units/ml Injection","Animal drug, device or non-food product",https://www.accessdata.fda.gov/scripts/ires/?Product=136646
70669,136647,2015-10-09,"Health Innovations Pharmacy, Inc","Cefpodoxime 30 mg/ml","Animal drug, device or non-food product",https://www.accessdata.fda.gov/scripts/ires/?Product=136647
70669,136648,2015-10-09,"Health Innovations Pharmacy, Inc","Rimadyl 25mg/0.2ml Transdermal","Recalled by an animal-drug maker or pharmacy",https://www.accessdata.fda.gov/scripts/ires/?Product=136648
70669,136649,2015-10-09,"Health Innovations Pharmacy, Inc","Aspirin 2.8mg Capsule","Animal drug, device or non-food product",https://www.accessdata.fda.gov/scripts/ires/?Product=136649
70669,136650,2015-10-09,"Health Innovations Pharmacy, Inc","Trazodone 13mg Caps","Recalled by an animal-drug maker or pharmacy",https://www.accessdata.fda.gov/scripts/ires/?Product=136650
70669,136651,2015-10-09,"Health Innovations Pharmacy, Inc","Anastrozole 0.1mg Capsule","Animal drug, device or non-food product",https://www.accessdata.fda.gov/scripts/ires/?Product=136651
70669,136652,2015-10-09,"Health Innovations Pharmacy, Inc",Iodochlorhydroxyquin,"Recalled by an animal-drug maker or pharmacy",https://www.accessdata.fda.gov/scripts/ires/?Product=136652
71274,137184,2015-10-15,"Montana Compounding Pharmacy","Desmopressin Opthalmic Use, sterile solution, 0.01%, eye drops, 5 mL droptainer, Rx only, dispensed by Montana Compounding Pharmacy in Missoula, MT.","Animal drug, device or non-food product",https://www.accessdata.fda.gov/scripts/ires/?Product=137184
71290,137243,2015-10-15,"Boehringer Ingelheim Vetmedica Inc","Sulmet (sulfamethazine sodium) Drinking Water Solution, 12.5%, antibacterial for animal use only, packaged in plastic containers. Net Contents: 16 fl oz (473 ml). NADA 006-084. NDC 0010-4708-01. The responsible firm name on the label is Boehringer Ingelheim Vetmedica, Inc. St. Joseph, MO.","Animal drug, device or non-food product",https://www.accessdata.fda.gov/scripts/ires/?Product=137243
71402,137675,2015-10-16,"Pharmacy Creations","Pharmacy Creations 540 Route 10 West Randolph, NJ 07869 Prazosin 0.5MG/ML SUSPENSION - 240 mL 1MG/ML SUSPENSION - 480 mL","Animal drug, device or non-food product",https://www.accessdata.fda.gov/scripts/ires/?Product=137675
71402,137676,2015-10-16,"Pharmacy Creations","Pharmacy Creations 540 Route 10 West, Randolph, NJ 07869 Cetirizine 25mg/mL TDG - 3 mL Cetirizine 20 mg/mL TDG - 3 mL Cetirizine PF 10 mg/5mL Syrup - 300 mL","Animal drug, device or non-food product",https://www.accessdata.fda.gov/scripts/ires/?Product=137676
71402,137677,2015-10-16,"Pharmacy Creations","Pharmacy Creations 540 Route 10 West Randolph, NJ 07869 Aminopentamide 0.2MG Capsule","Animal drug, device or non-food product",https://www.accessdata.fda.gov/scripts/ires/?Product=137677
71478,137932,2015-10-26,"Virbac AH, Inc","Virbac Animal Health, KetoChlor Shampoo Medicated Shampoo for dogs, cats, and horses, Chlorhexidine Gluconate 2.3% w/w, Ketoconazole 1% w/w; Packaged in 8 oz bottles, NDC 51311-028-08. The responsible name on the bottle is Virbac Animal Health, Fort Worth, TX 76161.","Animal drug, device or non-food product",https://www.accessdata.fda.gov/scripts/ires/?Product=137932
71478,137934,2015-10-26,"Virbac AH, Inc","Virbac UROEZE 400, each 0.65 g (1/4 level teaspoon) contains 400 mg ammonium chloride, packaged in 4 oz bottles, NDC 051311-850-04. Mfg. by Virbac, AH, Inc., P.O. Box 162059, Fort Worth, TX 76161","Animal drug, device or non-food product",https://www.accessdata.fda.gov/scripts/ires/?Product=137934
71478,137935,2015-10-26,"Virbac AH, Inc","Virbac Virbantel (pyrantel pamoate/praziquantel) Flavored Chewables packaged 50 flavored chewable per bottle, 114 mg pyrantel pamoate and 114 mg praziquantel. De-wormer for Dogs Only Medium and Large dogs - 25.1 to 200 lbs. NADA 141-261, NDC 051311-741-50, Mfd. by: Virbac AH, Inc., Fort Worth, TX","Animal drug, device or non-food product",https://www.accessdata.fda.gov/scripts/ires/?Product=137935
71738,138890,2015-10-26,"Zoetis Inc","Excenel RTU EZ - Ceftiofur Hydrochloride Sterile Suspension; 100 mL container - glass vial 50 mg/mL; NADA 141-288 - WHOCC ATC Vet code ; QJ01DD90 Product Code 10002487 Zoetis LLC.","Animal drug, device or non-food product",https://www.accessdata.fda.gov/scripts/ires/?Product=138890
72076,139727,2015-10-26,"Vetbiotek Inc","VetBioTek BioCalm Spray - Lidocaine Hydrochloride 2.4% Soothing Spray for Relief of Hot Spots 2.0 oz","Animal drug, device or non-food product",https://www.accessdata.fda.gov/scripts/ires/?Product=139727
71802,139120,2015-11-06,"JD & SN Inc., dba Moses Lake Professional Pharmacy","Cyclosporin drops, ophthalmic 1%, solution, Rx only, compounded by Moses Lake Pharmacy.","Animal drug, device or non-food product",https://www.accessdata.fda.gov/scripts/ires/?Product=139120
71802,139121,2015-11-06,"JD & SN Inc., dba Moses Lake Professional Pharmacy","Buprenorphine, multidose sterile vial, 03.mg/mL, injectable solution, Rx only, compounded by Moses Lake Pharmacy.","Animal drug, device or non-food product",https://www.accessdata.fda.gov/scripts/ires/?Product=139121
71186,136400,2015-11-12,"Virbac AH, Inc","Virbac Animal Health C.E.T. AquaDent Drinking Water Additive, packaged in 500 ml (16.9 fl. oz.) plastic bottles and 2 tsp. / 10 ml foil packets. No NDC is listed. Virbac AH Inc., Fort Worth, TX.","Animal drug, device or non-food product",https://www.accessdata.fda.gov/scripts/ires/?Product=136400
71194,136438,2015-11-12,"Virbac AH, Inc","Virbac Etiderm (Ethyl Lactate 10% w/w) Shampoo for Dogs, Cats and Horses, packaged in 8 oz. (NDC 051311-080-08) and 16 oz. (051311-080-16) plastic bottles. The responsible name of the label is Virbac, Fort Worth, TX 76161.","Animal drug, device or non-food product",https://www.accessdata.fda.gov/scripts/ires/?Product=136438
71194,136439,2015-11-12,"Virbac AH, Inc","Virbac Pyoben Gel (Benzoyl Peroxide 3% w/w) for Dogs, Cats and Horses, packaged in 1 oz. plastic bottles. NDC 051311-014-30. The responsible name of the label is Virbac, Fort Worth, TX 76161.","Animal drug, device or non-food product",https://www.accessdata.fda.gov/scripts/ires/?Product=136439
71194,136440,2015-11-12,"Virbac AH, Inc","Virbac Pyoben Shampoo (Benzoyl Peroxide 3% w/w) for Dogs, Cats and Horses, packaged in 8 oz. (NDC 0151311-012-08) and 16 oz. (NDC 051311-012-16) plastic bottles. The responsible name of the label is Virbac, Fort Worth, TX 76161.","Animal drug, device or non-food product",https://www.accessdata.fda.gov/scripts/ires/?Product=136440
71194,136441,2015-11-12,"Virbac AH, Inc","Virbac Resiketochlor (Chlorhexidine Gluconate 2.3% w/w; ketoconazole 1% w/w) Leave-on Lotion for Dogs, Cats and Horses, packaged in 8 oz. plastic bottles. NDC 0151311-780-08. The responsible name of the label is Virbac, Fort Worth, TX 76161.","Animal drug, device or non-food product",https://www.accessdata.fda.gov/scripts/ires/?Product=136441
71947,139431,2015-11-12,"US Compounding Inc","Misoprostol (F.O.B.) 2 mg/5 mL oral Suspension NDC: 22200899801; Misoprostol (F.O.B) 1.4 mg/10 mL Suspension NDC: 22200894701.","Animal drug, device or non-food product",https://www.accessdata.fda.gov/scripts/ires/?Product=139431
71947,139832,2015-11-12,"US Compounding Inc","Misoprostol 30 mL 1.4 mg/10 mL Paste NDC: 22200894630; Misoprostol 30 mL 1.4 mg/mL Paste NDC: 22200880730; Misoprostol 60 mL 1.4 mg/10 mL Paste NDC: 22200893660; Misoprostol 60 mL 1.6 mg/30 mL Paste NDC: 22200579460; Misoprostol 60 mL 1.6 mg/5 mL Paste NDC: 22200617260","Animal drug, device or non-food product",https://www.accessdata.fda.gov/scripts/ires/?Product=139832
70519,133976,2015-11-13,"Bayer Healthcare Animal Health Inc","BAYER Spectam Injectable (spectinomycin) 100 mg/ml, packaged in 500 ml rubber-stopped glass bottles, Net Contents: 500 ml (NDC 0859-2383-01), NADA 040-040. The responsible name on the firm is Bayer HealthCare, Shawnee Mission, KS 66201. Product of China.","Animal drug, device or non-food product",https://www.accessdata.fda.gov/scripts/ires/?Product=133976
71965,139465,2015-11-24,"Sparhawk Laboratories Inc","Neomycin Oral Solution, Neomycin Sulfate Antibacterial, Contains per mL: neomycin sulfate 200 mg equivalent to 140 mg neomycin, For Animal Use Only, OTC, ANADA 200-379, Net Contents: 1 Gallon (3.785L) packaged in plastic jugs. The product is packaged under the following three labels: (1) Neovet Anti","Animal drug, device or non-food product",https://www.accessdata.fda.gov/scripts/ires/?Product=139465
68013,126780,2015-11-25,"Land O Lakes Purina LLC","Purina Honor Show Chow ShowLamb Grower DX Medicated Feed, Type C. Item No. 0016970. Complete Feed for Starter - Grower - Finisher Sheep. Active Drug Ingredients: Decoquinate (0.0017%) For the prevention of coccidiosis in young sheep caused by Eimeria ovinoidalis, E. parva, E. bakuensis, and E. crand","Animal drug, device or non-food product",https://www.accessdata.fda.gov/scripts/ires/?Product=126780
68033,126830,2015-11-25,"Land O Lakes Purina LLC","PURINA START & GROW SUNFRESH MP 0.0125% MEDICATED Packed in 50 LB paper bags; Formula No. 61V3; UPC Code:804273029559","Animal drug, device or non-food product",https://www.accessdata.fda.gov/scripts/ires/?Product=126830
68033,126832,2015-11-25,"Land O Lakes Purina LLC","PURINA START & GROW SUNFRESH MP 0.0125% MEDICATED CRUMBLES packed in 25 LB paper bags. Formula No. 61Y3; UPC Code: 804273029573.","Animal drug, device or non-food product",https://www.accessdata.fda.gov/scripts/ires/?Product=126832
68033,126833,2015-11-25,"Land O Lakes Purina LLC","ALBERS CHICK STARTER/GROWER 18% AMP MEDICATED CRUMBLES packed in a 50 LB paper bag; Formula No.L55N; UPC Code: 883576003251.","Animal drug, device or non-food product",https://www.accessdata.fda.gov/scripts/ires/?Product=126833
68033,126835,2015-11-25,"Land O Lakes Purina LLC","PURINA GAME BIRD STARTENA CRUMBLE packed in a 50 LB paper bag; Formula No.5419; UPC Code: 804273001876.","Livestock feed or food for other animals",https://www.accessdata.fda.gov/scripts/ires/?Product=126835
68033,126836,2015-11-25,"Land O Lakes Purina LLC","DEL' S POULTRY LAYER PELLET packed in a 50 LB paper bag; Formula No 510M.; UPC Code: 749394513269.","Livestock feed or food for other animals",https://www.accessdata.fda.gov/scripts/ires/?Product=126836
68033,126837,2015-11-25,"Land O Lakes Purina LLC","DEL'S LAYER CRUMBLE packed in a 50 LB paper bag; Formula No. 510T ; UPC Code: 749394513276.","Livestock feed or food for other animals",https://www.accessdata.fda.gov/scripts/ires/?Product=126837
68033,126838,2015-11-25,"Land O Lakes Purina LLC","HOME GROWN LAYER 16% CRUMBLE packed in a 50 LB paper bag; Formula No. 6022 ; UPC Code: 883576010792.","Livestock feed or food for other animals",https://www.accessdata.fda.gov/scripts/ires/?Product=126838
68033,126839,2015-11-25,"Land O Lakes Purina LLC","PURINA LAYENA SUNFRESH RECIPE PELLET packed in a 40 LB paper bag; Formula No 61R3; UPC Code: 804273038728.","Livestock feed or food for other animals",https://www.accessdata.fda.gov/scripts/ires/?Product=126839
68033,126840,2015-11-25,"Land O Lakes Purina LLC","PURINA START & GROW SUNFRESH CRUMBLES packed in a 25 LB paper bag; Formula No 61X3; UPC Code: 804273029542.","Not dog or cat food",https://www.accessdata.fda.gov/scripts/ires/?Product=126840
68033,126841,2015-11-25,"Land O Lakes Purina LLC","PURINA LAYENA SUNFRESH RECIPE PELLET packed in a 25 LB paper bag; Formula No 61Z3 ; UPC Code: 804273029634.","Livestock feed or food for other animals",https://www.accessdata.fda.gov/scripts/ires/?Product=126841
68033,126842,2015-11-25,"Land O Lakes Purina LLC","ALBERS BROILER STARTER/FINISHER CRUMBLES packed in a 50 LB paper bag; Formula No L55M ; UPC Code: 883576003237.","Livestock feed or food for other animals",https://www.accessdata.fda.gov/scripts/ires/?Product=126842
68297,127294,2015-11-25,"BNG Miracle Pet LLC","BRAVO! BALANCE PREMIUM TURKEY FORMULA (Manufactured by: Bravo! Manchester, CT); 3 lb. box with (12) 4 oz. burgers. Product Number: 31-401","Not dog or cat food",https://www.accessdata.fda.gov/scripts/ires/?Product=127294
68297,127300,2015-11-25,"BNG Miracle Pet LLC","BRAVO! TURKEY BALANCE FORMULA (Manufactured by: Bravo! Manchester, CT) NET WT 2 LBS (32 OZ) .09 KG, Chub (tube); Product Number: 31-402 and NET WT 5 LBS (80 OZ) 2.3KG, Chub (tube); Product Number: 31-405","Not dog or cat food",https://www.accessdata.fda.gov/scripts/ires/?Product=127300
68433,127696,2015-11-25,"PGG/HSC  Feed Co. LLC","Champion Lamb Texturized B30","Not dog or cat food",https://www.accessdata.fda.gov/scripts/ires/?Product=127696
68518,128127,2015-11-25,"Land O Lakes Purina LLC","Purina Accuration Cattle Limiter 2 Supplement Feed for Cattle on Pasture, Manufactured by Purina Animal Nutrition LLC, 1080 County Road F West, Shoreview, MN 55126","Livestock feed or food for other animals",https://www.accessdata.fda.gov/scripts/ires/?Product=128127
68684,128443,2015-11-25,"Cargill, Inc         Corporate Headquarters","Nutrena NatureWise Meatbird 22% Crumbles, 91585-40, packaged in 40 lb bag. UPC code 722304275754 Nutrena General Office, Minneapolis, MN.","Not dog or cat food",https://www.accessdata.fda.gov/scripts/ires/?Product=128443
70431,133672,2015-11-25,"Lloyd Inc. of Iowa","LLOYD Thyro-Tabs Canine (levothyroxine sodium tablets, USP), 0.1 mg, packaged in 1,000-tablet bottles (NDC 11789-251-20), Rx, Lloyd, Inc., Shenandoah, IA.","Animal drug, device or non-food product",https://www.accessdata.fda.gov/scripts/ires/?Product=133672
70534,133995,2015-11-25,"Virbac AH, Inc","Genesis Topical Spray, Solution of 0.015% Triamcinolone Acetonide, packaged in 8 oz and 16 oz spray bottles","Animal drug, device or non-food product",https://www.accessdata.fda.gov/scripts/ires/?Product=133995
72012,139580,2015-12-18,"Burkmann Industries Inc.","711 Burkmann Feeds STRESS 700 MEDICATED PREMIX OR TOPDRESS FOR BEEF CATTLE, ***ACTIVE DRUG INGREDIENTS Chlortetracycline, Sulfamethazine**"" Manufactured By BURKMANN FEEDS Danville, Kentucky 40422 NET WT. 25 LBS. (11.36 KG) 825","Animal drug, device or non-food product",https://www.accessdata.fda.gov/scripts/ires/?Product=139580
72012,139860,2015-12-18,"Burkmann Industries Inc.","805 Burkmann Feeds Bovagard MEDICATED MIXING MINERAL FOR BEEF CATTLE, ""***ACTIVE DRUG INGREDIENT Lasalocid.***"" Manufactured By BURKMANN FEEDS Danville, Kentucky 40422 NET WT. 50 LBS. (22.67 KG) 825","Animal drug, device or non-food product",https://www.accessdata.fda.gov/scripts/ires/?Product=139860
72012,139861,2015-12-18,"Burkmann Industries Inc.","812 Burkmann Feeds PASTURE BALANCER-RUM MEDICATED MIXING MINERAL FOR BEEF CATTLE, ACTIVE DRUG INGREDIENT Monensin***"" Manufactured By BURKMANN FEEDS Danville, Kentucky 40422 NET WT. 50 LBS. (22.67 KG) 825","Animal drug, device or non-food product",https://www.accessdata.fda.gov/scripts/ires/?Product=139861
72012,139862,2015-12-18,"Burkmann Industries Inc.","814 Burkmann Feeds RUMAGARD MEDICATED MIXING MINERAL FOR BEEF CATTLE, ""***ACTIVE DRUG INGREDIENT Monensin ***"" Manufactured By BURKMANN FEEDS Danville, Kentucky 40422 NET WT. 50 LBS. (22.67 KG) 825","Animal drug, device or non-food product",https://www.accessdata.fda.gov/scripts/ires/?Product=139862
72012,139863,2015-12-18,"Burkmann Industries Inc.","818 Burkmann Feeds RUMAMAG MEDICATED MIXING MINERAL FOR BEEF CATTLE, ""***ACTIVE DRUG INGREDIENT Monensin.***"" Manufactured By BURKMANN FEEDS Danville, Kentucky 40422 NET WT. 50 LBS. (22.67 KG) 825","Animal drug, device or non-food product",https://www.accessdata.fda.gov/scripts/ires/?Product=139863
72012,139864,2015-12-18,"Burkmann Industries Inc.","825 Burkmann Feeds I-MAX MEDICATED MIXING MINERAL FOR BEEF CATTLE, ""***ACTIVE DRUG INGREDIENTS Lasalocid, Chlortetracycline***"" Manufactured By BURKMANN FEEDS Danville, Kentucky 40422 NET WT. 50 LBS. (22.67 KG) 825","Animal drug, device or non-food product",https://www.accessdata.fda.gov/scripts/ires/?Product=139864
72012,139939,2015-12-18,"Burkmann Industries Inc.","827 Burkmann Feeds COPRODUCT FORTIFIER-RUM MEDICATED MIXING MINERAL FOR BEEF CATTLE""***ACTIVE DRUG INGREDIENTS Monensin***"" Manufactured By BURKMANN FEEDS Danville, Kentucky 40422 NET WT. 50 LBS. (22.67 KG) 825","Animal drug, device or non-food product",https://www.accessdata.fda.gov/scripts/ires/?Product=139939
72012,139940,2015-12-18,"Burkmann Industries Inc.","830 Burkmann Feeds RUMAX MINERAL MEDICATED MIXING MINERAL FOR BEEF CATTLE""***ACTIVE DRUG INGREDIENTS Monensin***"" Manufactured By BURKMANN FEEDS Danville, Kentucky 40422 NET WT. 50 LBS. (22.67 KG) 825","Animal drug, device or non-food product",https://www.accessdata.fda.gov/scripts/ires/?Product=139940
69675,131329,2015-12-23,"Bartlett & Co Grain","Bartlett Pasture Horse 10 Feed, Cleveland Carolina Champion Horse Feed, 50 lb bags, Manufactured by Bartlett Milling Co., Statesville, NC 28687","Livestock feed or food for other animals",https://www.accessdata.fda.gov/scripts/ires/?Product=131329
69675,131330,2015-12-23,"Bartlett & Co Grain","Cleveland Carolina Champion Horse Feed, 50 lb bags, Manufactured and Guaranteed by Eagle Roller Mill Co., Shelby, NC 28150.","Livestock feed or food for other animals",https://www.accessdata.fda.gov/scripts/ires/?Product=131330
70302,132923,2015-12-23,"Land O Lakes Purina LLC","Purina Forage Balancer Block 3HL 33.3 lb. blocks; Formula No. 3117; Item No. 0030224; 90 units per pallet","Not dog or cat food",https://www.accessdata.fda.gov/scripts/ires/?Product=132923
70319,133050,2016-01-12,"J.J. Fuds, Inc.","Chicken Tender Chunks 5 lb bag, 6- 5 lb bags/case, and 10 lb bag","Not dog or cat food",https://www.accessdata.fda.gov/scripts/ires/?Product=133050
70319,133726,2016-01-12,"J.J. Fuds, Inc.","Beef Tender Chunks 5 lb bag, 6- 5 lb bags/case, and 10 lb bag","Not dog or cat food",https://www.accessdata.fda.gov/scripts/ires/?Product=133726
70319,133727,2016-01-12,"J.J. Fuds, Inc.","Duckling Tender Chunks 5 lb bag, 6- 5 lb bags/case, and 10 lb bag","Not dog or cat food",https://www.accessdata.fda.gov/scripts/ires/?Product=133727
64642,117415,2016-01-21,"Natura Manufacturing, Inc.","EVO Ferret Food, packaged in 6.6-lb. bags, UPC 751485421018. The firm name on the label is Natura Pet Products, Davis, CA.","Livestock feed or food for other animals",https://www.accessdata.fda.gov/scripts/ires/?Product=117415
65475,119621,2016-01-21,"Natura Pet Products","EVO Ferret Food, packaged in 6.6-lb. bags, UPC 751485421018. The firm name on the label is Natura Pet Products, Davis, CA.","Livestock feed or food for other animals",https://www.accessdata.fda.gov/scripts/ires/?Product=119621
69353,130281,2016-01-22,"BNG Miracle Pet LLC","Premium Turkey Formula BRAVO Balance RAW DIET Product Number: 31-405; Size: 5 lb. (80 OZ) 2.3KG plastic tubes - UPC: 829546314057, Keep Frozen","Not dog or cat food",https://www.accessdata.fda.gov/scripts/ires/?Product=130281
69843,142221,2016-01-22,"Mars Petcare US","EVO Grain Free Turkey & Chicken Formula Ferret Food, packaged in 6.6 lbs. paper bags, UPC 5148 542101, Manufactured by Natura Pet Products, Inc., Fremont, NE;","Livestock feed or food for other animals",https://www.accessdata.fda.gov/scripts/ires/?Product=142221
70145,132320,2016-01-22,TDBBS,"Brand name: Barkworthies All Natural Chicken Vittles (Chicken neck)","Not dog or cat food",https://www.accessdata.fda.gov/scripts/ires/?Product=132320
70575,134070,2016-01-22,"Cargill Feed and Nutrition","Bulk SP06193 Covance Rabbit 16 Feed","Livestock feed or food for other animals",https://www.accessdata.fda.gov/scripts/ires/?Product=134070
70612,134155,2016-01-22,"Land O Lakes Purina LLC","DuMor Sheep Formula Net WT 50 lb (22.67kg)","Livestock feed or food for other animals",https://www.accessdata.fda.gov/scripts/ires/?Product=134155
70877,135393,2016-01-22,"5Cs Drying LLC","5C's DRYING LLC Cranberry Pomace, 1700 lbs plastic bag, Manufactured by 5C's Drying, LLC 09960 Rosedale Rd. Hicksville, Ohio 43526","Not dog or cat food",https://www.accessdata.fda.gov/scripts/ires/?Product=135393
71136,136201,2016-01-22,"Kent Nutrtion Group Inc","Blue Seal Home Fresh Starter Amp Medicated, 0.0125% Amprolium (113.5 g/ton), Manufactured by Kent Nutrition Group, Inc. General Offices Muscatine, Iowa 52761","Animal drug, device or non-food product",https://www.accessdata.fda.gov/scripts/ires/?Product=136201
71871,139251,2016-01-22,"Spring Creek Milling Co-op Inc.","Custom blended horse feed, packaged in 50 lb bags and in bulk","Livestock feed or food for other animals",https://www.accessdata.fda.gov/scripts/ires/?Product=139251
71871,139252,2016-01-22,"Spring Creek Milling Co-op Inc.","Custom blended dairy feed, packaged in bulk","Not dog or cat food",https://www.accessdata.fda.gov/scripts/ires/?Product=139252
71871,139253,2016-01-22,"Spring Creek Milling Co-op Inc.","Custom blended beef cattle feed, packaged in bulk","Livestock feed or food for other animals",https://www.accessdata.fda.gov/scripts/ires/?Product=139253
71871,139254,2016-01-22,"Spring Creek Milling Co-op Inc.","Custom blended beef cattle feed, medicated, packaged in bulk","Animal drug, device or non-food product",https://www.accessdata.fda.gov/scripts/ires/?Product=139254
71871,139324,2016-01-22,"Spring Creek Milling Co-op Inc.","Custom blended goat feed, medicated, packaged in bulk","Animal drug, device or non-food product",https://www.accessdata.fda.gov/scripts/ires/?Product=139324
71871,139325,2016-01-22,"Spring Creek Milling Co-op Inc.","Custom blended goat feed, packaged in bulk","Livestock feed or food for other animals",https://www.accessdata.fda.gov/scripts/ires/?Product=139325
71871,139326,2016-01-22,"Spring Creek Milling Co-op Inc.","Corn, packaged in bulk","Not dog or cat food",https://www.accessdata.fda.gov/scripts/ires/?Product=139326
70646,134236,2016-02-04,"Eastern Colorado Recycling dba Triple A Brand Meat Co.","Eastern Colorado Recycling CO. 43465 Highway 24, Burlington, CO 80807, 25 pound cardboard boxes, 5 packages per case, frozen","Not dog or cat food",https://www.accessdata.fda.gov/scripts/ires/?Product=134236
72283,140474,2016-02-05,"MFA Inc","DQ Goat Grower 15% RU-27 Medicated - A Feed for Goats, Monensin Sodium 27 g/ton, packaged as bulk in 1000 lb. plastic totes. The responsible firm is MFA Incorporated, Columbia, MO 65201.","Animal drug, device or non-food product",https://www.accessdata.fda.gov/scripts/ires/?Product=140474
72283,143297,2016-02-05,"MFA Inc","DQ Goat Grower 15% RU-27 Medicated - A Feed for Goats, Monensin Sodium 27 g/ton, packaged as bulk in 1000 lb. plastic totes. The responsible firm is MFA Incorporated, Columbia, MO 65201.","Animal drug, device or non-food product",https://www.accessdata.fda.gov/scripts/ires/?Product=143297
72077,139728,2016-02-09,"Provimi North American Inc","START A300 PAC, 2000# tote, Manufactured by Provimi North America, Inc., Brookville, Ohio 45309","Not dog or cat food",https://www.accessdata.fda.gov/scripts/ires/?Product=139728
72162,140041,2016-02-09,"Ridley USA Inc.","CORDEL GF5 DDG 20 C-M, Swine Grower/Finisher, Complete to Increase the Digestibility of Phytin-Bound Phosphorus in Swine Diets","Livestock feed or food for other animals",https://www.accessdata.fda.gov/scripts/ires/?Product=140041
69929,133670,2016-02-11,"Lakeland Animal Nutrition, Inc.","Signature brand FEP-862S Q STATUS PELLET FORMULA Pelleted Maintenance & Light Exercise Ration 50 lb bag (paper bags, poly-lined, sewn at both ends)","Not dog or cat food",https://www.accessdata.fda.gov/scripts/ires/?Product=133670
72147,139985,2016-02-22,"Frontier Cooperative Co","Product is a custom feed, ""Moravec"" goat pellets (16.5 lbs rumensin per ton) packaged into 50 lb. bags. Manufactured by Frontier Cooperative Columbus, NE","Livestock feed or food for other animals",https://www.accessdata.fda.gov/scripts/ires/?Product=139985
72164,140072,2016-02-23,"Kassik Milling Co Inc","Bulk Prestart 550 non-medicated nursery swine feed manufactured with Start 300 Vitamin Pac. The responsible firm is Kassik Milling, Milligan, NE.","Animal drug, device or non-food product",https://www.accessdata.fda.gov/scripts/ires/?Product=140072
72164,140073,2016-02-23,"Kassik Milling Co Inc","Bulk Start 300 non-medicated nursery swine feed manufactured with Start 300 Vitamin Pac. The responsible firm is Kassik Milling, Milligan, NE.","Animal drug, device or non-food product",https://www.accessdata.fda.gov/scripts/ires/?Product=140073
70582,134078,2016-02-25,"Purina Animal Nutrition LLC","Mod LabDiet 5058 w/150 ppm Fenbendazole Plastic sealed bag in a box; 1 - 480 kg package","Animal drug, device or non-food product",https://www.accessdata.fda.gov/scripts/ires/?Product=134078
72180,140601,2016-03-03,"US Compounding Inc","Acetyl-D-Glucosamine 100 mL Vial (20%) in amber glass vials; For IM Injection Only, Rx.","Animal drug, device or non-food product",https://www.accessdata.fda.gov/scripts/ires/?Product=140601
72180,140602,2016-03-03,"US Compounding Inc","Acth. Gel*R* (80 units/mL) and (40 units/mL) in 10 mL amber glass vials and 10 mL glass vials; For IM Use Only, Rx.","Not dog or cat food",https://www.accessdata.fda.gov/scripts/ires/?Product=140602
72180,140603,2016-03-03,"US Compounding Inc","Adenosine Monophosphate (200 mg/mL) in 100 mL amber glass vials; For IM Use Only, Rx.","Animal drug, device or non-food product",https://www.accessdata.fda.gov/scripts/ires/?Product=140603
72180,140604,2016-03-03,"US Compounding Inc","Amikacin PF 2 mL (250 mg/mL) in glass vials; For Intra-Articular, IM, or IV Use Only, Rx.","Animal drug, device or non-food product",https://www.accessdata.fda.gov/scripts/ires/?Product=140604
72180,140605,2016-03-03,"US Compounding Inc","Ammonium Chloride Sterile 10 mL Vial (5%) in glass vials; For IV Use After Dilution, Rx.","Animal drug, device or non-food product",https://www.accessdata.fda.gov/scripts/ires/?Product=140605
72180,140607,2016-03-03,"US Compounding Inc","Ammonium Sulfate Sterile 100 mL Vial (0.75%) and (10%) in amber glass vials; For IV Use After Dilution, Rx.","Animal drug, device or non-food product",https://www.accessdata.fda.gov/scripts/ires/?Product=140607
72180,140608,2016-03-03,"US Compounding Inc","Apomorphine 1 mL Vial (1 mg/mL) in 2 mL amber glass vial; Apomorphine 1 mL Vial (10 mg/mL) in 2 mL amber glass vial; Apomorphine 10 mL Vial (1 mg/mL) in 10 mL glass vial; Apomorphine 10 mL Vial (3 mg/mL) in 10 mL glass vial; Apomorphine 1 mL Vial (3 mg/mL) in 2 mL amber glass vial; Apomorphine Steri","Animal drug, device or non-food product",https://www.accessdata.fda.gov/scripts/ires/?Product=140608
72180,140609,2016-03-03,"US Compounding Inc","Aspirin (100 mg/mL) in glass vials; For IV Use, Rx.","Animal drug, device or non-food product",https://www.accessdata.fda.gov/scripts/ires/?Product=140609
72180,140610,2016-03-03,"US Compounding Inc","ATP/B12/NA Selenite/Potassium ASP/Magnesium ASP (2/1/2/20/30 mg per mL) in 100 mL glass vials; For IV or IM Use Only, Rx.","Not dog or cat food",https://www.accessdata.fda.gov/scripts/ires/?Product=140610
72180,140611,2016-03-03,"US Compounding Inc","Atropine/Phenylpropanolamine/Chlorpheniramine 10 mL Vial (0.2 mg/12.5 mg/5 mg/mL) in glass vials; For IM Use Only, Rx.","Animal drug, device or non-food product",https://www.accessdata.fda.gov/scripts/ires/?Product=140611
72180,140612,2016-03-03,"US Compounding Inc","B12/B2/B6/B3/B5/Cu Gluc/CACO Sterile 250 mL bottle (0.3mg/14.7/10 mg/100 mg/15 mg/0.2 mg/6.4 mg/mL) in plastic bottles; For IM Use Only, Rx.","Animal drug, device or non-food product",https://www.accessdata.fda.gov/scripts/ires/?Product=140612
72180,140613,2016-03-03,"US Compounding Inc","B12/B2/B6/B3/B5/Cu Gluc/CACO/Dex Sterile 250 mL Bottle (0.3 mg/10.75 mg/10 mg/100 mg/15 mg/0.2 mg/6.4 mg/1 mg/mL) in plastic bottles; For IV Use After Dilution, Rx.","Animal drug, device or non-food product",https://www.accessdata.fda.gov/scripts/ires/?Product=140613
72180,140614,2016-03-03,"US Compounding Inc","Betamethasone Combo 5 mL in 10 mL Vial (7 mg/mL) in amber glass vials; For IM & Regional Injection, Rx.","Animal drug, device or non-food product",https://www.accessdata.fda.gov/scripts/ires/?Product=140614
72180,140622,2016-03-03,"US Compounding Inc","Bethanechol (5 mg/mL) in 100 mL amber glass vials; For IM or IV Use, Rx.","Animal drug, device or non-food product",https://www.accessdata.fda.gov/scripts/ires/?Product=140622
72180,140623,2016-03-03,"US Compounding Inc","Budesonide/Gentamicin (3 mg/120 mg/25 mL) in 250 mL glass vials; For IM Use Only, Rx.","Not dog or cat food",https://www.accessdata.fda.gov/scripts/ires/?Product=140623
72180,140624,2016-03-03,"US Compounding Inc","Buprenorphine HCl Sterile 100 mL Vial (0.6 mg/mL) in amber glass vials; Buprenorphine Sterile 10 mL (0.6 mg/mL) in glass vials; Buprenorphine Sterile 20 mL vial (0.6 mg/mL) in glass vials; Buprenorphine Sterile 30 mL Vial (0.6 mg/mL) in glass vials; Buprenorphine Sterile 50 mL Vial (0.6 mg/mL) in gl","Animal drug, device or non-food product",https://www.accessdata.fda.gov/scripts/ires/?Product=140624
72180,140626,2016-03-03,"US Compounding Inc","Buprenorphine PF 1 mL Syringe (0.3 mg/mL) in 3 mL syringes; For IV or IM Use Only, Rx.","Animal drug, device or non-food product",https://www.accessdata.fda.gov/scripts/ires/?Product=140626
72180,140628,2016-03-03,"US Compounding Inc","CACO CMPD 100 mL Vial (6.4 mg/1 mg/0.2 mg/mL) in amber glass vials; For IV or IM Use Only, Rx.","Animal drug, device or non-food product",https://www.accessdata.fda.gov/scripts/ires/?Product=140628
72180,140719,2016-03-03,"US Compounding Inc","CACO/Ferric Cl/Cu Gluc./Strychnine Sterile 100 m: (6.4 mg/1 mg/0.2 mg/mL) in 100 mL amber glass vials; For IV or IM Use Only, Rx.","Animal drug, device or non-food product",https://www.accessdata.fda.gov/scripts/ires/?Product=140719
72180,140720,2016-03-03,"US Compounding Inc","CACODYLATE Cmpd (w/ Strych 0.00348%) Sterile (6.4/1/0.2 mg/mL) in 100 mL amber glass vials; For IV or IM Use Only, Rx.","Animal drug, device or non-food product",https://www.accessdata.fda.gov/scripts/ires/?Product=140720
72180,140721,2016-03-03,"US Compounding Inc","Camphor in Olive Oil (20%) in 100 mL glass vials; For IM Use Only, Rx.","Not dog or cat food",https://www.accessdata.fda.gov/scripts/ires/?Product=140721
72180,140722,2016-03-03,"US Compounding Inc","Chloral Hydrate Inj. Solution (1 gm/mL) in 20 mL glass vials; For IM Use Only, Rx.","Not dog or cat food",https://www.accessdata.fda.gov/scripts/ires/?Product=140722
72180,140724,2016-03-03,"US Compounding Inc","Chloramphenicol Ointment 4 gm tube (1%) in metal tubes; For Topical Ophthalmic Use, Rx.","Animal drug, device or non-food product",https://www.accessdata.fda.gov/scripts/ires/?Product=140724
72180,140725,2016-03-03,"US Compounding Inc","Cimetidine (150 mg/mL) in 100 mL glass vials; For IM Use Only, Rx.","Animal drug, device or non-food product",https://www.accessdata.fda.gov/scripts/ires/?Product=140725
72180,140726,2016-03-03,"US Compounding Inc","Ciprofloxacin Ophthalmic 4 gm tube (0.5%) in metal tubes; For Topical Ophthalmic Use, Rx.","Animal drug, device or non-food product",https://www.accessdata.fda.gov/scripts/ires/?Product=140726
72180,140727,2016-03-03,"US Compounding Inc","Cyclosporine (A) in oil 10 mL dropper (2%) in 15 mL dropper bottle, Cyclosporine (A) in oil 10 mL in 15 mL dropper (1%), Cyclosporine (A) in Oil 15 mL dropper (1%), Cyclosporine (A) in Oil 15 mL dropper (2%), Cyclosporine (A) in Oil 8 mL in 10 mL dropper (2%), Cyclosporine (A) in Oil in 8 mL in 10 m","Animal drug, device or non-food product",https://www.accessdata.fda.gov/scripts/ires/?Product=140727
72180,140728,2016-03-03,"US Compounding Inc","Cyclosporine Ointment 4 gm tube (2%) in metal tube, Cyclosporine Ointment 4 gm tube (1%) in metal tube; For Topical Ophthalmic Use, Rx.","Animal drug, device or non-food product",https://www.accessdata.fda.gov/scripts/ires/?Product=140728
72180,140729,2016-03-03,"US Compounding Inc","Deslorelin & HCG Kit 10 mL Vial (15 mg/20,000 units) in amber glass vials; Deslorelin & HCG Kit 1 mL Vial (1.5 mg/2,000 units) in amber glass vials; Deslorelin & HCG Kit 2 mL Vial (1.5 mg/2,000 units) in amber glass vials; For IM Use Only, Rx.","Not dog or cat food",https://www.accessdata.fda.gov/scripts/ires/?Product=140729
72180,140730,2016-03-03,"US Compounding Inc","Deslorelin Kit 10 mL Vial (15 mg) in amber glass vials; For IM Use Only, Rx.","Not dog or cat food",https://www.accessdata.fda.gov/scripts/ires/?Product=140730
72180,140731,2016-03-03,"US Compounding Inc","Desmopressin Acetate, Ophthalmic (0.1 mg/mL (10 mcg/0.1 mL) in 10 mL dropper bottle; For Topical Ophthalmic Use, Rx.","Animal drug, device or non-food product",https://www.accessdata.fda.gov/scripts/ires/?Product=140731
72180,140743,2016-03-03,"US Compounding Inc","Detomidine HCl/Xylazine HCl Sterile 50 mL vial (10 mg/10 mg/mL) in glass vials; Detomidine HCl/Xylazine HCl Sterile 50 mL vial (20 mg/10 mg/mL) in amber glass vials; For IM or IV Use, Rx.","Animal drug, device or non-food product",https://www.accessdata.fda.gov/scripts/ires/?Product=140743
72180,140744,2016-03-03,"US Compounding Inc","Dexamethasone Sodium Phosphate 50 mL Vial (480 mg/mL) in amber glass vials; For IM or IV Use, Rx.","Animal drug, device or non-food product",https://www.accessdata.fda.gov/scripts/ires/?Product=140744
72180,140746,2016-03-03,"US Compounding Inc","Diclofenac Sodium Ointment (0.1%) in 4 gm metal tube; For Topical Ophthalmic Use, Rx.","Animal drug, device or non-food product",https://www.accessdata.fda.gov/scripts/ires/?Product=140746
72180,140747,2016-03-03,"US Compounding Inc","Diclofenac Sodium Solution (0.1%) in 10 mL dropper bottles; For Topical Ophthalmic Use, Rx.","Animal drug, device or non-food product",https://www.accessdata.fda.gov/scripts/ires/?Product=140747
72180,140748,2016-03-03,"US Compounding Inc","Estradiol 17B (10 mg/mL) in 10 mL glass vials; For IM Use Only, Rx.","Animal drug, device or non-food product",https://www.accessdata.fda.gov/scripts/ires/?Product=140748
72180,140749,2016-03-03,"US Compounding Inc","Estradiol Cypionate Sterile 100 mL vial (2 mg/mL) in glass vials, Estradiol Cypionate Sterile 30 mL vial (5 mg/mL) in glass vials, Estradiol Cypionate Sterile 50 mL vial (2 mg/mL) (5 mg/mL) (10 mg/mL) in glass vials in glass vials; For IM Use Only, Rx.","Animal drug, device or non-food product",https://www.accessdata.fda.gov/scripts/ires/?Product=140749
72180,140750,2016-03-03,"US Compounding Inc","Estrone AQ 100 mL Vial (5 mg/mL) in amber glass vials; Estrone AQ 30 mL Vial (5 mg/mL) in amber glass vials; For IM Use Only, Rx.","Animal drug, device or non-food product",https://www.accessdata.fda.gov/scripts/ires/?Product=140750
72180,140751,2016-03-03,"US Compounding Inc","FENH/B2/B6/B3/B5/Co Gluc./GU Gluc./Choline/CHL/Inositol/Methionine/Lysine/HCl/Glycine/Cyanocobalamin/Biotin (1.5 gm/1.075 gm/1 gm/10 gm/1.5 gm/0.07 gm) in 250 mL brown bottle; For IM or SC Injection, Rx.","Animal drug, device or non-food product",https://www.accessdata.fda.gov/scripts/ires/?Product=140751
72180,140752,2016-03-03,"US Compounding Inc","Fluoxetine HCl*Sterile (32 mg/mL) in 50 mL glass vials; For Injection, Rx","Animal drug, device or non-food product",https://www.accessdata.fda.gov/scripts/ires/?Product=140752
72180,140754,2016-03-03,"US Compounding Inc","Folic Acid (15 mg/mL) in 100 mL glass vials; Folic Acid Sterile 100 mL vial (10 mg) in glass vials; For IM or IV use, Rx.","Animal drug, device or non-food product",https://www.accessdata.fda.gov/scripts/ires/?Product=140754
72180,140755,2016-03-03,"US Compounding Inc","Guaifenesin 1000 mL Bag (5%(50 mg/mL)) in 1000 mL IV Bags; Guaifenesin 500 mL bag (5%(50 mg/mL)); For IV Infusion or IV Injection, Rx.","Animal drug, device or non-food product",https://www.accessdata.fda.gov/scripts/ires/?Product=140755
72180,140756,2016-03-03,"US Compounding Inc","Guanabenz Acetate (2 mg/mL) in 50 mL glass vials; For IM Use Only, Rx.","Animal drug, device or non-food product",https://www.accessdata.fda.gov/scripts/ires/?Product=140756
72180,140757,2016-03-03,"US Compounding Inc","Idoxuridine Solution (0.1%) in 5 mL dropper bottle; For Topical Ophthalmic Use, Rx.","Animal drug, device or non-food product",https://www.accessdata.fda.gov/scripts/ires/?Product=140757
72180,140758,2016-03-03,"US Compounding Inc","Ivermectin (2%) in 100 mL glass vials; For IM Use Only, Rx.","Animal drug, device or non-food product",https://www.accessdata.fda.gov/scripts/ires/?Product=140758
72180,140760,2016-03-03,"US Compounding Inc","Ketoprofen 100 mL (10%) in amber glass vials; For IV or IM Injection, Rx.","Animal drug, device or non-food product",https://www.accessdata.fda.gov/scripts/ires/?Product=140760
72180,140762,2016-03-03,"US Compounding Inc","L-Arginine Sterile 100 mL Vial (200 mg/mL) in glass vials; L-Arginine Sterile 100 mL Vial (100 mg/mL) in glass vials; For IV Use, Rx.","Animal drug, device or non-food product",https://www.accessdata.fda.gov/scripts/ires/?Product=140762
72180,140764,2016-03-03,"US Compounding Inc","Magnesium Sulfate 100 mL vial (500 mg/mL (4 meq/mL) in amber glass vial; Magnesium Sulfate 250 mL (500 mg/mL (4 meq/mL) in amber glass vial; Magnesium Sulfate 500 mL (500 mg/mL (4 meq/mL) in amber glass vial; For IV or IM Injection, Rx.","Animal drug, device or non-food product",https://www.accessdata.fda.gov/scripts/ires/?Product=140764
72180,140769,2016-03-03,"US Compounding Inc","Medroxyprogesterone 100 mL Vial (200 mg/mL) in amber glass vials; Medroxyprogesterone 100 mL Vial (100 mg/mL) in amber glass vials; Medroxyprogesterone 30 mL Vial (200 mg/mL) in amber glass vials; Medroxyprogesterone 30 mL Vial (100 mg/mL) in amber glass vials; For IM Use Only, Rx.","Animal drug, device or non-food product",https://www.accessdata.fda.gov/scripts/ires/?Product=140769
72180,140770,2016-03-03,"US Compounding Inc","Meloxicam (10 mg/mL) in 10 mL glass vials; Meloxicam (2.5 mg/mL) in 10 mL glass vials; Meloxicam Sterile 50 ml vial (5 mg/mL) in glass vials; For IV or SC Use, Rx.","Animal drug, device or non-food product",https://www.accessdata.fda.gov/scripts/ires/?Product=140770
72180,140771,2016-03-03,"US Compounding Inc","Methionine/Inositol/Choline Chloride/B12 Sterile 100 mL Vial (25 mg/50 mg/50 mg/0.2 mg/mL) in amber glass vials; For IM Use Only, Rx.","Animal drug, device or non-food product",https://www.accessdata.fda.gov/scripts/ires/?Product=140771
72180,140772,2016-03-03,"US Compounding Inc","Methocarbamol 100 mL Vial (100 mg/mL) in clear glass vials; For IV or IM Injection, Rx.","Animal drug, device or non-food product",https://www.accessdata.fda.gov/scripts/ires/?Product=140772
72180,140774,2016-03-03,"US Compounding Inc","Metronidazole (VET) Sterile 100 mL vial (100 mg/mL) in glass vials; For IM Use Only, Rx.","Animal drug, device or non-food product",https://www.accessdata.fda.gov/scripts/ires/?Product=140774
72180,140775,2016-03-03,"US Compounding Inc","Miconazole Ointment 4 gm tube (1%) in metal tubes; For Topical Ophthalmic Use, Rx.","Animal drug, device or non-food product",https://www.accessdata.fda.gov/scripts/ires/?Product=140775
72180,140776,2016-03-03,"US Compounding Inc","Na Acet./KCl/CaCl/MgCl/Dextrose Sterile 100 mL Vial (100/0.7/0.3/0.2/50 mg/mL) in amber glass vials: For IV injection After Dilution, Rx.","Animal drug, device or non-food product",https://www.accessdata.fda.gov/scripts/ires/?Product=140776
72180,140777,2016-03-03,"US Compounding Inc","Naloxone (0.5 mg/mL) in 10 mL glass vial; For IM and IV Use, Rx.","Animal drug, device or non-food product",https://www.accessdata.fda.gov/scripts/ires/?Product=140777
72180,140778,2016-03-03,"US Compounding Inc","N-Butyl Alcohol Sterile 100 mL vial (7%) in glass vials; For IM Use Only, Rx.","Animal drug, device or non-food product",https://www.accessdata.fda.gov/scripts/ires/?Product=140778
72180,140779,2016-03-03,"US Compounding Inc","Neomycin/Bacitracin/Polymyxin-B Ophthalmic 4 gm Tube (3.5 mg/400 IU/10000 U/gm) in metal tubes; For Topical Ophthalmic Use, Rx.","Animal drug, device or non-food product",https://www.accessdata.fda.gov/scripts/ires/?Product=140779
72180,140780,2016-03-03,"US Compounding Inc","Pen-G/Dexameth./Chlorphenir/Gentamicin (200,000U/0.5/5/20 mg/mL) in 100 mL glass vials; For IM Use Only, Rx.","Animal drug, device or non-food product",https://www.accessdata.fda.gov/scripts/ires/?Product=140780
72180,140783,2016-03-03,"US Compounding Inc","Pen-G/Dexameth./Chlorpheniramine (200,000U/0.5 mg/5 mg/mL) in 100 mL glass vials; For IM Use Only, Rx.","Animal drug, device or non-food product",https://www.accessdata.fda.gov/scripts/ires/?Product=140783
72180,140784,2016-03-03,"US Compounding Inc","Pentosan 100 mL Vial (250 mg/mL) in amber glass vials; Pentosan 50 mL Vial (250 mg/mL) in amber glass vials; Pentosan 6 mL in 10 mL Vial (250 mg/mL) in amber glass vials; For IM Use Only, Rx.","Animal drug, device or non-food product",https://www.accessdata.fda.gov/scripts/ires/?Product=140784
72180,140796,2016-03-03,"US Compounding Inc","Pluronic 30% Gel Sterile (30%) in 20 mL Syringe; For Wound Care, Rx.","Animal drug, device or non-food product",https://www.accessdata.fda.gov/scripts/ires/?Product=140796
72180,140797,2016-03-03,"US Compounding Inc","Praziquantel/Lidocaine Injection (VET) (56.8/5 mg/mL) in 50 mL glass vials; For IM Use Only, Rx.","Animal drug, device or non-food product",https://www.accessdata.fda.gov/scripts/ires/?Product=140797
72180,140798,2016-03-03,"US Compounding Inc","Progest./Estradiol-17B, Sesame Oil Sterile 100 mL Vial (50 mg/3.33 mg/mL) in glass vials; For IM Use Only, Rx.","Animal drug, device or non-food product",https://www.accessdata.fda.gov/scripts/ires/?Product=140798
72180,140799,2016-03-03,"US Compounding Inc","Progesterone in Sesame Oil Sterile 100 mL Vial (150 mg/mL) in glass vials; Progesterone in Sesame Oil Sterile 100 mL Vial (100 mg/mL) in glass vials","Animal drug, device or non-food product",https://www.accessdata.fda.gov/scripts/ires/?Product=140799
72180,140800,2016-03-03,"US Compounding Inc","Pyrilamine Maleate Sterile 100 mL Vial (20 mg/mL) in amber glass vials; Pyrilamine Maleate Sterile 100 mL Vial (100 mg/mL) in glass vials; For IV Use, Rx.","Animal drug, device or non-food product",https://www.accessdata.fda.gov/scripts/ires/?Product=140800
72180,140802,2016-03-03,"US Compounding Inc","Sesame Oil, Sterile 10 mL Vial (100% oil) in glass vials; For IM Use Only, Rx.","Animal drug, device or non-food product",https://www.accessdata.fda.gov/scripts/ires/?Product=140802
72180,140804,2016-03-03,"US Compounding Inc","Progesterone in Sesame Oil Sterile 100 mL Vial (150 mg/mL) in glass vials; Progesterone in Sesame Oil Sterile 100 mL Vial (100 mg/mL) in glass vials; For IM Use Only, Rx.","Animal drug, device or non-food product",https://www.accessdata.fda.gov/scripts/ires/?Product=140804
72180,140821,2016-03-03,"US Compounding Inc","Stanozolol 10 mL Vial (50 mg/mL) in glass vials; Stanozolol 30 mL Vial (50 mg/mL) in glass vials; For IM Injection Only, Rx.","Animal drug, device or non-food product",https://www.accessdata.fda.gov/scripts/ires/?Product=140821
72180,140822,2016-03-03,"US Compounding Inc","Tolazoline Sterile 100 mL Vial (10%(100 mg/mL)) in amber glass vials; For IV Use, Rx.","Animal drug, device or non-food product",https://www.accessdata.fda.gov/scripts/ires/?Product=140822
72180,140823,2016-03-03,"US Compounding Inc","Tranexamic Acid (100 mg/mL) in 100 mL glass vials; For IV Use, Rx.","Animal drug, device or non-food product",https://www.accessdata.fda.gov/scripts/ires/?Product=140823
72180,140824,2016-03-03,"US Compounding Inc","Triamcinolone Diacetate 100 mL Vial (2 mg/mL) in amber glass vials; For IM & Regional Injection, Rx.","Animal drug, device or non-food product",https://www.accessdata.fda.gov/scripts/ires/?Product=140824
72180,140825,2016-03-03,"US Compounding Inc","Triamcinolone Diacetate 5 mL in 10 mL (6 mg/mL) amber glass vials; For IM & Regional Use Only, Rx.","Animal drug, device or non-food product",https://www.accessdata.fda.gov/scripts/ires/?Product=140825
72180,140826,2016-03-03,"US Compounding Inc","Triamcinolone Diacetate PF 2 mL vial (6 mg/mL) in amber glass vials; For IM & Regional Injection, Rx.","Animal drug, device or non-food product",https://www.accessdata.fda.gov/scripts/ires/?Product=140826
72180,140827,2016-03-03,"US Compounding Inc","Tripelennamine HCL injection (20 mg/mL) in 100 mL amber glass vials; For IV or IM Use Only, Rx","Animal drug, device or non-food product",https://www.accessdata.fda.gov/scripts/ires/?Product=140827
72180,140829,2016-03-03,"US Compounding Inc","Tryptophan (L) 100 mL Vial (100 mg/mL) in amber glass vials; For IM Use Only, Rx.","Animal drug, device or non-food product",https://www.accessdata.fda.gov/scripts/ires/?Product=140829
72180,140830,2016-03-03,"US Compounding Inc","Voriconazole Ointment (1% (10 mg/mL)) in 4 gm metal tubes; For Topical Ophthalmic Use, Rx.","Animal drug, device or non-food product",https://www.accessdata.fda.gov/scripts/ires/?Product=140830
72180,140831,2016-03-03,"US Compounding Inc","Voriconazole Ophthalmic (1% (10 mg/mL)) in 15 mL dropper bottles; For Topical Ophthalmic Use, Rx.","Animal drug, device or non-food product",https://www.accessdata.fda.gov/scripts/ires/?Product=140831
72180,140832,2016-03-03,"US Compounding Inc","Xylazine HCl Preservative Free Sterile (333 mg/mL) in 20 mL glass vials; Xylazine Preservative Free (300 mg/mL) in 100 mL glass vials; For IM or IV Use.","Animal drug, device or non-food product",https://www.accessdata.fda.gov/scripts/ires/?Product=140832
72180,140833,2016-03-03,"US Compounding Inc","Yohimbine-Compound Sterile (5 mg/mL (0.5%)) in 100 mL glass vials; Yohimbine HCl-Compound Sterile (5 mg/mL (0.5%)) in 100 mL glass vials; For IM Use Only, Rx.","Animal drug, device or non-food product",https://www.accessdata.fda.gov/scripts/ires/?Product=140833
72405,140956,2016-03-03,"Bedford Pharmacy","Desmopressin 0.01% Ophtalmic Solution Sterile, For Dogs. Bedford Pharmacy, 209 Route 101, Bedford, NH 03110, (603) 472-3919","Animal drug, device or non-food product",https://www.accessdata.fda.gov/scripts/ires/?Product=140956
72467,141157,2016-03-04,"Centinela Feed and Pet Supplies","Welcome Home Duck Sticks, Item No. 102012, 10214, Sku No. 318388, 318389, Bag Wt. 14oz, 42oz","Not dog or cat food",https://www.accessdata.fda.gov/scripts/ires/?Product=141157
72501,141294,2016-03-04,"Kalman Health & Wellness, Inc. dba Essential Wellness Pharma","Cyclosporin 0.2% Ophthalmic Solution, packaged in 10 mL plastic dropper bottles, Essential Wellness Pharmacy, 4625 N. University Street, Peoria, IL 61614","Animal drug, device or non-food product",https://www.accessdata.fda.gov/scripts/ires/?Product=141294
72501,141295,2016-03-04,"Kalman Health & Wellness, Inc. dba Essential Wellness Pharma","Cyclosporin 1% Ophthalmic Solution, packaged in 10 mL plastic dropper bottles, Essential Wellness Pharmacy, 4625 N. University Street, Peoria, IL 61614","Animal drug, device or non-food product",https://www.accessdata.fda.gov/scripts/ires/?Product=141295
72501,141296,2016-03-04,"Kalman Health & Wellness, Inc. dba Essential Wellness Pharma","Cyclosporin 2% Ophthalmic Solution, packaged in 10 mL plastic dropper bottles, Essential Wellness Pharmacy, 4625 N. University Street, Peoria, IL 61614","Animal drug, device or non-food product",https://www.accessdata.fda.gov/scripts/ires/?Product=141296
72501,141299,2016-03-04,"Kalman Health & Wellness, Inc. dba Essential Wellness Pharma","Desmopressin (Desmopressin Acetate) 0.01% Ophthalmic solution, packaged in 2.5 mL and 10 mL plastic dropper bottles, Essential Wellness Pharmacy, 4625 N. University Street, Peoria, IL 61614","Animal drug, device or non-food product",https://www.accessdata.fda.gov/scripts/ires/?Product=141299
72501,141300,2016-03-04,"Kalman Health & Wellness, Inc. dba Essential Wellness Pharma","Methocarbamol 100mg/mL Injection, packaged in 50 mL sterile glass vials, Essential Wellness Pharmacy, 4625 N. University Street, Peoria, IL 61614","Animal drug, device or non-food product",https://www.accessdata.fda.gov/scripts/ires/?Product=141300
72501,141302,2016-03-04,"Kalman Health & Wellness, Inc. dba Essential Wellness Pharma","Tacrolimus 0.02% Ophthalmic Solution, packaged in 10 mL plastic dropper bottles, Essential Wellness Pharmacy, 4625 N. University Street, Peoria, IL 61614","Animal drug, device or non-food product",https://www.accessdata.fda.gov/scripts/ires/?Product=141302
72501,141305,2016-03-04,"Kalman Health & Wellness, Inc. dba Essential Wellness Pharma","Tacrolimus 0.03% Ophthalmic Solution, packaged in 10 mL plastic dropper bottles, Essential Wellness Pharmacy, 4625 N. University Street, Peoria, IL 61614","Animal drug, device or non-food product",https://www.accessdata.fda.gov/scripts/ires/?Product=141305
72680,141969,2016-03-09,"FRITZ INDUSTRIES INC","Fritz Aquatics Mardel Coppersafe Provides Relief From Unwelcome Parasites Net 1 Gallon (3.8L) Treats 3024 Gallons; Fritz Aquatics Mardel Coppersafe Provides Relief From Unwelcome Parasites Net 16 FL OZ (473mL) Treats 378 Gallons; NDC: 53745-013-38; OTC","Animal drug, device or non-food product",https://www.accessdata.fda.gov/scripts/ires/?Product=141969
72781,142203,2016-03-30,"Bimeda, Inc.","Dexium (dexamethasone) Solution. Bimeda (1DEX022) and VetOne (1DEX032), NADA 200-312, 2mg/mL, packaged in 100 mL glass amber vial, Sterile. ANDA 200-312. Each-ml. contains 2mg dexamethasone, 500 mg polyethylene glyco 400, 9 mg benzyl alcohol, 1.8 mg methylparaben and 0.2 mg propylparaben as preserva","Animal drug, device or non-food product",https://www.accessdata.fda.gov/scripts/ires/?Product=142203
69517,130789,2016-05-11,"Shur-Green Farms","Lascadoil Waste for bio diesel was referred to as ""Soy Oil"" causing misuse and feed contamination. No labeling, all products in tanker trucks.","Not dog or cat food",https://www.accessdata.fda.gov/scripts/ires/?Product=130789
69672,131312,2016-05-11,"Co-Alliance LLP","bulk custom ordered animal feed for swine","Livestock feed or food for other animals",https://www.accessdata.fda.gov/scripts/ires/?Product=131312
72287,140476,2016-05-11,"Murphy Hay Farm","Alfalfa Hay, Square-baled, Bound with reddish-orange twine, weighing approximately 70 lbs.","Not dog or cat food",https://www.accessdata.fda.gov/scripts/ires/?Product=140476
72270,140430,2016-05-19,"Western Milling","Kruse's Perfection - Western Blend Horse Feed; Promise Formula K66505, Lot 5251, 50 lb. bag packages (22.68 kg) UPC 000005251 Manufactured by: O.H. Kruse Grain and Milling, Goshen, CA","Livestock feed or food for other animals",https://www.accessdata.fda.gov/scripts/ires/?Product=140430
71547,138174,2016-06-10,"Syfrett Feed Company, Inc.","Syfrett Horse Pellets, also known as Syfrett All Purpose Pellets, a non-medicated pellet feed. Item # 4-1200 (This feed was not bagged but was sent to a customer tank where individuals can drive up and fill their bulk bins or bags with the feed.)","Animal drug, device or non-food product",https://www.accessdata.fda.gov/scripts/ires/?Product=138174
72704,142008,2016-06-10,"Land O Lakes Purina LLC","Dakota Calf Starter 22% R40, Medicated, Type C Medicated Feed. Product code RHRJ. Complete feed for dairy starter - 3 days to 3 mons in confinement. For Prevention and control of coccidiosis due to Eimeria bovis and Eimeria zuemii. Monensin (as Monensin Sodium) 40.00 g/ton. Manufactured by Purina An","Animal drug, device or non-food product",https://www.accessdata.fda.gov/scripts/ires/?Product=142008
72306,140553,2016-06-11,"Cooperative Milling, Inc.","Sold in Bulk truck Southern States SSC-25-249707 Commercial 28% Gamebird Starter Lot G5252 Per customer request: feed contains added Amprolium 1.4 lbs/ton (159g/Ton)","Not dog or cat food",https://www.accessdata.fda.gov/scripts/ires/?Product=140553
69399,130427,2016-07-13,"Restaurant Recycling Services LLC","Animal Feed Fat","Not dog or cat food",https://www.accessdata.fda.gov/scripts/ires/?Product=130427
72778,142194,2016-07-21,"Land O Lakes Purina LLC","Purina Steakmaker Co-Product Balancer R700, Medicated, Type B Medicated Feed. Supplement Feed for Grower-Finisher Feedlot cattle. For improved feed efficiency in cattle fed in confinement for slaughter. Monensin (as Monensin Sodium) 700.00 g/ton. Manufactured by Purina Animal Nutrition, LLC, 1080 Co","Animal drug, device or non-food product",https://www.accessdata.fda.gov/scripts/ires/?Product=142194
73021,142773,2016-07-21,"Virbac AH, Inc","Thyrosyn 0.5 mg (Levothyroxine Sodium) Tablets packaged 1000 tablets per bottle, NDC 50989-275-53, UPC 3 50989 27553 2. The responsible firm name on the label is Vedco Inc., St. Joseph, MO 64507.","Animal drug, device or non-food product",https://www.accessdata.fda.gov/scripts/ires/?Product=142773
69205,129893,2016-07-25,"Sietsema Farms Feeds Llc","Bulk turkey feed with designation: T105","Not dog or cat food",https://www.accessdata.fda.gov/scripts/ires/?Product=129893
69205,130218,2016-07-25,"Sietsema Farms Feeds Llc","Bulk turkey feed with designation: T106; a blend of designations T105 and T116","Not dog or cat food",https://www.accessdata.fda.gov/scripts/ires/?Product=130218
69205,130219,2016-07-25,"Sietsema Farms Feeds Llc","Bulk turkey feed with designation: T110; a blend of designations T105 and T116","Not dog or cat food",https://www.accessdata.fda.gov/scripts/ires/?Product=130219
69205,130220,2016-07-25,"Sietsema Farms Feeds Llc","Bulk turkey feed with designation: T113; a blend of designations T105 and T116","Not dog or cat food",https://www.accessdata.fda.gov/scripts/ires/?Product=130220
69205,130221,2016-07-25,"Sietsema Farms Feeds Llc","Bulk turkey feed with designation: T114; a blend of designations T105 and T116","Not dog or cat food",https://www.accessdata.fda.gov/scripts/ires/?Product=130221
69205,130222,2016-07-25,"Sietsema Farms Feeds Llc","Bulk turkey feed with designation: T116","Not dog or cat food",https://www.accessdata.fda.gov/scripts/ires/?Product=130222
72963,142597,2016-07-25,"Midwest Compounders Pharmacy","Idoxuridine Drops 0.1% Ophthalmic, packaged in 10-ml. containers, RX. The firm name on the prescription label is Midwest Compounders Pharmacy, Lenexa, KS.","Animal drug, device or non-food product",https://www.accessdata.fda.gov/scripts/ires/?Product=142597
72963,142599,2016-07-25,"Midwest Compounders Pharmacy","Demecarium Bromide 0.125% Ophthalmic, packaged in 5-ml. containers, RX. The firm name on the prescription label is Midwest Compounders Pharmacy, Lenexa, KS.","Animal drug, device or non-food product",https://www.accessdata.fda.gov/scripts/ires/?Product=142599
72963,142600,2016-07-25,"Midwest Compounders Pharmacy","Demecarium Bromide 0.25%, packaged in 5-ml. containers, RX. The firm name on the prescription label is Midwest Compounders Pharmacy, Lenexa, KS.","Recalled by an animal-drug maker or pharmacy",https://www.accessdata.fda.gov/scripts/ires/?Product=142600
72963,142602,2016-07-25,"Midwest Compounders Pharmacy","Cyclosporine-Corn Oil 2% Ophthalmic, packaged in 10-ml. containers, RX. The firm name on the prescription label is Midwest Compounders Pharmacy, Lenexa, KS.","Animal drug, device or non-food product",https://www.accessdata.fda.gov/scripts/ires/?Product=142602
72963,142603,2016-07-25,"Midwest Compounders Pharmacy","Cyclosporine-Corn Oil 1% Ophthalmic, packaged in 10-ml. containers, RX. The firm name on the prescription label is Midwest Compounders Pharmacy, Lenexa, KS.","Animal drug, device or non-food product",https://www.accessdata.fda.gov/scripts/ires/?Product=142603
72593,141621,2016-08-02,"CHS INC","Label reads in part ""***KOUNTRY BUFFET***14% TEXT For Mature Cattle, Horses, Goats & Sheep***"" UPC 7 13757 96142 4 50 lb bags - Salmon colored label attached to a brown bag.","Livestock feed or food for other animals",https://www.accessdata.fda.gov/scripts/ires/?Product=141621
72593,141622,2016-08-02,"CHS INC","Label reads in part ""***PROVIDER 15% PELLET For Mature Cattle, Horses, Goats & Sheep***"" No UPC code 50 lb bags - Yellow label attached to a brown bag.","Livestock feed or food for other animals",https://www.accessdata.fda.gov/scripts/ires/?Product=141622
72685,141979,2016-08-02,"CHS Nutrition","Label reads in part ""***MSU HI-ALF LAMB PELLETS NO SALT B24 MEDICATED 3/16 For Finishing Sheep. For the prevention of coccidiosis caused by Eimeria ovina,***Manufactured By: CHS Inc. Sioux Falls, SD 57107 ***""""","Animal drug, device or non-food product",https://www.accessdata.fda.gov/scripts/ires/?Product=141979
73162,143295,2016-08-12,"Kassik Milling Co Inc","Western Gold 14% Horse Pellet packaged in bags, Net Weight 50 lbs (22.68 kg). The responsible firm name on the label is Kassik Milling Co., Milligan, NE.","Livestock feed or food for other animals",https://www.accessdata.fda.gov/scripts/ires/?Product=143295
73029,142854,2016-08-15,"Intervet, Inc","Merck Salix (furosemide 5% injection 50ml Made in Germany by: Intervet International GmbH Distributed by: Intervet Inc (d/b/a Merck Animal Health) Madison, NJ 07940 www.merck-animal-health-usa.com UPC 021784-46150-4 NDC 57926-465-01 amber glass bottle, type 1","Animal drug, device or non-food product",https://www.accessdata.fda.gov/scripts/ires/?Product=142854
73116,143086,2016-08-17,"Abbott's Compounding Pharmacy, Inc.","Cyclosporine 1%, 10 ml; store at room temperature","Recalled by an animal-drug maker or pharmacy",https://www.accessdata.fda.gov/scripts/ires/?Product=143086
73116,143173,2016-08-17,"Abbott's Compounding Pharmacy, Inc.","Cyclosporine 2%, 15 ml; store at room temperature","Recalled by an animal-drug maker or pharmacy",https://www.accessdata.fda.gov/scripts/ires/?Product=143173
73116,143255,2016-08-17,"Abbott's Compounding Pharmacy, Inc.","prednisolone acetate, 25 mg/ml, 40 ml unit size; store at room temperature","Animal drug, device or non-food product",https://www.accessdata.fda.gov/scripts/ires/?Product=143255
73127,143119,2016-08-17,"Phibro Animal Health Corporation","Stafac 50 Type A Medicated Articles NDC# 66104-8815 Packed in a 50 lb/bag (22.6 kg/bag) Multi-wall bag, with the following construction/configuration: 4 ply Natural Kraft and 1 ply of HDPE 2.0 mil.","Animal drug, device or non-food product",https://www.accessdata.fda.gov/scripts/ires/?Product=143119
73392,144025,2016-08-23,"Merial Limited","Ivomec (Ivermectin) Injection for Cattle and Swine 1% Sterile Solution, 50 mL, Distributed by Merial Limited, Duluth, GA 30096, Product 67306; Ivomet (Ivermectin) Injection for Cattle and Swine 1% Sterile Solution, 500 mL, Distributed by Merial Limited, Duluth, GA 30096, Product 67308","Animal drug, device or non-food product",https://www.accessdata.fda.gov/scripts/ires/?Product=144025
74810,148504,2016-08-29,"MFA Inc","This is a custom horse feed, packaged in 50 pound bags, Net Weight 50 Lb (22.6 kg). Most responsible firm listed on the label is West Central AgriServices Chilhowee, Missouri 64733.","Livestock feed or food for other animals",https://www.accessdata.fda.gov/scripts/ires/?Product=148504
73503,144320,2016-08-31,"Phibro Animal Health Corporation","Phibro Animal Health Corporation NeoTerramycin 100/100D Type A Medicated Article Net Weight 50 lb (22.7 kg) Distributed by Phibro Animal Health Corporation Teaneck NJ 07666 NDC 66104-8851-0 Packed in a 50 lb bag (22.6 kg/bag); Multi-wall bag with the following construction/configuration; 4 ply Natur","Animal drug, device or non-food product",https://www.accessdata.fda.gov/scripts/ires/?Product=144320
69914,131950,2016-09-13,"Burkmann Feeds Llc","Burkmann Feeds Layer Ration 20% Pellet – 656, Feed for chickens, packaged paper bags, 50 lbs per bag","Livestock feed or food for other animals",https://www.accessdata.fda.gov/scripts/ires/?Product=131950
74844,148586,2016-09-16,"Consumers Supply Distributing Co","Fish meal, A Protein Source for Livestock Feeds, Stabilized with Ethoxyquin, Net Weight 50 LBS. Consumers Supply, North Sioux City, SD packaged in poly-woven bags","Livestock feed or food for other animals",https://www.accessdata.fda.gov/scripts/ires/?Product=148586
73764,144912,2016-09-20,"Veterinary Pharmacy Corporation","RX 214-650; Iron 20% ( 200 mg /ml), Pharmacosmos Lot # P926, Vet Rx Lot # V20030716, Beyond Use Date: 03/17 Made by JBE, Volume 1000 ml bag","Recalled by an animal-drug maker or pharmacy",https://www.accessdata.fda.gov/scripts/ires/?Product=144912
74081,146228,2016-09-21,"Tucker Milling LLC","ALL STOCK TASTY 10%, A TEXTURED SWEET FEED FOR CATTLE AND HORSES, NET WT. 50 LBS (22.68 KG), MANUFACTURED BY TUCKER MILLING, LLC","Livestock feed or food for other animals",https://www.accessdata.fda.gov/scripts/ires/?Product=146228
74947,148879,2016-09-27,"Dechra Veterinary Products Inc","Felimazole (methimazole) Coated Tablets, 5mg, packaged in 100 tablets per bottle, 144 bottles packed per case, most responsible firm on the label is: Distributed by: Dechra Veterinary Products, 7015 College Blvd, Ste 525, Overland Park, KS 66211.","Animal drug, device or non-food product",https://www.accessdata.fda.gov/scripts/ires/?Product=148879
73444,144210,2016-09-28,"Purina Animal Nutrition Feed LLC","PURINA COMMERCIAL STARTER BASE 1200, Manufactured by Purina Animal Nutrition LLC, Shoreview, MN 55126-2910","Not dog or cat food",https://www.accessdata.fda.gov/scripts/ires/?Product=144210
73613,144605,2016-09-28,"ELANCO US INC","Florvio 2.3% Concentrate Solution. Florfenicol (Oral Concentrate) is a synthetic broad-spectrum antibiotic. Each milliliter (mL) of Florvio"" 2.3% Concentrate Solution contains 23 mg florfenicol. Florvio is for use in swine drinking water only. Rx. Florvio is packaged in a 4 liter plastic bottle cont","Recalled by an animal-drug maker or pharmacy",https://www.accessdata.fda.gov/scripts/ires/?Product=144605
73654,144668,2016-09-28,"Smallbatch Pets, Inc.","Duckbatch Sliders are frozen raw duck patties, sold under brand Smallbatch, net wt. 3 lbs., frozen package. UPC 713757 339001 Product labeled in part"" ""***smallbatchdog***duckbatch sliders***88% Duck 10% Vegetables 2% Supplements***This bag contains 48 1oz sliders (3 lbs)***NOT FOR HUMAN CONSUMPTION","Not dog or cat food",https://www.accessdata.fda.gov/scripts/ires/?Product=144668
73625,144627,2016-09-29,"Farmers Coop Association","PUR STARTER 2 NO PORCINE, custom started feed manufactured from Purina's Commercial Starter Base 1200, bulk feed.","Not dog or cat food",https://www.accessdata.fda.gov/scripts/ires/?Product=144627
73573,144490,2016-09-30,"MFA Inc","16% Rabbit Pellet, Guaranteed Analysis *** Salt (NaCl) (min) 0.3 (max) 0.8 %, Packaged in 50 lb (22.6 kg) bags or bulk by truck. Manufactured by MFA Incorporated, Columbia, Missouri 65201","Livestock feed or food for other animals",https://www.accessdata.fda.gov/scripts/ires/?Product=144490
73573,144768,2016-09-30,"MFA Inc","16% Rabbit Shield Pellet, Guaranteed Analysis *** Salt (NaCl) (min) 0.3 (max) 0.8 %, Packaged in bulk by truck. Manufactured by MFA Incorporated, Columbia, Missouri 65201","Livestock feed or food for other animals",https://www.accessdata.fda.gov/scripts/ires/?Product=144768
73573,144771,2016-09-30,"MFA Inc","17% Rabbit Pellet, Guaranteed Analysis *** Salt (NaCl) (min) 0.2 (max) 0.7 %, Packaged in 50 lb (22.6 kg) bags or bulk by truck. Manufactured by MFA Incorporated, Columbia, Missouri 65201","Livestock feed or food for other animals",https://www.accessdata.fda.gov/scripts/ires/?Product=144771
73712,144798,2016-09-30,"MFA Agri Services","Bulk grain bank-corn-10920#-Ground #4 Stock Salt. Manufactured by MFA Agri Services, California, MO 65018.","Not dog or cat food",https://www.accessdata.fda.gov/scripts/ires/?Product=144798
73740,144837,2016-09-30,"ADM Alliance Nutrition, Inc.","Tyson Swine N5 Meal AS; Swine Starter Feed; Bulk product, listed as pounds, 48,500# loaded on trailer","Livestock feed or food for other animals",https://www.accessdata.fda.gov/scripts/ires/?Product=144837
74536,147863,2016-09-30,"Land O Lakes Purina LLC","Product is in a White and Green 50lb. paper bag, PURINA LAMB GROWER B30 MEDICATED Type C Medicated Feed COMPLETE FEED FOR GROWER SHEEP. 30.00 g/ton Lasalocid. Manufactured by Purina Animal Nutrition LLC.","Animal drug, device or non-food product",https://www.accessdata.fda.gov/scripts/ires/?Product=147863
74254,147013,2016-10-04,"Well Care Compounding Pharmacy","APOMORPHINE HCL (VET) 3MG/ML INJECTABLE Sterile Glass Vials - 5ML Refrigerated Well Care Compounding Pharmacy Las Vegas, NV","Animal drug, device or non-food product",https://www.accessdata.fda.gov/scripts/ires/?Product=147013
74254,147017,2016-10-04,"Well Care Compounding Pharmacy","CYCLOSPORINE (A) (VET) 1% OIL OPTH Soln 15 mL Sterile Droptainer Room Temp Well Care Compounding Pharmacy Las Vegas, NV","Animal drug, device or non-food product",https://www.accessdata.fda.gov/scripts/ires/?Product=147017
74254,147018,2016-10-04,"Well Care Compounding Pharmacy","CYCLOSPORINE (A) (VET) 2% OIL OPTH SOLUTION (15mL) Room Temp Well Care Compounding Pharmacy Las Vegas, NV","Recalled by an animal-drug maker or pharmacy",https://www.accessdata.fda.gov/scripts/ires/?Product=147018
74254,147019,2016-10-04,"Well Care Compounding Pharmacy","CYCLOSPORINE (PF) l% OPTH SUSP (15 mL) Sterile Droptainer Room Temp Well Care Compounding Pharmacy Las Vegas, NV","Animal drug, device or non-food product",https://www.accessdata.fda.gov/scripts/ires/?Product=147019
74254,147020,2016-10-04,"Well Care Compounding Pharmacy","TACROLIMUS OPTH (AQ) 0.02 SOLUTION Sterile Dropper Refrigerated Well Care Compounding Pharmacy Las Vegas, NV","Animal drug, device or non-food product",https://www.accessdata.fda.gov/scripts/ires/?Product=147020
74414,147469,2016-10-07,"Phibro Animal Health Corporation","Neo-Terramycin 100/100D (neomycin-oxytetracycline), Type A Medicated Article Antibiotic, Net Weight 50 lb (22.7 kg), packaged in a Multi-wall bag, Phibro Animal Health Corporation, NDC #66104-8851-0","Animal drug, device or non-food product",https://www.accessdata.fda.gov/scripts/ires/?Product=147469
74155,146525,2016-10-11,"Virbac AH, Inc","easOtic (hydrocortisone aceponate 1.11 mg / miconazole nitrate 15.1 mg / gentamicin sulfate 1.5 mg/ml) suspension for dogs packaged in 10 mL size canister, 1 canister per carton, Net Contents 10 mL, NDC 51311-360-10. NADA 141-330. The responsible firm name on the label is Virbac Animal Health, Fort ","Animal drug, device or non-food product",https://www.accessdata.fda.gov/scripts/ires/?Product=146525
75035,149149,2016-10-14,"Bayer Health Care LLC","Florfenicol Mometasone Furoate Terbinafine HCl Otic Solution Claro (15mg/mL Florfenicol, 2.0mg/mL Mometasone Furoate, and 13.3mg/mL Terbinafine HCl), packaged in a tube with foil seal which is in a blister package, most responsible firm name on the label is: Bayer Healthcare LLC, Animal Health Divis","Animal drug, device or non-food product",https://www.accessdata.fda.gov/scripts/ires/?Product=149149
73556,144456,2016-10-21,"Battle Creek/ CHS LLC","Meyer Calf Starter 18 Pellets B68 Medicated. For all classes of calves up to 200 pounds. Active Drug Ingredient Lasalocid (34 mg/lb) 68 g/ton. Product is shipped in bulk. The responsible firm name on the label is Progressive Nutrition, Norfolk, NE 68701.","Animal drug, device or non-food product",https://www.accessdata.fda.gov/scripts/ires/?Product=144456
73628,144625,2016-10-21,"Bravo Packing, Inc","Raw frozen horsemeat ""***8 bags 5 lbs Horsemeat**KEEP FROZEN**BRAVO PACKING. INC. Carneys Point, NJ 08069 (888) Bravo40 bravopacking.com**FOR ANIMAL CONSUMPTION ONLY**DO NOT FEED TO CATTLE OR OTHER RUMINANTS***""","Livestock feed or food for other animals",https://www.accessdata.fda.gov/scripts/ires/?Product=144625
74060,146118,2016-10-21,"Manna Pro Corp","MannaPro Chick Starter Medicated, Amprolium 113.5 g/ton, UPC 0 95668 10555 6, packaged in 25 lb woven plastic bags. Manufactured by MannaPro Products LLC. St. Louis, MO","Animal drug, device or non-food product",https://www.accessdata.fda.gov/scripts/ires/?Product=146118
75284,149953,2016-10-31,"Wedgewood Village Pharmacy, Inc.","Wedgewood Pharmacy Cyclosporine 0.2% in Corn Oil Ophthalmic Solution 15 ml Drop-Tainers, white LPDE sterile","Animal drug, device or non-food product",https://www.accessdata.fda.gov/scripts/ires/?Product=149953
73769,144952,2016-11-15,"Sparhawk Laboratories Inc","Phenylbutazone 20% Injection 200 mg/ ml - 100 ml glass vials packed in cartons of 12 (ANADA 200-371) manufactured by Sparhawk Laboratories, Inc. Lenexa, KS 66215. Distributed under the following brands: (1) Sparhawk Laboratories Inc. Lenexa, KS 66215; (2) Vet One NDC 13985-825-04, Distributed by MWI","Animal drug, device or non-food product",https://www.accessdata.fda.gov/scripts/ires/?Product=144952
74127,146389,2016-11-18,"ELANCO US INC","Posilac¿: Sometribove Zinc Suspension Description Sterile, prolonged-release injectable formulation of a recombinant DNA derived bovine somatotropin analog in single-dose syringes each containing 500 mg of sometribove zinc suspension. Pre-Filled Sterile Syringe 500 mg / dose 2mI Pre-filled sterile s","Animal drug, device or non-food product",https://www.accessdata.fda.gov/scripts/ires/?Product=146389
74592,148000,2016-11-22,"The Metrix Company","Metrix Bleeding Bag 15 G Needle, Part # 2000, non-sterile, not for human use, packed in 200 units per case. The responsible firm name on the label is The Metrix Company, Dubuque, IA 52002.","Animal drug, device or non-food product",https://www.accessdata.fda.gov/scripts/ires/?Product=148000
74592,148856,2016-11-22,"The Metrix Company","Metrix Bleeding Bag, Part # 2150, non-sterile, not for human use, packed in 200 units per case. The responsible firm name on the label is The Metrix Company, Dubuque, IA 52002.","Animal drug, device or non-food product",https://www.accessdata.fda.gov/scripts/ires/?Product=148856
74592,148857,2016-11-22,"The Metrix Company","Metrix Bleeding Bag 15G Needle, Part # 2210, non-sterile, not for human use, packed in 200 units per case. The responsible firm name on the label is The Metrix Company, Dubuque, IA 52002.","Animal drug, device or non-food product",https://www.accessdata.fda.gov/scripts/ires/?Product=148857
74592,148858,2016-11-22,"The Metrix Company","Metrix 1L Defibro Bag, Part # 2560, non-sterile, not for human use, packed in 60 units per case. The responsible firm name on the label is The Metrix Company, Dubuque, IA 52002.","Animal drug, device or non-food product",https://www.accessdata.fda.gov/scripts/ires/?Product=148858
74592,148859,2016-11-22,"The Metrix Company","Metrix Donor Set W/15 Gauge Needle, Part # 3080, non-sterile, not for human use, packed in 25 per polybag, 400 units per case. The responsible firm name on the label is The Metrix Company, Dubuque, IA 52002.","Animal drug, device or non-food product",https://www.accessdata.fda.gov/scripts/ires/?Product=148859
74592,148860,2016-11-22,"The Metrix Company","Metrix Donor Goat Set, Part # 3120, non-sterile, not for human use, packed in 25 per polybag, 200 units per case. The responsible firm name on the label is The Metrix Company, Dubuque, IA 52002.","Animal drug, device or non-food product",https://www.accessdata.fda.gov/scripts/ires/?Product=148860
74592,148861,2016-11-22,"The Metrix Company","Metrix Bleeding Bag 12G Inner Seal, Part # 4630, non-sterile, not for human use, packed in 150 units per case. The responsible firm name on the label is The Metrix Company, Dubuque, IA 52002.","Animal drug, device or non-food product",https://www.accessdata.fda.gov/scripts/ires/?Product=148861
74592,148862,2016-11-22,"The Metrix Company","Metrix 1L Defibro Bag, Part # 4770, non-sterile, not for human use, packed in 60 units per case. The responsible firm name on the label is The Metrix Company, Dubuque, IA 52002.","Animal drug, device or non-food product",https://www.accessdata.fda.gov/scripts/ires/?Product=148862
74592,148863,2016-11-22,"The Metrix Company","Metrix 12Gauge Donor Set, Part # 5350, non-sterile, not for human use, packed in 25 per polybag, 200 units per case. The responsible firm name on the label is The Metrix Company, Dubuque, IA 52002.","Animal drug, device or non-food product",https://www.accessdata.fda.gov/scripts/ires/?Product=148863
74592,148864,2016-11-22,"The Metrix Company","Metrix 600ML Blood Donor Bag, Part # 7070, non-sterile, not for human use, packed individually in polybags, 125 units per case. The responsible firm name on the label is The Metrix Company, Dubuque, IA 52002.","Animal drug, device or non-food product",https://www.accessdata.fda.gov/scripts/ires/?Product=148864
74592,148865,2016-11-22,"The Metrix Company","Metrix 2L Blood Donor Bag with Needle, Part # 7310, non-sterile, not for human use, packed individually in polybags, 100 units per case. The responsible firm name on the label is The Metrix Company, Dubuque, IA 52002.","Animal drug, device or non-food product",https://www.accessdata.fda.gov/scripts/ires/?Product=148865
73768,144951,2016-11-23,"Sparhawk Laboratories Inc","GentaVed Topical Spray. For Animal Use Only. ANADA 200-416. Each mL contains: gentamicin sulfate, USP equivalent to 0.57 mg gentamicin base, betamethasone valerate, USP equivalent to 0.284 mg betamethasone. 12-60 mL bottles/carton, Sparhawk Laboratories, Inc., Lenexa, KS 66215-3591.","Animal drug, device or non-food product",https://www.accessdata.fda.gov/scripts/ires/?Product=144951
75007,149097,2016-11-28,"The Scoular Grain Company","IPC 600 - Fish Meal, Net Wgt. 50 lb(22.68kg). Manufacturer Origin: Gateway Co-Packing, 901 Kingshighway, Washington Park, IL 62204","Livestock feed or food for other animals",https://www.accessdata.fda.gov/scripts/ires/?Product=149097
75410,150222,2016-12-02,"Norbrook Inc","Hexasol Injection (oxytetracycline and flunixin meglumine) 300 mg oxytetracycline and 20 mg flunixin per mL; NADA 141-312; packaged in a 250 mL (NDC 55529-016-04) and 500 mL (NDC 55529-016-05) vials; packed in boxes of 6 vials. The responsible name on the label is Norbrook Laboratories Limited, Nort","Animal drug, device or non-food product",https://www.accessdata.fda.gov/scripts/ires/?Product=150222
75539,150742,2016-12-02,"Montana Compounding Pharmacy P.C.","Cisapride Aqueous, 5mg/mL, suspension, RX #163848, RX #164496; RX 164045, RX 164302;","Animal drug, device or non-food product",https://www.accessdata.fda.gov/scripts/ires/?Product=150742
75539,150743,2016-12-02,"Montana Compounding Pharmacy P.C.","Cisapride Aqueous, 10mg/mL, suspension, RX # 163741, RX #163662, and RX #164342","Animal drug, device or non-food product",https://www.accessdata.fda.gov/scripts/ires/?Product=150743
75539,150744,2016-12-02,"Montana Compounding Pharmacy P.C.","Methimazole Aqueous, 10mg/mL, suspension, RX # 163887 and RX #163700","Animal drug, device or non-food product",https://www.accessdata.fda.gov/scripts/ires/?Product=150744
75539,150745,2016-12-02,"Montana Compounding Pharmacy P.C.","Methimazole Aqueous, 5mg/mL, suspension, RX # 162647","Animal drug, device or non-food product",https://www.accessdata.fda.gov/scripts/ires/?Product=150745
75539,150746,2016-12-02,"Montana Compounding Pharmacy P.C.","Prednisolone, 20mg/mL, suspension, RX # 164219","Animal drug, device or non-food product",https://www.accessdata.fda.gov/scripts/ires/?Product=150746
75732,151112,2016-12-09,"ZOETIS SERVICES LLC","Veterinary IV sets. PRIMARY PIGGYBACK IV SET, 106 INCH A. PRIMARY PIGGYBACK IV SET, 80 INCH A. PRIMARY IV SET, 78 INCH - VENTED A. PRIMARY IV SET, 78 INCH A. PRIMARY IV SET, 70 INCH, 60 DROPS/ML A. PRIMARY IV SET, 103 INCH B. PRIMARY IV SET, 105 INCH B. PRIMARY PIGGYBACK IV SET, 106 INCH B. PRIMARY ","Recalled by an animal-drug maker or pharmacy",https://www.accessdata.fda.gov/scripts/ires/?Product=151112
74926,148825,2016-12-14,"Phibro Animal Health Corporation","Stafac 20 Type A Medicated Article 20 g/Ib equivalent to 44 g/KG NDC 66104-1220 Phibro Animal Health Corporation Teaneck, NJ Packed in a 50 Ib/bag (22.6 kg/bag) Multi-wall bag, with the following construction/configuration: 4 ply Natural Kraft and 1 ply of HDPE 2.0 or 0.5miL.","Animal drug, device or non-food product",https://www.accessdata.fda.gov/scripts/ires/?Product=148825
73834,145074,2016-12-19,"Arkray Factory USA, Inc.","Arkay, SPOTCHEM"" II Glucose, For Veterinary in Vitro Diagnostic Use, 25 strips.","Animal drug, device or non-food product",https://www.accessdata.fda.gov/scripts/ires/?Product=145074
73834,145076,2016-12-19,"Arkray Factory USA, Inc.","Arkay, SPOTCHEM"" II EZ Health Check Vet Multistrip [Panel-V], For Veterinary in Vitro Diagnostic Use, 25 strips.","Animal drug, device or non-food product",https://www.accessdata.fda.gov/scripts/ires/?Product=145076
75070,149282,2016-12-19,"PM Resources, Inc. dba Virbac Animal Health, Inc.","RILEXINE (cephalexin) Chewable Tablets 150 mg, 100 Tablets, NDC 051311-026-10, NADA # 141-326, Virbac ANIMAL HEALTH label, Rx only --- Mfd. for Virbac AH, Inc. Fort Worth, TX 76137.","Animal drug, device or non-food product",https://www.accessdata.fda.gov/scripts/ires/?Product=149282
75070,149284,2016-12-19,"PM Resources, Inc. dba Virbac Animal Health, Inc.","RILEXINE (cephalexin) Chewable Tablets 300 mg, 100 Tablets, NDC 051311-036-10, NADA # 141326, Virbac ANIMAL HEALTH label, Rx only --- Mfd. for: Virbac AH, Inc. Fort Worth, TX 76137","Animal drug, device or non-food product",https://www.accessdata.fda.gov/scripts/ires/?Product=149284
75070,149285,2016-12-19,"PM Resources, Inc. dba Virbac Animal Health, Inc.","RILEXINE (cephalexin) Chewable Tablets 600 mg, 100 tablets, NDC 051311-046-10, NADA # 141-326, Virbac ANIMAL HEALTH label, Rx only --- Mfd. for: Virbac AH, Inc. Fort Worth, TX 76137","Animal drug, device or non-food product",https://www.accessdata.fda.gov/scripts/ires/?Product=149285
74708,148262,2016-12-21,"Northwest Farm Food Cooperative","raw frozen ground spent hen. Product is sold in 50 lbs block.","Not dog or cat food",https://www.accessdata.fda.gov/scripts/ires/?Product=148262
74708,148295,2016-12-21,"Northwest Farm Food Cooperative","Raw frozen mixed feed containing ground spent hen. Product is sold in 50 lbs. block or 1000# totes","Not dog or cat food",https://www.accessdata.fda.gov/scripts/ires/?Product=148295
75075,149303,2016-12-21,"Vetix Inc.","Hy-Optic Eye Irrigating Solution, Sodium Hyaluronate packaged in 14.78 mL bottles, NDC # 51031-011-15","Animal drug, device or non-food product",https://www.accessdata.fda.gov/scripts/ires/?Product=149303
75075,149304,2016-12-21,"Vetix Inc.","OptiVet Eye Irrigating Solution with Sodium Hyaluronate, 0.1% per 14.78 mL bottle for animal use only, NDC # 51031-011-15","Animal drug, device or non-food product",https://www.accessdata.fda.gov/scripts/ires/?Product=149304
75075,149305,2016-12-21,"Vetix Inc.","Optimend 0.2% Sodium Hyaluronate Gel Drops for Corneal Repair, packaged in 10 mL bottle gel drops for animal use only, NDC # 51031-013-10","Animal drug, device or non-food product",https://www.accessdata.fda.gov/scripts/ires/?Product=149305
75293,149991,2016-12-21,"Western Milling","Rumensin 1200GM Loose 50#; 50 pound poly woven bags. Product code: 11005 Type B Medicated Feed. Important - must be mixed thoroughly into feed before use. This medicated feed is designed to be fed to dairy cattle. Active ingredient: Monensin (as monensin Sodium) 1200 g/ton","Animal drug, device or non-food product",https://www.accessdata.fda.gov/scripts/ires/?Product=149991
75897,151631,2016-12-27,"Huvepharma, Inc","durvet. NDC: 30798-279-27, Duramycin-10. TETRACYCLINE HYDROCHLORIDE SOLUBLE POWDER. Antibiotic. Each pound contains 25 g of tetracycline hydrochloride activity. This packet contains 10 g of tetracycline hydrochloride activity. FOR ANIMAL USE ONLY. Store below 77¿F (25¿C). Net WT. 6.4 oz (181g)","Animal drug, device or non-food product",https://www.accessdata.fda.gov/scripts/ires/?Product=151631
75421,150236,2017-01-12,"Virbac AH, Inc","Sentinel (milbemycin oxime/lufenuron) flavor tabs 5.75 mg milbemycin oxime/115 mg lufenuron","Animal drug, device or non-food product",https://www.accessdata.fda.gov/scripts/ires/?Product=150236
75323,150048,2017-02-23,"Wells Pharmacy Network LLC","Pentosan Sodium Polysulfate 250MG/ML Injectable. Compounded by Wells Pharmacy","Animal drug, device or non-food product",https://www.accessdata.fda.gov/scripts/ires/?Product=150048
75323,150762,2017-02-23,"Wells Pharmacy Network LLC","Progesterone in Sesame Oil 150MG/ML Injectable. Compounded by Wells Pharmacy","Animal drug, device or non-food product",https://www.accessdata.fda.gov/scripts/ires/?Product=150762
75323,150763,2017-02-23,"Wells Pharmacy Network LLC","Detomidine HCL/Xylazine - 10MG/10MG/ML (20MG Vial) Injectable. Compounded by Wells Pharmacy","Animal drug, device or non-food product",https://www.accessdata.fda.gov/scripts/ires/?Product=150763
75323,150765,2017-02-23,"Wells Pharmacy Network LLC","Medroxyprogesterone Acetate 200 MG/ML Injectable. Compounded by Wells Pharmacy","Animal drug, device or non-food product",https://www.accessdata.fda.gov/scripts/ires/?Product=150765
75323,150766,2017-02-23,"Wells Pharmacy Network LLC","Histrelin Acetate, Lyophilized Kit 5.5MG Kit, Injectable. Compounded by Wells Pharmacy","Animal drug, device or non-food product",https://www.accessdata.fda.gov/scripts/ires/?Product=150766
75323,150767,2017-02-23,"Wells Pharmacy Network LLC","Estradiol Cypionate 5MG/ML, Injectable. Compounded by Wells Pharmacy","Animal drug, device or non-food product",https://www.accessdata.fda.gov/scripts/ires/?Product=150767
75323,150768,2017-02-23,"Wells Pharmacy Network LLC","Methocarbamol 100 MG/ML, Injectable. Compounded by Wells Pharmacy","Animal drug, device or non-food product",https://www.accessdata.fda.gov/scripts/ires/?Product=150768
75323,150769,2017-02-23,"Wells Pharmacy Network LLC","Estrone Aqueous - 5 MG/ML, 50 ML vial, Injectable. Compounded by Wells Pharmacy","Animal drug, device or non-food product",https://www.accessdata.fda.gov/scripts/ires/?Product=150769
75323,150770,2017-02-23,"Wells Pharmacy Network LLC","Cyclosporine (A) Oil Solution, 10 ML, 2% ML Opthalmic. Compounded by Wells Pharmacy","Recalled by an animal-drug maker or pharmacy",https://www.accessdata.fda.gov/scripts/ires/?Product=150770
75323,150771,2017-02-23,"Wells Pharmacy Network LLC","Flunixin Meglumine, 100 ML vial, 50MG.ML, Injectable. Compounded by Wells Pharmacy","Animal drug, device or non-food product",https://www.accessdata.fda.gov/scripts/ires/?Product=150771
75323,153407,2017-02-23,"Wells Pharmacy Network LLC","Phenylephrine HCL (0.1%) 1mg/mL Injectable Compounded by Wells Pharmacy","Animal drug, device or non-food product",https://www.accessdata.fda.gov/scripts/ires/?Product=153407
74972,148939,2017-02-28,"Cargill, Inc         Corporate Headquarters","FortiGraze 3 (CTC6000) (MC) MEDICATED, product code 151706-C, Type C medicated feed packaged in 50lb bags, strength of CTC is 3.0g/lb, label states: Manufactured for: Livestock Nutrition Center 409 Shepard St. Chickasha, OK 73018","Animal drug, device or non-food product",https://www.accessdata.fda.gov/scripts/ires/?Product=148939
74972,149095,2017-02-28,"Cargill, Inc         Corporate Headquarters","Right Now Emerald Fly (C1.4) (MC) MEDICATED, product code 55103-AL, Type C medicated feed packaged in 50lb bags, strength of CTC is 1.4g/lb and strength of S-Methoprene is 95.24g/ton, most responsible firm name on the label is: Cargill Animal Nutrition General Office Minneapolis, MN 55440, www.cargi","Animal drug, device or non-food product",https://www.accessdata.fda.gov/scripts/ires/?Product=149095
74972,149096,2017-02-28,"Cargill, Inc         Corporate Headquarters","Powell 4% Beef Mineral (C2.0/IGR) (MC) MEDICATED, product code 151412-C2, Type C medicated feed packaged in 50lb bags, strength of CTC is 2.0g/lb and strength of S-Methoprene is 95.36g/ton, label states: Manufactured For: Powell Feed & Milling 217 Main Street Green Forest, AR 72638","Animal drug, device or non-food product",https://www.accessdata.fda.gov/scripts/ires/?Product=149096
74972,149098,2017-02-28,"Cargill, Inc         Corporate Headquarters","Powell 4% Beef Mineral (C2.0) (MC) MEDICATED, product code 151412-C, Type C medicated feed packaged in 50lb bags, strength of CTC is 2.0g/lb, label states: Manufactured For: Powell Feed & Milling 217 Main Street Green Forest, AR 72638","Animal drug, device or non-food product",https://www.accessdata.fda.gov/scripts/ires/?Product=149098
74972,149099,2017-02-28,"Cargill, Inc         Corporate Headquarters","Cameron 4oz CTC5600 Fescue Mineral MEDICATED, product code 160200_CT, Type C medicated feed packaged in 50lb bags, strength of CTC is 5600g/ton, label states: Custom Mix Not For Resale or Redistribution Consult Cargill Representative For Feeding Directions Manufactured by: Cargill Animal Nutrition G","Animal drug, device or non-food product",https://www.accessdata.fda.gov/scripts/ires/?Product=149099
74972,149100,2017-02-28,"Cargill, Inc         Corporate Headquarters","Right Now Emerald Anaplas (C2.4) (MC) MEDICATED, product code 55103-C1, Type C medicated feed packaged in 50lb bags, strength of CTC is 2.4g/lb, most responsible firm name on the label states: Cargill Animal Nutrition General Office Minneapolis, MN. 55440, www.cargillanimalnutrition.com","Animal drug, device or non-food product",https://www.accessdata.fda.gov/scripts/ires/?Product=149100
74972,149101,2017-02-28,"Cargill, Inc         Corporate Headquarters","Right Now Emerald Anaplas Fly Control (C2.4/METH) (MC) MEDICATED, product code 55103-C4, Type C medicated feed packaged in 50lb bags, strength of CTC is 2.4g/lb and strength of S-Methoprene is 95.24g/ton, most responsible firm name on the label states: Cargill Animal Nutrition General Office Minneap","Animal drug, device or non-food product",https://www.accessdata.fda.gov/scripts/ires/?Product=149101
74972,149102,2017-02-28,"Cargill, Inc         Corporate Headquarters","Right Now Gold (C1.4) (MC) MEDICATED, product code 55102-CC, Type C medicated feed packaged in 50lb bags, strength of CTC is 1.4g/lb, most responsible firm name on the label states: Cargill Animal Nutrition General Office Minneapolis, MN. 55440, www.cargillanimalnutrition.com","Animal drug, device or non-food product",https://www.accessdata.fda.gov/scripts/ires/?Product=149102
74972,149103,2017-02-28,"Cargill, Inc         Corporate Headquarters","Cattle Grazers APC Mineral (C2800) (MC) MEDICATED, product code 7144-C, Type C medicated feed packaged in 50lb bags, strength of CTC is 1.4g/lb, most responsible firm name on the label states: Cargill Animal Nutrition General Office Minneapolis, MN. 55440, www.cargillanimalnutrition.com","Animal drug, device or non-food product",https://www.accessdata.fda.gov/scripts/ires/?Product=149103
74972,149104,2017-02-28,"Cargill, Inc         Corporate Headquarters","FortiGraze 6 (CTC 4800) IGR (MC) MEDICATED, product code 151313-C2, Type C medicated feed packaged in 50lb bags, strength of CTC is 2.4g/lb, label states: Manufactured For: Livestock Nutrition Center 409 Shepard St. Chickasha, OK 73018","Animal drug, device or non-food product",https://www.accessdata.fda.gov/scripts/ires/?Product=149104
74972,149105,2017-02-28,"Cargill, Inc         Corporate Headquarters","Appleton City 5 Cow/Stocker MN (C1.4) (MC) MEDICATED, product code 151299-C, Type C medicated feed packaged in 50lb bags, strength of CTC is 1.4g/lb, most responsible firm listed on the label states: Cargill Animal Nutrition Gneral Office Minneapolis, MN 55440, www.cargillanimalnutrition.com","Animal drug, device or non-food product",https://www.accessdata.fda.gov/scripts/ires/?Product=149105
74972,149106,2017-02-28,"Cargill, Inc         Corporate Headquarters","PL06126 Nelson LAC RUM/FLY MEDICATED, product code 160000_NH, Type B medicated feed in bulk, strength of monensin is 205.12g/ton and diflubenzuron is 22.84mg/kg, most responsible firm listed on the label states: Custom Mix. Not For Resale or Redistribution. Manufactured by: Cargill Animal Nutrition ","Animal drug, device or non-food product",https://www.accessdata.fda.gov/scripts/ires/?Product=149106
75925,151741,2017-03-13,"Producers Cooperative Association","Producers 478 Show Goat Medicated For Growing Goats (For Ruminants Only) Manufactured by Producers Cooperative Association Bryan, Texas 77806 Net Weight 50 lbs. (22.68 kg) or Bulk","Animal drug, device or non-food product",https://www.accessdata.fda.gov/scripts/ires/?Product=151741
75925,151742,2017-03-13,"Producers Cooperative Association","Producers 210/1036 Range Mix #2 For Cattle on Pasture Manufactured by Producers Cooperative Association Bryan, Texas 77806 Net Weight 50 lbs. (22.68 kg) or Bulk","Livestock feed or food for other animals",https://www.accessdata.fda.gov/scripts/ires/?Product=151742
75925,151743,2017-03-13,"Producers Cooperative Association","Producers 472/1105 Cattle Pellet 1.5 Medicated Manufactured by Producers Cooperative Association Bryan, Texas 77806 Net Weight 50 lbs. (22.68 kg) or Bulk","Animal drug, device or non-food product",https://www.accessdata.fda.gov/scripts/ires/?Product=151743
75925,151862,2017-03-13,"Producers Cooperative Association","Producers 460/1123 Cattle Pellet 1.0 Medicated Manufactured by Producers Cooperative Association Bryan, Texas 77806 Net Weight 50 lbs. (22.68 kg) or Bulk","Animal drug, device or non-food product",https://www.accessdata.fda.gov/scripts/ires/?Product=151862
75974,151864,2017-03-23,"Fourth & Pomeroy Associates Inc","KEY POULTRY GROWER 17% AMP MEDICATED Fourth & Pomeroy Associates, Inc. Clay Center, KS 67432, packaged in 50 lb bags.","Animal drug, device or non-food product",https://www.accessdata.fda.gov/scripts/ires/?Product=151864
75974,152419,2017-03-23,"Fourth & Pomeroy Associates Inc","PLT 22 STARTER AMP, Manufactured by Fourth & Pomeroy Associates, Inc. Clay Center, Kansas 67432, packaged in 50 lb bags.","Not dog or cat food",https://www.accessdata.fda.gov/scripts/ires/?Product=152419
76232,152556,2017-03-31,"Phibro Animal Health Corporation","NeoTerramycin 100/100D Type A Medicated Article Net Wt. 50 lbs. (22.7 kg) Phibro Animal Health Corporation Teaneck, NJ 07666","Animal drug, device or non-food product",https://www.accessdata.fda.gov/scripts/ires/?Product=152556
76128,152256,2017-04-14,"Battle Creek/ CHS LLC dba Progressive Nutrition","40L Distillers Balancer R800, Medicated, Monensin (as Monensin sodium)...800 g/ton Manufactured by: Progressive Nutrition, Norfolk, NE 68701","Animal drug, device or non-food product",https://www.accessdata.fda.gov/scripts/ires/?Product=152256
75859,151462,2017-04-17,"Intermountain Farmers Association, Draper Mill","IFA Rabbit Pellets. The product comes packaged in 50 lb. paper laminated poly woven bags, marked with lot number containing #1220 and a date between 03/15/16 and 09/15/16 on the side of the blue label. Storage: dry environment away from pests","Livestock feed or food for other animals",https://www.accessdata.fda.gov/scripts/ires/?Product=151462
75919,152616,2017-04-17,"Environmental Trade Inc.","Turkey with bone, UPC Code 854298001887","Not dog or cat food",https://www.accessdata.fda.gov/scripts/ires/?Product=152616
75955,151828,2017-04-17,"CHS Nutrition","PAYBACK Sheep Range 16. Label reads in part ""***SHEEP RANGE 16 CUBE For Sheep on Pasture.***INGREDIENTS Processed Grain Byproducts, Calcium Carbonate, Molasses Products, Sodium Bentonite, Salt, Zinc Amino Acid Complex, Manganese Sulfate, Sodium Selenite, Zinc Sulfate, Mineral Oil, Sodium Molybdate, ","Livestock feed or food for other animals",https://www.accessdata.fda.gov/scripts/ires/?Product=151828
76000,151905,2017-04-17,"Farmers Alliance/CHS","UGF 1","Not dog or cat food",https://www.accessdata.fda.gov/scripts/ires/?Product=151905
76000,151948,2017-04-17,"Farmers Alliance/CHS","UGF 2","Not dog or cat food",https://www.accessdata.fda.gov/scripts/ires/?Product=151948
76088,152136,2017-04-17,"Whitestone Feeds Hardin","J.E.S Premium 40 Tub, A Free-Choice Supplement for Beef Cattle on Pasture. 250 lb plastic tubs.","Livestock feed or food for other animals",https://www.accessdata.fda.gov/scripts/ires/?Product=152136
76151,152412,2017-04-17,"The JM Smucker Company LLC","9Lives Seafood & Poultry Favorites, sold in 5.5 oz. cans with 24 cans total per case, including 8 cans per case of Real Ocean Whitefish, 8 cans per case of Meaty Pate Super Supper, and 8 cans per case of Meaty Pate with Real Chicken & Tuna, lot number 6307803, and Individual Unit/Case UPC 7910053377","Livestock feed or food for other animals",https://www.accessdata.fda.gov/scripts/ires/?Product=152412
76261,152599,2017-04-17,"Grange Coop Supply Assn","Rogue All Purpose Rabbit Pellets, 25 lbs. and 50 lbs. bags, and 1500 lbs. totes","Livestock feed or food for other animals",https://www.accessdata.fda.gov/scripts/ires/?Product=152599
75956,151830,2017-05-01,"RIDLEY USA INC","Ultralyx Nutritional Supplement 24% + 3% Mag Composite Block For Beef Cattle on Pasture, 200 lb. plastic tubs","Livestock feed or food for other animals",https://www.accessdata.fda.gov/scripts/ires/?Product=151830
76211,152527,2017-05-01,"Burkmann Feeds of Glasgow LLC","Spencer Benedict 11% Horse Feed, bulk","Livestock feed or food for other animals",https://www.accessdata.fda.gov/scripts/ires/?Product=152527
76608,153645,2017-05-01,"Absolute Veterinary Compounding Pharmacy","Methocarbamol Suspension 100 mg/mL Suspension in a 500 mL white plastic bottle. UPC: 12/22/16-12/22/16","Animal drug, device or non-food product",https://www.accessdata.fda.gov/scripts/ires/?Product=153645
76944,154649,2017-05-18,"Phibro Animal Health Corporation","Nicarb 25% Type A Medicated Article 8.4 mg/kg Distributed by : Phibrio Animal Health Corporation Teaneck, NJ 07666 NDC 66104-8200-0 Packed in a 50 lb./bag (22.68 kg/bag) Multi-wall bag with the following construction/configuration 4 ply Natural Kraft and 1 ply 0.8 mil HDPE","Animal drug, device or non-food product",https://www.accessdata.fda.gov/scripts/ires/?Product=154649
75266,149852,2017-05-19,"Biozyme Inc","Peet's, 23% Broiler RTN MD CR Medicated, Amprolium 0.025%, Biozyme Incorporated St. Joseph MO, 50 lb bag","Animal drug, device or non-food product",https://www.accessdata.fda.gov/scripts/ires/?Product=149852
75266,154747,2017-05-19,"Biozyme Inc","Peet's, 32% Goat Supplement D46 Medicated, Decoquinate 46 grams/ton, Biozyme Incorporated St. Joseph MO, 50 lb bag","Animal drug, device or non-food product",https://www.accessdata.fda.gov/scripts/ires/?Product=154747
75266,154748,2017-05-19,"Biozyme Inc","Peet's, Hotchkiss Challenger 34-8, Biozyme Incorporated St. Joseph MO, bulk","Not dog or cat food",https://www.accessdata.fda.gov/scripts/ires/?Product=154748
75266,154749,2017-05-19,"Biozyme Inc","Peet's, Sup'R Sow Pel, Biozyme Incorporated St. Joseph MO, 50 lb bag","Livestock feed or food for other animals",https://www.accessdata.fda.gov/scripts/ires/?Product=154749
75266,154750,2017-05-19,"Biozyme Inc","Peet's, Flexi-con AMA Meal, Biozyme Incorporated St. Joseph MO, 50 lb bag","Not dog or cat food",https://www.accessdata.fda.gov/scripts/ires/?Product=154750
75266,154751,2017-05-19,"Biozyme Inc","Peet's, Flexi-con, Biozyme Incorporated St. Joseph MO, 50 lb bag and bulk","Not dog or cat food",https://www.accessdata.fda.gov/scripts/ires/?Product=154751
75266,154752,2017-05-19,"Biozyme Inc","Peet's, Pig Start 100, Biozyme Incorporated St. Joseph MO, 50 lb bag","Not dog or cat food",https://www.accessdata.fda.gov/scripts/ires/?Product=154752
75266,154753,2017-05-19,"Biozyme Inc","Peet's, Pig Start 300, Biozyme Incorporated St. Joseph MO, 50 lb bag","Not dog or cat food",https://www.accessdata.fda.gov/scripts/ires/?Product=154753
75266,154754,2017-05-19,"Biozyme Inc","Peet's, Hoegermeyer Sow Base Mix Meal, Biozyme Incorporated St. Joseph MO, 50 lb bag","Livestock feed or food for other animals",https://www.accessdata.fda.gov/scripts/ires/?Product=154754
75266,154755,2017-05-19,"Biozyme Inc","Peet's, Base Mix Extra Phy Meal, Biozyme Incorporated St. Joseph MO, bulk","Not dog or cat food",https://www.accessdata.fda.gov/scripts/ires/?Product=154755
77379,155878,2017-06-15,"CHS, Inc.","F1015L JBS Swine G/F #5 Meal KLF W/Linco; medicated swine meal 40 Tons bulk. Custom Bulk swine Feed medicated with Lincomix","Animal drug, device or non-food product",https://www.accessdata.fda.gov/scripts/ires/?Product=155878
75559,150788,2017-06-19,"Cache Commodities Incorporated","Commercial Rabbit, Complete feed for all rabbits with high energy requirements, 50 lb bag, Packaged in white, poly blend bags, Store feed in a dry area, Distributed by Cache Commodities, Inc., Ogden, Utah","Livestock feed or food for other animals",https://www.accessdata.fda.gov/scripts/ires/?Product=150788
75559,151292,2017-06-19,"Cache Commodities Incorporated","Family Rabbit #1318","Livestock feed or food for other animals",https://www.accessdata.fda.gov/scripts/ires/?Product=151292
75559,151293,2017-06-19,"Cache Commodities Incorporated","Jensen Custom Mix","Not dog or cat food",https://www.accessdata.fda.gov/scripts/ires/?Product=151293
77441,156423,2017-07-11,"Spectrum Brands Inc","Digest-eeze, Plus Pork, Beef & Chicken, Manufactured by: Salix Animal Health, LLC Deerfield Beach, FL, packaged in 1) 4 count 4'' bone packages, UPC 0 91093 28711 9; 2) 1 count 8'' bone packages, UPC 0 91093 28712 6;","Not dog or cat food",https://www.accessdata.fda.gov/scripts/ires/?Product=156423
77441,156424,2017-07-11,"Spectrum Brands Inc","Digest-eeze, Plus Peanut Butter Basted, Manufactured by: Salix Animal Health, LLC Deerfield Beach, FL, packaged in 1) 2 count 7'' roll packages, UPC 0 91093 28725 6; 2) 2 count 8'' roll packages, UPC 0 91093 28728 7;","Not dog or cat food",https://www.accessdata.fda.gov/scripts/ires/?Product=156424
77441,156425,2017-07-11,"Spectrum Brands Inc","Digest-eeze, Plus Pork & Beef, Manufactured by: Salix Animal Health, LLC Deerfield Beach, FL, packaged in 20 count 5'' twist packages, UPC 0 91093 28710 2;","Not dog or cat food",https://www.accessdata.fda.gov/scripts/ires/?Product=156425
77441,156733,2017-07-11,"Spectrum Brands Inc","Priority, Munchy Strips Beef Basted, Distributed by: Lucerne North America LLC Pleasanton, CA 94566-0009, packaged in 50 count packages, UPC 21130422111;","Not dog or cat food",https://www.accessdata.fda.gov/scripts/ires/?Product=156733
76466,153278,2017-07-18,"AGAINST THE GRAIN","Against the Grain PULLED BEEF with Gravy. Slow Simmered, Grain Free. NET WT. 12 OZ","Not dog or cat food",https://www.accessdata.fda.gov/scripts/ires/?Product=153278
77385,155902,2017-08-08,"Bayer Health Care LLC","CYDECTIN (moxidectin) Injectable Solution for Beef and Nonlactating Dairy Cattle, Antiparasitic. Sterile. Contains 10 mg moxidectin/mL (5,000 mg/500 mL). Contents 500 mL. Manufactured for: Boehringer Ingelheim Vetmedica, Inc., St. Joseph, MO 64506 USA","Animal drug, device or non-food product",https://www.accessdata.fda.gov/scripts/ires/?Product=155902
77339,155786,2017-08-11,"MORTON SALT INC","Morton Salt with YPS, 50 lb. bag, ): Low-density polyethylene form fill and seal bag","Not dog or cat food",https://www.accessdata.fda.gov/scripts/ires/?Product=155786
77910,158194,2017-08-11,"MedPark Pharmacy, LLC","cyclosporine 1%","Recalled by an animal-drug maker or pharmacy",https://www.accessdata.fda.gov/scripts/ires/?Product=158194
77386,155903,2017-08-14,"Ceva Animal Health, LLC","Hyliderm + PS Mousse, Phytosphingosine salicyloyl 0.05%, Net Contents: 6.8 FL OZ (200 mL). NDC: 13744-127-01","Animal drug, device or non-food product",https://www.accessdata.fda.gov/scripts/ires/?Product=155903
77386,156062,2017-08-14,"Ceva Animal Health, LLC","Henry Schein, PhytoVet EFA Mousse, Phytosphingosine 0.05%, Net Contents: 6.8 FL OZ (200 mL). Manufactured for Sogeval Laboratories, Inc., Irving, TX 75038. NDC: 11695-7200-1","Animal drug, device or non-food product",https://www.accessdata.fda.gov/scripts/ires/?Product=156062
77395,155931,2017-08-17,"Bayer Health Care LLC","BAYER Droncit (praziquantel), Feline Cestocide Tablets, 23mg tablets [50 count and 150 count]. Sold to veterinarians only. Bayer HealthCare LLC, Animal Health Division Shawnee Mission, Kansas 66201, USA","Animal drug, device or non-food product",https://www.accessdata.fda.gov/scripts/ires/?Product=155931
77937,158272,2017-08-21,"Puget Sound Drug Corporation dba Key Pharmacy and Compounding Center","CYCLOSPORIN (VET) *CORN OIL* 1% Ophthalmic solution, 1%, RX only, 15mL Plastic/Multiple Dose vial","Animal drug, device or non-food product",https://www.accessdata.fda.gov/scripts/ires/?Product=158272
77118,154989,2017-09-07,"Party Animal Inc.","Cocolicious Beef and Turkey, Size: 13 ounce cans","Not dog or cat food",https://www.accessdata.fda.gov/scripts/ires/?Product=154989
77118,154990,2017-09-07,"Party Animal Inc.","Cocolicious Chicken and Beef, Size: 13 ounce cans","Not dog or cat food",https://www.accessdata.fda.gov/scripts/ires/?Product=154990
78056,158574,2017-09-07,"Fallon Wellness Pharmacy, L.L.C.","Cyclosporin 2% Ophthalmic Drops, 15mL bottles","Animal drug, device or non-food product",https://www.accessdata.fda.gov/scripts/ires/?Product=158574
77337,155767,2017-10-13,"ADM Alliance Nutrition, Inc.","81071AZYE4 21% Lamb Creep HE DC , MEDICATED Lamb Feed, Net Weight 50 lb (22.67 kg), packed in poly bag","Animal drug, device or non-food product",https://www.accessdata.fda.gov/scripts/ires/?Product=155767
77407,155959,2017-10-13,"Burkmann Industries Inc.","WCN BALANCER R1400 TZI MEDICATED MIXING MINERAL FOR BEEF CATTLE ON PASTURE NET WT. 50 LB. (22.67 kg) White poly bag Manufactured For: WATSON CATTLE NUTRITION, LLC P O.Box 51613 Bowling Green, Kentucky 42102","Animal drug, device or non-food product",https://www.accessdata.fda.gov/scripts/ires/?Product=155959
78233,158973,2017-10-19,"Huvepharma Inc","Corid (Amprolium), 9.6% Oral Solution, Coccidiostat. Net Contents: 1 gal. (128 fl. oz) (3,785 mL). Distributed By: Merial Limited, 3239 Satellite Blvd., Duluth, GA 30096-4640, USA. NADA: 013-149","Animal drug, device or non-food product",https://www.accessdata.fda.gov/scripts/ires/?Product=158973
78165,158804,2017-10-23,"Hello Life, Inc","Promaxol, [4oz or 32 oz] plastic bottle. Distributed by VETiONX, 4635 40th St. SE, Grand Rapids, MI 49512. NDC: 50364-013-04 (4 oz) and 50364-013-32 (32 oz)","Animal drug, device or non-food product",https://www.accessdata.fda.gov/scripts/ires/?Product=158804
78165,158805,2017-10-23,"Hello Life, Inc","Dia-Ionx, 4 fl oz (118 mL) plastic bottle. Distributed by VETiONX, 4635 40th St. SE, Grand Rapids, MI 49512. NDC: 50364-003-04","Animal drug, device or non-food product",https://www.accessdata.fda.gov/scripts/ires/?Product=158805
78165,158807,2017-10-23,"Hello Life, Inc","Arthro-Ionx, 4 fl oz (118 mL) plastic bottle. Distributed by VETiONX, 4635 40th St. SE, Grand Rapids, MI 49512. NDC: 50364-014-04","Animal drug, device or non-food product",https://www.accessdata.fda.gov/scripts/ires/?Product=158807
77574,156587,2017-11-16,"Vitakraft Sun Seed Inc","DOCTORS FOSTER AND SMITH Premium Blend with Omega-3s MACAW FOOD Net Wt 5 lb (2.3 kg) Manufactured for Foster and Smith, Inc. 2253 Air Park Rd. Rhinelander, WI 54501 UPC 8 25141 58955 5","Not dog or cat food",https://www.accessdata.fda.gov/scripts/ires/?Product=156587
77574,156602,2017-11-16,"Vitakraft Sun Seed Inc","meijer parrot food VITAMIN & MINERAL ENRICHED Net Wt 4 lb (1.81 kg) UPC 7 08820 77713 2; DIST. BY MEIJER DISTRIBUTION, INC. GRAND RAPIDS, MI 49544","Livestock feed or food for other animals",https://www.accessdata.fda.gov/scripts/ires/?Product=156602
77574,156607,2017-11-16,"Vitakraft Sun Seed Inc","National Geographic GUINEA PIG ENTREE Net Wt 4 lb (1.8 kg) UPC 7 37257 49989 8 Dist. by/par: Pacific Coast Distributing, Inc. 19601 N 27th Ave., Phoenix, AZ 85027","Livestock feed or food for other animals",https://www.accessdata.fda.gov/scripts/ires/?Product=156607
77574,156742,2017-11-16,"Vitakraft Sun Seed Inc","National Geographic RABBIT ENTREE DAILY DIET WITH TIMOTHY HAY Net Wt 4 lb (1.8 kg) UPC 7 37257 50019 8 Dist. by/par: Pacific Coast Distributing, Inc. 19601 N 27th Ave., Phoenix, AZ 85027","Livestock feed or food for other animals",https://www.accessdata.fda.gov/scripts/ires/?Product=156742
77574,156743,2017-11-16,"Vitakraft Sun Seed Inc","FRUIT & VEGGIE TREAT (PARROT) Net Wt. 25 LBS UPC 0 87535 10059 7 Vitakraft Sunseed Inc. P.O. Box 33. Bowling Green OH 43402","Livestock feed or food for other animals",https://www.accessdata.fda.gov/scripts/ires/?Product=156743
77574,156744,2017-11-16,"Vitakraft Sun Seed Inc","SUNSEED SUNTHING SPECIAL SunSations with added vitamins and minerals pet rabbit formula NET WT 3.5 LB UPC 0 87535 36056 4 Manufactured by: Vitakraft Sunseed Inc. P.O. Box 33. Bowling Green OH 43402","Livestock feed or food for other animals",https://www.accessdata.fda.gov/scripts/ires/?Product=156744
78348,159286,2017-11-22,"Multi-Kare Inc","Cattle Mineral R, Medicated, Net Wt. 50 lbs., Manufactured for J&D, Inc., 602 B Main Street, Lancester, SC 29720.","Animal drug, device or non-food product",https://www.accessdata.fda.gov/scripts/ires/?Product=159286
78518,159687,2017-11-22,"Farmers Ranchers Coop Assn","Sandhills Select Horse Feed.","Livestock feed or food for other animals",https://www.accessdata.fda.gov/scripts/ires/?Product=159687
78500,159668,2017-11-30,"Cargill, Inc         Corporate Headquarters","Champion's Choice, SELENIUM ""90"" Trace Mineral SALT BLOCK, NET WT 50 LB (22.7 KG), UPC code: 1360001945","Not dog or cat food",https://www.accessdata.fda.gov/scripts/ires/?Product=159668
77795,157916,2017-12-21,"PGG/HSC  Feed Co. LLC","Watson Lamb Supplement, bulk pellets, 2.84 ton net wt. No UPC code. The tag label is read in parts: ""***WATSON LAMB SUPPLEMENT for Growing Sheep*** Bulk or 50 lbs. (22.68 kg) Net Weight***Manufactured By: CHS Inc., Sioux Falls, SD 57107*** www.chsinc.com","Livestock feed or food for other animals",https://www.accessdata.fda.gov/scripts/ires/?Product=157916
78620,159903,2018-01-08,"Kassik Milling Co Inc","Pre-starter 12/15 Complete Pellet with Chlortetracycline and Denagard (Tiamulin); Type C Feed; labeled to contain 400 g CTC and 35 g Tiamulin; packaged in 50 lb. bags.","Not dog or cat food",https://www.accessdata.fda.gov/scripts/ires/?Product=159903
78766,160318,2018-01-11,"Furst McNess Co","Custom Corid 4.54 Add Pak, Medicated, For Beef and Dairy Calves, Amprolium 4.54 g/lb, Product Code No. 603906, Net weight 40 lbs Manufactured by Furst-McNess Company.","Animal drug, device or non-food product",https://www.accessdata.fda.gov/scripts/ires/?Product=160318
79047,161233,2018-02-06,"CHS Nutrition Inc.","BEEF MIX H-1.0, Medicated, Beef Feedlot Cattle Supplement, packaged in 50 lb. bags, no UPC code on label. The product tag is read in parts:""***BEEF MIX H-1.0 MEDICATED***ACTIVE DRUG INGREDIENTS Melengestrol Acetate 0.00022%***INGREDIENTS Processed Grain Byproducts, Roughage Products, Calcium Carbona","Animal drug, device or non-food product",https://www.accessdata.fda.gov/scripts/ires/?Product=161233
77619,156857,2018-02-26,"ADM Alliance Nutrition, Inc.","ADM Animal Nutrition Rough-N-Ready 14 BT Starting and Growing Cattle Feed 54783BHB24, 50 lb. Poly bags (22.67kg)","Livestock feed or food for other animals",https://www.accessdata.fda.gov/scripts/ires/?Product=156857
77837,158019,2018-02-26,"Cache Commodities Incorporated","Gamebird Starter, Medicated, Active Drug Ingredient Amprolium, Net Weight 50 lbs (22.7 kg) poly bags, Product Code CA025","Animal drug, device or non-food product",https://www.accessdata.fda.gov/scripts/ires/?Product=158019
77858,158068,2018-02-26,"ADM Alliance Nutrition, Inc.","ADM Animal Nutrition 54783BHB24 Rough-N-Ready 14 BT packaged in 50 lb. poly bags","Not dog or cat food",https://www.accessdata.fda.gov/scripts/ires/?Product=158068
78598,159856,2018-03-10,"KRS Global Biotechnology, Inc","KRS Global Biotechnology Anastrozole 0.25 mg capsule Each capsule contains: Anastrozole 0.25 mg; Lactose 230 mg Rx Only 791 Park of Commerce Blvd. Boca Raton, FL 33487 P 888-502-2050","Animal drug, device or non-food product",https://www.accessdata.fda.gov/scripts/ires/?Product=159856
78598,159927,2018-03-10,"KRS Global Biotechnology, Inc","KRS Global Biotechnology Piroxicam 1 mg capsule Each capsule contains: Cellulose 63 mg Rx Only 791 Park of Commerce Blvd. Boca Raton, FL 33487 P 888-502-2050","Animal drug, device or non-food product",https://www.accessdata.fda.gov/scripts/ires/?Product=159927
78598,159928,2018-03-10,"KRS Global Biotechnology, Inc","KRS Global Biotechnology Piroxicam 3 mg capsule Each capsule contains: Cellulose 127 mg Rx Only 791 Park of Commerce Blvd. Boca Raton, FL 33487 P 888-502-2050","Animal drug, device or non-food product",https://www.accessdata.fda.gov/scripts/ires/?Product=159928
78598,159929,2018-03-10,"KRS Global Biotechnology, Inc","KRS Global Biotechnology Piroxicam 5 mg capsule Each capsule contains: Piroxiccam 5 mg Microcrystalline Cellulose 125 mg Rx Only 791 Park of Commerce Blvd. Boca Raton, FL 33487 P 888-502-2050","Animal drug, device or non-food product",https://www.accessdata.fda.gov/scripts/ires/?Product=159929
78598,159930,2018-03-10,"KRS Global Biotechnology, Inc","KRS Global Biotechnology Piroxicam 9 mg capsule Each capsule contains: Piroxiccam 9 mg Microcrystalline Cellulose 121 mg Rx Only 791 Park of Commerce Blvd. Boca Raton, FL 33487 P 888-502-2050","Animal drug, device or non-food product",https://www.accessdata.fda.gov/scripts/ires/?Product=159930
78598,159931,2018-03-10,"KRS Global Biotechnology, Inc","KRS Global Biotechnology Cyclophosphamide, Compounded 5 mg capsule Rx Only 791 Park of Commerce Blvd. Boca Raton, FL 33487 P 888-502-2050","Animal drug, device or non-food product",https://www.accessdata.fda.gov/scripts/ires/?Product=159931
78598,159932,2018-03-10,"KRS Global Biotechnology, Inc","KRS Global Biotechnology Cyclophosphamide, Compounded 10 mg capsule Rx Only 791 Park of Commerce Blvd. Boca Raton, FL 33487 P 888-502-2050","Animal drug, device or non-food product",https://www.accessdata.fda.gov/scripts/ires/?Product=159932
78598,159933,2018-03-10,"KRS Global Biotechnology, Inc","KRS Global Biotechnology Cyclophosphamide, Compounded 15 mg capsule Rx Only 791 Park of Commerce Blvd. Boca Raton, FL 33487 P 888-502-2050","Animal drug, device or non-food product",https://www.accessdata.fda.gov/scripts/ires/?Product=159933
78598,159934,2018-03-10,"KRS Global Biotechnology, Inc","KRS Global Biotechnology Cyclophosphamide, Compounded 25 mg capsule Rx Only 791 Park of Commerce Blvd. Boca Raton, FL 33487 P 888-502-2050","Animal drug, device or non-food product",https://www.accessdata.fda.gov/scripts/ires/?Product=159934
78598,159935,2018-03-10,"KRS Global Biotechnology, Inc","KRS Global Biotechnology Cyclophosphamide, Compounded 50 mg capsule Rx Only 791 Park of Commerce Blvd. Boca Raton, FL 33487 P 888-502-2050","Animal drug, device or non-food product",https://www.accessdata.fda.gov/scripts/ires/?Product=159935
78598,159936,2018-03-10,"KRS Global Biotechnology, Inc","KRS Global Biotechnology Lomustine, Compounded 2 mg capsule Rx Only 791 Park of Commerce Blvd. Boca Raton, FL 33487 P 888-502-2050","Animal drug, device or non-food product",https://www.accessdata.fda.gov/scripts/ires/?Product=159936
78598,159937,2018-03-10,"KRS Global Biotechnology, Inc","KRS Global Biotechnology Lomustine, Compounded 2.5 mg capsule Rx Only 791 Park of Commerce Blvd. Boca Raton, FL 33487 P 888-502-2050","Animal drug, device or non-food product",https://www.accessdata.fda.gov/scripts/ires/?Product=159937
78598,159938,2018-03-10,"KRS Global Biotechnology, Inc","KRS Global Biotechnology Lomustine, Compounded 5 mg capsule Rx Only 791 Park of Commerce Blvd. Boca Raton, FL 33487 P 888-502-2050","Animal drug, device or non-food product",https://www.accessdata.fda.gov/scripts/ires/?Product=159938
78598,159939,2018-03-10,"KRS Global Biotechnology, Inc","KRS Global Biotechnology Lomustine, Compounded 7.5 mg capsule Rx Only 791 Park of Commerce Blvd. Boca Raton, FL 33487 P 888-502-2050","Animal drug, device or non-food product",https://www.accessdata.fda.gov/scripts/ires/?Product=159939
78598,159940,2018-03-10,"KRS Global Biotechnology, Inc","KRS Global Biotechnology Lomustine, Compounded 10 mg capsule Rx Only 791 Park of Commerce Blvd. Boca Raton, FL 33487 P 888-502-2050","Animal drug, device or non-food product",https://www.accessdata.fda.gov/scripts/ires/?Product=159940
78598,159941,2018-03-10,"KRS Global Biotechnology, Inc","KRS Global Biotechnology Lomustine, Compounded 15 mg capsule Rx Only 791 Park of Commerce Blvd. Boca Raton, FL 33487 P 888-502-2050","Animal drug, device or non-food product",https://www.accessdata.fda.gov/scripts/ires/?Product=159941
78598,159942,2018-03-10,"KRS Global Biotechnology, Inc","KRS Global Biotechnology Lomustine, Compounded 20 mg capsule Rx Only 791 Park of Commerce Blvd. Boca Raton, FL 33487 P 888-502-2050","Animal drug, device or non-food product",https://www.accessdata.fda.gov/scripts/ires/?Product=159942
78598,159943,2018-03-10,"KRS Global Biotechnology, Inc","KRS Global Biotechnology Lomustine, Compounded 25 mg capsule Rx Only 791 Park of Commerce Blvd. Boca Raton, FL 33487 P 888-502-2050","Animal drug, device or non-food product",https://www.accessdata.fda.gov/scripts/ires/?Product=159943
78598,159944,2018-03-10,"KRS Global Biotechnology, Inc","KRS Global Biotechnology Lomustine, Compounded 30 mg capsule Rx Only 791 Park of Commerce Blvd. Boca Raton, FL 33487 P 888-502-2050","Animal drug, device or non-food product",https://www.accessdata.fda.gov/scripts/ires/?Product=159944
78598,159945,2018-03-10,"KRS Global Biotechnology, Inc","KRS Global Biotechnology Lomustine, Compounded 40 mg capsule Rx Only 791 Park of Commerce Blvd. Boca Raton, FL 33487 P 888-502-2050","Animal drug, device or non-food product",https://www.accessdata.fda.gov/scripts/ires/?Product=159945
78598,159946,2018-03-10,"KRS Global Biotechnology, Inc","KRS Global Biotechnology Lomustine, Compounded 50 mg capsule Rx Only 791 Park of Commerce Blvd. Boca Raton, FL 33487 P 888-502-2050","Animal drug, device or non-food product",https://www.accessdata.fda.gov/scripts/ires/?Product=159946
78598,159947,2018-03-10,"KRS Global Biotechnology, Inc","KRS Global Biotechnology Lomustine, Compounded 60 mg capsule Rx Only 791 Park of Commerce Blvd. Boca Raton, FL 33487 P 888-502-2050","Animal drug, device or non-food product",https://www.accessdata.fda.gov/scripts/ires/?Product=159947
78598,159948,2018-03-10,"KRS Global Biotechnology, Inc","KRS Global Biotechnology Melphalan, Compounded 2 mg capsule Rx Only 791 Park of Commerce Blvd. Boca Raton, FL 33487 P 888-502-2050","Animal drug, device or non-food product",https://www.accessdata.fda.gov/scripts/ires/?Product=159948
78598,159949,2018-03-10,"KRS Global Biotechnology, Inc","KRS Global Biotechnology Melphalan, Compounded 2.5 mg capsule Rx Only 791 Park of Commerce Blvd. Boca Raton, FL 33487 P 888-502-2050","Animal drug, device or non-food product",https://www.accessdata.fda.gov/scripts/ires/?Product=159949
78311,160844,2018-03-13,"Med-Pharmex, Inc.","Sulforal Sulfadimethoxine Antibacterial for use in drinking water, Concentrated Solution 12.5%, 3.75 g Sulfadimethoxine/fluid ounce, Rx, packaged in plastic 1 Gallon (3.8 L) containers, shipped in cardboard boxes of four. Packaged under two Brand names: 1. Sulforal Sulfadimethoxine Antibacterial wit","Animal drug, device or non-food product",https://www.accessdata.fda.gov/scripts/ires/?Product=160844
77952,158321,2018-03-15,"Ridley USA Inc.","RFI Quail Starter 0-6 Weeks, Quail Starter, Hubbard Feeds, Mankato, MN, Delivered in bulk.","Not dog or cat food",https://www.accessdata.fda.gov/scripts/ires/?Product=158321
78057,158577,2018-03-15,"Hartz Mountain Corp.","Wardley Gold Fish Flake 1 ounce (28 grams)","Livestock feed or food for other animals",https://www.accessdata.fda.gov/scripts/ires/?Product=158577
78141,158759,2018-03-15,"Big Gain Wisconsin LLC","Big Gain Wisconsin, 2205, 20% Total Calf B45 Fly, Medicated. For dairy calves from birth to 5 weeks of age. Active Drug Ingredient Lasalocid 45.0 g/ton and Diflubenzuron 4.56 g/ton. Net Wt. Bulk or 50 Lb (22.67 kg). Manufactured by: Big Gain Wisconsin, LLC, W9077 Schutz Rd., Lodi, WI 53555","Animal drug, device or non-food product",https://www.accessdata.fda.gov/scripts/ires/?Product=158759
78492,159656,2018-03-15,"Ridley USA Inc.","BLUE HILL STARTER M.B., AVT90 MEDICATED, Complete Turkey Starter Feed, Product Code: 30816-7; LASALOCID ... 90 g/ton, packaged in bulk, HUBBARD FEEDS, Mankato, MN","Animal drug, device or non-food product",https://www.accessdata.fda.gov/scripts/ires/?Product=159656
78555,159760,2018-03-21,"ELANCO US INC","Galliprant (grapiprant tablets), 20mg, 90 tablets per bottle, (NDC: 86026-001-26), NADA: 141-455. Manufactured for: Aratana Therapuetics, Inc., Leawood, KS 66211. Is potentially packaged in a 60mg/30 tablet carton (NDC: 86026-002-23)","Animal drug, device or non-food product",https://www.accessdata.fda.gov/scripts/ires/?Product=159760
78555,160083,2018-03-21,"ELANCO US INC","Galliprant (grapiprant tablets), 60mg, 30 tablets per bottle, (NDC: 86026-002-23), NADA: 141-455. Manufactured for: Aratana Therapuetics, Inc., Leawood, KS 66211. ***Is potentially packaged in a 100mg/7 tablet carton (NDC: 86026-003-21) OR in a 20mg/90 tablet carton (NDC: 86026-001-26)","Animal drug, device or non-food product",https://www.accessdata.fda.gov/scripts/ires/?Product=160083
79500,162485,2018-03-30,"Cargill, Inc         Corporate Headquarters","Reloader 250 Mineral Bolus. A Vitamin-Mineral Bolus for Beef Cattle. For Ruminants only. 20 Boluses Net wt. 67 oz (1.9 kg), UPC 22304-44851, Twelve 20 count boxes / carton. 40 Boluses Net wt. 134 oz (3.8 kg) UPC 22304-44850, Six 40 count boxes / carton. Manufactured for: Provimi North America, Inc.,","Livestock feed or food for other animals",https://www.accessdata.fda.gov/scripts/ires/?Product=162485
78807,160579,2018-04-27,"Schlotterbeck & Foss Company","MediGel FBZ 4 oz. The cups are inside a cardboard box with protection barrier for sterility.","Not dog or cat food",https://www.accessdata.fda.gov/scripts/ires/?Product=160579
79022,161200,2018-06-06,"NeuroLogica Corporation","PT Electrolyte Test 3V","Not dog or cat food",https://www.accessdata.fda.gov/scripts/ires/?Product=161200
78865,160759,2018-06-28,"Pet Apothecary Llc","Phenobarbital Capsule, 6 MG. The Pet Apothecary, 407 W. Silver Spring Dr., Milwaukee, WI 53217. NDC: 38779-0852-05","Animal drug, device or non-food product",https://www.accessdata.fda.gov/scripts/ires/?Product=160759
79694,163030,2018-06-28,"Furst-McNess Co","Custom Challenger Tri 9-R Medicated Vitamin and Mineral Supplement, Product Code No. 601500, Net Wt 50 lb, Manufactured for Antioch Cake & Mineral Company, Lakeside, NE 69351","Animal drug, device or non-food product",https://www.accessdata.fda.gov/scripts/ires/?Product=163030
79694,164279,2018-06-28,"Furst-McNess Co","Furst-McNess Custom Challenger WR 80 Stage 2-R - 602362 Medicated, A Protein, Vitamin, & Mineral Supplement, Manufactured by Furst-McNess Company Freeport, IL 61032","Animal drug, device or non-food product",https://www.accessdata.fda.gov/scripts/ires/?Product=164279
79694,164280,2018-06-28,"Furst-McNess Co","Furst-McNess Custom Beef Developer-0.35-R-602855 Medicated, A protein, Vitamin & Mineral Supplement, Manufactured by Furst-McNess Company Freeport, IL 61032","Animal drug, device or non-food product",https://www.accessdata.fda.gov/scripts/ires/?Product=164280
79694,164281,2018-06-28,"Furst-McNess Co","Custom Bio-Balancer Developer-R - 603003, Medicated, A mixing vitamin & mineral supplement, Manufactured by Furst-McNess Company Freeport, IL 61032","Animal drug, device or non-food product",https://www.accessdata.fda.gov/scripts/ires/?Product=164281
79694,164282,2018-06-28,"Furst-McNess Co","Custom Co-Product Fortifier 0.5 R300-NS-603102, Medicated, A mixing vitamin & mineral supplement, Manufactured by Furst-McNess Company Freeport, IL 61032","Animal drug, device or non-food product",https://www.accessdata.fda.gov/scripts/ires/?Product=164282
79694,164283,2018-06-28,"Furst-McNess Co","Furst-McNess Maxi-Growth Dairy Heifer Premix-R-1145, Medicated, A mixing vitamin & mineral supplement, Manufactured by Furst-McNess Company Freeport, IL 61032","Animal drug, device or non-food product",https://www.accessdata.fda.gov/scripts/ires/?Product=164283
79694,164363,2018-06-28,"Furst-McNess Co","Furst-McNess Custom Tote Co-Product Fortifier 0.6-Z-R300 - 101779, Medicated, A protein, vitamin & mineral supplement, Manufactured by Furst-McNess Company Freeport, IL 61032","Animal drug, device or non-food product",https://www.accessdata.fda.gov/scripts/ires/?Product=164363
79694,164364,2018-06-28,"Furst-McNess Co","Furst-McNess Custom Tote Beef Developer-R - 102076, Medicated, A mixing, vitamin & mineral supplement, Manufactured by Furst-McNess Company Freeport, IL 61032","Animal drug, device or non-food product",https://www.accessdata.fda.gov/scripts/ires/?Product=164364
79694,164367,2018-06-28,"Furst-McNess Co","Furst-McNess Custom Tote Beef Corn Co-Product Fortifier-AZ-R 103358, Medicated, A mixing, vitamin & mineral supplement, Manufactured by Furst-McNess Company Freeport, IL 61032","Animal drug, device or non-food product",https://www.accessdata.fda.gov/scripts/ires/?Product=164367
79694,164369,2018-06-28,"Furst-McNess Co","Furst-McNess Custom Tote Bova Min 2-T-R 103392, Medicated, A mixing, vitamin & mineral supplement, Manufactured by Furst-McNess Company Freeport, IL 61032","Animal drug, device or non-food product",https://www.accessdata.fda.gov/scripts/ires/?Product=164369
79694,164373,2018-06-28,"Furst-McNess Co","Furst-McNess Custom Tote Bova Min 2-T-R2400 103575, Medicated, A mixing, vitamin & mineral supplement, Manufactured by Furst-McNess Company Freeport, IL 61032","Animal drug, device or non-food product",https://www.accessdata.fda.gov/scripts/ires/?Product=164373
79694,164374,2018-06-28,"Furst-McNess Co","Furst-McNess Custom Tote Beef Developer - 0.35-R 103629, Medicated, A protein, vitamin & mineral supplement, Manufactured by Furst-McNess Company Freeport, IL 61032","Animal drug, device or non-food product",https://www.accessdata.fda.gov/scripts/ires/?Product=164374
79694,164375,2018-06-28,"Furst-McNess Co","Furst-McNess Custom Tote Co-Product Fortifier Premier 0.5-R250 103904, Medicated, A protein, vitamin & mineral supplement, Manufactured by Furst-McNess Company Freeport, IL 61032","Animal drug, device or non-food product",https://www.accessdata.fda.gov/scripts/ires/?Product=164375
79694,164376,2018-06-28,"Furst-McNess Co","Furst-McNess Custom Tote Ruffage-mate 52-R1000 104083, Medicated, A protein, vitamin & mineral supplement, Manufactured by Furst-McNess Company Freeport, IL 61032","Animal drug, device or non-food product",https://www.accessdata.fda.gov/scripts/ires/?Product=164376
79694,164377,2018-06-28,"Furst-McNess Co","Furst-McNess Custom Tote Bova Min 6-YC-R 104084, Medicated, A mixing vitamin & mineral supplement, Manufactured by Furst-McNess Company Freeport, IL 61032","Animal drug, device or non-food product",https://www.accessdata.fda.gov/scripts/ires/?Product=164377
79694,164378,2018-06-28,"Furst-McNess Co","Furst-McNess Custom Tote Co-Product 0.5-R250-MOS - 104103, Medicated, A mixing vitamin & mineral supplement, Manufactured by Furst-McNess Company Freeport, IL 61032","Animal drug, device or non-food product",https://www.accessdata.fda.gov/scripts/ires/?Product=164378
79694,164379,2018-06-28,"Furst-McNess Co","Furst-McNess Custom Tote Co-Product 0.5-R250-156231, Medicated, A mixing vitamin & mineral supplement, Manufactured by Furst-McNess Company Freeport, IL 61032","Animal drug, device or non-food product",https://www.accessdata.fda.gov/scripts/ires/?Product=164379
79694,164380,2018-06-28,"Furst-McNess Co","Furst-McNess Custom Tote Co-Product 0.5-R250-156231, Medicated, A mixing vitamin & mineral supplement, Manufactured by Furst-McNess Company Freeport, IL 61032","Animal drug, device or non-food product",https://www.accessdata.fda.gov/scripts/ires/?Product=164380
79694,164381,2018-06-28,"Furst-McNess Co","Furst-McNess Custom Tote Co-Product Fortifier 0.5-R300-156241, Medicated, A mixing vitamin & mineral supplement, Manufactured by Furst-McNess Company Freeport, IL 61032","Animal drug, device or non-food product",https://www.accessdata.fda.gov/scripts/ires/?Product=164381
79694,164382,2018-06-28,"Furst-McNess Co","Furst-McNess Custom Bova Min 2-T-R-510245, Medicated, A mixing vitamin & mineral supplement, Manufactured by Furst-McNess Company Freeport, IL 61032","Animal drug, device or non-food product",https://www.accessdata.fda.gov/scripts/ires/?Product=164382
79694,164383,2018-06-28,"Furst-McNess Co","Furst-McNess Co-Product Developer-R-551141, Medicated, A mixing vitamin & mineral supplement, Manufactured by Furst-McNess Company Freeport, IL 61032","Animal drug, device or non-food product",https://www.accessdata.fda.gov/scripts/ires/?Product=164383
79694,164384,2018-06-28,"Furst-McNess Co","Furst-McNess Custom Beef Grower/feedlot Mineral-R-552140, Medicated, A mixing vitamin & mineral supplement, Manufactured by Furst-McNess Company Freeport, IL 61032","Animal drug, device or non-food product",https://www.accessdata.fda.gov/scripts/ires/?Product=164384
79694,164385,2018-06-28,"Furst-McNess Co","Furst-McNess Beef Balancer-R-554141, Medicated, A protein, vitamin & mineral supplement, Manufactured by Furst-McNess Company Freeport, IL 61032","Animal drug, device or non-food product",https://www.accessdata.fda.gov/scripts/ires/?Product=164385
79694,164386,2018-06-28,"Furst-McNess Co","Furst-McNess Co-Product Fortifier 0.5-R250 556131, Medicated, A mixing vitamin & mineral supplement, Manufactured by Furst-McNess Company Freeport, IL 61032","Animal drug, device or non-food product",https://www.accessdata.fda.gov/scripts/ires/?Product=164386
79694,164387,2018-06-28,"Furst-McNess Co","Furst-McNess Bulk Co-Product Fortifier 0.5-R250 556231, Medicated, A mixing vitamin & mineral supplement, Manufactured by Furst-McNess Company Freeport, IL 61032","Animal drug, device or non-food product",https://www.accessdata.fda.gov/scripts/ires/?Product=164387
79694,164388,2018-06-28,"Furst-McNess Co","Furst-McNess Bulk Co-Product Fortifier 0.5-R300 556341, Medicated, A protein, vitamin & mineral supplement, Manufactured by Furst-McNess Company Freeport, IL 61032","Animal drug, device or non-food product",https://www.accessdata.fda.gov/scripts/ires/?Product=164388
79694,164389,2018-06-28,"Furst-McNess Co","Furst-McNess Custom Beef Feedlot Premix 0.5-R300 601121, Medicated, A protein, vitamin & mineral supplement, Manufactured by Furst-McNess Company Freeport, IL 61032","Animal drug, device or non-food product",https://www.accessdata.fda.gov/scripts/ires/?Product=164389
79694,164390,2018-06-28,"Furst-McNess Co","Furst-McNess Custom Bulk Co-Product Fortifier 0.5-R250 - 601218, Medicated, A mixing vitamin & mineral supplement, Manufactured by Furst-McNess Company Freeport, IL 61032","Animal drug, device or non-food product",https://www.accessdata.fda.gov/scripts/ires/?Product=164390
79694,164391,2018-06-28,"Furst-McNess Co","Furst-McNess Custom Corn Co-Product Fortifier-R - 601253, Medicated, A mixing vitamin & mineral supplement, Manufactured by Furst-McNess Company Freeport, IL 61032","Animal drug, device or non-food product",https://www.accessdata.fda.gov/scripts/ires/?Product=164391
79694,164392,2018-06-28,"Furst-McNess Co","Furst-McNess Custom Ruffage Mate 52-R - 601615, Medicated, A protein, vitamin & mineral supplement, Manufactured by Furst-McNess Company Freeport, IL 61032","Animal drug, device or non-food product",https://www.accessdata.fda.gov/scripts/ires/?Product=164392
79694,164393,2018-06-28,"Furst-McNess Co","Furst-McNess Custom Bulk Co-Product Fortifier 0.6-Z-R300- 601779, Medicated, A protein, vitamin & mineral supplement, Manufactured by Furst-McNess Company Freeport, IL 61032","Animal drug, device or non-food product",https://www.accessdata.fda.gov/scripts/ires/?Product=164393
79694,164395,2018-06-28,"Furst-McNess Co","Furst-McNess Custom Bulk Co-Product Fortifier 0.5-R300TY-Z- 601841, Medicated, A protein, vitamin & mineral supplement, Manufactured by Furst-McNess Company Freeport, IL 61032","Animal drug, device or non-food product",https://www.accessdata.fda.gov/scripts/ires/?Product=164395
79694,164396,2018-06-28,"Furst-McNess Co","Furst-McNess Custom Bova Breeder 9-R- 601918, Medicated, A protein, vitamin & mineral supplement, Manufactured by Furst-McNess Company Freeport, IL 61032","Animal drug, device or non-food product",https://www.accessdata.fda.gov/scripts/ires/?Product=164396
79694,164397,2018-06-28,"Furst-McNess Co","Furst-McNess Custom Corn Co-Product Fortifier-0.6-Z-R- 601935, Medicated, A protein, vitamin & mineral supplement, Manufactured by Furst-McNess Company Freeport, IL 61032","Animal drug, device or non-food product",https://www.accessdata.fda.gov/scripts/ires/?Product=164397
79694,164399,2018-06-28,"Furst-McNess Co","Furst-McNess Custom Bulk Co-Product Fortifier 0.5-R300-Z- 602054, Medicated, A mixing vitamin & mineral supplement, Manufactured by Furst-McNess Company Freeport, IL 61032","Animal drug, device or non-food product",https://www.accessdata.fda.gov/scripts/ires/?Product=164399
79694,164400,2018-06-28,"Furst-McNess Co","Furst-McNess Custom Bulk Beef Developer-R- 602076, Medicated, A mixing vitamin & mineral supplement, Manufactured by Furst-McNess Company Freeport, IL 61032","Animal drug, device or non-food product",https://www.accessdata.fda.gov/scripts/ires/?Product=164400
79694,164401,2018-06-28,"Furst-McNess Co","Furst-McNess Beef Developer-R- 602096, Medicated, A mixing vitamin & mineral supplement, Manufactured by Furst-McNess Company Freeport, IL 61032","Animal drug, device or non-food product",https://www.accessdata.fda.gov/scripts/ires/?Product=164401
79694,164402,2018-06-28,"Furst-McNess Co","Furst-McNess Custom Dairy Blend-R- 602241, Medicated, A protein, vitamin & mineral supplement, Manufactured by Furst-McNess Company Freeport, IL 61032","Animal drug, device or non-food product",https://www.accessdata.fda.gov/scripts/ires/?Product=164402
79694,164403,2018-06-28,"Furst-McNess Co","Furst-McNess Custom Beef Range Mineral (NS)-R- 602317, Medicated, A mixing, vitamin & mineral supplement, Manufactured by Furst-McNess Company Freeport, IL 61032","Animal drug, device or non-food product",https://www.accessdata.fda.gov/scripts/ires/?Product=164403
79694,164404,2018-06-28,"Furst-McNess Co","Furst-McNess Custom Beef Mineral -ZnCu-R- 602333, Medicated, A mixing, vitamin & mineral supplement, Manufactured by Furst-McNess Company Freeport, IL 61032","Animal drug, device or non-food product",https://www.accessdata.fda.gov/scripts/ires/?Product=164404
79694,164405,2018-06-28,"Furst-McNess Co","Furst-McNess Custom Beef Developer-R - 602508, Medicated, A mixing vitamin & mineral supplement, Manufactured by Furst-McNess Company Freeport, IL 61032","Animal drug, device or non-food product",https://www.accessdata.fda.gov/scripts/ires/?Product=164405
79694,164406,2018-06-28,"Furst-McNess Co","Furst-McNess Custom Bulk Beef Developer-R-NS- 602679, Medicated, A mixing vitamin & mineral supplement, Manufactured by Furst-McNess Company Freeport, IL 61032","Animal drug, device or non-food product",https://www.accessdata.fda.gov/scripts/ires/?Product=164406
79694,164407,2018-06-28,"Furst-McNess Co","Furst-McNess Custom Bulk Range Mineral-R- 602737, Medicated, A mixing vitamin & mineral supplement, Manufactured by Furst-McNess Company Freeport, IL 61032","Animal drug, device or non-food product",https://www.accessdata.fda.gov/scripts/ires/?Product=164407
79694,164408,2018-06-28,"Furst-McNess Co","Furst-McNess Custom Beef Range Mineral-NS-6 P-R- 602807, Medicated, A mixing vitamin & mineral supplement, Manufactured by Furst-McNess Company Freeport, IL 61032","Animal drug, device or non-food product",https://www.accessdata.fda.gov/scripts/ires/?Product=164408
79694,164409,2018-06-28,"Furst-McNess Co","Furst-McNess Custom Grassland Yearling Mineral-R- 602883, Medicated, A mixing vitamin & mineral supplement, Manufactured by Furst-McNess Company Freeport, IL 61032","Animal drug, device or non-food product",https://www.accessdata.fda.gov/scripts/ires/?Product=164409
79694,164410,2018-06-28,"Furst-McNess Co","Furst-McNess Custom Ruffage Mate 52-MG-R- 602889, Medicated, A protein, vitamin & mineral supplement, Manufactured by Furst-McNess Company Freeport, IL 61032","Animal drug, device or non-food product",https://www.accessdata.fda.gov/scripts/ires/?Product=164410
79694,164411,2018-06-28,"Furst-McNess Co","Furst-McNess Custom Bulk Co-product Fortifier-R- 602973, Medicated, A protein, vitamin & mineral supplement, Manufactured by Furst-McNess Company Freeport, IL 61032","Animal drug, device or non-food product",https://www.accessdata.fda.gov/scripts/ires/?Product=164411
79694,164412,2018-06-28,"Furst-McNess Co","Furst-McNess Custom Bova Min 2-R- 603076, Medicated, A mixing vitamin & mineral supplement, Manufactured by Furst-McNess Company Freeport, IL 61032","Animal drug, device or non-food product",https://www.accessdata.fda.gov/scripts/ires/?Product=164412
79694,164413,2018-06-28,"Furst-McNess Co","Furst-McNess Custom Ruffage Mat R-800-w/o PHOS- 603111, Medicated, A protein, vitamin & mineral supplement, Manufactured by Furst-McNess Company Freeport, IL 61032","Animal drug, device or non-food product",https://www.accessdata.fda.gov/scripts/ires/?Product=164413
79694,164414,2018-06-28,"Furst-McNess Co","Furst-McNess Custom Ruffage Mate 48-R-Buffer- 603221, Medicated, A protein, vitamin & mineral supplement, Manufactured by Furst-McNess Company Freeport, IL 61032","Animal drug, device or non-food product",https://www.accessdata.fda.gov/scripts/ires/?Product=164414
79694,164415,2018-06-28,"Furst-McNess Co","Furst-McNess Custom Bova Min 6-R- 603274, Medicated, A mixing vitamin & mineral supplement, Manufactured by Furst-McNess Company Freeport, IL 61032","Animal drug, device or non-food product",https://www.accessdata.fda.gov/scripts/ires/?Product=164415
79694,164416,2018-06-28,"Furst-McNess Co","Furst-McNess Custom Corn Co-product Fortifier 0.5-R-Rabon- 603312, Medicated, A mixing vitamin & mineral supplement, Manufactured by Furst-McNess Company Freeport, IL 61032","Animal drug, device or non-food product",https://www.accessdata.fda.gov/scripts/ires/?Product=164416
79694,164417,2018-06-28,"Furst-McNess Co","Furst-McNess Custom Bulk Beef Developer-R-0.3- 603371, Medicated, A protein, vitamin & mineral supplement, Manufactured by Furst-McNess Company Freeport, IL 61032","Animal drug, device or non-food product",https://www.accessdata.fda.gov/scripts/ires/?Product=164417
79694,164418,2018-06-28,"Furst-McNess Co","Furst-McNess Custom Bova Min 2-R-T-MOS- 603407, Medicated, A mixing vitamin & mineral supplement, Manufactured by Furst-McNess Company Freeport, IL 61032","Animal drug, device or non-food product",https://www.accessdata.fda.gov/scripts/ires/?Product=164418
79694,164419,2018-06-28,"Furst-McNess Co","Furst-McNess Custom Breeder V & M Mix-R- 603624, Medicated, A mixing vitamin & mineral supplement, Manufactured by Furst-McNess Company Freeport, IL 61032","Animal drug, device or non-food product",https://www.accessdata.fda.gov/scripts/ires/?Product=164419
79694,164421,2018-06-28,"Furst-McNess Co","Furst-McNess Custom Bulk Beef Developer-0.35-R- 603629, Medicated, A mixing vitamin & mineral supplement, Manufactured by Furst-McNess Company Freeport, IL 61032","Animal drug, device or non-food product",https://www.accessdata.fda.gov/scripts/ires/?Product=164421
79694,164423,2018-06-28,"Furst-McNess Co","Furst-McNess Custom Co-product Fortifier-0.5-NS-R- 603638, Medicated, A mixing vitamin & mineral supplement, Manufactured by Furst-McNess Company Freeport, IL 61032","Animal drug, device or non-food product",https://www.accessdata.fda.gov/scripts/ires/?Product=164423
79694,164424,2018-06-28,"Furst-McNess Co","Furst-McNess Custom Co-product Fortifier-0.5-R300-AF- 603738, Medicated, A mixing vitamin & mineral supplement, Manufactured by Furst-McNess Company Freeport, IL 61032","Animal drug, device or non-food product",https://www.accessdata.fda.gov/scripts/ires/?Product=164424
79694,164426,2018-06-28,"Furst-McNess Co","Furst-McNess Custom Beef Range Mineral-NS-MAG-6 P-R- 603822, Medicated, A mixing vitamin & mineral supplement, Manufactured by Furst-McNess Company Freeport, IL 61032","Animal drug, device or non-food product",https://www.accessdata.fda.gov/scripts/ires/?Product=164426
79694,164429,2018-06-28,"Furst-McNess Co","Furst-McNess Bulk Co-product Fortifier Premier 0.5-R250- 603904, Medicated, A mixing vitamin & mineral supplement, Manufactured by Furst-McNess Company Freeport, IL 61032","Animal drug, device or non-food product",https://www.accessdata.fda.gov/scripts/ires/?Product=164429
79694,164431,2018-06-28,"Furst-McNess Co","Furst-McNess Bulk Co-product Fortifier 0.5-R373-Z- 603939, Medicated, A mixing vitamin & mineral supplement, Manufactured by Furst-McNess Company Freeport, IL 61032","Animal drug, device or non-food product",https://www.accessdata.fda.gov/scripts/ires/?Product=164431
79694,164432,2018-06-28,"Furst-McNess Co","Furst-McNess Custom Beef Developer-R-0.3- 603946, Medicated, A protein, vitamin & mineral supplement, Manufactured by Furst-McNess Company Freeport, IL 61032","Animal drug, device or non-food product",https://www.accessdata.fda.gov/scripts/ires/?Product=164432
79694,164433,2018-06-28,"Furst-McNess Co","Furst-McNess Custom Co-Product Fortifier 0.5-NS-R-Z- 604024, Medicated, A mixing vitamin & mineral supplement, Manufactured by Furst-McNess Company Freeport, IL 61032","Animal drug, device or non-food product",https://www.accessdata.fda.gov/scripts/ires/?Product=164433
79694,164434,2018-06-28,"Furst-McNess Co","Furst-McNess Custom Co-Product Fortifier 0.5-NS-R-OPT-Z- 604043, Medicated, A mixing vitamin & mineral supplement, Manufactured by Furst-McNess Company Freeport, IL 61032","Animal drug, device or non-food product",https://www.accessdata.fda.gov/scripts/ires/?Product=164434
79694,164435,2018-06-28,"Furst-McNess Co","Furst-McNess Custom Beef Developer-R- 604063, Medicated, A mixing vitamin & mineral supplement, Manufactured by Furst-McNess Company Freeport, IL 61032","Animal drug, device or non-food product",https://www.accessdata.fda.gov/scripts/ires/?Product=164435
79694,164437,2018-06-28,"Furst-McNess Co","Furst-McNess Custom Ruffage Mate 52 Step 1.5-R- 604075, Medicated, A protein, vitamin & mineral supplement, Manufactured by Furst-McNess Company Freeport, IL 61032","Animal drug, device or non-food product",https://www.accessdata.fda.gov/scripts/ires/?Product=164437
79694,164439,2018-06-28,"Furst-McNess Co","Furst-McNess Custom Bova Min 2-T-R2400-AZ 604082, Medicated, A mixing vitamin & mineral supplement, Manufactured by Furst-McNess Company Freeport, IL 61032","Animal drug, device or non-food product",https://www.accessdata.fda.gov/scripts/ires/?Product=164439
79694,164440,2018-06-28,"Furst-McNess Co","Furst-McNess Custom Bulk Co-Product Fortifier Premier 0.5-R250-MOS- 604103, Medicated, A mixing vitamin & mineral supplement, Manufactured by Furst-McNess Company Freeport, IL 61032","Animal drug, device or non-food product",https://www.accessdata.fda.gov/scripts/ires/?Product=164440
79694,164441,2018-06-28,"Furst-McNess Co","Furst-McNess Custom Ruffage Mate 52 Step 1.5-MAG-R- 604129, Medicated, A protein, vitamin & mineral supplement, Manufactured by Furst-McNess Company Freeport, IL 61032","Animal drug, device or non-food product",https://www.accessdata.fda.gov/scripts/ires/?Product=164441
79694,164442,2018-06-28,"Furst-McNess Co","Furst-McNess Custom Bova Min 6-R-X- 604160, Medicated, A mixing vitamin & mineral supplement, Manufactured by Furst-McNess Company Freeport, IL 61032","Animal drug, device or non-food product",https://www.accessdata.fda.gov/scripts/ires/?Product=164442
79694,164443,2018-06-28,"Furst-McNess Co","Furst-McNess Custom Ruffage-Mate 52-AF-R1000- 604209, Medicated, A protein, vitamin & mineral supplement, Manufactured by Furst-McNess Company Freeport, IL 61032","Animal drug, device or non-food product",https://www.accessdata.fda.gov/scripts/ires/?Product=164443
79694,164444,2018-06-28,"Furst-McNess Co","Furst-McNess Custom Beef Starter-R- 604213, Medicated, A mixing vitamin & mineral supplement, Manufactured by Furst-McNess Company Freeport, IL 61032","Animal drug, device or non-food product",https://www.accessdata.fda.gov/scripts/ires/?Product=164444
79694,164445,2018-06-28,"Furst-McNess Co","Furst-McNess Custom Beef VTM-R- 604218, Medicated, A protein, vitamin & mineral supplement, Manufactured by Furst-McNess Company Freeport, IL 61032","Animal drug, device or non-food product",https://www.accessdata.fda.gov/scripts/ires/?Product=164445
79694,164446,2018-06-28,"Furst-McNess Co","Furst-McNess Custom Ruffage Mate 35-R-Buffer- 604233, Medicated, A protein, vitamin & mineral supplement, Manufactured by Furst-McNess Company Freeport, IL 61032","Animal drug, device or non-food product",https://www.accessdata.fda.gov/scripts/ires/?Product=164446
79694,164448,2018-06-28,"Furst-McNess Co","Furst-McNess Custom Premier Bova MIN 6-R-AF- 604240, Medicated, A mixing vitamin & mineral supplement, Manufactured by Furst-McNess Company Freeport, IL 61032","Animal drug, device or non-food product",https://www.accessdata.fda.gov/scripts/ires/?Product=164448
79694,164449,2018-06-28,"Furst-McNess Co","Furst-McNess Custom Premier Bova MIN 6-R-AF-MAG- 604241, Medicated, A mixing vitamin & mineral supplement, Manufactured by Furst-McNess Company Freeport, IL 61032","Animal drug, device or non-food product",https://www.accessdata.fda.gov/scripts/ires/?Product=164449
79694,164450,2018-06-28,"Furst-McNess Co","Furst-McNess Custom SSNS Ruffage Mate 52-R- 604246, Medicated, A protein, vitamin & mineral supplement, Manufactured by Furst-McNess Company Freeport, IL 61032","Animal drug, device or non-food product",https://www.accessdata.fda.gov/scripts/ires/?Product=164450
79694,164451,2018-06-28,"Furst-McNess Co","Furst-McNess Custom Ruffage Mate 52 STEP 1.5 Premier-R- 604251, Medicated, A protein, vitamin & mineral supplement, Manufactured by Furst-McNess Company Freeport, IL 61032","Animal drug, device or non-food product",https://www.accessdata.fda.gov/scripts/ires/?Product=164451
79694,164452,2018-06-28,"Furst-McNess Co","Furst-McNess Custom Bova Breeder Premier 6-AVAILA 4-R- 604274, Medicated, A mixing vitamin & mineral supplement, Manufactured by Furst-McNess Company Freeport, IL 61032","Animal drug, device or non-food product",https://www.accessdata.fda.gov/scripts/ires/?Product=164452
79694,164453,2018-06-28,"Furst-McNess Co","Furst-McNess Custom Bova MIN 2-T-AF-R- 604275, Medicated, A mixing vitamin & mineral supplement, Manufactured by Furst-McNess Company Freeport, IL 61032","Animal drug, device or non-food product",https://www.accessdata.fda.gov/scripts/ires/?Product=164453
79694,164454,2018-06-28,"Furst-McNess Co","Furst-McNess Custom Bova Breeder 9-R YC20- 604281, Medicated, A mixing vitamin & mineral supplement, Manufactured by Furst-McNess Company Freeport, IL 61032","Animal drug, device or non-food product",https://www.accessdata.fda.gov/scripts/ires/?Product=164454
79694,164459,2018-06-28,"Furst-McNess Co","Furst-McNess Custom Co-product Fort 0.6-NS-R-Z- 604282, Medicated, A mixing vitamin & mineral supplement, Manufactured by Furst-McNess Company Freeport, IL 61032","Animal drug, device or non-food product",https://www.accessdata.fda.gov/scripts/ires/?Product=164459
79694,164460,2018-06-28,"Furst-McNess Co","Furst-McNess Custom Balancer PAK-R- 6491, Medicated, A vitamin & mineral supplement, Manufactured by Furst-McNess Company Freeport, IL 61032","Animal drug, device or non-food product",https://www.accessdata.fda.gov/scripts/ires/?Product=164460
79694,164461,2018-06-28,"Furst-McNess Co","Furst-McNess Custom Tote Dairy Blend-R-Yell- 101915, Medicated, A vitamin & mineral supplement, Manufactured by Furst-McNess Company Freeport, IL 61032","Animal drug, device or non-food product",https://www.accessdata.fda.gov/scripts/ires/?Product=164461
79694,164462,2018-06-28,"Furst-McNess Co","Furst-McNess Custom Tote Dairy Blend-R- 102691, Medicated, A protein, vitamin & mineral supplement, Manufactured by Furst-McNess Company Freeport, IL 61032","Animal drug, device or non-food product",https://www.accessdata.fda.gov/scripts/ires/?Product=164462
79694,164463,2018-06-28,"Furst-McNess Co","Furst-McNess Custom Tote Heifer MIN-R-Valley View- 102957, Medicated, A mixing vitamin & mineral supplement, Manufactured by Furst-McNess Company Freeport, IL 61032","Animal drug, device or non-food product",https://www.accessdata.fda.gov/scripts/ires/?Product=164463
79694,164464,2018-06-28,"Furst-McNess Co","Furst-McNess Custom Tote Dairy Premix-R- 103232, Medicated, A protein, vitamin & mineral supplement, Manufactured by Furst-McNess Company Freeport, IL 61032","Animal drug, device or non-food product",https://www.accessdata.fda.gov/scripts/ires/?Product=164464
79694,164465,2018-06-28,"Furst-McNess Co","Furst-McNess Custom Tote Lactation Mineral-R-Valley View 103348, Medicated, A protein, vitamin & mineral supplement, Manufactured by Furst-McNess Company Freeport, IL 61032","Animal drug, device or non-food product",https://www.accessdata.fda.gov/scripts/ires/?Product=164465
79694,164466,2018-06-28,"Furst-McNess Co","Furst-McNess Custom Tote Dairy Blend-R-Rabon-103363, Medicated, A protein, vitamin & mineral supplement, Manufactured by Furst-McNess Company Freeport, IL 61032","Animal drug, device or non-food product",https://www.accessdata.fda.gov/scripts/ires/?Product=164466
79694,164467,2018-06-28,"Furst-McNess Co","Furst-McNess Custom Tote Dairy Blend BM-R-103909, Medicated, A vitamin & mineral supplement, Manufactured by Furst-McNess Company Freeport, IL 61032","Animal drug, device or non-food product",https://www.accessdata.fda.gov/scripts/ires/?Product=164467
79694,164468,2018-06-28,"Furst-McNess Co","Furst-McNess Custom Tote Co-product Fortifier 0.5-R300-Rabon-104004, Medicated, A mixing vitamin & mineral supplement, Manufactured by Furst-McNess Company Freeport, IL 61032","Animal drug, device or non-food product",https://www.accessdata.fda.gov/scripts/ires/?Product=164468
79694,164469,2018-06-28,"Furst-McNess Co","Furst-McNess Custom Tote Ultimate Force Fortifier-R- 187141, Medicated, A mixing vitamin & mineral supplement, Manufactured by Furst-McNess Company Freeport, IL 61032","Animal drug, device or non-food product",https://www.accessdata.fda.gov/scripts/ires/?Product=164469
79694,164470,2018-06-28,"Furst-McNess Co","Furst-McNess Dry Cow 20-R- 210242, Medicated, A vitamin & mineral supplement, Manufactured by Furst-McNess Company Freeport, IL 61032","Animal drug, device or non-food product",https://www.accessdata.fda.gov/scripts/ires/?Product=164470
79694,164471,2018-06-28,"Furst-McNess Co","Furst-McNess Transition Dairy PMX Plus-R- 212440, Medicated, A protein, vitamin & mineral supplement, Manufactured by Furst-McNess Company Freeport, IL 61032","Animal drug, device or non-food product",https://www.accessdata.fda.gov/scripts/ires/?Product=164471
79694,164472,2018-06-28,"Furst-McNess Co","Furst-McNess Ultimate Force Premier Fortifier-R- 587041, Medicated, A mixing, vitamin & mineral supplement, Manufactured by Furst-McNess Company Freeport, IL 61032","Animal drug, device or non-food product",https://www.accessdata.fda.gov/scripts/ires/?Product=164472
79694,164473,2018-06-28,"Furst-McNess Co","Furst-McNess Ultimate Force Premier Fortifier-R- 587041B, Medicated, A mixing, vitamin & mineral supplement, Manufactured by Furst-McNess Company Freeport, IL 61032","Animal drug, device or non-food product",https://www.accessdata.fda.gov/scripts/ires/?Product=164473
79694,164474,2018-06-28,"Furst-McNess Co","Furst-McNess Custom Beef Premix-R- 601486, Medicated, A protein, vitamin & mineral supplement, Manufactured by Furst-McNess Company Freeport, IL 61032","Animal drug, device or non-food product",https://www.accessdata.fda.gov/scripts/ires/?Product=164474
79694,164475,2018-06-28,"Furst-McNess Co","Furst-McNess Custom Dairy Blend-R- 602143, Medicated, A vitamin & mineral supplement, Manufactured by Furst-McNess Company Freeport, IL 61032","Animal drug, device or non-food product",https://www.accessdata.fda.gov/scripts/ires/?Product=164475
79694,164476,2018-06-28,"Furst-McNess Co","Furst-McNess Custom Sumption Bull & Heifer Developer-R- 602149, Medicated, A protein, vitamin & mineral supplement, Manufactured by Furst-McNess Company Freeport, IL 61032","Animal drug, device or non-food product",https://www.accessdata.fda.gov/scripts/ires/?Product=164476
79694,164477,2018-06-28,"Furst-McNess Co","Furst-McNess Custom Dairy Balancer Pak-R- 602259, Medicated, A vitamin & mineral supplement, Manufactured by Furst-McNess Company Freeport, IL 61032","Animal drug, device or non-food product",https://www.accessdata.fda.gov/scripts/ires/?Product=164477
79694,164478,2018-06-28,"Furst-McNess Co","Furst-McNess Custom Beef Premix -R- 602465, Medicated, A mixing vitamin & mineral supplement, Manufactured by Furst-McNess Company Freeport, IL 61032","Animal drug, device or non-food product",https://www.accessdata.fda.gov/scripts/ires/?Product=164478
79694,164479,2018-06-28,"Furst-McNess Co","Furst-McNess Custom Bulk Balancer PAK 17-0 MS-R- 602485, Medicated, A vitamin & mineral supplement, Manufactured by Furst-McNess Company Freeport, IL 61032","Animal drug, device or non-food product",https://www.accessdata.fda.gov/scripts/ires/?Product=164479
79694,164480,2018-06-28,"Furst-McNess Co","Furst-McNess Custom Beef Developer-R- 602672, Medicated, A mixing vitamin & mineral supplement, Manufactured by Furst-McNess Company Freeport, IL 61032","Animal drug, device or non-food product",https://www.accessdata.fda.gov/scripts/ires/?Product=164480
79694,164481,2018-06-28,"Furst-McNess Co","Furst-McNess Custom Bulk Beef Mineral-R-AF-Bieber- 602730, Medicated, A mixing vitamin & mineral supplement, Manufactured by Furst-McNess Company Freeport, IL 61032","Animal drug, device or non-food product",https://www.accessdata.fda.gov/scripts/ires/?Product=164481
79694,164482,2018-06-28,"Furst-McNess Co","Furst-McNess Custom Beef Balancer 80-R- 602759, Medicated, A protein, vitamin & mineral supplement, Manufactured by Furst-McNess Company Freeport, IL 61032","Animal drug, device or non-food product",https://www.accessdata.fda.gov/scripts/ires/?Product=164482
79694,164483,2018-06-28,"Furst-McNess Co","Furst-McNess Custom Corn Co-product-R- 602782, Medicated, A mixing vitamin & mineral supplement, Manufactured by Furst-McNess Company Freeport, IL 61032","Animal drug, device or non-food product",https://www.accessdata.fda.gov/scripts/ires/?Product=164483
79694,164484,2018-06-28,"Furst-McNess Co","Furst-McNess Custom Dairy Heifer Premix-R- 602941, Medicated, A vitamin & mineral supplement, Manufactured by Furst-McNess Company Freeport, IL 61032","Animal drug, device or non-food product",https://www.accessdata.fda.gov/scripts/ires/?Product=164484
79694,164485,2018-06-28,"Furst-McNess Co","Furst-McNess Custom Bulk Terwilliger 0.33 R-1200 Mineral-NS- 602960, Medicated, A protein, vitamin & mineral supplement, Manufactured by Furst-McNess Company Freeport, IL 61032","Animal drug, device or non-food product",https://www.accessdata.fda.gov/scripts/ires/?Product=164485
79694,164486,2018-06-28,"Furst-McNess Co","Furst-McNess Custom Breeder Vit & Min Mix-6-R- 603097, Medicated, A mixing vitamin & mineral supplement, Manufactured by Furst-McNess Company Freeport, IL 61032","Animal drug, device or non-food product",https://www.accessdata.fda.gov/scripts/ires/?Product=164486
79694,164490,2018-06-28,"Furst-McNess Co","Furst-McNess Custom Bulk Dairy Balancer PAK-R-Equalize- 603115, Medicated, A vitamin & mineral supplement, Manufactured by Furst-McNess Company Freeport, IL 61032","Animal drug, device or non-food product",https://www.accessdata.fda.gov/scripts/ires/?Product=164490
79694,164491,2018-06-28,"Furst-McNess Co","Furst-McNess Custom HH Beef VTM-R- 603169, Medicated, A mixing vitamin & mineral supplement, Manufactured by Furst-McNess Company Freeport, IL 61032","Animal drug, device or non-food product",https://www.accessdata.fda.gov/scripts/ires/?Product=164491
79694,164492,2018-06-28,"Furst-McNess Co","Furst-McNess Custom Hagel HH Beef Mineral-R- 603187, Medicated, A mixing vitamin & mineral supplement, Manufactured by Furst-McNess Company Freeport, IL 61032","Animal drug, device or non-food product",https://www.accessdata.fda.gov/scripts/ires/?Product=164492
79694,164493,2018-06-28,"Furst-McNess Co","Furst-McNess Custom Bova Min 9-R-MOS- 603261, Medicated, A mixing vitamin & mineral supplement, Manufactured by Furst-McNess Company Freeport, IL 61032","Animal drug, device or non-food product",https://www.accessdata.fda.gov/scripts/ires/?Product=164493
79694,164494,2018-06-28,"Furst-McNess Co","Furst-McNess Custom Cu Mineral-R Valley View- 603350, Medicated, A protein, mixing vitamin & mineral supplement, Manufactured by Furst-McNess Company Freeport, IL 61032","Animal drug, device or non-food product",https://www.accessdata.fda.gov/scripts/ires/?Product=164494
79694,164495,2018-06-28,"Furst-McNess Co","Furst-McNess Custom Dairy Balancer PAK 15-3 MS-R- 603465, Medicated, A mixing vitamin & mineral supplement, Manufactured by Furst-McNess Company Freeport, IL 61032","Animal drug, device or non-food product",https://www.accessdata.fda.gov/scripts/ires/?Product=164495
79694,164496,2018-06-28,"Furst-McNess Co","Furst-McNess Custom Beef Premix-R-Altosid- 603647, Medicated, A mixing vitamin & mineral supplement, Manufactured by Furst-McNess Company Freeport, IL 61032","Animal drug, device or non-food product",https://www.accessdata.fda.gov/scripts/ires/?Product=164496
79694,164497,2018-06-28,"Furst-McNess Co","Furst-McNess Custom Bulk Co-product Fortifier 0.5-R300-Zn- 603703, Medicated, A mixing vitamin & mineral supplement, Manufactured by Furst-McNess Company Freeport, IL 61032","Animal drug, device or non-food product",https://www.accessdata.fda.gov/scripts/ires/?Product=164497
79694,164498,2018-06-28,"Furst-McNess Co","Furst-McNess Custom Ruminant 200-Z-I-R- 603710, Medicated, A mixing vitamin & mineral supplement, Manufactured by Furst-McNess Company Freeport, IL 61032","Animal drug, device or non-food product",https://www.accessdata.fda.gov/scripts/ires/?Product=164498
79694,164499,2018-06-28,"Furst-McNess Co","Furst-McNess Custom Bova Beef Mineral 6-R-Z-X- 603739, Medicated, A mixing vitamin & mineral supplement, Manufactured by Furst-McNess Company Freeport, IL 61032","Animal drug, device or non-food product",https://www.accessdata.fda.gov/scripts/ires/?Product=164499
79694,164500,2018-06-28,"Furst-McNess Co","Furst-McNess Custom Dairy Balancer PAK 25-R- 603768, Medicated, A protein, vitamin & mineral supplement, Manufactured by Furst-McNess Company Freeport, IL 61032","Animal drug, device or non-food product",https://www.accessdata.fda.gov/scripts/ires/?Product=164500
79694,164502,2018-06-28,"Furst-McNess Co","Furst-McNess Custom Bulk Co-product Fortifier 0.5-R-YC- 603812, Medicated, A mixing vitamin & mineral supplement, Manufactured by Furst-McNess Company Freeport, IL 61032","Animal drug, device or non-food product",https://www.accessdata.fda.gov/scripts/ires/?Product=164502
79694,164503,2018-06-28,"Furst-McNess Co","Furst-McNess Custom Co-product Developer-R- 603918, Medicated, A mixing vitamin & mineral supplement, Manufactured by Furst-McNess Company Freeport, IL 61032","Animal drug, device or non-food product",https://www.accessdata.fda.gov/scripts/ires/?Product=164503
79694,164504,2018-06-28,"Furst-McNess Co","Furst-McNess Custom Pekarek Beef Developer-R- 603930, Medicated, A protein, vitamin & mineral supplement, Manufactured by Furst-McNess Company Freeport, IL 61032","Animal drug, device or non-food product",https://www.accessdata.fda.gov/scripts/ires/?Product=164504
79694,164505,2018-06-28,"Furst-McNess Co","Furst-McNess Custom Co-product Fortifier 0.5-AF-R- 603940, Medicated, A mixing vitamin & mineral supplement, Manufactured by Furst-McNess Company Freeport, IL 61032","Animal drug, device or non-food product",https://www.accessdata.fda.gov/scripts/ires/?Product=164505
79694,164506,2018-06-28,"Furst-McNess Co","Furst-McNess Custom Dairy Heifer Premix-R-Urea- 603948, Medicated, A protein, vitamin & mineral supplement, Manufactured by Furst-McNess Company Freeport, IL 61032","Animal drug, device or non-food product",https://www.accessdata.fda.gov/scripts/ires/?Product=164506
79694,164507,2018-06-28,"Furst-McNess Co","Furst-McNess Custom Co-Product Fortifier-R- 603965, Medicated, A mixing vitamin & mineral supplement, Manufactured by Furst-McNess Company Freeport, IL 61032","Animal drug, device or non-food product",https://www.accessdata.fda.gov/scripts/ires/?Product=164507
79694,164508,2018-06-28,"Furst-McNess Co","Furst-McNess Custom Dairy Premix-R-Fly 604032, Medicated, A vitamin & mineral supplement, Manufactured by Furst-McNess Company Freeport, IL 61032","Animal drug, device or non-food product",https://www.accessdata.fda.gov/scripts/ires/?Product=164508
79694,164510,2018-06-28,"Furst-McNess Co","Furst-McNess Custom Ultimate Force Premier Fort-R-Heat 604036, Medicated, A mixing vitamin & mineral supplement, Manufactured by Furst-McNess Company Freeport, IL 61032","Animal drug, device or non-food product",https://www.accessdata.fda.gov/scripts/ires/?Product=164510
79694,164511,2018-06-28,"Furst-McNess Co","Furst-McNess Custom Co-Product Fortifier 0.4-R325- 604055, Medicated, A mixing vitamin & mineral supplement, Manufactured by Furst-McNess Company Freeport, IL 61032","Animal drug, device or non-food product",https://www.accessdata.fda.gov/scripts/ires/?Product=164511
79694,164512,2018-06-28,"Furst-McNess Co","Furst-McNess Custom Dairy Blend-Equalize-R- 604065, Medicated, A protein, vitamin & mineral supplement, Manufactured by Furst-McNess Company Freeport, IL 61032","Animal drug, device or non-food product",https://www.accessdata.fda.gov/scripts/ires/?Product=164512
79694,164513,2018-06-28,"Furst-McNess Co","Furst-McNess Custom Bulk Chapman Dairy Base-R- 604076, Medicated, A protein, vitamin & mineral supplement, Manufactured by Furst-McNess Company Freeport, IL 61032","Animal drug, device or non-food product",https://www.accessdata.fda.gov/scripts/ires/?Product=164513
79694,164514,2018-06-28,"Furst-McNess Co","Furst-McNess Custom Co-Product Fortifier 0.5-R300-Fly- 604167, Medicated, A mixing vitamin & mineral supplement, Manufactured by Furst-McNess Company Freeport, IL 61032","Animal drug, device or non-food product",https://www.accessdata.fda.gov/scripts/ires/?Product=164514
79694,164515,2018-06-28,"Furst-McNess Co","Furst-McNess Custom Force Premier Mate 52-R- 604206, Medicated, A protein, vitamin & mineral supplement, Manufactured by Furst-McNess Company Freeport, IL 61032","Animal drug, device or non-food product",https://www.accessdata.fda.gov/scripts/ires/?Product=164515
79694,164516,2018-06-28,"Furst-McNess Co","Furst-McNess Custom Transition Dairy PMX EQ Plus-R- 604207, Medicated, A protein, vitamin & mineral supplement, Manufactured by Furst-McNess Company Freeport, IL 61032","Animal drug, device or non-food product",https://www.accessdata.fda.gov/scripts/ires/?Product=164516
79694,164517,2018-06-28,"Furst-McNess Co","Furst-McNess Custom Close-up Mineral-R-Animate- 604217, Medicated, A protein, vitamin & mineral supplement, Manufactured by Furst-McNess Company Freeport, IL 61032","Animal drug, device or non-food product",https://www.accessdata.fda.gov/scripts/ires/?Product=164517
79694,164518,2018-06-28,"Furst-McNess Co","Furst-McNess Custom Ultimate Force Premier Fort-R-YC- 604221, Medicated, A mixing vitamin & mineral supplement, Manufactured by Furst-McNess Company Freeport, IL 61032","Animal drug, device or non-food product",https://www.accessdata.fda.gov/scripts/ires/?Product=164518
79694,164519,2018-06-28,"Furst-McNess Co","Furst-McNess Custom Ultimate Force Premier Fort-R-YC-15- 604230, Medicated, A mixing vitamin & mineral supplement, Manufactured by Furst-McNess Company Freeport, IL 61032","Animal drug, device or non-food product",https://www.accessdata.fda.gov/scripts/ires/?Product=164519
79694,164520,2018-06-28,"Furst-McNess Co","Furst-McNess Custom Dairy Blend-R- 604234, Medicated, A vitamin & mineral supplement, Manufactured by Furst-McNess Company Freeport, IL 61032","Animal drug, device or non-food product",https://www.accessdata.fda.gov/scripts/ires/?Product=164520
79694,164522,2018-06-28,"Furst-McNess Co","Furst-McNess Custom Beef Mineral-ZnCu-R-12% Salt- 604236, Medicated, A mixing vitamin & mineral supplement, Manufactured by Furst-McNess Company Freeport, IL 61032","Animal drug, device or non-food product",https://www.accessdata.fda.gov/scripts/ires/?Product=164522
79694,164523,2018-06-28,"Furst-McNess Co","Furst-McNess Custom Beef Mineral-R-AF-Bieber- 604257, Medicated, A protein, vitamin & mineral supplement, Manufactured by Furst-McNess Company Freeport, IL 61032","Animal drug, device or non-food product",https://www.accessdata.fda.gov/scripts/ires/?Product=164523
79694,164524,2018-06-28,"Furst-McNess Co","Furst-McNess Custom Feedlot Heifer Premix R-NS- 604261, Medicated, A mixing vitamin & mineral supplement, Manufactured by Furst-McNess Company Freeport, IL 61032","Animal drug, device or non-food product",https://www.accessdata.fda.gov/scripts/ires/?Product=164524
79694,164525,2018-06-28,"Furst-McNess Co","Furst-McNess Custom Bulk Co-Product Fortifier 0.5-R300-Zn-YC- 604266, Medicated, A mixing vitamin & mineral supplement, Manufactured by Furst-McNess Company Freeport, IL 61032","Animal drug, device or non-food product",https://www.accessdata.fda.gov/scripts/ires/?Product=164525
79694,164526,2018-06-28,"Furst-McNess Co","Furst-McNess Custom Bulk Co-Product Fortifier 0.5-YC- 604267, Medicated, A mixing vitamin & mineral supplement, Manufactured by Furst-McNess Company Freeport, IL 61032","Animal drug, device or non-food product",https://www.accessdata.fda.gov/scripts/ires/?Product=164526
79694,164527,2018-06-28,"Furst-McNess Co","Furst-McNess Custom Bulk Ultimate Force Premier Fortifier-R-YC- 604268, Medicated, A mixing vitamin & mineral supplement, Manufactured by Furst-McNess Company Freeport, IL 61032","Animal drug, device or non-food product",https://www.accessdata.fda.gov/scripts/ires/?Product=164527
79694,164528,2018-06-28,"Furst-McNess Co","Furst-McNess Custom Bulk Ultimate Force Premier Fort-R-YC-15 604272, Medicated, A mixing vitamin & mineral supplement, Manufactured by Furst-McNess Company Freeport, IL 61032","Animal drug, device or non-food product",https://www.accessdata.fda.gov/scripts/ires/?Product=164528
79694,164529,2018-06-28,"Furst-McNess Co","Furst-McNess Custom Co-Product Fortifier 0.5-R300-YC- 604273, Medicated, A mixing vitamin & mineral supplement, Manufactured by Furst-McNess Company Freeport, IL 61032","Animal drug, device or non-food product",https://www.accessdata.fda.gov/scripts/ires/?Product=164529
79694,164530,2018-06-28,"Furst-McNess Co","Furst-McNess Custom Co-Product Fort 0.5-R300-YC20- 604280, Medicated, A mixing vitamin & mineral supplement, Manufactured by Furst-McNess Company Freeport, IL 61032","Animal drug, device or non-food product",https://www.accessdata.fda.gov/scripts/ires/?Product=164530
79694,164538,2018-06-28,"Furst-McNess Co","Furst-McNess Custom Bulk Ultimate Force Premier Fortifier-R- 587141, Medicated, A mixing vitamin & mineral supplement, Manufactured by Furst-McNess Company Freeport, IL 61032","Animal drug, device or non-food product",https://www.accessdata.fda.gov/scripts/ires/?Product=164538
79694,164539,2018-06-28,"Furst-McNess Co","Furst-McNess Custom Tote Dairy Blend-R-Rabon 103463, Medicated, A protein, vitamin & mineral supplement, Manufactured by Furst-McNess Company Freeport, IL 61032","Animal drug, device or non-food product",https://www.accessdata.fda.gov/scripts/ires/?Product=164539
79081,161302,2018-06-29,"Phibro Animal Health Corporation","Phibro Nicarb 25% (nicarbazin) Type A Medicated Article Net Wt 50 lb. (22.68) Distributed by: Phibro Animal Health Corporation Teaneck, NJ 07666 NDC 66104-8200-0","Animal drug, device or non-food product",https://www.accessdata.fda.gov/scripts/ires/?Product=161302
80170,164765,2018-07-05,"Farmers Ranchers Coop Assn","Western Choice, Pig Grow/Finish 95 PLT, Manufactured for Farmers Coop, Gordon, NE, 50 lb Net Weight","Not dog or cat food",https://www.accessdata.fda.gov/scripts/ires/?Product=164765
80054,164296,2018-07-19,"CHS Nutrition Inc.","BEEF MIX H-1.0, brand name Payback, Medicated, Beef Feedlot Cattle Supplement, packaged in 50 lb. bags, no UPC code on label. The product tag is read in parts:""***BEEF MIX H-1.0 MEDICATED***ACTIVE DRUG INGREDIENTS Melengestrol Acetate 0.00022%***INGREDIENTS Processed Grain Byproducts, Roughage Produ","Animal drug, device or non-food product",https://www.accessdata.fda.gov/scripts/ires/?Product=164296
79270,161799,2018-07-25,"CHS, Inc.","F856 AKEY Turkey 6 Pellet, and Medicated Bulk turkey feed , Active Drug Ingredient Bambermycins, 2.0 g/ton","Animal drug, device or non-food product",https://www.accessdata.fda.gov/scripts/ires/?Product=161799
79270,162440,2018-07-25,"CHS, Inc.","CHS Inc. F854 AKEY Turkey 4 Pellet, Medicated Bulk turkey Active Drug Ingredient Bacitracin Methylene Disalicylate 50 g/ton and Monensin as Monensin Sodium 63 g/ton","Animal drug, device or non-food product",https://www.accessdata.fda.gov/scripts/ires/?Product=162440
79270,162441,2018-07-25,"CHS, Inc.","CHS Inc. F852 AKEY Turkey 2 Crumble, Medicated Bulk turkey Active Drug Ingredient Bacitracin Methylene Disalicylate 50 g/ton and Monensin as Monensin Sodium 72 g/ton","Animal drug, device or non-food product",https://www.accessdata.fda.gov/scripts/ires/?Product=162441
79270,162442,2018-07-25,"CHS, Inc.","CHS Inc. F864 AKEY Turkey 4 Pellet, Medicated Bulk turkey Active Drug Ingredient Bacitracin Methylene Disalicylate 50 g/ton and Monensin as Monensin Sodium 63 g/ton","Animal drug, device or non-food product",https://www.accessdata.fda.gov/scripts/ires/?Product=162442
79270,162443,2018-07-25,"CHS, Inc.","CHS Inc. F854S AKEY Turkey 5 Pellet with Safeguard, Medicated Bulk turkey Active Drug Ingredient Fenbendazole 14.49 g/ton","Animal drug, device or non-food product",https://www.accessdata.fda.gov/scripts/ires/?Product=162443
79270,162444,2018-07-25,"CHS, Inc.","CHS Inc. F857 AKEY Turkey 7 Pellet, and Medicated Bulk turkey feed , Active Drug Ingredient Bambermycins, 2.0 g/ton","Animal drug, device or non-food product",https://www.accessdata.fda.gov/scripts/ires/?Product=162444
79270,162445,2018-07-25,"CHS, Inc.","CHS Inc. F855 AKEY Turkey 5 Pellet, and Medicated Bulk turkey feed , Active Drug Ingredient Bambermycins, 2.0 g/ton","Animal drug, device or non-food product",https://www.accessdata.fda.gov/scripts/ires/?Product=162445
79270,162448,2018-07-25,"CHS, Inc.","CHS Inc. F851V Akey Turkey 1 Crumble Vaccination, Bulk turkey feed","Not dog or cat food",https://www.accessdata.fda.gov/scripts/ires/?Product=162448
79270,162449,2018-07-25,"CHS, Inc.","CHS Inc. F941 Akey Turkey 1 Crumble , Bulk Medicated turkey feed with Active Drug Ingredient Bacitracin Methylene Disalicyate 50 g/ton and Monensin as Monensin Sodium 72 g/ton","Animal drug, device or non-food product",https://www.accessdata.fda.gov/scripts/ires/?Product=162449
79270,162450,2018-07-25,"CHS, Inc.","CHS Inc. F943 Akey Turkey 3 Crumble , Bulk Medicated turkey feed with Active Drug Ingredient Bacitracin Methylene Disalicyate 50 g/ton and Monensin as Monensin Sodium 63 g/ton","Animal drug, device or non-food product",https://www.accessdata.fda.gov/scripts/ires/?Product=162450
79270,162451,2018-07-25,"CHS, Inc.","CHS Inc. F947 Akey Turkey 7 Pellet, Bulk Medicated turkey feed with Active Drug Ingredient Bambermycins 2.0 g/ton","Animal drug, device or non-food product",https://www.accessdata.fda.gov/scripts/ires/?Product=162451
79270,162452,2018-07-25,"CHS, Inc.","CHS Inc. F824 4T Grower Number 2 Pellets W RSP","Not dog or cat food",https://www.accessdata.fda.gov/scripts/ires/?Product=162452
79782,163427,2018-07-25,"CHS, Inc.","PHASE 6 LAY 22.5# MEAL, Bulk Poultry Layer Feed","Livestock feed or food for other animals",https://www.accessdata.fda.gov/scripts/ires/?Product=163427
79782,163651,2018-07-25,"CHS, Inc.","PHASE1LAY17.5# MEAL, Bulk Poultry Layer Feed","Livestock feed or food for other animals",https://www.accessdata.fda.gov/scripts/ires/?Product=163651
79782,163653,2018-07-25,"CHS, Inc.","PHASE 1 LAY 175# MEAL, Bulk Poultry Layer Feed","Livestock feed or food for other animals",https://www.accessdata.fda.gov/scripts/ires/?Product=163653
79782,163654,2018-07-25,"CHS, Inc.","PHASE 2 LAY 21.0 MEAL, Bulk Poultry Layer Feed","Livestock feed or food for other animals",https://www.accessdata.fda.gov/scripts/ires/?Product=163654
79782,163655,2018-07-25,"CHS, Inc.","PHASE2 LAY 220 MEAL, Bulk Poultry Layer Feed","Livestock feed or food for other animals",https://www.accessdata.fda.gov/scripts/ires/?Product=163655
79782,163657,2018-07-25,"CHS, Inc.","PHASE 4 LAY 230# MEAL, Bulk Poultry Layer Feed","Livestock feed or food for other animals",https://www.accessdata.fda.gov/scripts/ires/?Product=163657
79782,163658,2018-07-25,"CHS, Inc.","PHASE 4 LAY 240# MEAL, Bulk Poultry Layer Feed","Livestock feed or food for other animals",https://www.accessdata.fda.gov/scripts/ires/?Product=163658
80325,165202,2018-08-01,"Smiths Medical ASD Inc.","SurgiVet Advisor Monitor Vital Signs Monitor System, Models V9200P, V9201P, V9204, V9204EU, and V9204UK. (The model number differences designate whether certain functions have been installed.)","Not dog or cat food",https://www.accessdata.fda.gov/scripts/ires/?Product=165202
80792,166464,2018-08-27,"Ranier's Compounding Laboratory","0.03% Tacrolimus Ophthalmic drops, packaged in a 5 mL sterile droptainer","Animal drug, device or non-food product",https://www.accessdata.fda.gov/scripts/ires/?Product=166464
80792,166466,2018-08-27,"Ranier's Compounding Laboratory","1 % Cyclosporine Ophthalmic drops, packaged in 5 mL or 10 mL sterile droptainers","Animal drug, device or non-food product",https://www.accessdata.fda.gov/scripts/ires/?Product=166466
80817,166596,2018-09-18,"Med-Pharmex, Inc.","Mometavet Otic Suspension 15g bottle, 7.5 g bottle and 30 g bottle, polyethylene bottles in paper boxes, packed in paper cartons, shipped in cardboard boxes. Labeler- Med-Pharmex, Inc: Mometavet Otic Suspension Labeler - Patterson Veterinary: PattOtic Otic Suspension Labeler - Vedco: Malmetazone Oti","Animal drug, device or non-food product",https://www.accessdata.fda.gov/scripts/ires/?Product=166596
80929,167035,2018-09-18,"Bimeda, Inc.","Griseofulvin Powder (microsize) For Oral Use In Horses, packaged in pre-printed pouches with Net Weight of 15 grams and Product No. 1GRI001 Contains 2.5 g Active Ingredient, Bimeda, Inc, One Tower Lane, Oakbrook Terrace, IL 60181. NDC: 61133-5434-1","Animal drug, device or non-food product",https://www.accessdata.fda.gov/scripts/ires/?Product=167035
80974,167160,2018-10-01,"CHS  Farmers Alliance","Van Vuuren #4 Chicken Layer Feed","Livestock feed or food for other animals",https://www.accessdata.fda.gov/scripts/ires/?Product=167160
78709,160229,2018-10-22,"Alabama Farmers Cooperative Inc.","FORMAX ALL STOCK14% 50 lb bag Ingredients Processed Grain By-Products, Roughage Products, Calcium Carbonate, Salt, Ferrous Sulfate, Manganese Oxide, Zinc Oxide, Copper Sulfate, Sodium Selenite, Manganese Sulfate, Calcium Iodate, Cobalt Carbonate, Mineral Oil, Kaolin, Vitamin A Supplement, Vitamin D3","Not dog or cat food",https://www.accessdata.fda.gov/scripts/ires/?Product=160229
78945,160941,2018-10-22,JustFoodForDogs,"JustFoodForDogs Turducken: USDA Certified Ground Turney, USDA Certified Ground Duck Breast, USDA Certified Ground Chicken Thigh; Butternut squash, Green Beans, Safflower Oil. 14 and 72 oz. packages, frozen Turducken 14oz (UPC 799471558010); Turducken 72oz (UPC 799471558034). JustFoodForDogs, Los Ala","Not dog or cat food",https://www.accessdata.fda.gov/scripts/ires/?Product=160941
78945,160942,2018-10-22,JustFoodForDogs,"JustFoodForDogs Beef and Russet Potato; USDA certified lean ground beef, russet potatoes, sweet potatoes, carrots, green beans, USDA certified beef liver, green peas, apples, Safflower oil, Premium EPA/DHA. 7, 18 and 72 oz. packages, frozen; 7oz (UPC 799471556665); 18oz (UPC 799471556641); 72oz (UPC","Not dog or cat food",https://www.accessdata.fda.gov/scripts/ires/?Product=160942
78945,160943,2018-10-22,JustFoodForDogs,"JustFoodForDogs Fish and Sweet Potato; Wild Caught Pacific Cod; Sweet Potatoes, Russet Potatoes, Green Beans, Broccoli, Safflower oil. Sold in 7, 18 and 72 oz. packages, frozen. 7oz (UPC 799471556726); 18oz (UPC 799471556702); 72oz (UPC 799471556788) JustFoodForDogs Los Alamitos, CA","Livestock feed or food for other animals",https://www.accessdata.fda.gov/scripts/ires/?Product=160943
79137,161440,2018-10-30,"Cargill, Inc. dba Cargill Feed and Nutrition","Bulk Pelleted Cattle Feed - Genetic Expression 14% Jumpstart (BVT) Medicated; Active Drug Ingredient: Lasalocid 40.00g/ton","Animal drug, device or non-food product",https://www.accessdata.fda.gov/scripts/ires/?Product=161440
79330,162044,2018-11-01,"Carnivore Meat Company, LLC","Vital Essentials Freeze-Dried Beef Nibblets. Purely raw. Instinctively healthy. Net Wt. 1 lb. (452g) UPC 33211-00894, Product # 3894. Carnivore Meat Company LLC, PO Box 9227, Green Bay, WI 54308.","Not dog or cat food",https://www.accessdata.fda.gov/scripts/ires/?Product=162044
79832,163697,2018-11-01,"Vitakraft Sun Seed Inc","Sunseed Vita Prima Exotics Sugar Glider Formula, 28oz bag UPC 0 87535 20060 0","Not dog or cat food",https://www.accessdata.fda.gov/scripts/ires/?Product=163697
79949,164016,2018-11-01,"Mercer Milling Co. Inc.","CCF LEWIS MARTIN O LACT MIN, Net Weight 50 lbs. (22.67 kg) CCFOLMAR, vitamin and mineral premix for lactating dairy cattle feed","Livestock feed or food for other animals",https://www.accessdata.fda.gov/scripts/ires/?Product=164016
81298,168167,2018-12-17,"NORBROOK INC","300 Pro LA (oxytetracycline injection), 300 mg/mL, [100, 250 or 500 mL] per vial, Distributed by: Norbrook, Inc., Lenexa, KS 66219, NADA 141-143","Animal drug, device or non-food product",https://www.accessdata.fda.gov/scripts/ires/?Product=168167
81298,168181,2018-12-17,"NORBROOK INC","Noromycin 300LA (oxytetracycline injection), 300 mg/mL, [100, 250 or 500 mL] per vial, Distributed by: Norbrook, Inc., Lenexa, KS 66219, NADA 141-143","Animal drug, device or non-food product",https://www.accessdata.fda.gov/scripts/ires/?Product=168181
80152,164688,2019-02-11,"Merrick Pet Care","Castor & Pollux Good Buddy Prime Patties Real Beef 4 oz. packaged in a plastic pouch 6 per case","Not dog or cat food",https://www.accessdata.fda.gov/scripts/ires/?Product=164688
80152,164689,2019-02-11,"Merrick Pet Care","Castor & Pollux Good Buddy Sausage Cuts Real Beef 5 oz. packaged in a plastic pouch 6 per case","Not dog or cat food",https://www.accessdata.fda.gov/scripts/ires/?Product=164689
80152,164691,2019-02-11,"Merrick Pet Care","Merrick Backcountry Great Plains Real Beef Sausage Cuts 5 oz. packaged in a plastic pouch 6 per case","Not dog or cat food",https://www.accessdata.fda.gov/scripts/ires/?Product=164691
80152,164692,2019-02-11,"Merrick Pet Care","Merrick Backcountry Great Plains Real Steak Patties 4 oz. packaged in a plastic pouch 6 per case","Not dog or cat food",https://www.accessdata.fda.gov/scripts/ires/?Product=164692
81368,168386,2019-02-11,"Pet Apothecary Llc","Tacrolimus MCT 0.03% Drops, Rx Only, The Pet Apothecary, 407 W. Silver Spring Dr., Milwaukee, WI 53217","Animal drug, device or non-food product",https://www.accessdata.fda.gov/scripts/ires/?Product=168386
81368,168387,2019-02-11,"Pet Apothecary Llc","Tacrolimus MCT 0.1% Drops, Rx Only, The Pet Apothecary, 407 W. Silver Spring Dr., Milwaukee, WI 53217","Animal drug, device or non-food product",https://www.accessdata.fda.gov/scripts/ires/?Product=168387
81368,169555,2019-02-11,"Pet Apothecary Llc","Tacrolimus MCT 0.05% Drops, Rx Only, The Pet Apothecary, 407 W. Silver Spring Dr., Milwaukee, WI 53217","Animal drug, device or non-food product",https://www.accessdata.fda.gov/scripts/ires/?Product=169555
81368,169558,2019-02-11,"Pet Apothecary Llc","Tacrolimus MCT 0.02% Drops, Rx Only, The Pet Apothecary, 407 W. Silver Spring Dr., Milwaukee, WI 53217","Animal drug, device or non-food product",https://www.accessdata.fda.gov/scripts/ires/?Product=169558
81368,169560,2019-02-11,"Pet Apothecary Llc","Tacrolimus canola 0.03% Drops, Rx Only, The Pet Apothecary, 407 W. Silver Spring Dr., Milwaukee, WI 53217","Animal drug, device or non-food product",https://www.accessdata.fda.gov/scripts/ires/?Product=169560
81368,169806,2019-02-11,"Pet Apothecary Llc","Tacrolimus canola 0.02% Drops, Rx Only, The Pet Apothecary, 407 W. Silver Spring Dr., Milwaukee, WI 53217","Animal drug, device or non-food product",https://www.accessdata.fda.gov/scripts/ires/?Product=169806
81368,169807,2019-02-11,"Pet Apothecary Llc","Tacrolimus GTT 0.03% AQ Drops, Rx Only, The Pet Apothecary, 407 W. Silver Spring Dr., Milwaukee, WI 53217","Animal drug, device or non-food product",https://www.accessdata.fda.gov/scripts/ires/?Product=169807
81368,169808,2019-02-11,"Pet Apothecary Llc","Tacrolimus GTT 1% AQ Drops, Rx Only, The Pet Apothecary, 407 W. Silver Spring Dr., Milwaukee, WI 53217","Animal drug, device or non-food product",https://www.accessdata.fda.gov/scripts/ires/?Product=169808
81368,169809,2019-02-11,"Pet Apothecary Llc","Tacrolimus GTT 0.03% AQ PF Drops, Rx Only, The Pet Apothecary, 407 W. Silver Spring Dr., Milwaukee, WI 53217","Animal drug, device or non-food product",https://www.accessdata.fda.gov/scripts/ires/?Product=169809
81368,169811,2019-02-11,"Pet Apothecary Llc","Tacrolimus OO (Ophthalmic Ointment) 0.03%, Rx Only, The Pet Apothecary, 407 W. Silver Spring Dr., Milwaukee, WI 53217","Animal drug, device or non-food product",https://www.accessdata.fda.gov/scripts/ires/?Product=169811
81368,169812,2019-02-11,"Pet Apothecary Llc","Tacrolimus GTT 0.02% AQ Drops, Rx Only, The Pet Apothecary, 407 W. Silver Spring Dr., Milwaukee, WI 53217","Animal drug, device or non-food product",https://www.accessdata.fda.gov/scripts/ires/?Product=169812
81368,169813,2019-02-11,"Pet Apothecary Llc","Tacrolimus GTT 0.3% AQ Drops, Rx Only, The Pet Apothecary, 407 W. Silver Spring Dr., Milwaukee, WI 53217","Animal drug, device or non-food product",https://www.accessdata.fda.gov/scripts/ires/?Product=169813
81368,169814,2019-02-11,"Pet Apothecary Llc","Tacrolimus GTT 0.15% AQ PF Drops, Rx Only, The Pet Apothecary, 407 W. Silver Spring Dr., Milwaukee, WI 53217","Animal drug, device or non-food product",https://www.accessdata.fda.gov/scripts/ires/?Product=169814
81368,169815,2019-02-11,"Pet Apothecary Llc","Tacrolimus GTT 0.1% AQ Drops, Rx Only, The Pet Apothecary, 407 W. Silver Spring Dr., Milwaukee, WI 53217","Animal drug, device or non-food product",https://www.accessdata.fda.gov/scripts/ires/?Product=169815
81368,169816,2019-02-11,"Pet Apothecary Llc","Tacrolimus GTT 0.05% AQ Drops, Rx Only, The Pet Apothecary, 407 W. Silver Spring Dr., Milwaukee, WI 53217","Animal drug, device or non-food product",https://www.accessdata.fda.gov/scripts/ires/?Product=169816
81368,169817,2019-02-11,"Pet Apothecary Llc","Tacrolimus Canola 0.10% Drops, Rx Only, The Pet Apothecary, 407 W. Silver Spring Dr., Milwaukee, WI 53217","Animal drug, device or non-food product",https://www.accessdata.fda.gov/scripts/ires/?Product=169817
81368,169818,2019-02-11,"Pet Apothecary Llc","Cyclosporin OO (Ophthalmic Ointment) 1.0%, Rx Only, The Pet Apothecary, 407 W. Silver Spring Dr., Milwaukee, WI 53217","Animal drug, device or non-food product",https://www.accessdata.fda.gov/scripts/ires/?Product=169818
81368,169819,2019-02-11,"Pet Apothecary Llc","Cyclosporin OO (Ophthalmic Ointment) 2.0%, Rx Only, The Pet Apothecary, 407 W. Silver Spring Dr., Milwaukee, WI 53217","Animal drug, device or non-food product",https://www.accessdata.fda.gov/scripts/ires/?Product=169819
81368,169820,2019-02-11,"Pet Apothecary Llc","Cyclospo-Canol DRP 2%, Rx Only, The Pet Apothecary, 407 W. Silver Spring Dr., Milwaukee, WI 53217","Animal drug, device or non-food product",https://www.accessdata.fda.gov/scripts/ires/?Product=169820
81368,169821,2019-02-11,"Pet Apothecary Llc","Cyclospo-Canol DRP 1%, Rx Only, The Pet Apothecary, 407 W. Silver Spring Dr., Milwaukee, WI 53217","Animal drug, device or non-food product",https://www.accessdata.fda.gov/scripts/ires/?Product=169821
81368,169822,2019-02-11,"Pet Apothecary Llc","Cyclospo-Canol DRP 1.5%, Rx Only, The Pet Apothecary, 407 W. Silver Spring Dr., Milwaukee, WI 53217","Animal drug, device or non-food product",https://www.accessdata.fda.gov/scripts/ires/?Product=169822
81368,169823,2019-02-11,"Pet Apothecary Llc","Cyclospo-Corn DRP 1%, Rx Only, The Pet Apothecary, 407 W. Silver Spring Dr., Milwaukee, WI 53217","Animal drug, device or non-food product",https://www.accessdata.fda.gov/scripts/ires/?Product=169823
81368,169824,2019-02-11,"Pet Apothecary Llc","Cyclospo-Olive DRP 1%, Rx Only, The Pet Apothecary, 407 W. Silver Spring Dr., Milwaukee, WI 53217","Animal drug, device or non-food product",https://www.accessdata.fda.gov/scripts/ires/?Product=169824
81368,169825,2019-02-11,"Pet Apothecary Llc","Cyclospo-MCT DRP 1%, Rx Only, The Pet Apothecary, 407 W. Silver Spring Dr., Milwaukee, WI 53217","Animal drug, device or non-food product",https://www.accessdata.fda.gov/scripts/ires/?Product=169825
81368,169826,2019-02-11,"Pet Apothecary Llc","Cyclospo-MCT DRP 2%, Rx Only, The Pet Apothecary, 407 W. Silver Spring Dr., Milwaukee, WI 53217","Animal drug, device or non-food product",https://www.accessdata.fda.gov/scripts/ires/?Product=169826
82191,171112,2019-03-08,"PGG/HSC Feed Company, LLC","Start Right 18-30 MEC50 is a medicated pig feed, packaged in 50 lb. bag. UPC 6 53341 43330 5. The label is read in parts: ""***STAR RIGHT 18-30 MEC 50 ***MEDICATED** For Starting Swine***ACTIVE DRUG INGREDIENT Carbadox 50g/ton*** WARNING***Do not feed swine within 42 days of slaughter***CAUTION: Not ","Animal drug, device or non-food product",https://www.accessdata.fda.gov/scripts/ires/?Product=171112
81794,169864,2019-04-03,"Stokes Healthcare Inc.","Pilocarpine Ophthn Soln 0.1% 10 ML droptainer (Veterinary Product) Mt. Laurel, NJ 800.754.5222 LDPE droptainer with LDPE tip and PP cap, in plastic amber vial, in plastic zip sealed bag, cardboard shipping box No NDC listed.","Animal drug, device or non-food product",https://www.accessdata.fda.gov/scripts/ires/?Product=169864
81854,170130,2019-04-03,"Agri Trails Coop","Rolled corn distributed in bulk","Not dog or cat food",https://www.accessdata.fda.gov/scripts/ires/?Product=170130
81854,170141,2019-04-03,"Agri Trails Coop","Bill Jackson Horse Feed containing Corn, Oats, SB Meal, PP12, Vit ADE, Flavo Fat distributed in bulk","Livestock feed or food for other animals",https://www.accessdata.fda.gov/scripts/ires/?Product=170141
81854,170142,2019-04-03,"Agri Trails Coop","Olsen Bros Horse Feed containing Oats, Corn, SB Meal, Vit ADE, Di Cal Salt, Liq Molasses distributed in bulk","Livestock feed or food for other animals",https://www.accessdata.fda.gov/scripts/ires/?Product=170142
82555,171830,2019-04-23,"Anderson Compounding Pharmacy, Inc. DBA Anderson Compounding Pharmacy","Anderson Compounding Pharmacy Cyclosporine 2% Ophthalmic Solution 10 MLS Vet Use Only!! NDC 99999-0007-76 in 10 mL drop container Anderson Compounding Pharmacy 310 Bluff City Hwy Bristol, TN 1-800-263-8890","Animal drug, device or non-food product",https://www.accessdata.fda.gov/scripts/ires/?Product=171830
80031,164244,2019-04-25,"Zoetis, LLC","Bovatec 91, Type A Medicated Article, packaged in 50 lbs, polyethylene lined kraft paper bags.","Animal drug, device or non-food product",https://www.accessdata.fda.gov/scripts/ires/?Product=164244
82527,171764,2019-04-30,"True Pet Food Project, Inc dba Smalls","""Smalls Diamond Dust"" Chicken Liver Powder, packaged in 1 oz plastic jars with black caps and yellow labels","Not dog or cat food",https://www.accessdata.fda.gov/scripts/ires/?Product=171764
81284,168143,2019-05-02,"Cargill Animal Nutrition, Inc.","Southern States Grow-N-Show Lamb Feed (BVT) (WK) Medicated Active Drug Ingredient: Lasalocid 30.00 g/ton 50 lb bag","Animal drug, device or non-food product",https://www.accessdata.fda.gov/scripts/ires/?Product=168143
82190,171110,2019-05-02,"Jurox Pty Ltd","Alfaxan (alfaxalone 10 mg/mL), 10 mL per glass vial, Rx Only, Distributed by: Jurox Inc., 4520 Main Street, Kansas City, MO 64111. NDC: 49480-001-01","Animal drug, device or non-food product",https://www.accessdata.fda.gov/scripts/ires/?Product=171110
79753,163238,2019-05-06,"Land O Lakes Purina LLC","Purina Precon Complete AS 70 Medicated Type C Medicated Feed, Complete Feed for Starter Feedlot Cattle, 70 g/ton Chlortetracycline, 70 g/ton Sulfamethazine, Manufactured by Purina Animal Nutrition LLC Shoreview, MN 55126","Animal drug, device or non-food product",https://www.accessdata.fda.gov/scripts/ires/?Product=163238
79833,163626,2019-05-07,"ARKRAY Factory, Inc.","SPOTCHEM II Glucose Test Strip, 25 aluminum foil packages per box. Each aluminum foil package contains 1 reagent strip.","Animal drug, device or non-food product",https://www.accessdata.fda.gov/scripts/ires/?Product=163626
79833,163627,2019-05-07,"ARKRAY Factory, Inc.","SPOTCHEM II Basic PANEL-1 Test Strip , 25 aluminum foil packages per box. Each aluminum foil package contains 1 reagent strip.","Animal drug, device or non-food product",https://www.accessdata.fda.gov/scripts/ires/?Product=163627
80456,165524,2019-05-07,"Phibro Animal Health Corporation","Phibro Nicarb (nicarbazin) 25% Type A Medicated Article, Net Wt 50 lb (22.68 kg) Distributed by: Phibro Animal Health Corporation Teaneck, NJ 07666","Animal drug, device or non-food product",https://www.accessdata.fda.gov/scripts/ires/?Product=165524
80448,165520,2019-05-09,"Phibro Animal Health Corporation","Phibro Nicarb 25% Type A Medicated Article Net Wt 50 lb (22.68 kg) Distributed by: Phibro Animal Health Corporation Teaneck, NJ 07666","Animal drug, device or non-food product",https://www.accessdata.fda.gov/scripts/ires/?Product=165520
80749,166261,2019-05-10,"Norbrook Laboratories Limited","Hexasol Injection (oxytetracycline & flunixin meglumine), 300mg oxytetracycline and 20mg flunixin per mL, 250 mL (NDC: 55529-016-04), 500 mL (NDC: 55529-016-05), Norbrook Laboratories Limited, Newry, BT35 6PU, Co. Down, Northern Ireland","Animal drug, device or non-food product",https://www.accessdata.fda.gov/scripts/ires/?Product=166261
80962,167131,2019-05-16,"King Bio Inc.","King Bio Allergies Product Number 30-6043 UPC 357955604341","Not dog or cat food",https://www.accessdata.fda.gov/scripts/ires/?Product=167131
80962,168297,2019-05-16,"King Bio Inc.","Dr. King's Natural Pet Pharmaceuticals Homeopathic All Natural Cat Tomlyn Anxiety & Stress 4 fl. oz. (118 mL) NDC# 57955-4304-4 UPC 357955430445 King Bio, Inc. FDA Reg. #1053442 3 Westside Dr. Asheville, NC 28806 USA","Animal drug, device or non-food product",https://www.accessdata.fda.gov/scripts/ires/?Product=168297
80962,168299,2019-05-16,"King Bio Inc.","Dr. King's Natural Pet Pharmaceuticals Homeopathic All Natural Cat Tomlyn Urinary Tract Irritations 4 fl. oz. (118 mL) NDC# 57955-4302-4 UPC 357955430247 King Bio, Inc. FDA Reg. #1053442 3 Westside Dr. Asheville, NC 28806 USA","Animal drug, device or non-food product",https://www.accessdata.fda.gov/scripts/ires/?Product=168299
80962,168300,2019-05-16,"King Bio Inc.","Dr. King's Natural Pet Pharmaceuticals Homeopathic All Natural Dog Tomlyn Skin & Itch 4 fl. oz. (118 mL) NDC# 57955-4402-4 UPC 357955440246 King Bio, Inc. FDA Reg. #1053442 3 Westside Dr. Asheville, NC 28806 USA","Animal drug, device or non-food product",https://www.accessdata.fda.gov/scripts/ires/?Product=168300
80962,168303,2019-05-16,"King Bio Inc.","Dr. King's Natural Pet Pharmaceuticals Homeopathic All Natural Dog Tomlyn Allergies 4 fl. oz. (118 mL) NDC# 57955-4409-4 UPC 357955440147 King Bio, Inc. FDA Reg. #1053442 3 Westside Dr. Asheville, NC 28806 USA","Animal drug, device or non-food product",https://www.accessdata.fda.gov/scripts/ires/?Product=168303
80962,168305,2019-05-16,"King Bio Inc.","Dr. King's Natural Pet Pharmaceuticals Homeopathic All Natural Cat Tomlyn Skin & Itch 4 fl. oz. (118 mL) NDC# 57955-4301-4 UPC 357955430148 King Bio, Inc. FDA Reg. #1053442 3 Westside Dr. Asheville, NC 28806 USA","Animal drug, device or non-food product",https://www.accessdata.fda.gov/scripts/ires/?Product=168305
80962,169874,2019-05-16,"King Bio Inc.","Natural Veterinary Pharmaceuticals Better Breath, Teeth & Gums Advanced High Potency Homeopathic Medicine 4 fl oz (120 mL) NDC 57955-6171-4 UPC 357955616948 King Bio, Inc. FDA Reg. #1053442 3 Westside Drive Asheville, NC 28806 USA","Animal drug, device or non-food product",https://www.accessdata.fda.gov/scripts/ires/?Product=169874
80962,169875,2019-05-16,"King Bio Inc.","Natural Veterinary Pharmaceuticals Appetite Control Advanced High Potency Homeopathic Medicine 4 fl oz (120 mL) NDC 57955-6156-4 UPC 357955615644 King Bio, Inc. FDA Reg. #1053442 3 Westside Drive Asheville, NC 28806 USA","Animal drug, device or non-food product",https://www.accessdata.fda.gov/scripts/ires/?Product=169875
80962,169876,2019-05-16,"King Bio Inc.","Dr. King's Natural Pet Pharmaceuticals All Natural Dog Homeopathic Allergies 4 fl oz (118 mL) NDC# 57955-4409-4 UPC 357955440147 King Bio, Inc. FDA Reg. # 1053442 3 Westside Dr. Asheville, NC 28806 USA","Animal drug, device or non-food product",https://www.accessdata.fda.gov/scripts/ires/?Product=169876
80962,169877,2019-05-16,"King Bio Inc.","Natural Veterinary Pharmaceuticals Foul Gas & Stool Relief Advanced High Potency Homeopathic Medicine 4 fl oz (120 mL) NDC# 57955-6603-4 UPC 357955660347 King Bio, Inc. FDA Reg. #1053442 3 Westside Drive Asheville, NC 28806 USA","Animal drug, device or non-food product",https://www.accessdata.fda.gov/scripts/ires/?Product=169877
80962,169878,2019-05-16,"King Bio Inc.","Natural Veterinary Pharmaceuticals Digestion Reliever Advanced High Potency Homeopathic Medicine 4 fl oz (120 mL) NDC# 57955-6158-4 UPC 357955615842 King Bio, Inc. FDA Reg. #1053442 3 Westside Drive Asheville, NC 28806 USA","Animal drug, device or non-food product",https://www.accessdata.fda.gov/scripts/ires/?Product=169878
80962,169879,2019-05-16,"King Bio Inc.","Natural Veterinary Pharmaceuticals Urinary Incontinence High Potency Homeopathic Medicine 4 fl oz (120 mL) NDC# 57955-6045-4 UPC 357955604549 King Bio, Inc. FDA Reg. #1053442 3 Westside Drive Asheville, NC 28806 USA","Animal drug, device or non-food product",https://www.accessdata.fda.gov/scripts/ires/?Product=169879
80962,169882,2019-05-16,"King Bio Inc.","Natural Veterinary Pharmaceuticals Trauma & Wounds High Potency Homeopathic Medicine 4 fl oz (120 mL) NDC# 57955-6118-4 UPC 357955611844 King Bio, Inc. FDA Reg. #1053442 3 Westside Drive Asheville, NC 28806 USA","Animal drug, device or non-food product",https://www.accessdata.fda.gov/scripts/ires/?Product=169882
80962,169883,2019-05-16,"King Bio Inc.","Natural Veterinary Pharmaceuticals Multi-Stress Control High Potency Homeopathic Medicine 4 fl oz (120 mL) NDC# 57955-6850-4 UPC 357955685043 King Bio, Inc. FDA Reg. #1053442 3 Westside Drive Asheville, NC 28806 USA","Animal drug, device or non-food product",https://www.accessdata.fda.gov/scripts/ires/?Product=169883
80962,169884,2019-05-16,"King Bio Inc.","Natural Veterinary Pharmaceuticals Odor Freee High Potency Homeopathic Medicine 4 fl oz (120 mL) NDC# 57955-6130-4 UPC 357955613046 King Bio, Inc. FDA Reg. #1053442 3 Westside Drive Asheville, NC 28806 USA","Animal drug, device or non-food product",https://www.accessdata.fda.gov/scripts/ires/?Product=169884
80962,169885,2019-05-16,"King Bio Inc.","Natural Veterinary Pharmaceuticals Urinary Tract Irritations High Potency Homeopathic Medicine 4 fl oz (120 mL) NDC# 57955-6052-4 UPC 357955605249 King Bio, Inc. FDA Reg. #1053442 3 Westside Drive Asheville, NC 28806 USA","Animal drug, device or non-food product",https://www.accessdata.fda.gov/scripts/ires/?Product=169885
80962,169886,2019-05-16,"King Bio Inc.","Natural Veterinary Pharmaceuticals Doggie Drool High Potency Homeopathic Medicine 4 fl oz (120 mL) NDC# 57955-6602-4 UPC 357955660248 King Bio, Inc. FDA Reg. #1053442 3 Westside Drive Asheville, NC 28806 USA","Animal drug, device or non-food product",https://www.accessdata.fda.gov/scripts/ires/?Product=169886
80962,169887,2019-05-16,"King Bio Inc.","Natural Veterinary Pharmaceuticals Skin Irritations & Itch Relief High Potency Homeopathic Medicine 4 fl oz (120 mL) NDC# 57955-6168-4 UPC 357955616849 King Bio, Inc. FDA Reg. #1053442 3 Westside Drive Asheville, NC 28806 USA","Animal drug, device or non-food product",https://www.accessdata.fda.gov/scripts/ires/?Product=169887
80962,169888,2019-05-16,"King Bio Inc.","Natural Veterinary Pharmaceuticals Stop Bark High Potency Homeopathic Medicine 4 fl oz (120 mL) NDC# 57955-6604-4 UPC 357955660446 King Bio, Inc. FDA Reg. #1053442 3 Westside Drive Asheville, NC 28806 USA","Animal drug, device or non-food product",https://www.accessdata.fda.gov/scripts/ires/?Product=169888
80962,169889,2019-05-16,"King Bio Inc.","Natural Veterinary Pharmaceuticals Muscle, Joint & Arthritis Relief High Potency Homeopathic Medicine 4 fl oz (120 mL) NDC# 57955-6162-4 UPC 357955616245 King Bio, Inc. FDA Reg. #1053442 3 Westside Drive Asheville, NC 28806 USA; b) Natural Pet Pharmaceuticals Muscle, Joint & Arthritis Homeopathic Do","Animal drug, device or non-food product",https://www.accessdata.fda.gov/scripts/ires/?Product=169889
80962,169893,2019-05-16,"King Bio Inc.","Natural Pet Pharmaceuticals Teeth & Gums Homeopathic Dog 4 fl oz (118 mL) NDC# 57955-4406-4 UPC357955440642","Animal drug, device or non-food product",https://www.accessdata.fda.gov/scripts/ires/?Product=169893
80962,169894,2019-05-16,"King Bio Inc.","Dr. King's Natural Pet Pharmaceuticals Yeast Control Homeopathic Dog 4 fl oz (118 mL) NDC# 57955-4408-4 UPC357955440840","Animal drug, device or non-food product",https://www.accessdata.fda.gov/scripts/ires/?Product=169894
80962,169895,2019-05-16,"King Bio Inc.","Dr. King's Natural Pet Pharmaceuticals Digestive Upsets Homeopathic Dog 4 fl oz (118 mL) NDC# 57955-4403-4 UPC357955440345 King Bio, Inc. FDA Reg. #1053442 3 Westside Dr. Asheville, NC 28806 USA","Animal drug, device or non-food product",https://www.accessdata.fda.gov/scripts/ires/?Product=169895
80962,169896,2019-05-16,"King Bio Inc.","Natural Pet Pharmaceuticals Anxiety & Stress Homeopathic Dog 4 fl oz (118 mL) NDC# 57955-4407-4 UPC357955440741 King Bio, Inc. FDA Reg. #1053442 3 Westside Dr. Asheville, NC 28806 USA","Animal drug, device or non-food product",https://www.accessdata.fda.gov/scripts/ires/?Product=169896
80962,169897,2019-05-16,"King Bio Inc.","Natural Pet Pharmaceuticals Appetite & Weight Homeopathic Dog 4 fl oz (118 mL) NDC# 57955-4405-4 UPC357955440543 King Bio, Inc. FDA Reg. #1053442 3 Westside Dr. Asheville, NC 28806 USA","Animal drug, device or non-food product",https://www.accessdata.fda.gov/scripts/ires/?Product=169897
80962,169898,2019-05-16,"King Bio Inc.","Natural Pet Pharmaceuticals Teeth & Gums Homeopathic Cat 4 fl oz (118 mL) NDC# 57955-4303-4 UPC357955430346 King Bio, Inc. FDA Reg. #1053442 3 Westside Dr. Asheville, NC 28806 USA","Animal drug, device or non-food product",https://www.accessdata.fda.gov/scripts/ires/?Product=169898
80962,170106,2019-05-16,"King Bio Inc.","Dr. King's Natural Pet Pharmaceuticals Oral Health All Natural Dog Homeopathic 4 fl oz (118 mL) NDC# 57955-4420-4 UPC357955442042 King Bio, Inc. FDA Reg. #1053442 3 Westside Dr. Asheville, NC 28806 USA","Animal drug, device or non-food product",https://www.accessdata.fda.gov/scripts/ires/?Product=170106
80962,170108,2019-05-16,"King Bio Inc.","Dr. King's Natural Pet Pharmaceuticals Oral Health All Natural Cat Homeopathic 4 fl oz (118 mL) NDC# 57955-4310-4 UPC357955431046 King Bio, Inc. FDA Reg. #1053442 3 Westside Dr. Asheville, NC 28806 USA","Animal drug, device or non-food product",https://www.accessdata.fda.gov/scripts/ires/?Product=170108
82202,171132,2019-05-16,"Akorn, Inc.","Gentamicin Sulfate Ophthalmic Solution, USP, Sterile 0.3%, Veterinary, 5 mL per dropper bottle, Sterile, NDC: 59399-101-05. ANADA #200-576. Liquid. Rx only. Manufactured by Akorn Animal Health.","Animal drug, device or non-food product",https://www.accessdata.fda.gov/scripts/ires/?Product=171132
81349,168340,2019-05-21,"J & J Bagging","13% Pig Lactation & Gestation American Classic Farm Animal Feed Net Weight 50 lbs Specialty Blend for Madison County Coop","Livestock feed or food for other animals",https://www.accessdata.fda.gov/scripts/ires/?Product=168340
81280,168001,2019-05-22,"Silver Star Brands","PetAlive Plump-Up Pet, Oral Spray, 2 fl oz (59 mL) per bottle, Homeopathic Formula, Distributed by: Silver Star Brands, Oshkosh, WI 54906. NDC: 68703-290-02","Animal drug, device or non-food product",https://www.accessdata.fda.gov/scripts/ires/?Product=168001
81280,168028,2019-05-22,"Silver Star Brands","PetAlive Allergy Itch Ease, Oral Spray, 2 fl oz (59 mL) per bottle, Homeopathic Formula, Distributed by: Silver Star Brands, Oshkosh, WI 54906. NDC: 68703-135-59","Animal drug, device or non-food product",https://www.accessdata.fda.gov/scripts/ires/?Product=168028
81776,171117,2019-05-28,"Earthworks Health","Diatomaceous Earth packaged in the following ways: 1) Perma-Guard, Fossil Shell Flour, Anti-caking agent, Food Chemical Codex Grade, Weight: 50 lb/22.6 kg, Bountiful, UT; 2) 100% Food Grade Diatomaceous Earth, Shell Flour, Packaged by: Earthworks Health, Norfolk, NE, Net Weight 2.5 Pounds 3) 100% Fo","Not dog or cat food",https://www.accessdata.fda.gov/scripts/ires/?Product=171117
81911,170281,2019-05-30,"Prescription Alternatives, Inc.","TACROLIMUS SUSPENSION 0.02% OPHTHALMIC, 10 mL","Animal drug, device or non-food product",https://www.accessdata.fda.gov/scripts/ires/?Product=170281
81911,170282,2019-05-30,"Prescription Alternatives, Inc.","TACROLIMUS SUSPENSION 0.03% OPHTHALMIC, 10 mL","Animal drug, device or non-food product",https://www.accessdata.fda.gov/scripts/ires/?Product=170282
81911,170283,2019-05-30,"Prescription Alternatives, Inc.","CYCLOSPORINE (A) OPHTHALMIC 1% DROPS","Animal drug, device or non-food product",https://www.accessdata.fda.gov/scripts/ires/?Product=170283
82279,171263,2019-05-30,"Farnam Companies Inc., dba Central Life Sciences","Zilla Reptile Munchies, Omnivore Mix, Net Wt 4 oz (113g). UPC 96316-09625. Distributed by Central Aquatics (Division of Central Garden & Pet Company), Franklin, WI 53132. Item No. 100109625.","Livestock feed or food for other animals",https://www.accessdata.fda.gov/scripts/ires/?Product=171263
82720,172555,2019-06-04,"Hiers Enterprises, LLC dba Northwest Compounding Pharmacy","CYCLOSPORINE (A) IN OIL OPHTHALMIC DROPS 2%, packaged in 5 mL and 10 mL eye dropper bottles Rx","Animal drug, device or non-food product",https://www.accessdata.fda.gov/scripts/ires/?Product=172555
82720,172556,2019-06-04,"Hiers Enterprises, LLC dba Northwest Compounding Pharmacy","CYCLOSPORIN (A) IN OIL OPHTHALIC DROPS 0.5%, packaged in 10 mL eye dropper bottle Rx","Recalled by an animal-drug maker or pharmacy",https://www.accessdata.fda.gov/scripts/ires/?Product=172556
82720,172859,2019-06-04,"Hiers Enterprises, LLC dba Northwest Compounding Pharmacy","CYCLOSPORIN (A) IN OIL OPHTHALIC DROPS 0.2%, packaged in a 10 mL eye dropper bottle Rx","Recalled by an animal-drug maker or pharmacy",https://www.accessdata.fda.gov/scripts/ires/?Product=172859
82720,173235,2019-06-04,"Hiers Enterprises, LLC dba Northwest Compounding Pharmacy","CYCLOSPORIN IN PETROLATUM 2%, 5 mLs","Recalled by an animal-drug maker or pharmacy",https://www.accessdata.fda.gov/scripts/ires/?Product=173235
80760,166911,2019-06-06,"bioMerieux, Inc.","bioMerieux VITEK 2 AST-GP69 Test Kit (Veterinary)","Animal drug, device or non-food product",https://www.accessdata.fda.gov/scripts/ires/?Product=166911
80760,166912,2019-06-06,"bioMerieux, Inc.","bioMerieux VITEK 2 AST-GP76 Test Kit (Veterinary)","Animal drug, device or non-food product",https://www.accessdata.fda.gov/scripts/ires/?Product=166912
80760,166913,2019-06-06,"bioMerieux, Inc.","bioMerieux VITEK 2 AST-GP79 Test Kit (Veterinary)","Animal drug, device or non-food product",https://www.accessdata.fda.gov/scripts/ires/?Product=166913
80760,166914,2019-06-06,"bioMerieux, Inc.","bioMerieux VITEK 2 AST-GP80 Test Kit (Veterinary)","Animal drug, device or non-food product",https://www.accessdata.fda.gov/scripts/ires/?Product=166914
80760,166915,2019-06-06,"bioMerieux, Inc.","bioMerieux VITEK 2 AST-GP81 Test Kit (Veterinary)","Animal drug, device or non-food product",https://www.accessdata.fda.gov/scripts/ires/?Product=166915
82666,172290,2019-06-14,"NORBROOK INC","Enroflox 100 (enrofloxacin), 100 mg/mL, a) 100 mL vial (NDC: 55529-152-02), b) 250 mL vial (NDC: 55529-152-04), c) 500 mL vial (NDC: 55529-152-05), Rx only. Norbrook Laboratories Limited, Newry, BT35 6PU, Co. Down, Northern Ireland. ANADA 200-495","Animal drug, device or non-food product",https://www.accessdata.fda.gov/scripts/ires/?Product=172290
82666,172702,2019-06-14,"NORBROOK INC","Ivermax, Ivermectin 1% Sterile Solution Injection (10 mg/mL, a) 50 mL vial (NDC: 46066-917-01), b) 250 mL vial (NDC: 46066-917-04), c) 1000 mL vial (NDC: 46066-917-06). Manufactured by: Norbrook Laboratories Limited, Newry, Co. Down, Northern Ireland. ANADA 200-437","Animal drug, device or non-food product",https://www.accessdata.fda.gov/scripts/ires/?Product=172702
82666,172703,2019-06-14,"NORBROOK INC","Noromectin (ivermectin), 1% Sterile Solution Injection (10 mg/mL), a) 50 mL vial (NDC: 55529-012-01), b) 250 mL vial (NDC: 55529-012-04), c) 1000 mL vial (NDC: 55529-012-06). Norbrook Laboratories Limited, Newry, BT35 6PU, Co. Down, Northern Ireland. ANADA 200-437","Animal drug, device or non-food product",https://www.accessdata.fda.gov/scripts/ires/?Product=172703
81791,169862,2019-06-20,"Ceva Animal Health, LLC","Ketoseb + PS Flush, Chlorhexidine Gluconate 0.2%, Ketoconazole 0.2%, Phytosphingosine salicyloyl 0.02%; Packaged in [4 and 16oz] bottles. Manufactured for Ceva Animal Health, LLC, Lenexa, KS 66215. SKU 4oz: FSKEPS2004; SKU 16oz: FSKEPS2016","Animal drug, device or non-food product",https://www.accessdata.fda.gov/scripts/ires/?Product=169862
81791,169863,2019-06-20,"Ceva Animal Health, LLC","PhytoVet CK Antiseptic Flush, Chlorhexidine Gluconate 0.2%, Ketoconazole 0.2%, Phytosphingosine salicyloyl 0.02%; Packaged in [4 and 16oz] bottles. Distributed by: Henry Schein Animal Health, Dublin, OH 43017. SKU 4oz: FSKEPS2004HS; SKU 16oz: FSKEPS2016HS","Animal drug, device or non-food product",https://www.accessdata.fda.gov/scripts/ires/?Product=169863
81791,173328,2019-06-20,"Ceva Animal Health, LLC","Suffusion K+PS Flush, Chlorhexidine Gluconate 0.2%, Ketoconazole 0.2%, Phytosphingosine salicyloyl 0.02%; Packaged in [4 and 16oz] bottles. Distributed by: Patterson Veterinary, 822 7th Street, Suite 740, Greeley, CO 80631. SKU 4oz: FSKEPS2004PA; SKU 16oz: FSKEPS2016PA","Animal drug, device or non-food product",https://www.accessdata.fda.gov/scripts/ires/?Product=173328
81791,173329,2019-06-20,"Ceva Animal Health, LLC","VetraSeb CK Flush, Chlorhexidine Gluconate 0.2%, Ketoconazole 0.2%, Phytosphingosine salicyloyl 0.02%; Packaged in [4 and 16oz] bottles. Distributed by: MWI, Boise, Idaho 83705. SKU 4oz: FSKEP2004MW; SKU 16oz: FSKEPS206MW","Animal drug, device or non-food product",https://www.accessdata.fda.gov/scripts/ires/?Product=173329
81791,173341,2019-06-20,"Ceva Animal Health, LLC","Chlorhexidine 4% HC Shampoo, Chlorhexidine Gluconate 4%, Hydrocortisone 1%; Packaged in [8 and 16oz] bottles. SKU 8oz: FSCHH00008CL; SKU 16oz: FSCHH00016CL","Animal drug, device or non-food product",https://www.accessdata.fda.gov/scripts/ires/?Product=173341
81791,173342,2019-06-20,"Ceva Animal Health, LLC","Dermachlor HC Shampoo, Chlorhexidine Gluconate 4%, Hydrocortisone 1%; Packaged in [8 and 16oz] bottles. Distributed by: Henry Schein Animal Health, Dublin, OH 43017. SKU 8oz: FSCHH00008HS; SKU 16oz: FSCHH00016HS","Animal drug, device or non-food product",https://www.accessdata.fda.gov/scripts/ires/?Product=173342
81791,173343,2019-06-20,"Ceva Animal Health, LLC","BPO PS Shampoo, Benzoyl Peroxide 3%, Salicylic Acid 2%, Sodium Thiosulfate 2%, Phytosphingosine HCL 0.05%; Packaged in [8 and 16oz] bottles. Distributed by: Ceva Animal Health, LLC, Lenexa, KS 66215. SKU 8oz: FSOXYPS1008MV; SKU 16oz: FSOXYPS1016MV","Animal drug, device or non-food product",https://www.accessdata.fda.gov/scripts/ires/?Product=173343
81791,173346,2019-06-20,"Ceva Animal Health, LLC","Oxiderm + PS Shampoo, Benzoyl Peroxide 3%, Salicylic Acid 2%, Sodium Thiosulfate 2%, Phytosphingosine HCL 0.05%; Packaged in [8 and 16oz] bottles. SKU 8oz: FSOXYPS1008CL; SKU 16oz: FSOXYPS1016CL","Animal drug, device or non-food product",https://www.accessdata.fda.gov/scripts/ires/?Product=173346
81791,173347,2019-06-20,"Ceva Animal Health, LLC","PhytoVet PSS Antiseborrheic Shampoo, Benzoyl Peroxide 3%, Salicylic Acid 2%, Sodium Thiosulfate 2%, Phytosphingosine HCL 0.05%; Packaged in [8 and 16oz] bottles. Distributed by: Hentry Schein Animal Health, Dublin, OH 43017. SKU 8oz: FSOXYPS1008HS; SKU 16oz: FSOXYPS1016HS","Animal drug, device or non-food product",https://www.accessdata.fda.gov/scripts/ires/?Product=173347
81791,173349,2019-06-20,"Ceva Animal Health, LLC","SkinGuard with Phytosphingosine, Benzoyl Peroxide 3%, Salicylic Acid 2%, Sodium Thiosulfate 2%, Phytosphingosine HCL 0.05%; Packaged in 8 oz bottles. Manufactured for Ceva Animal Health, LLC, Lenexa, KS 66215. SKU: F41910ECV","Recalled by an animal-drug maker or pharmacy",https://www.accessdata.fda.gov/scripts/ires/?Product=173349
81791,173350,2019-06-20,"Ceva Animal Health, LLC","Suffusion A+PS Shampoo, Benzoyl Peroxide 3%, Salicylic Acid 2%, Sodium Thiosulfate 2%, Phytosphingosine HCL 0.05%; Packaged in [8 oz and 16 oz] bottles. Distributed by: Patterson Veterinary, 822 7th Street, Suite 740, Greeley, CO 80631. SKU 8oz: FSOXYPS1008PA; SKU 16oz: FSOXYPS1016PA","Animal drug, device or non-food product",https://www.accessdata.fda.gov/scripts/ires/?Product=173350
81791,173351,2019-06-20,"Ceva Animal Health, LLC","VetraSeb SSB Shampoo, Benzoyl Peroxide 3%, Salicylic Acid 2%, Sodium Thiosulfate 2%, Phytosphingosine HCL 0.05%; Packaged in [8 oz and 16 oz] bottles. Distributed by: MWI, Boise, Idaho 83705. SKU 8oz: FSOXYPS1008MW; SKU 16oz: FSOXYPS1016MW","Animal drug, device or non-food product",https://www.accessdata.fda.gov/scripts/ires/?Product=173351
81791,173352,2019-06-20,"Ceva Animal Health, LLC","Pramoderm HC Spray, Pramoxine HCl 1%, Hydrocortisone 1%; Packaged in 8 oz bottles. Distributed by: Henry Schein Animal Health, Dublin, OH 43017. SKU: FSRHC000108.HS","Animal drug, device or non-food product",https://www.accessdata.fda.gov/scripts/ires/?Product=173352
81791,173353,2019-06-20,"Ceva Animal Health, LLC","Pramosoothe HC Spray, Pramoxine HCl 1%, Hydrocortisone 1%; Packaged in 8 oz bottles. SKU: FSRHC000108 and FSRHC000108.CL","Animal drug, device or non-food product",https://www.accessdata.fda.gov/scripts/ires/?Product=173353
81791,173354,2019-06-20,"Ceva Animal Health, LLC","Skin Soothing HC Spray, Pramoxine HCl 1%, Hydrocortisone 1%; Packaged in 8 oz bottles. Distributed by: Ceva Animal Health, LLC, Lenexa, KS 66215. SKU: FSRHC000108.PA","Animal drug, device or non-food product",https://www.accessdata.fda.gov/scripts/ires/?Product=173354
81791,173355,2019-06-20,"Ceva Animal Health, LLC","Suffusion HC Spray, Pramoxine HCl 1%, Hydrocortisone 1%; Packaged in 8 oz bottles. Distributed by: Patterson Veterinary, 822 7th Street, Suite 740, Greeley, CO 80631. SKU: FSRHC000108.PA","Animal drug, device or non-food product",https://www.accessdata.fda.gov/scripts/ires/?Product=173355
81791,173356,2019-06-20,"Ceva Animal Health, LLC","VertraSeb HC Spray, Pramoxine HCl 1%, Hydrocortisone 1%; Packaged in 8 oz bottles. SKU: FSRHC000108.MW","Animal drug, device or non-food product",https://www.accessdata.fda.gov/scripts/ires/?Product=173356
82869,172947,2019-07-17,"NORBROOK INC","Enrofloxacin, Sterile Injectable Solution, 100 mg/mL, 100 mL per vial, sold under trade name Enroflox 100. Norbrook Laboratories Limited, Newry, BT35 6PU, Co. Down, Northern Ireland. NDC: 55529-152-02","Animal drug, device or non-food product",https://www.accessdata.fda.gov/scripts/ires/?Product=172947
82869,173488,2019-07-17,"NORBROOK INC","Oxytetracycline, Sterile Injectable Solution, 300 mg/mL, 100 mL per vial, sold under trade names 300 PRO LA and Noromycin 300 LA. Distributed by: Norbrook, Inc., Lenexa, KS 66219. NDC 300 PRO LA brand : 55529-014-02; NDC Noromycin 300 LA brand: 55529-015-02","Animal drug, device or non-food product",https://www.accessdata.fda.gov/scripts/ires/?Product=173488
82869,173489,2019-07-17,"NORBROOK INC","Carprofen, Sterile Injectable Solution, 50 mg/mL, [20 mL and 50 mL] per vial, sold under trade names Carprieve Injection; Carproject Injection; Levafen Injection; and OstiFen Injection. Norbrook Laboratories Limited, Newry, BT35 6PU, Co. Down, Northern Ireland. NDC Carprieve brand: 55529-131-11; NDC","Animal drug, device or non-food product",https://www.accessdata.fda.gov/scripts/ires/?Product=173489
82869,173493,2019-07-17,"NORBROOK INC","Enrofloxacin, Sterile Injectable Solution, 2.27%, 20 mL, 50 mL, or 100 mL per vial, sold under trade names Enroflox Injection for Dogs 2.27% and Enrosite Injection for Dogs 2.27%. Norbrook Laboratories Limited, Newry, BT35 6PU, Co. Down, Northern Ireland. NDC Enroflox brand 20 mL: 55529-154-11; NDC ","Animal drug, device or non-food product",https://www.accessdata.fda.gov/scripts/ires/?Product=173493
82869,173520,2019-07-17,"NORBROOK INC","Oxytetracycline, Sterile Injectable Solution, 200 mg/mL, 100 mL per vial, sold under trade names Duramycin 72-200; Oxytetracycline Injection 200; and Terra-Vet 200. Manufactured by: Norbrook Laboratories Limited, Newry, BT35 6PU, Co. Down, Northern Ireland. NDC Duramycin 72-200 brand: 30798-237-10; ","Animal drug, device or non-food product",https://www.accessdata.fda.gov/scripts/ires/?Product=173520
82869,173528,2019-07-17,"NORBROOK INC","Flunixin meglumine, Sterile Injectable Solution, 50 mg/mL, 100 mL per vial, sold under trade names Flunixin Injection; Prevail Injection; and Vetameg. Manufactured by: Norbrook Laboratories Limited, Newry, BT35 6PU, Co. Down, Northern Ireland. NDC FLUNIXIN brand: 55529-006-02; NDC PREVAIL brand: 139","Animal drug, device or non-food product",https://www.accessdata.fda.gov/scripts/ires/?Product=173528
82869,173531,2019-07-17,"NORBROOK INC","Flunixin meglumine, Sterile Injectable Solution, 50 mg/mL, 100 mL per vial, sold under trade name Flunixin Injection-S. Manufactured by: Norbrook Laboratories Limited, Newry, BT35 6PU, Co. Down, Northern Ireland. NDC 55529-030-02","Animal drug, device or non-food product",https://www.accessdata.fda.gov/scripts/ires/?Product=173531
82869,173573,2019-07-17,"NORBROOK INC","Meloxicam, Sterile Injectable Solution, 5 mg/mL, 10 or 20 mL per vial, sold under trade names EloxiJect Injection; Loxicom Injection; and OstiLox Injection. Manufactured by: Norbrook Laboratories Limited, Newry, BT35 6PU, Co. Down, Northern Ireland. NDC ELOXIJECT 10 mL: 11695-6925-1; NDC ELOXIJECT 2","Animal drug, device or non-food product",https://www.accessdata.fda.gov/scripts/ires/?Product=173573
82869,173577,2019-07-17,"NORBROOK INC","Ivermectin, 10 mg/mL and clorsulon 100 mg/mL, Sterile Injectable Solution, 50 mL per vial, sold under trade name Noromectin Plus Injection for Cattle. Manufactured by: Norbrook Laboratories Limited, Newry, BT35 6PU, Co. Down, Northern Ireland. NDC 55529-011-01","Animal drug, device or non-food product",https://www.accessdata.fda.gov/scripts/ires/?Product=173577
82989,173290,2019-07-17,"Rapid Equine Solutions, LLC","Toltrazuril 416 mg/mL Pyrimethamine 17 mg/mL, packaged in 60 ML Oral Paste syringes, compounded medication","Animal drug, device or non-food product",https://www.accessdata.fda.gov/scripts/ires/?Product=173290
81735,169650,2019-08-13,"The JM Smucker Company LLC","9Lives Protein Plus with Tuna & Chicken, 4 pack of cans, 5.5 oz each, UPC 7910021549","Not dog or cat food",https://www.accessdata.fda.gov/scripts/ires/?Product=169650
81735,169651,2019-08-13,"The JM Smucker Company LLC","9Lives Protein Plus with Tuna & Liver, 4 pack of cans, 5.5 oz each, UPC 7910021748","Not dog or cat food",https://www.accessdata.fda.gov/scripts/ires/?Product=169651
80582,165772,2019-08-22,"Gilman Cooperative Creamery Association","Blend 985 Horse Mix Start","Livestock feed or food for other animals",https://www.accessdata.fda.gov/scripts/ires/?Product=165772
82829,172846,2019-09-04,"Cargill, Inc         Corporate Headquarters","HerdFirst24/18 AM Bov Fly (ClariFly) Calf Milk Replacer Type C Medicated Feed Net Wt. 50lb","Animal drug, device or non-food product",https://www.accessdata.fda.gov/scripts/ires/?Product=172846
82887,172991,2019-09-05,"Intervet, Inc","Safe-Guard 20% salt: Free-Choice Mineral packaged in a 25 lb plastic pail. NADA 131-675","Animal drug, device or non-food product",https://www.accessdata.fda.gov/scripts/ires/?Product=172991
82965,173228,2019-09-10,"Clear H2O Company","MediGel CPF, 1 mg per 2 oz. cup, 96 cups/case, with carprofen for pain management","Animal drug, device or non-food product",https://www.accessdata.fda.gov/scripts/ires/?Product=173228
83172,173925,2019-09-25,"Premier Pharmacy Labs Inc","Buprenorphine HCL INJ Preserved, 12mg/20mL (0.6mg/mL), 20mL MDV, Rx only, Premier Pharmacy Labs, 8265 Commercial Way, Weeki Wachee, FL 34613, NDC: 69623-703-37, barcode 6 69623 70337 0.","Animal drug, device or non-food product",https://www.accessdata.fda.gov/scripts/ires/?Product=173925
83361,174956,2019-09-27,"Zoetis, LLC","Zoamix Type A Medicated Article, exp. date 01/2021","Animal drug, device or non-food product",https://www.accessdata.fda.gov/scripts/ires/?Product=174956
83326,174730,2019-10-03,"DaPro, LLC","Turkey By-Product Meal, SKU 32012. Guaranteed Analysis: Crude Protein minimum 60%, Crude Fat Minimum 8%, Phosphorus Minimum 3.5%, Calcium Maximum 7.7%. Inedible: Not for Human Consumption. Manufactured by: Boyer Valley Company, LLC, Ankeny, IA 50021","Not dog or cat food",https://www.accessdata.fda.gov/scripts/ires/?Product=174730
83326,174773,2019-10-03,"DaPro, LLC","Turkey By-Products-Dried, SKU 32000. Guaranteed Analysis: Crude Protein minimum 60%, Crude Fat Minimum 8%, Phosphorus Minimum 3.5%, Calcium Maximum 7.7%. Inedible: Not for Human Consumption. Manufactured by: Boyer Valley Company, LLC, Ankeny, IA 50021","Not dog or cat food",https://www.accessdata.fda.gov/scripts/ires/?Product=174773
80559,165736,2019-10-05,"Farmers Ranchers Coop Assn","46% MicroPrilled Urea in unlabeled white, 50 lb, unlabeled bags.","Not dog or cat food",https://www.accessdata.fda.gov/scripts/ires/?Product=165736
80605,165863,2019-10-05,"ADM Alliance Nutrition, Inc.","Mintrate 36-15 Breed Right Tub A Free-Choice Supplement for Beef Cattle on Pasture or Roughage Rations Product number 54549AAA6H Each unit 200 pound plastic tub","Livestock feed or food for other animals",https://www.accessdata.fda.gov/scripts/ires/?Product=165863
82222,171158,2019-10-05,"Provimi North America Inc","Sunglo¿ Show Sector 2 Base, Base Mix for Starter Pigs Weighing 30 - 70 Pounds, packaged in 55 lb bags","Livestock feed or food for other animals",https://www.accessdata.fda.gov/scripts/ires/?Product=171158
83557,175733,2019-10-08,"NORBROOK INC","Noromectin Plus Injection for Cattle (ivermection and clorsulon), [50, 250 or 500] mL per vial, Norbrook Laboratories Limited, Newry, BT35 CPU, Co. Down, Northern Ireland. NDC 50 mL vial: 55529-011-01; NDC 250 mL vial: 55529-011-04; NDC 500 mL Vial: 55529-011-05. ANDA: 200-436","Animal drug, device or non-food product",https://www.accessdata.fda.gov/scripts/ires/?Product=175733
83790,176360,2019-10-15,"KRS Global Biotechnology, Inc","L-Asparaginase 10,000 International Units/Vial Lyophilized For IV/IM/SC Use Rx Only KRS Global Biotechnology 791 Park of Commerce Blvd, Boca Raton, FL 33487","Animal drug, device or non-food product",https://www.accessdata.fda.gov/scripts/ires/?Product=176360
83864,176538,2019-10-15,"Gramco Inc.","Gramco Brand - Hog Grower Pellet NET WT 50 LB (22.67 KG) Manufactured By: GRAMCO Inc. Springville, NY 14141","Livestock feed or food for other animals",https://www.accessdata.fda.gov/scripts/ires/?Product=176538
83880,176666,2019-10-15,"Kent Nutrtion Group Inc","Home Fresh Sow Performance Pellet packaged in 50 lb bags","Livestock feed or food for other animals",https://www.accessdata.fda.gov/scripts/ires/?Product=176666
83772,176319,2019-10-16,"Colonia Care Pharmacy","Tacrolimus Opthalmic 0.03% 5 mL droptainer bottles Rx only, Colonia Care Pharmacy, 515 Inman Ave., Suite A, Colonia, N.J. 07067","Animal drug, device or non-food product",https://www.accessdata.fda.gov/scripts/ires/?Product=176319
83772,176321,2019-10-16,"Colonia Care Pharmacy","Cyclosporine Ophthalmic 2% 15 mL droptainer bottles Rx only, Colonia Care Pharmacy, 515 Inman Ave., Suite A, Colonia, N.J. 07067","Animal drug, device or non-food product",https://www.accessdata.fda.gov/scripts/ires/?Product=176321
83772,176495,2019-10-16,"Colonia Care Pharmacy","Cyclosporine Ophthalmic 2% 10 mL droptainer bottles Rx only, Colonia Care Pharmacy, 515 Inman Ave., Suite A, Colonia, N.J. 07067","Animal drug, device or non-food product",https://www.accessdata.fda.gov/scripts/ires/?Product=176495
81573,168986,2019-10-17,"ADM Alliance Nutrition, Inc.","Ag West Starter 6 DC G3757AZY, MEDICATED, Decoquinate...(22.7 mg/lb.)...0.005%, ADM Animal Nutrition, a division of Archer Daniels Midland Company, Quincy, IL 62305 packaged in bulk and 50 lbs bags","Animal drug, device or non-food product",https://www.accessdata.fda.gov/scripts/ires/?Product=168986
81573,169242,2019-10-17,"ADM Alliance Nutrition, Inc.","BEEF SUPPLEMENT RU 34259CCA, Medicated, Monensin...(125 mg/lb)...250 gm/ton, ADM Animal Nutrition, a division of Archer Daniels Midland Company, Quincy, IL, packaged in bulk.","Animal drug, device or non-food product",https://www.accessdata.fda.gov/scripts/ires/?Product=169242
81573,169245,2019-10-17,"ADM Alliance Nutrition, Inc.","AminoGain¿ 2 Traditional 50234AAA, ADM Animal Nutrition, a division of Archer Daniels Midland Company, Quincy, IL, packaged in 50 lb bags","Not dog or cat food",https://www.accessdata.fda.gov/scripts/ires/?Product=169245
81573,169248,2019-10-17,"ADM Alliance Nutrition, Inc.","AMPT""-A BT, 54229BJY, MEDICATED, Lasaocid ... (720 mg/lb) ... 1,440 gm/ton, ADM Animal Nutrition, a division of Archer Daniels Midland Company, Quincy, IL, packaged in 50 lb bags","Animal drug, device or non-food product",https://www.accessdata.fda.gov/scripts/ires/?Product=169248
81573,169249,2019-10-17,"ADM Alliance Nutrition, Inc.","AMPT""-A Co-Product Balancer RU 54258CDL, MEDICATED, Monensin ... (400 mg/lb) ... 800 gm/ton, ADM Animal Nutrition, a division of Archer Daniels Midland Company, Quincy, IL, packaged in 50 lb bags.","Animal drug, device or non-food product",https://www.accessdata.fda.gov/scripts/ires/?Product=169249
81573,169250,2019-10-17,"ADM Alliance Nutrition, Inc.","AMPT""-A CPB w/ CitriStim¿ RU 54270CDL, MEDICATED, Monensin ... (400 mg/lb) ... 800 gm/ton, ADM Animal Nutrition, a division of Archer Daniels Midland Company, Quincy, IL packaged in 50 lb bags","Animal drug, device or non-food product",https://www.accessdata.fda.gov/scripts/ires/?Product=169250
81573,169251,2019-10-17,"ADM Alliance Nutrition, Inc.","AMPT""-A CPB Citristim Pellet RU 54279CDA, MEDICATED, Monensin ... (262.5 mg/lb) ... 525 gm/ton, ADM Animal Nutrition, a division of Archer Daniels Midland Company, Quincy, IL, packaged in bulk","Animal drug, device or non-food product",https://www.accessdata.fda.gov/scripts/ires/?Product=169251
81573,169253,2019-10-17,"ADM Alliance Nutrition, Inc.","ADM 20 Hi Energy Pellet BT 54309BHB, MEDICATED, Lasalocid ... (30 mg/lb) ... 60 gm/ton, ADM Animal Nutrition, a division of Archer Daniels Midland Company, Quincy, IL, packaged in bulk","Animal drug, device or non-food product",https://www.accessdata.fda.gov/scripts/ires/?Product=169253
81573,169256,2019-10-17,"ADM Alliance Nutrition, Inc.","AminoGro"" 16 Creep BT 54570BHB, MEDICATED, Lasalocid ... (30 mg/lb) ... 60 gm/ton, ADM Animal Nutrition, a division of Archer Daniels Midland Company, Quincy, IL, packaged in bulk","Animal drug, device or non-food product",https://www.accessdata.fda.gov/scripts/ires/?Product=169256
81573,169257,2019-10-17,"ADM Alliance Nutrition, Inc.","AminoGain¿ 1 CPB 54574AAA, ADM Animal Nutrition, a division of Archer Daniels Midland Company, Quincy, IL, packaged in 50 lb bags.","Not dog or cat food",https://www.accessdata.fda.gov/scripts/ires/?Product=169257
81573,169261,2019-10-17,"ADM Alliance Nutrition, Inc.","AminoGain¿ 1 CPB BT/MGA 54574BLR, MEDICATED, Lasalocid ... (200 mg/lb) ... 400 gm/ton, Melengestrol Acetate ... (0.4 mg/lb) ... 0.000088%, ADM Animal Nutrition, a division of Archer Daniels Midland Company, Quincy, IL, packaged in bulk","Animal drug, device or non-food product",https://www.accessdata.fda.gov/scripts/ires/?Product=169261
81573,169274,2019-10-17,"ADM Alliance Nutrition, Inc.","AminoGain¿ 1 CPB RU 54574CCP, MEDICATED, Monensin ... (200 mg/lb) ... 400 gm/ton, ADM Animal Nutrition, a division of Archer Daniels Midland Company, Quincy, IL, packaged in bulk","Animal drug, device or non-food product",https://www.accessdata.fda.gov/scripts/ires/?Product=169274
81573,169281,2019-10-17,"ADM Alliance Nutrition, Inc.","AminoGain¿ 1 CPB RU 54574CDB, MEDICATED, Monensin ... (250 mg/lb) ... 500 gm/ton, ADM Animal Nutrition, a division of Archer Daniels Midland Company, Quincy, IL, packaged in bulk and 50 lb bags.","Animal drug, device or non-food product",https://www.accessdata.fda.gov/scripts/ires/?Product=169281
81573,169335,2019-10-17,"ADM Alliance Nutrition, Inc.","AminoGain¿ 1 CPB RU 54574CDD, MEDICATED, Monensin ... (300 mg/lb) ... 600 gm/ton, ADM Animal Nutrition, a division of Archer Daniels Midland Company, Quincy, IL, packaged in bulk","Animal drug, device or non-food product",https://www.accessdata.fda.gov/scripts/ires/?Product=169335
81573,169336,2019-10-17,"ADM Alliance Nutrition, Inc.","AminoGain¿ 1 CPB RU 54574CDH, MEDICATED, Monensin ... (350 mg/lb) ... 700 gm/ton, ADM Animal Nutrition, a division of Archer Daniels Midland Company, Quincy, IL, packaged in bulk","Animal drug, device or non-food product",https://www.accessdata.fda.gov/scripts/ires/?Product=169336
81573,169337,2019-10-17,"ADM Alliance Nutrition, Inc.","AminoGain¿ 1 CPB RU 54574CDL, MEDICATED, Monensin ... (400 mg/lb) ... 800 gm/ton, ADM Animal Nutrition, a division of Archer Daniels Midland Company, Quincy, IL, packaged in bulk","Animal drug, device or non-food product",https://www.accessdata.fda.gov/scripts/ires/?Product=169337
81573,169338,2019-10-17,"ADM Alliance Nutrition, Inc.","AminoGain¿ 1 CPB with CitriStim¿ RU 54575CCP, MEDICATED, Monensin ... (200 mg/lb) ... 400 gm/ton, ADM Animal Nutrition, a division of Archer Daniels Midland Company, Quincy, IL, packaged in bulk and 50 lb bags.","Animal drug, device or non-food product",https://www.accessdata.fda.gov/scripts/ires/?Product=169338
81573,169339,2019-10-17,"ADM Alliance Nutrition, Inc.","AminoGain¿ 1 CPB with CitriStim¿ RU 54577CCP, MEDICATED, Monensin ... (200 mg/lb) ... 400 gm/ton, ADM Animal Nutrition, a division of Archer Daniels Midland Company, Quincy, IL, packaged in bulk and in 50 lb bags","Animal drug, device or non-food product",https://www.accessdata.fda.gov/scripts/ires/?Product=169339
81573,169340,2019-10-17,"ADM Alliance Nutrition, Inc.","AminoGain¿ 1 CPB RMXB RU 54579CDD, MEDICATED, Monensin ... (300 mg/lb) ... 600 gm/ton, ADM Animal Nutrition, a division of Archer Daniels Midland Company, Quincy, IL, packaged in bulk","Animal drug, device or non-food product",https://www.accessdata.fda.gov/scripts/ires/?Product=169340
81573,169345,2019-10-17,"ADM Alliance Nutrition, Inc.","AminoGain¿ 1 Traditional RU 54586CCP, MEDICATED, Monensin ... (200 mg/lb) ... 400 gm/ton, ADM Animal Nutrition, a division of Archer Daniels Midland Company, Quincy, IL, packaged in bulk and in 50 lb bags","Animal drug, device or non-food product",https://www.accessdata.fda.gov/scripts/ires/?Product=169345
81573,169346,2019-10-17,"ADM Alliance Nutrition, Inc.","AminoGain¿ 1 Traditional CitriStim¿ RU 54587CCP, MEDICATED, Monensin ... (200 mg/lb) ... 400 gm/ton, ADM Animal Nutrition, a division of Archer Daniels Midland Company, Quincy, IL, bags","Animal drug, device or non-food product",https://www.accessdata.fda.gov/scripts/ires/?Product=169346
81573,169348,2019-10-17,"ADM Alliance Nutrition, Inc.","AminoGro"" 6 RU 54597CAZ, MEDICATED, Monensin ... (200 mg/lb) ... 400 gm/ton, ADM Animal Nutrition, a division of Archer Daniels Midland Company, Quincy, IL, packaged in 50 lb bags","Animal drug, device or non-food product",https://www.accessdata.fda.gov/scripts/ires/?Product=169348
81573,169349,2019-10-17,"ADM Alliance Nutrition, Inc.","AminoGro"" 6 CitriStim¿ 54600AAA, ADM Animal Nutrition, a division of Archer Daniels Midland Company, Quincy, IL, packaged in bulk and 50 lb bags","Not dog or cat food",https://www.accessdata.fda.gov/scripts/ires/?Product=169349
81573,169351,2019-10-17,"ADM Alliance Nutrition, Inc.","AminoGro"" 6 CitriStim¿ RU 54600CAZ, MEDICATED, Monensin ... (25 mg/lb) ... 50 gm/ton, ADM Animal Nutrition, a division of Archer Daniels Midland Company, Quincy, IL, packaged in 50 lb bags","Animal drug, device or non-food product",https://www.accessdata.fda.gov/scripts/ires/?Product=169351
81573,169353,2019-10-17,"ADM Alliance Nutrition, Inc.","AminoGro"" 6 CitriStim¿ RU 54600CBB, MEDICATED, Monensin ... (30 mg/lb) ... 60 gm/ton, ADM Animal Nutrition, a division of Archer Daniels Midland Company, Quincy, IL, packaged in bulk and in 50 lb bags","Animal drug, device or non-food product",https://www.accessdata.fda.gov/scripts/ires/?Product=169353
81573,169396,2019-10-17,"ADM Alliance Nutrition, Inc.","AminoGro"" 12 Developer RU 54605CBB, MEDICATED, Monensin ... (30 mg/lb) ... 60 gm/ton, ADM Animal Nutrition, a division of Archer Daniels Midland Company, Quincy, IL, packaged in bulk","Animal drug, device or non-food product",https://www.accessdata.fda.gov/scripts/ires/?Product=169396
81573,169398,2019-10-17,"ADM Alliance Nutrition, Inc.","Rough-N-Ready"" 14 54783AAA, ADM Animal Nutrition, a division of Archer Daniels Midland Company, Quincy, IL, packaged in bulk","Not dog or cat food",https://www.accessdata.fda.gov/scripts/ires/?Product=169398
81573,169400,2019-10-17,"ADM Alliance Nutrition, Inc.","Rough-N-Ready"" 14 BT, 54783BHB, MEDICATED, Lasalocid ... (30 mg/lb) ... 60 gm/ton, ADM Animal Nutrition, a division of Archer Daniels Midland Company, Quincy, IL, packaged in bulk and 50 lb bags","Animal drug, device or non-food product",https://www.accessdata.fda.gov/scripts/ires/?Product=169400
81573,169402,2019-10-17,"ADM Alliance Nutrition, Inc.","Rough-N-Ready"" 14 BT 54783BHI, MEDICATED, Lasalocid ... (45 mg/lb) ... 90 gm/ton, ADM Animal Nutrition, a division of Archer Daniels Midland Company, Quincy, IL, packaged in bulk","Animal drug, device or non-food product",https://www.accessdata.fda.gov/scripts/ires/?Product=169402
81573,169404,2019-10-17,"ADM Alliance Nutrition, Inc.","Rough-N-Ready"" 14 54783BHJ, MEDICATED, Lasalocid ... (50 mg/lb) ... 100 gm/ton, ADM Animal Nutrition, a division of Archer Daniels Midland Company, Quincy, IL, packaged in bulk","Animal drug, device or non-food product",https://www.accessdata.fda.gov/scripts/ires/?Product=169404
81573,169405,2019-10-17,"ADM Alliance Nutrition, Inc.","Rough-N-Ready"" 16 BT 54787BHB, MEDICATED, Lasalocid ... (30 mg/lb) ... 60 gm/ton, ADM Animal Nutrition, a division of Archer Daniels Midland Company, Quincy, IL, packaged in bulk","Animal drug, device or non-food product",https://www.accessdata.fda.gov/scripts/ires/?Product=169405
81573,169406,2019-10-17,"ADM Alliance Nutrition, Inc.","Rough N-Ready"" 16 RU 54787CAX, MEDICATED, Monensin ... (20 mg/lb) ... 40 gm/ton, ADM Animal Nutrition, a division of Archer Daniels Midland Company, Quincy, IL, packaged in bulk","Animal drug, device or non-food product",https://www.accessdata.fda.gov/scripts/ires/?Product=169406
81573,169407,2019-10-17,"ADM Alliance Nutrition, Inc.","MasterGain¿ 12:6 Hi Cu & Zn Beef Mineral 54837AAA, ADM Animal Nutrition, a division of Archer Daniels Midland Company, Quincy, IL, packaged in 50 lb bags","Not dog or cat food",https://www.accessdata.fda.gov/scripts/ires/?Product=169407
81573,169410,2019-10-17,"ADM Alliance Nutrition, Inc.","Beef-trate¿ BT 54910BJP, MEDICATED, Lasalocid ... (400 mg/lb) ... 800 gm/ton, ADM Animal Nutrition, a division of Archer Daniels Midland Company, Quincy, IL, packaged in 50 lb bags","Animal drug, device or non-food product",https://www.accessdata.fda.gov/scripts/ires/?Product=169410
81573,169411,2019-10-17,"ADM Alliance Nutrition, Inc.","Beef-trate¿ BT/MGA 54910BMJ, MEDICATED, Lasalocid ... (350 mg/lb) ... 700 gm/ton, Melengestrol Acetate ... (0.5 mg/lb) ... 0.00011%, ADM Animal Nutrition, a division of Archer Daniels Midland Company, Quincy, IL, packaged in bulk","Animal drug, device or non-food product",https://www.accessdata.fda.gov/scripts/ires/?Product=169411
81573,169413,2019-10-17,"ADM Alliance Nutrition, Inc.","BovaGain¿ 32/15 LI RU 54953CBN, MEDICATED, Monensin ... (55 mg/lb) ... 110 gm/ton, ADM Animal Nutrition, a division of Archer Daniels Midland Company, Quincy, IL, packaged in 50 lb bags","Animal drug, device or non-food product",https://www.accessdata.fda.gov/scripts/ires/?Product=169413
81573,169415,2019-10-17,"ADM Alliance Nutrition, Inc.","BovaGain¿ 37 54958AAA, ADM Animal Nutrition, a division of Archer Daniels Midland Company, Quincy, IL, packaged in 50 lb bags","Not dog or cat food",https://www.accessdata.fda.gov/scripts/ires/?Product=169415
81573,169416,2019-10-17,"ADM Alliance Nutrition, Inc.","BovaGain¿ 40/15 BT 54962BIY, MEDICATED, Lasalocid ... (200 mg/lb) ... 400 gm/ton, ADM Animal Nutrition, a division of Archer Daniels Midland Company, Quincy, IL, packaged in bulk","Animal drug, device or non-food product",https://www.accessdata.fda.gov/scripts/ires/?Product=169416
81573,169421,2019-10-17,"ADM Alliance Nutrition, Inc.","BovaGain¿ 40/15 RU 54962CCP, MEDICATED, Monensin ... (200 mg/lb) ... 400 gm/ton, ADM Animal Nutrition, a division of Archer Daniels Midland Company, Quincy, IL, packaged in 50 lb bags","Animal drug, device or non-food product",https://www.accessdata.fda.gov/scripts/ires/?Product=169421
81573,169432,2019-10-17,"ADM Alliance Nutrition, Inc.","MasterPlex"" 50P RU 54997CDL, MEDICATED, Monensin ... (200 mg/lb) ... 400 gm/ton, ADM Animal Nutrition, a division of Archer Daniels Midland Company, Quincy, IL, packaged 50 lb bags","Animal drug, device or non-food product",https://www.accessdata.fda.gov/scripts/ires/?Product=169432
81573,169656,2019-10-17,"ADM Alliance Nutrition, Inc.","MasterPlex"" 75P BT/MGA 55005BMF, MEDICATED, Laslocid ... (300 mg/lb) ... 600 gm/ton, Melengestrol Acetate ... (0.625 mg/lb) ... 0.0001375%, ADM Animal Nutrition, a division of Archer Daniels Midland Company, Quincy, IL, packaged in bulk","Animal drug, device or non-food product",https://www.accessdata.fda.gov/scripts/ires/?Product=169656
81573,169657,2019-10-17,"ADM Alliance Nutrition, Inc.","MasterPlex"" 75P BT/MGA 55005BMN, MEDICATED, Laslocid ... (400 mg/lb) ... 800 gm/ton, Melengestrol Acetate ... (0.60 mg/lb) ... 0.000132%, ADM Animal Nutrition, a division of Archer Daniels Midland Company, Quincy, IL, packaged in bulk","Animal drug, device or non-food product",https://www.accessdata.fda.gov/scripts/ires/?Product=169657
81573,169660,2019-10-17,"ADM Alliance Nutrition, Inc.","MasterPlex"" 75P RU 55005CDD, MEDICATED, Monensin ... (300 mg/lb) ... 600 gm/ton, ADM Animal Nutrition, a division of Archer Daniels Midland Company, Quincy, IL, packaged in bulk","Animal drug, device or non-food product",https://www.accessdata.fda.gov/scripts/ires/?Product=169660
81573,169662,2019-10-17,"ADM Alliance Nutrition, Inc.","MasterPlex"" 75P 30/30 RU 55010CDD, MEDICATED, Monensin ... (300 mg/lb) ... 600 gm/ton, ADM Animal Nutrition, a division of Archer Daniels Midland Company, Quincy, IL, packaged in bulk","Animal drug, device or non-food product",https://www.accessdata.fda.gov/scripts/ires/?Product=169662
81573,169663,2019-10-17,"ADM Alliance Nutrition, Inc.","N-Vigor8"" Two 55040BAJ, MEDICATED, Decoquinate ... (56.75 mg/lb) ... 0.0125%, ADM Animal Nutrition, a division of Archer Daniels Midland Company, Quincy, IL, packaged in bulk","Animal drug, device or non-food product",https://www.accessdata.fda.gov/scripts/ires/?Product=169663
81573,169664,2019-10-17,"ADM Alliance Nutrition, Inc.","N-Vigor8"" Six 55043AAA, ADM Animal Nutrition, a division of Archer Daniels Midland Company, Quincy, IL, packaged in 50 lb bags","Not dog or cat food",https://www.accessdata.fda.gov/scripts/ires/?Product=169664
81573,169665,2019-10-17,"ADM Alliance Nutrition, Inc.","StressFighter¿ 6 55073AAA, ADM Animal Nutrition, a division of Archer Daniels Midland Company, Quincy, IL, packaged in bulk and in 50 lb bags","Not dog or cat food",https://www.accessdata.fda.gov/scripts/ires/?Product=169665
81573,169666,2019-10-17,"ADM Alliance Nutrition, Inc.","StressFighter¿ 6 AS 55073AWP, MEDICATED, Chlortetracycline ... (58.5 mg/lb) ...117 gms/ton, Sulfamethazine ... (58.5 mg/lb) ... 0.0129%, ADM Animal Nutrition, a division of Archer Daniels Midland Company, Quincy, IL, packaged in bulk and in 50 lb bags.","Animal drug, device or non-food product",https://www.accessdata.fda.gov/scripts/ires/?Product=169666
81573,169667,2019-10-17,"ADM Alliance Nutrition, Inc.","StressFighter¿ 6 DC 55073AZY, MEDICATED, Decoquinate ... (22.7 mg/lb) ...0.005%, ADM Animal Nutrition, a division of Archer Daniels Midland Company, Quincy, IL, packaged in bulk and in 50 lb bags","Animal drug, device or non-food product",https://www.accessdata.fda.gov/scripts/ires/?Product=169667
81573,169668,2019-10-17,"ADM Alliance Nutrition, Inc.","StressFighter¿ 10 DCQ 55076AZP, MEDICATED, Decoquinate ... (9.08 mg/lb) ...0.002%, ADM Animal Nutrition, a division of Archer Daniels Midland Company, Quincy, IL, packaged in bulk","Animal drug, device or non-food product",https://www.accessdata.fda.gov/scripts/ires/?Product=169668
81573,169678,2019-10-17,"ADM Alliance Nutrition, Inc.","Beef Creep/Grower 14 BT 55103BHB, MEDICATED, Lasalocid ... (30 mg/lb) ...60 gms/ton, ADM Animal Nutrition, a division of Archer Daniels Midland Company, Quincy, IL, packaged in bulk","Animal drug, device or non-food product",https://www.accessdata.fda.gov/scripts/ires/?Product=169678
81573,169679,2019-10-17,"ADM Alliance Nutrition, Inc.","Beef Creep/Grower 14 BT 55103BHI, MEDICATED, Lasalocid ... (45 mg/lb) ...90 gms/ton, ADM Animal Nutrition, a division of Archer Daniels Midland Company, Quincy, IL, packaged in bulk and in 50 lb bags","Animal drug, device or non-food product",https://www.accessdata.fda.gov/scripts/ires/?Product=169679
81573,169680,2019-10-17,"ADM Alliance Nutrition, Inc.","Beef Creep/Grower 16 55107AAA, ADM Animal Nutrition, a division of Archer Daniels Midland Company, Quincy, IL, packaged in bulk","Livestock feed or food for other animals",https://www.accessdata.fda.gov/scripts/ires/?Product=169680
81573,169681,2019-10-17,"ADM Alliance Nutrition, Inc.","Beef Creep/Grower 16 BT 55107BHB, MEDICATED, Lasalocid ... (30 mg/lb) ...60 gms/ton, ADM Animal Nutrition, a division of Archer Daniels Midland Company, Quincy, IL, packaged in bulk","Animal drug, device or non-food product",https://www.accessdata.fda.gov/scripts/ires/?Product=169681
81573,169682,2019-10-17,"ADM Alliance Nutrition, Inc.","Beef Creep/Grower 16 RU 55107CBB, MEDICATED, Monensin ... (30 mg/lb) ...60 gms/ton, ADM Animal Nutrition, a division of Archer Daniels Midland Company, Quincy, IL, packaged in bulk","Animal drug, device or non-food product",https://www.accessdata.fda.gov/scripts/ires/?Product=169682
81573,169684,2019-10-17,"ADM Alliance Nutrition, Inc.","ADM 16 Beef Pellet 55137AAA, ADM Animal Nutrition, a division of Archer Daniels Midland Company, Quincy, IL, packaged in bulk","Not dog or cat food",https://www.accessdata.fda.gov/scripts/ires/?Product=169684
81573,169685,2019-10-17,"ADM Alliance Nutrition, Inc.","ADM 25 Beef Pellet 55145AAA, ADM Animal Nutrition, a division of Archer Daniels Midland Company, Quincy, IL, packaged in bulk","Not dog or cat food",https://www.accessdata.fda.gov/scripts/ires/?Product=169685
81573,169686,2019-10-17,"ADM Alliance Nutrition, Inc.","ADM Beef Concentrate 38 55194AAA, ADM Animal Nutrition, a division of Archer Daniels Midland Company, Quincy, IL, packaged in bulk and in 50 lb bags","Not dog or cat food",https://www.accessdata.fda.gov/scripts/ires/?Product=169686
81573,169687,2019-10-17,"ADM Alliance Nutrition, Inc.","ADM Beef Concentrate 38 BT 55194BIY, MEDICATED, Lasalocid ... (200 mg/lb) ...400 gms/ton, ADM Animal Nutrition, a division of Archer Daniels Midland Company, Quincy, IL, packaged in bulk","Animal drug, device or non-food product",https://www.accessdata.fda.gov/scripts/ires/?Product=169687
81573,169688,2019-10-17,"ADM Alliance Nutrition, Inc.","ADM Beef Concentrate 40/20 RU 55197CCP, MEDICATED, Monensin ... (200 mg/lb) ...400 gms/ton, ADM Animal Nutrition, a division of Archer Daniels Midland Company, Quincy, IL, packaged in bulk and in 50 lb bags","Animal drug, device or non-food product",https://www.accessdata.fda.gov/scripts/ires/?Product=169688
81573,169691,2019-10-17,"ADM Alliance Nutrition, Inc.","Flight Ready"" GAME BIRD CONDITIONER 80071AAH, MEDICATED, Amprolium ... 0.0175%, ADM Animal Nutrition, a division of Archer Daniels Midland Company, Quincy, IL, packaged in bulk","Animal drug, device or non-food product",https://www.accessdata.fda.gov/scripts/ires/?Product=169691
81573,169693,2019-10-17,"ADM Alliance Nutrition, Inc.","INC BEEF G/F 35-15 R400, MEDICATED, Monensin (as Monensin Sodium) ... 400 gms/ton,Manufactured For: Independent Nutrition & Consulting, Inc. Norfolk, NE. 68701, packaged in bulk","Animal drug, device or non-food product",https://www.accessdata.fda.gov/scripts/ires/?Product=169693
81573,169694,2019-10-17,"ADM Alliance Nutrition, Inc.","CC GLUTEN BALANCER R350, MEDICATED, Monensin (as Monensin Sodium) ... 350 gms/ton,Manufactured For: Independent Nutrition & Consulting, Inc. Norfolk, NE. 68701, packaged in bulk","Animal drug, device or non-food product",https://www.accessdata.fda.gov/scripts/ires/?Product=169694
81573,169695,2019-10-17,"ADM Alliance Nutrition, Inc.","INC FEEDLOT FINISHER R500, MEDICATED, Monensin (as Monensin Sodium) ... 500 g/ton,Manufactured For: Independent Nutrition & Consulting, Inc. Norfolk, NE. 68701","Animal drug, device or non-food product",https://www.accessdata.fda.gov/scripts/ires/?Product=169695
81573,169696,2019-10-17,"ADM Alliance Nutrition, Inc.","INC CATTLE CONDITIONER 5-A-DAY AS 700, MEDICATED, Chlortetracycline ... 140 g/ton, Sulfamethazine ... 140 g/ton, Manufactured For: Independent Nutrition & Consulting, Inc. Norfolk, NE. 68701, packaged in bulk","Animal drug, device or non-food product",https://www.accessdata.fda.gov/scripts/ires/?Product=169696
81573,169697,2019-10-17,"ADM Alliance Nutrition, Inc.","INC CATTLE CONDITIONER 10-A-DAY Bovatec 100, MEDICATED, Lasalosid... 100 g/ton, Manufactured For: Independent Nutrition & Consulting, Inc. Norfolk, NE. 68701, packaged in bulk","Animal drug, device or non-food product",https://www.accessdata.fda.gov/scripts/ires/?Product=169697
81573,169698,2019-10-17,"ADM Alliance Nutrition, Inc.","INC 14% GRAZE-N-GROW CALF CREEP R60, MEDICATED, Monensin... 60 gm/ton, Manufactured For: Independent Nutrition & Consulting, Inc. Norfolk, NE. 68701, packaged in bulk","Animal drug, device or non-food product",https://www.accessdata.fda.gov/scripts/ires/?Product=169698
81573,169700,2019-10-17,"ADM Alliance Nutrition, Inc.","INC BEEF GROWER 35-15 R600, MEDICATED, Monensin (as Monensin Sodium)... 600 g/ton, Manufactured For: Independent Nutrition & Consulting, Inc. Norfolk, NE. 68701","Animal drug, device or non-food product",https://www.accessdata.fda.gov/scripts/ires/?Product=169700
81573,169701,2019-10-17,"ADM Alliance Nutrition, Inc.","German Grower Bal RU Thiamine D9245CDP, MEDICATED, Monensin... (460 mg/lb)... 920 gm/ton, ADM Animal Nutrition, a division of Archer Daniels Midland Company, Quincy, IL 62305, packaged in bulk","Animal drug, device or non-food product",https://www.accessdata.fda.gov/scripts/ires/?Product=169701
81573,169702,2019-10-17,"ADM Alliance Nutrition, Inc.","Burr Feeds 40/15 FDLT Supp RU D9416CDB, MEDICATED, Monensin... (250 mg/lb)... 500 gm/ton, ADM Animal Nutrition, a division of Archer Daniels Midland Company, Quincy, IL 62305 packaged in bulk","Animal drug, device or non-food product",https://www.accessdata.fda.gov/scripts/ires/?Product=169702
81573,169703,2019-10-17,"ADM Alliance Nutrition, Inc.","Diamond L Feedlot By-Product Mineral RU E5912CDB, MEDICATED, Monensin... (250 mg/lb)... 500 gm/ton, ADM Animal Nutrition, a division of Archer Daniels Midland Company, Quincy, IL 62305 packaged in 50 lb bags","Animal drug, device or non-food product",https://www.accessdata.fda.gov/scripts/ires/?Product=169703
81573,169704,2019-10-17,"ADM Alliance Nutrition, Inc.","INC FEEDLOT FINISHER B800 1.0 MGA, MEDICATED, Lasalocid... 800 g/ton, Melengestrol Acetate... 1.0 mg/lb. Manufactured For: Independent Nutrition & Consulting, Inc. Norfolk, NE. 68702, packaged in bulk","Animal drug, device or non-food product",https://www.accessdata.fda.gov/scripts/ires/?Product=169704
81573,169705,2019-10-17,"ADM Alliance Nutrition, Inc.","TMT Feedlot Base RU E7278CDJ, MEDICATED, Monensin... (375 mg/lb)... 750 gms/ton, ADM Animal Nutrition, a division of Archer Daniels Midland Company, Quincy, IL 62305, packaged in bulk","Animal drug, device or non-food product",https://www.accessdata.fda.gov/scripts/ires/?Product=169705
81573,169706,2019-10-17,"ADM Alliance Nutrition, Inc.","Stevens Feedlot 47 Balancer RU 0.85 F0865GBN, MEDICATED, Monensin... (335.3 mg/lb)... 670 gms/ton, ADM Animal Nutrition, a division of Archer Daniels Midland Company, Quincy, IL 62305, packaged in bulk","Animal drug, device or non-food product",https://www.accessdata.fda.gov/scripts/ires/?Product=169706
81573,169707,2019-10-17,"ADM Alliance Nutrition, Inc.","INC FEEDLOT FINISHER R600, MEDICATED, Monensin (as Monensin Sodium)... 600 g/ton, Manufactured For: Independent Nutrition & Consulting, Inc. Norfolk, NE. 68702, packaged in bulk","Animal drug, device or non-food product",https://www.accessdata.fda.gov/scripts/ires/?Product=169707
81573,169708,2019-10-17,"ADM Alliance Nutrition, Inc.","Lazy K FDLT Starter/Balncr DC F4353GFO, MEDICATED, Decoquinate... (124.85 mg/lb)... 0.0275%, ADM Animal Nutrition, a division of Archer Daniels Midland Company, Quincy, IL 62305, packaged in bulk and in 50 lb bags.","Animal drug, device or non-food product",https://www.accessdata.fda.gov/scripts/ires/?Product=169708
81573,169709,2019-10-17,"ADM Alliance Nutrition, Inc.","WestFeeds AminoGain¿ Add Pack Low Cu F5980AAA, ADM Animal Nutrition, a division of Archer Daniels Midland Company, Quincy, IL 62305, packaged in bulk","Not dog or cat food",https://www.accessdata.fda.gov/scripts/ires/?Product=169709
81573,169724,2019-10-17,"ADM Alliance Nutrition, Inc.","INC FEEDLOT FINISHER .8 MGA, MEDICATED, Melengestrol Acetate... 0.8 mg/lb, Manufactured For: Independent Nutrition & Consulting, Inc. Norfolk, NE. 68702, packaged in bulk","Animal drug, device or non-food product",https://www.accessdata.fda.gov/scripts/ires/?Product=169724
81573,169725,2019-10-17,"ADM Alliance Nutrition, Inc.","INC FEEDLOT FINISHER R1200, MEDICATED, Monensin (as Monensin Sodium)... 1200 g/ton, Manufactured For: Independent Nutrition & Consulting, Inc. Norfolk, NE. 68702, packaged in bulk","Animal drug, device or non-food product",https://www.accessdata.fda.gov/scripts/ires/?Product=169725
81573,169726,2019-10-17,"ADM Alliance Nutrition, Inc.","INC FEEDLOT FINISHER 1.0 MGA, MEDICATED, Melengestrol Acetate... 1 mg/lb, Manufactured For: Independent Nutrition & Consulting, Inc. Norfolk, NE. 68702, packaged in bulk","Animal drug, device or non-food product",https://www.accessdata.fda.gov/scripts/ires/?Product=169726
81573,169727,2019-10-17,"ADM Alliance Nutrition, Inc.","CC GLUTEN BALANCER B450 .25MGA, MEDICATED, Lasalosid... 450 g/ton, Melengestrol Acetate... 0.25 mg/lb, Manufactured For: Independent Nutrition & Consulting, Inc. Norfolk, NE. 68702, packaged in bulk","Animal drug, device or non-food product",https://www.accessdata.fda.gov/scripts/ires/?Product=169727
81573,169728,2019-10-17,"ADM Alliance Nutrition, Inc.","INC FEEDLOT FINISHER Bov 650 .4 MGA, MEDICATED, Lasalosid... 650 g/ton, Melengestrol Acetate... 0.4 mg/lb, Manufactured For: Independent Nutrition & Consulting, Inc. Norfolk, NE. 68702, packaged in bulk","Animal drug, device or non-food product",https://www.accessdata.fda.gov/scripts/ires/?Product=169728
81573,169730,2019-10-17,"ADM Alliance Nutrition, Inc.","INC FEEDLOT FINISHER R700, MEDICATED, Monensin (as Monensin Sodium)... 700 g/ton, Manufactured For: Independent Nutrition & Consulting, Inc. Norfolk, NE. 68702 packaged in bulk","Animal drug, device or non-food product",https://www.accessdata.fda.gov/scripts/ires/?Product=169730
81573,169731,2019-10-17,"ADM Alliance Nutrition, Inc.","INC FEEDLOT FINISHER R600 + Availa Zn, MEDICATED, Monensin (as Monensin Sodium)... 600 g/ton, Manufactured For: Independent Nutrition & Consulting, Inc. Norfolk, NE 68702 packaged in bulk","Animal drug, device or non-food product",https://www.accessdata.fda.gov/scripts/ires/?Product=169731
81573,169733,2019-10-17,"ADM Alliance Nutrition, Inc.","INC FEEDLOT FINISHER R700 + Availa Zn, MEDICATED, Monensin (as Monensin Sodium)... 700 g/ton, Manufactured For: Independent Nutrition & Consulting, Inc. Norfolk, NE 68702, packaged in bulk","Animal drug, device or non-food product",https://www.accessdata.fda.gov/scripts/ires/?Product=169733
81573,169734,2019-10-17,"ADM Alliance Nutrition, Inc.","INC FEEDLOT FINISHER R1200 + Availa Zn, MEDICATED, Monensin (as Monensin Sodium)... 1200 g/ton, Manufactured For: Independent Nutrition & Consulting, Inc. Norfolk, NE. 68702","Animal drug, device or non-food product",https://www.accessdata.fda.gov/scripts/ires/?Product=169734
81573,169735,2019-10-17,"ADM Alliance Nutrition, Inc.","INC FEEDLOT FINISHER R1000 + Availa Zn, MEDICATED, Monensin (as Monensin Sodium)... 1000 g/ton, Manufactured For: Independent Nutrition & Consulting, Inc. Norfolk, NE. 68702, packaged in bulk","Animal drug, device or non-food product",https://www.accessdata.fda.gov/scripts/ires/?Product=169735
81573,169737,2019-10-17,"ADM Alliance Nutrition, Inc.","INC BEEF FINISHER 45-30 .8MGA, MEDICATED, Melengestrol Acetate... 0.8 Mg/lb, Manufactured For: Independent Nutrition & Consulting, Inc. Norfolk, NE. 68702, packaged in bulk","Animal drug, device or non-food product",https://www.accessdata.fda.gov/scripts/ires/?Product=169737
81573,169738,2019-10-17,"ADM Alliance Nutrition, Inc.","INC BEEF FINISHER 45-30 R1000 + Availa Zn, MEDICATED, Monensin (as Monensin Sodium)... 1000 g/tom, Manufactured For: Independent Nutrition & Consulting, Inc. Norfolk, NE. 68702, packaged in bulk","Animal drug, device or non-food product",https://www.accessdata.fda.gov/scripts/ires/?Product=169738
81573,169739,2019-10-17,"ADM Alliance Nutrition, Inc.","Laird Starter 6 G3749AAA, ADM Animal Nutrition, a division of Archer Daniels Midland Company, Quincy, IL 62305, packaged in bulk","Not dog or cat food",https://www.accessdata.fda.gov/scripts/ires/?Product=169739
81573,169740,2019-10-17,"ADM Alliance Nutrition, Inc.","AG West Starter 6 G3757AAA, ADM Animal Nutrition, a division of Archer Daniels Midland Company, Quincy, IL 62305, packaged in 50 lb bags","Not dog or cat food",https://www.accessdata.fda.gov/scripts/ires/?Product=169740
81573,169741,2019-10-17,"ADM Alliance Nutrition, Inc.","AG West Starter 6 CTC/SMZ G3757AWP, MEDICATED, Chlortetracycline... (58.5 mg/lb)... 117 gms/ton, Sulfamethazine... (58.5 mg/lb)... 0.0129%, ADM Animal Nutrition, a division of Archer Daniels Midland Company, Quincy, IL 62305, packaged in bulk and 50 lb bags","Animal drug, device or non-food product",https://www.accessdata.fda.gov/scripts/ires/?Product=169741
81573,169761,2019-10-17,"ADM Alliance Nutrition, Inc.","Williams Beef Balancer RU G4150CDV, MEDICATED, Monensin... (600 mg/lb)... 1200 gm/ton, ADM Animal Nutrition, a division of Archer Daniels Midland Company, Quincy, IL 62305, packaged in bulk","Animal drug, device or non-food product",https://www.accessdata.fda.gov/scripts/ires/?Product=169761
81573,169767,2019-10-17,"ADM Alliance Nutrition, Inc.","INC BEEF FINISHER 45-30 B500 .4MGA, MEDICATED, Lasalocid... 500 gm/ton, Melengestrol Acetate... 0.4 Mg/lb,Manufactured For: Independent Nutrition & Consulting, Inc. Norfolk, Ne. 68702, packaged in bulk","Animal drug, device or non-food product",https://www.accessdata.fda.gov/scripts/ires/?Product=169767
81573,169768,2019-10-17,"ADM Alliance Nutrition, Inc.","INC BEEF FINISHER 45-30 B500, MEDICATED, Lasalocid... 500 gm/ton, Manufactured For: Independent Nutrition & Consulting, Inc. Norfolk, Ne. 68702, packaged in bulk","Animal drug, device or non-food product",https://www.accessdata.fda.gov/scripts/ires/?Product=169768
81573,169769,2019-10-17,"ADM Alliance Nutrition, Inc.","Augustin Beef Bal RU G4894CDD, MEDICATED, Monensin...(300 mg/lb)... 600 gm/ton, ADM Animal Nutrition, a division of Archer Daniels Midland Company, Quincy, IL 62305, packaged in bulk","Animal drug, device or non-food product",https://www.accessdata.fda.gov/scripts/ires/?Product=169769
81573,169770,2019-10-17,"ADM Alliance Nutrition, Inc.","Marc Beef Balancer RU G5498CDH, MEDICATED, Monensin...(350 mg/lb)... 700 gm/ton, ADM Animal Nutrition, a division of Archer Daniels Midland Company, Quincy, IL 62305, packaged in bulk","Animal drug, device or non-food product",https://www.accessdata.fda.gov/scripts/ires/?Product=169770
81573,169771,2019-10-17,"ADM Alliance Nutrition, Inc.","Marc Beef Balancer RU/TY G5498CJT, MEDICATED, Monensin...(350 mg/lb)... 700 gm/ton, Tylosin... (100 mg/lb)... 200 gm/ton, ADM Animal Nutrition, a division of Archer Daniels Midland Company, Quincy, IL 62305, packaged in bulk","Animal drug, device or non-food product",https://www.accessdata.fda.gov/scripts/ires/?Product=169771
81573,169772,2019-10-17,"ADM Alliance Nutrition, Inc.","INC CUSTOM FEEDLOT FINISHER R700 + ZinPro, MEDICATED, Monensin (as Monensin Sodium)... 700 gm/ton, Manufactured For: Independent Nutrition & Consulting, Inc. Norfolk, NE. 68702, packaged in bulk","Animal drug, device or non-food product",https://www.accessdata.fda.gov/scripts/ires/?Product=169772
81573,169773,2019-10-17,"ADM Alliance Nutrition, Inc.","MFI & MFN HI PRO Base G5735AAA, ADM Animal Nutrition, a division of Archer Daniels Midland Company, Quincy, IL 62305, packaged in bulk","Not dog or cat food",https://www.accessdata.fda.gov/scripts/ires/?Product=169773
81573,169774,2019-10-17,"ADM Alliance Nutrition, Inc.","MFI & MFN HI PRO Base #2 G5736AAA, ADM Animal Nutrition, a division of Archer Daniels Midland Company, Quincy, IL 62305, packaged in bulk","Not dog or cat food",https://www.accessdata.fda.gov/scripts/ires/?Product=169774
81573,169775,2019-10-17,"ADM Alliance Nutrition, Inc.","Blase Beef Gainer RU G5941CDD, MEDICATED, Monensin... (300 mg/lb)... 600 gm/ton, ADM Animal Nutrition, a division of Archer Daniels Midland Company, Quincy, IL 62305, packaged of bulk","Animal drug, device or non-food product",https://www.accessdata.fda.gov/scripts/ires/?Product=169775
82005,170554,2019-10-17,"Land O'Lakes, Inc.","Purina Honor Show Chow ShowLamb Grower 15% DX Medicated Type C Medicated Feed. Net Weight 50 lb. (22.67 kg), Item No. 3004494-506. Formula No. 552S. UPC 04273-05531. Active Drug Ingredients: Decoquinate 0.0017% (7.6 mg/lb). Manufactured by: Purina Animal Nutrition LLC, 1080 County Road F West, Shore","Animal drug, device or non-food product",https://www.accessdata.fda.gov/scripts/ires/?Product=170554
82128,171018,2019-10-17,"ADM Alliance Nutrition, Inc.","ADM Animal Nutrition PVM Range Mineral 59000AAA packaged in 50 pound bags","Not dog or cat food",https://www.accessdata.fda.gov/scripts/ires/?Product=171018
82128,171267,2019-10-17,"ADM Alliance Nutrition, Inc.","Moorman's 646 RU 54646CDV packaged in 50 pound bags","Not dog or cat food",https://www.accessdata.fda.gov/scripts/ires/?Product=171267
82128,171268,2019-10-17,"ADM Alliance Nutrition, Inc.","AMPT-T 54232AAA packaged in 50 pound bags","Not dog or cat food",https://www.accessdata.fda.gov/scripts/ires/?Product=171268
82128,171372,2019-10-17,"ADM Alliance Nutrition, Inc.","537AT MoorMan's MINTRATE RED BLOCK RU Net Wt 33 1/3 LB block","Not dog or cat food",https://www.accessdata.fda.gov/scripts/ires/?Product=171372
82128,171373,2019-10-17,"ADM Alliance Nutrition, Inc.","537DL MoorMan's MINTRATE RED BLOCK RU Net Wt 33 1/3 LB block","Not dog or cat food",https://www.accessdata.fda.gov/scripts/ires/?Product=171373
82128,171376,2019-10-17,"ADM Alliance Nutrition, Inc.","ADM Animal Nutrition AMPT-P 54231AAA packaged in a 50 pound bag","Not dog or cat food",https://www.accessdata.fda.gov/scripts/ires/?Product=171376
82128,171377,2019-10-17,"ADM Alliance Nutrition, Inc.","ADM Animal Nutrition AMPT-A Charged W/RXB 54308AAA packaged in a 50 pound bag","Not dog or cat food",https://www.accessdata.fda.gov/scripts/ires/?Product=171377
82128,171378,2019-10-17,"ADM Alliance Nutrition, Inc.","ADM Animal Nutrition SPINDLETOP RANCH Beef Mineral G4758AAA packaged in a 50 pound bag","Not dog or cat food",https://www.accessdata.fda.gov/scripts/ires/?Product=171378
82128,171379,2019-10-17,"ADM Alliance Nutrition, Inc.","ADM Animal Nutrition Roughage Buster 80 Block 54705AAA packaged in a 33 1/3 pound block","Not dog or cat food",https://www.accessdata.fda.gov/scripts/ires/?Product=171379
82128,171406,2019-10-17,"ADM Alliance Nutrition, Inc.","ADM Animal Nutrition Roughage Buster 100 Block 54708AAA packaged in a 33 1/3 pound block","Not dog or cat food",https://www.accessdata.fda.gov/scripts/ires/?Product=171406
82128,171407,2019-10-17,"ADM Alliance Nutrition, Inc.","ADM Animal Nutrition PVM Range Mineral 59000AAA packaged in 50 pound bags","Not dog or cat food",https://www.accessdata.fda.gov/scripts/ires/?Product=171407
82128,171408,2019-10-17,"ADM Alliance Nutrition, Inc.","ADM Animal Nutrition ADM Triplex Cattle Block 55119AAA65 packaged in a 33 1/3 pound block","Livestock feed or food for other animals",https://www.accessdata.fda.gov/scripts/ires/?Product=171408
82128,171409,2019-10-17,"ADM Alliance Nutrition, Inc.","MoorMans Sheep Mineral Block 625AU packaged in a 50 pound block","Livestock feed or food for other animals",https://www.accessdata.fda.gov/scripts/ires/?Product=171409
82128,171412,2019-10-17,"ADM Alliance Nutrition, Inc.","MoorMans Hi-Mag 649 Mineral 54649AAA packaged in a 50 pound bag","Not dog or cat food",https://www.accessdata.fda.gov/scripts/ires/?Product=171412
82128,171413,2019-10-17,"ADM Alliance Nutrition, Inc.","ADM Animal Nutrition Spring Hi-Mag Beef Mineral packaged in a 50 pound bag 55113AAA","Not dog or cat food",https://www.accessdata.fda.gov/scripts/ires/?Product=171413
82128,171414,2019-10-17,"ADM Alliance Nutrition, Inc.","ADM Animal Nutrition MasterPlex Block 55015AAA packaged in a 50 pound bag","Not dog or cat food",https://www.accessdata.fda.gov/scripts/ires/?Product=171414
82128,171416,2019-10-17,"ADM Alliance Nutrition, Inc.","ADM Animal Nutrition Sheep 22% Red Block 80918AAA packaged in a 33 1/3 pound block","Livestock feed or food for other animals",https://www.accessdata.fda.gov/scripts/ires/?Product=171416
82128,171417,2019-10-17,"ADM Alliance Nutrition, Inc.","Energized Ranch Block Red packaged in a 33 1/3 pound block","Not dog or cat food",https://www.accessdata.fda.gov/scripts/ires/?Product=171417
82128,171418,2019-10-17,"ADM Alliance Nutrition, Inc.","Plus 2 packaged in 50 pound bags","Not dog or cat food",https://www.accessdata.fda.gov/scripts/ires/?Product=171418
82128,171419,2019-10-17,"ADM Alliance Nutrition, Inc.","ADM Animal Nutrition Mintrate 40 Brunette Block packaged in 33 1/3 pound blocks","Not dog or cat food",https://www.accessdata.fda.gov/scripts/ires/?Product=171419
82128,171421,2019-10-17,"ADM Alliance Nutrition, Inc.","ADM Animal Nutrition Goat Power 22% Red Block 80921AAA packaged in 33 1/3 pound blocks","Livestock feed or food for other animals",https://www.accessdata.fda.gov/scripts/ires/?Product=171421
82128,171422,2019-10-17,"ADM Alliance Nutrition, Inc.","D8841AAA65 Vimifos Ranch Block ""Cafe' A"" packaged in 33 1/3 pound blocks","Not dog or cat food",https://www.accessdata.fda.gov/scripts/ires/?Product=171422
82128,171423,2019-10-17,"ADM Alliance Nutrition, Inc.","MoorMan's 646 Mineral BT/IGR 54646PHK Medicated packaged in 50 pound bags","Animal drug, device or non-food product",https://www.accessdata.fda.gov/scripts/ires/?Product=171423
82128,171425,2019-10-17,"ADM Alliance Nutrition, Inc.","MasterGain 20:2 Beef Mineral RU 54859CDV Medicated packaged in 50 pound bags","Animal drug, device or non-food product",https://www.accessdata.fda.gov/scripts/ires/?Product=171425
82128,171426,2019-10-17,"ADM Alliance Nutrition, Inc.","ADM Animal Nutrition AMPT-A RU/IGR 54229PIZ Medicated packaged in 50 pound bags","Animal drug, device or non-food product",https://www.accessdata.fda.gov/scripts/ires/?Product=171426
82128,171427,2019-10-17,"ADM Alliance Nutrition, Inc.","ADM Animal Nutrition MasterGain 20:2 Beef Mineral CTC/BT 54859MKR Medicated packaged in 50 pound bags","Animal drug, device or non-food product",https://www.accessdata.fda.gov/scripts/ires/?Product=171427
82128,171428,2019-10-17,"ADM Alliance Nutrition, Inc.","NP Stocker RU Medicated packaged in 50 pound bags","Animal drug, device or non-food product",https://www.accessdata.fda.gov/scripts/ires/?Product=171428
82128,171448,2019-10-17,"ADM Alliance Nutrition, Inc.","ADM Animal Nutrition AMPT-M 54230AAA packaged in 50 pound bags","Not dog or cat food",https://www.accessdata.fda.gov/scripts/ires/?Product=171448
82128,171449,2019-10-17,"ADM Alliance Nutrition, Inc.","ADM AMPT-A IGR Mineral packaged in 50 pound bags","Not dog or cat food",https://www.accessdata.fda.gov/scripts/ires/?Product=171449
82128,171450,2019-10-17,"ADM Alliance Nutrition, Inc.","ADM Animal Nutrition MasterGain 20:2 Beef MIneral RU 54859CEE Medicated packaged in 50 pound bags","Animal drug, device or non-food product",https://www.accessdata.fda.gov/scripts/ires/?Product=171450
82128,171451,2019-10-17,"ADM Alliance Nutrition, Inc.","ADM Animal Nutrition AMPT-T RU/IGR 54232PIZ Medicated packaged in 50 pound bags","Animal drug, device or non-food product",https://www.accessdata.fda.gov/scripts/ires/?Product=171451
82128,171452,2019-10-17,"ADM Alliance Nutrition, Inc.","ADM Animal Nutrition AMPT-T CTC/IGR 54232XNA Medicated packaged in 50 pound bags","Animal drug, device or non-food product",https://www.accessdata.fda.gov/scripts/ires/?Product=171452
82128,171453,2019-10-17,"ADM Alliance Nutrition, Inc.","168XFE MoorMan's Special Range Minerals AU Type C Medicated Feed packaged in 50 pound bags","Animal drug, device or non-food product",https://www.accessdata.fda.gov/scripts/ires/?Product=171453
82128,171454,2019-10-17,"ADM Alliance Nutrition, Inc.","ADM Animal Nutrition AMPT-A Green 54200AAA packaged in 50 pound bags","Not dog or cat food",https://www.accessdata.fda.gov/scripts/ires/?Product=171454
82128,171455,2019-10-17,"ADM Alliance Nutrition, Inc.","MoorMan's 648 Mineral 54648AAA packaged in 50 pound bags","Not dog or cat food",https://www.accessdata.fda.gov/scripts/ires/?Product=171455
83422,175168,2019-10-18,"Agri Laboratories Ltd","Gentamicin Sulfate Soluble Powder, 120 grams of Gentamicin per jar, Net Weight: 360 g (12.7 oz.), For Use In Animals Only, MFD. For AGRI LABORITORIES, LTD., St. Joseph, MO 64503. NDC: 57561-474-03; ANADA 200-185","Animal drug, device or non-food product",https://www.accessdata.fda.gov/scripts/ires/?Product=175168
83832,176449,2019-10-21,"Intermountain Farmers Association","Dairy Cattle Lactation Mix, SKU#3400087, Bulk, loose mixture, 15 ton belt-trailer. Invoice# 264610. Brill Formula version 21R, updated on 03-13-2019.","Livestock feed or food for other animals",https://www.accessdata.fda.gov/scripts/ires/?Product=176449
82542,171803,2019-10-23,"RIDLEY USA INC","Holdens S1015 Phase 1 DDGS NM NPP feed. 30616. Net Weight 50 lb (22.68 kg).","Not dog or cat food",https://www.accessdata.fda.gov/scripts/ires/?Product=171803
82702,172405,2019-10-23,"Midway Coop Assn Inc","GOLDEN FEEDS SHOW LAMB PELLET Medicated, Decoquinate 34 g/ton, packaged in 50 lb bags.","Animal drug, device or non-food product",https://www.accessdata.fda.gov/scripts/ires/?Product=172405
83165,173898,2019-10-23,"Provimi North America Inc","TAKE-OFF PRESTARTER PELL PMX, 50 lb","Livestock feed or food for other animals",https://www.accessdata.fda.gov/scripts/ires/?Product=173898
83165,173900,2019-10-23,"Provimi North America Inc","PRESTARTER 12/15 PAC HP w/o OATS CRUM, bulk","Livestock feed or food for other animals",https://www.accessdata.fda.gov/scripts/ires/?Product=173900
83165,173903,2019-10-23,"Provimi North America Inc","OP PRESTARTER 12/15 BASE (850) CRUMBLE, 2000 lb tote","Livestock feed or food for other animals",https://www.accessdata.fda.gov/scripts/ires/?Product=173903
83165,173904,2019-10-23,"Provimi North America Inc","PIG A1300 PELLET DENAGARD/CTC MEDICATED, 2000 lb tote","Animal drug, device or non-food product",https://www.accessdata.fda.gov/scripts/ires/?Product=173904
83165,173906,2019-10-23,"Provimi North America Inc","PIG A1300 PELLET DENAGARD MEDICATED, 50 lb & bulk","Animal drug, device or non-food product",https://www.accessdata.fda.gov/scripts/ires/?Product=173906
83165,173907,2019-10-23,"Provimi North America Inc","PRESTARTER 12/15 BASE (800) CRUMBLE, 50 lb & bulk","Livestock feed or food for other animals",https://www.accessdata.fda.gov/scripts/ires/?Product=173907
83165,173908,2019-10-23,"Provimi North America Inc","PIG A3000 PELLET DENAGARD MEDICATED, 50 lb","Animal drug, device or non-food product",https://www.accessdata.fda.gov/scripts/ires/?Product=173908
83165,173909,2019-10-23,"Provimi North America Inc","PRE-11 PELLET DEN/CTC MEDICATED, 50 lb","Animal drug, device or non-food product",https://www.accessdata.fda.gov/scripts/ires/?Product=173909
83165,173910,2019-10-23,"Provimi North America Inc","COOPER PRE-11 PELLET NT MEDICATED, 50 lb & bulk","Animal drug, device or non-food product",https://www.accessdata.fda.gov/scripts/ires/?Product=173910
83165,173911,2019-10-23,"Provimi North America Inc","PRESTART A550 COMPLETE DEN MEDICATED, 50 lb & bulk","Animal drug, device or non-food product",https://www.accessdata.fda.gov/scripts/ires/?Product=173911
83209,174046,2019-10-23,"International Ingredient Corporation","Solu-E, Ingredients: Dried corn syrup, Vegetable oil, Sodium caseinate, Net Wt. 50 lb (22.68 kg), International Ingredient Corporation, St. Louis, MO. packaged in 50 lb bags.","Not dog or cat food",https://www.accessdata.fda.gov/scripts/ires/?Product=174046
83708,176187,2019-10-23,"First Royal Care Co. LLC, dba Red Mountain Compounding Pharmacy","S-CYCLOSPORIN 0.02% CORN OIL OPTH SUSP; S-CYCLOSPORINE 1% OPTH IN MCT OIL; S-CYCLOSPORINE 1%/CORN OIL OPTH SUSP; S-CYCLOSPORINE 2% OPTH CORN OIL SUSP","Recalled by an animal-drug maker or pharmacy",https://www.accessdata.fda.gov/scripts/ires/?Product=176187
83708,176188,2019-10-23,"First Royal Care Co. LLC, dba Red Mountain Compounding Pharmacy","S-DESMOSPRESSIN 25MCG/ML INJ SOLN","Recalled by an animal-drug maker or pharmacy",https://www.accessdata.fda.gov/scripts/ires/?Product=176188
83708,176189,2019-10-23,"First Royal Care Co. LLC, dba Red Mountain Compounding Pharmacy","S-EDETATE DISOD. 1% OPTH SOLN","Recalled by an animal-drug maker or pharmacy",https://www.accessdata.fda.gov/scripts/ires/?Product=176189
83708,176190,2019-10-23,"First Royal Care Co. LLC, dba Red Mountain Compounding Pharmacy","S-PREDNISOLONE ACET 1% OPTH DROPS","Recalled by an animal-drug maker or pharmacy",https://www.accessdata.fda.gov/scripts/ires/?Product=176190
83708,176191,2019-10-23,"First Royal Care Co. LLC, dba Red Mountain Compounding Pharmacy","S-TACROLIMUS 0.02% CORN OIL OPTH; S-TACROLIMUS 0.02% OLIVE OIL OPTH; S-TACROLIMUS 0.03% AQUEOUS SUSP; S-TACROLIMUS 0.03% CORN OIL OPTH; S-TACROLIMUS 0.03% OPTH OINT (VET); S-TACROLIMUS 0.1% CORN OIL OPTH","Recalled by an animal-drug maker or pharmacy",https://www.accessdata.fda.gov/scripts/ires/?Product=176191
83649,176023,2019-10-28,"Provimi North America Inc","Nuture D17 Pellet DEN/CTC medicated Tiamulin Hydrogen Fumarate 35 g/ton Chlortetracycline 400 g/ton manufactured by Provimi North America, Inc, Brookville, Ohio, net weight 50 lbs.","Animal drug, device or non-food product",https://www.accessdata.fda.gov/scripts/ires/?Product=176023
84041,177050,2019-10-28,"PGG/HSC Feed Company, LLC","Boer Goat Developer R20, Medicated Feed, Bulk or 50 lbs. bags. UPC 7 48252 48510 6. The product tag label is read in parts: ""***BOER GOAT DEVELOPER R20 MEDICATED***ACTIVE DRUG INGREDIENT Monensin (as monensin sodium)***20 g/ton***CHS Inc, Sioux Falls, SD, 57107***"".","Animal drug, device or non-food product",https://www.accessdata.fda.gov/scripts/ires/?Product=177050
82786,172704,2019-10-29,"RIDLEY USA INC","Rothe Sheep Mix, Sheep Feedlot Supplement, packaged in 50 lb bags.","Livestock feed or food for other animals",https://www.accessdata.fda.gov/scripts/ires/?Product=172704
84031,177031,2019-11-01,"Cargill, Inc         Corporate Headquarters","Swine feed under the Southern States brand name: All Grain Sow and Pig Complete (WK) in 50 lb. bags.","Livestock feed or food for other animals",https://www.accessdata.fda.gov/scripts/ires/?Product=177031
84031,177116,2019-11-01,"Cargill, Inc         Corporate Headquarters","Swine feed under the Southern States brand name: All Grain Grow-N-Finish Pig Feed (WK) in 50 lb. bags.","Livestock feed or food for other animals",https://www.accessdata.fda.gov/scripts/ires/?Product=177116
82290,171286,2019-11-07,"Health Solutions Pharmacy Center Inc dba Professional Compounding Pharmacy","Gentamicin 3% Ophthalmic Ointment","Animal drug, device or non-food product",https://www.accessdata.fda.gov/scripts/ires/?Product=171286
82290,171287,2019-11-07,"Health Solutions Pharmacy Center Inc dba Professional Compounding Pharmacy","Cyclsoporine eye ointment","Animal drug, device or non-food product",https://www.accessdata.fda.gov/scripts/ires/?Product=171287
82290,171288,2019-11-07,"Health Solutions Pharmacy Center Inc dba Professional Compounding Pharmacy","Tacrolimus eye solution (0.04%) and (0.02%)","Recalled by an animal-drug maker or pharmacy",https://www.accessdata.fda.gov/scripts/ires/?Product=171288
82290,171289,2019-11-07,"Health Solutions Pharmacy Center Inc dba Professional Compounding Pharmacy","Tacrolimus eye ointment 0.02%","Animal drug, device or non-food product",https://www.accessdata.fda.gov/scripts/ires/?Product=171289
82290,171290,2019-11-07,"Health Solutions Pharmacy Center Inc dba Professional Compounding Pharmacy","Acetylcysteine-Tobramycin-Dexamethasone eye drops","Recalled by an animal-drug maker or pharmacy",https://www.accessdata.fda.gov/scripts/ires/?Product=171290
82290,171291,2019-11-07,"Health Solutions Pharmacy Center Inc dba Professional Compounding Pharmacy","Apomorphine 3 mg/ml injectable","Animal drug, device or non-food product",https://www.accessdata.fda.gov/scripts/ires/?Product=171291
82290,177521,2019-11-07,"Health Solutions Pharmacy Center Inc dba Professional Compounding Pharmacy","Acetyl-L-Cysteine Tobramycin 5-03% Ophthalmic Solution","Animal drug, device or non-food product",https://www.accessdata.fda.gov/scripts/ires/?Product=177521
82290,177522,2019-11-07,"Health Solutions Pharmacy Center Inc dba Professional Compounding Pharmacy","Tobramycin 0.3% Ophthalmic Solutions","Animal drug, device or non-food product",https://www.accessdata.fda.gov/scripts/ires/?Product=177522
82290,177523,2019-11-07,"Health Solutions Pharmacy Center Inc dba Professional Compounding Pharmacy","Cyclosporine Ophthalmic Solution (2%) and (0.2%)","Animal drug, device or non-food product",https://www.accessdata.fda.gov/scripts/ires/?Product=177523
82290,177524,2019-11-07,"Health Solutions Pharmacy Center Inc dba Professional Compounding Pharmacy","Methocarbamol 100 MG/ML Injection Solution","Animal drug, device or non-food product",https://www.accessdata.fda.gov/scripts/ires/?Product=177524
82290,177526,2019-11-07,"Health Solutions Pharmacy Center Inc dba Professional Compounding Pharmacy","YOHIMBINE 10 MG/ML PRESERVED INJECTABLE","Animal drug, device or non-food product",https://www.accessdata.fda.gov/scripts/ires/?Product=177526
84104,177195,2019-11-07,"Cargill, Inc         Corporate Headquarters","SOUTHERN STATES¿ TRADITIONS POULTRY FEED CHICK START & GROW (AMP)(CN) 50 lb bag, MEDICATED MANUFACTURED BY CARGILL ANIMAL NUTRITION PO Box 5614 Minneapolis, Minnesota 55440","Animal drug, device or non-food product",https://www.accessdata.fda.gov/scripts/ires/?Product=177195
82751,172652,2019-11-12,"Cargill, Inc         Corporate Headquarters","Southern States¿ Quality Kid & Goat Feed 16% Sweet Goat Feed (CN) Textured, 50 lb bag, UPC 7 22304 46937 5, Cargill Animal Nutrition, P. O. Box 5614, Minneapolis, MN 55440","Livestock feed or food for other animals",https://www.accessdata.fda.gov/scripts/ires/?Product=172652
82751,172752,2019-11-12,"Cargill, Inc         Corporate Headquarters","SOUTHERN STATES¿ ALL GRAIN START-N-GROW Crumble (CN) 25 lb bag UPC 722304461959 Cargill Animal Nutrition, P. O. Box 5614, Minneapolis, MN 55440","Not dog or cat food",https://www.accessdata.fda.gov/scripts/ires/?Product=172752
82751,172754,2019-11-12,"Cargill, Inc         Corporate Headquarters","Southern States¿ Quality Dairy Calf & Heifer Feed Calf Developer¿ Plus (DEC) (CN) Textured, 50 lb bag, UPC 7 22304 45586 6, Cargill Animal Nutrition, P. O. Box 5614, Minneapolis, MN 55440","Livestock feed or food for other animals",https://www.accessdata.fda.gov/scripts/ires/?Product=172754
82751,172755,2019-11-12,"Cargill, Inc         Corporate Headquarters","Southern States¿ Quality Feed Coarse Screened Cracked Corn (CN), 50 lb bag, UPC 7 56637 14648 1, Cargill Animal Nutrition, P. O. Box 5614, Minneapolis, MN 55440","Not dog or cat food",https://www.accessdata.fda.gov/scripts/ires/?Product=172755
82751,172756,2019-11-12,"Cargill, Inc         Corporate Headquarters","SOUTHERN STATES¿ Custom Formula ML02069 Kooba Lac 23 tons (Dairy Cattle) UPC 722304458454","Livestock feed or food for other animals",https://www.accessdata.fda.gov/scripts/ires/?Product=172756
82751,172764,2019-11-12,"Cargill, Inc         Corporate Headquarters","SOUTHERN STATES¿ CUSTOM FORMULA RESEARCH CHICK GROWER Chicken Feed bulk UPC 722304463519","Not dog or cat food",https://www.accessdata.fda.gov/scripts/ires/?Product=172764
82751,172766,2019-11-12,"Cargill, Inc         Corporate Headquarters","Southern States¿ Specialty Flock Feed Flock Balancer 20% Booster (CN) Pellet, 50 lb bag, UPC 7 22304 46494 3, Cargill Animal Nutrition, P. O. Box 5614, Minneapolis, MN 55440","Not dog or cat food",https://www.accessdata.fda.gov/scripts/ires/?Product=172766
82751,172767,2019-11-12,"Cargill, Inc         Corporate Headquarters","Southern States¿ Genetic Expression¿ Beef Nutrition 14% Jump Start (BVT) (CN) Pellet, 50 lb bag, UPC 7 22304 47076 0, Cargill Animal Nutrition, P. O. Box 5614, Minneapolis, MN 55440","Not dog or cat food",https://www.accessdata.fda.gov/scripts/ires/?Product=172767
82751,172768,2019-11-12,"Cargill, Inc         Corporate Headquarters","Southern States¿ Quality Dairy Calf & Heifer Feed Intensity 22% Calf Starter (BVT/CF) (CN) Textered, 50 lb bag, UPC 7 22304 45622 1, Cargill Animal Nutrition, P. O. Box 5614, Minneapolis, MN 55440","Livestock feed or food for other animals",https://www.accessdata.fda.gov/scripts/ires/?Product=172768
82751,172769,2019-11-12,"Cargill, Inc         Corporate Headquarters","Southern States¿ Quality Lamb & Sheep Feed Pellets (CN), 50 lb bag, UPC 7 22304 47024 1, Cargill Animal Nutrition, P. O. Box 5614, Minneapolis, MN 55440","Livestock feed or food for other animals",https://www.accessdata.fda.gov/scripts/ires/?Product=172769
82751,172770,2019-11-12,"Cargill, Inc         Corporate Headquarters","Southern States¿ Specialty Flock Feed Sporting Bird Flight Developer (BMD) (CN) Crumble, 50 lb bag, UPC 7 22304 46226 0, Cargill Animal Nutrition, P. O. Box 5614, Minneapolis, MN 55440","Livestock feed or food for other animals",https://www.accessdata.fda.gov/scripts/ires/?Product=172770
82751,172771,2019-11-12,"Cargill, Inc         Corporate Headquarters","Southern States¿ Traditions Poultry Feed 2-Grain Scratch (CN), 50 lb bag, UPC 7 22304 46207 9 & Southern States¿ Traditions Poultry Feed 2-Grain Scratch (CN), 25 lb bag, UPC 7 22304 46208 6, Cargill Animal Nutrition, P. O. Box 5614, Minneapolis, MN 55440","Livestock feed or food for other animals",https://www.accessdata.fda.gov/scripts/ires/?Product=172771
82751,172772,2019-11-12,"Cargill, Inc         Corporate Headquarters","Southern States¿ Traditions Poultry Feed Chick Start & Grow (AMP) (CN) Crumble, 50 lb bag, UPC 7 22304 46215 4 & Southern States¿ Traditions Poultry Feed Chick Start & Grow (AMP) (CN) Crumble, 25 lb bag, UPC 7 22304 46216 1, Cargill Animal Nutrition, P. O. Box 5614, Minneapolis, MN 55440","Livestock feed or food for other animals",https://www.accessdata.fda.gov/scripts/ires/?Product=172772
82751,172773,2019-11-12,"Cargill, Inc         Corporate Headquarters","Southern States¿ Triple 10 Horse Feed (CN) Textured, 50 lb bag, UPC 7 22304 45411 1, Cargill Animal Nutrition, P. O. Box 5614, Minneapolis, MN 55440","Livestock feed or food for other animals",https://www.accessdata.fda.gov/scripts/ires/?Product=172773
82751,173185,2019-11-12,"Cargill, Inc         Corporate Headquarters","Southern States¿ Quality Feed Carson s Deer Pellet (CN), 50 lb bag, UPC 7 22304 46717 3,","Livestock feed or food for other animals",https://www.accessdata.fda.gov/scripts/ires/?Product=173185
82751,173186,2019-11-12,"Cargill, Inc         Corporate Headquarters","Country Road Whole Corn (CN) 50 lb bag UPC 7 22304 07850 8 Cargill Animal Nutrition, P. O. Box 5614, Minneapolis, MN 55440","Not dog or cat food",https://www.accessdata.fda.gov/scripts/ires/?Product=173186
82751,173197,2019-11-12,"Cargill, Inc         Corporate Headquarters","Southern States¿ All Grain Layer and Breeder Crumble (CN) 50 lb bag, UPC 7 22304 46204 8, Cargill Animal Nutrition, P.O. Box 5614, Minneapolis, MN 55440","Livestock feed or food for other animals",https://www.accessdata.fda.gov/scripts/ires/?Product=173197
82751,173383,2019-11-12,"Cargill, Inc         Corporate Headquarters","Southern States¿ All Grain Layer and Breeder Pellet (CN), 50 lb bag, UPC 7 22304 46202 4, Cargill Animal Nutrition, P. O. Box 5614, Minneapolis, MN 55440","Livestock feed or food for other animals",https://www.accessdata.fda.gov/scripts/ires/?Product=173383
82751,173384,2019-11-12,"Cargill, Inc         Corporate Headquarters","Southern States¿ All Grain Meat Bird Maker (CN) Crumble, 50 lb bag, UPC 7 22304 46199 7, Cargill Animal Nutrition, P. O. Box 5614, Minneapolis, MN 55440","Livestock feed or food for other animals",https://www.accessdata.fda.gov/scripts/ires/?Product=173384
82751,173395,2019-11-12,"Cargill, Inc         Corporate Headquarters","Southern States¿ Aureo S 700 2G Medicated Crumbles (CN), 50 lb bag, UPC 7 22304 47392 1, Cargill Animal Nutrition, P. O. Box 5614, Minneapolis, MN 55440, Lot Codes 2018, N8304 through N8365","Animal drug, device or non-food product",https://www.accessdata.fda.gov/scripts/ires/?Product=173395
82751,173396,2019-11-12,"Cargill, Inc         Corporate Headquarters","Southern States¿ Aureomycin 4G Medicated Crumbles (CN), 50 lb bag, UPC 7 22304 47397 6, Cargill Animal Nutrition, P. O. Box 5614, Minneapolis, MN 55440","Animal drug, device or non-food product",https://www.accessdata.fda.gov/scripts/ires/?Product=173396
82751,173407,2019-11-12,"Cargill, Inc         Corporate Headquarters","Southern States¿ Club Master Show Feeds 13% Club Master Show Calf Feed (BVT) (CN) Textured, 50 lb bag, UPC 7 22304 46857 6, Cargill Animal Nutrition, P. O. Box 5614, Minneapolis, MN 55440","Livestock feed or food for other animals",https://www.accessdata.fda.gov/scripts/ires/?Product=173407
82751,173408,2019-11-12,"Cargill, Inc         Corporate Headquarters","Southern States¿ Club Master Show Feeds Grow-N-Show Lamb Feed (BVT) (CN) Textured, 50 lb bag, UPC 7 22304 47109 5, Cargill Animal Nutrition, P. O. Box 5614, Minneapolis, MN 55440","Not dog or cat food",https://www.accessdata.fda.gov/scripts/ires/?Product=173408
82751,173409,2019-11-12,"Cargill, Inc         Corporate Headquarters","Southern States¿ Club Master Show Feeds Show Lamb Mix Pellet (BVT) FOR MANUFACTURING USE ONLY NOT FOR RESALE, 50 lb bag, No UPC, Cargill Animal Nutrition, P. O. Box 5614, Minneapolis, MN 55440","Not dog or cat food",https://www.accessdata.fda.gov/scripts/ires/?Product=173409
82751,173534,2019-11-12,"Cargill, Inc         Corporate Headquarters","Southern States¿ Genetic Expression¿ 16% Powerstroke (BVT) (CN) Pellet, 50 lb bag, UPC 7 22304 46998 6, Cargill Animal Nutrition, P. O. Box 5614, Minneapolis, MN 55440","Not dog or cat food",https://www.accessdata.fda.gov/scripts/ires/?Product=173534
82751,173535,2019-11-12,"Cargill, Inc         Corporate Headquarters","Southern States¿ Genetic Expression¿ Beef Nutrition Bull Ration (RUM) (CN) Pellet, 50 lb bag, UPC 7 22304 47119 4, Cargill Animal Nutrition, P. O. Box 5614, Minneapolis, MN 55440","Not dog or cat food",https://www.accessdata.fda.gov/scripts/ires/?Product=173535
82751,173536,2019-11-12,"Cargill, Inc         Corporate Headquarters","Southern States¿ Legends¿ Growth Pelleted , 50 lb bag, UPC 7 22304 45406 7, Cargill Animal Nutrition, P. O. Box 5614, Minneapolis, MN 55440","Not dog or cat food",https://www.accessdata.fda.gov/scripts/ires/?Product=173536
82751,173539,2019-11-12,"Cargill, Inc         Corporate Headquarters","Southern States¿ Legends¿ Growth Textured, 50 lb bag, UPC 7 22304 45407 4, Cargill Animal Nutrition, P. O. Box 5614, Minneapolis, MN 55440","Not dog or cat food",https://www.accessdata.fda.gov/scripts/ires/?Product=173539
82751,173540,2019-11-12,"Cargill, Inc         Corporate Headquarters","Southern States¿ Legends¿ Sport Horse Textured, 50 lb bag, UPC 7 22304 45404 3, Cargill Animal Nutrition, P. O. Box 5614, Minneapolis, MN 55440","Livestock feed or food for other animals",https://www.accessdata.fda.gov/scripts/ires/?Product=173540
82751,173541,2019-11-12,"Cargill, Inc         Corporate Headquarters","Southern States¿ Legends¿ Sport Horse Plus Textured, 50 lb bag, UPC 7 22304 45405 0, Cargill Animal Nutrition, P. O. Box 5614, Minneapolis, MN 55440","Livestock feed or food for other animals",https://www.accessdata.fda.gov/scripts/ires/?Product=173541
82751,173545,2019-11-12,"Cargill, Inc         Corporate Headquarters","Southern States¿ Quality Beef Feed Traditions Beef Blend (BVT) (CN) Pellet, 50 lb bag, UPC 7 22305 46862 0, Cargill Animal Nutrition, P. O. Box 5614, Minneapolis, MN 55440","Not dog or cat food",https://www.accessdata.fda.gov/scripts/ires/?Product=173545
82751,173547,2019-11-12,"Cargill, Inc         Corporate Headquarters","Southern States¿ Quality Beef Feed Traditions Beef Blend (CN) Pellet, 50 lb bag, UPC 7 22304 46860 6, Cargill Animal Nutrition, P. O. Box 5614, Minneapolis, MN 55440","Not dog or cat food",https://www.accessdata.fda.gov/scripts/ires/?Product=173547
82751,173548,2019-11-12,"Cargill, Inc         Corporate Headquarters","Southern States¿ Quality Dairy Calf & Heifer Feed 16% Dairy Primer (CN) Pellet, 50 lb bag, UPC 7 22304 45766 2, Cargill Animal Nutrition, P. O. Box 5614, Minneapolis, MN 55440","Livestock feed or food for other animals",https://www.accessdata.fda.gov/scripts/ires/?Product=173548
82751,173549,2019-11-12,"Cargill, Inc         Corporate Headquarters","Southern States¿ Quality Dairy Calf & Heifer Feed 18% Fast Start TCR (BVT) (CN) Pellet, 50 lb bag, UPC 7 22304 47467 6, Cargill Animal Nutrition, P. O. Box 5614, Minneapolis, MN 55440","Livestock feed or food for other animals",https://www.accessdata.fda.gov/scripts/ires/?Product=173549
82751,173550,2019-11-12,"Cargill, Inc         Corporate Headquarters","Southern States¿ Quality Dairy Calf & Heifer Feed 18% Fast Start TCR (BVT/CF) (CN) Pellet, 50 lb bag, UPC 7 22304 45606 1, Cargill Animal Nutrition, P. O. Box 5614, Minneapolis, MN 55440","Livestock feed or food for other animals",https://www.accessdata.fda.gov/scripts/ires/?Product=173550
82751,173551,2019-11-12,"Cargill, Inc         Corporate Headquarters","Southern States¿ Quality Dairy Calf & Heifer Feed Beville Custom Formula (CN) Mash, 50 lb bag, UPC 7 22304 45937 6, Cargill Animal Nutrition, P. O. Box 5614, Minneapolis, MN 55440","Livestock feed or food for other animals",https://www.accessdata.fda.gov/scripts/ires/?Product=173551
82751,173552,2019-11-12,"Cargill, Inc         Corporate Headquarters","Southern States¿ Quality Dairy Calf & Heifer Feed Calf Developer¿ Plus (DEC/CF) (CN) Textured, 50 lb bag, UPC 7 22304 45584 2, Cargill Animal Nutrition, P. O. Box 5614, Minneapolis, MN 55440","Livestock feed or food for other animals",https://www.accessdata.fda.gov/scripts/ires/?Product=173552
82751,173553,2019-11-12,"Cargill, Inc         Corporate Headquarters","Southern States¿ Quality Dairy Calf & Heifer Feed Intensity 22% Calf Starter (BVT) (CN) Textured, 50 lb bag, UPC 7 22304 45639 9, Cargill Animal Nutrition, P. O. Box 5614, Minneapolis, MN 55440","Livestock feed or food for other animals",https://www.accessdata.fda.gov/scripts/ires/?Product=173553
82751,173554,2019-11-12,"Cargill, Inc         Corporate Headquarters","Southern States¿ Quality Dairy Calf & Heifer Feed Revitalize 18% Complete (RUM) (CN) Pellet, 50 lb bag, UPC 7 22304 46049 5, Cargill Animal Nutrition, P. O. Box 5614, Minneapolis, MN 55440","Livestock feed or food for other animals",https://www.accessdata.fda.gov/scripts/ires/?Product=173554
82751,173555,2019-11-12,"Cargill, Inc         Corporate Headquarters","Southern States¿ Quality Dairy Calf & Heifer Feed Custom Formula Min (RUM) (CN), 50 lb bag, UPC 7 22304 45956 7, Cargill Animal Nutrition, P. O. Box 5614, Minneapolis, MN 55440","Livestock feed or food for other animals",https://www.accessdata.fda.gov/scripts/ires/?Product=173555
82751,173556,2019-11-12,"Cargill, Inc         Corporate Headquarters","Southern States¿ Quality Feed 14% Llama/Alpaca Feed (CN) Pellet, 50 lb bag, UPC 7 22304 46715 9, Cargill Animal Nutrition, P. O. Box 5614, Minneapolis, MN 55440","Not dog or cat food",https://www.accessdata.fda.gov/scripts/ires/?Product=173556
82751,173557,2019-11-12,"Cargill, Inc         Corporate Headquarters","Southern States¿ Quality Feed Fine Screened Cracked Corn (CN), 50 lb bag, UPC 7 56637 14653 5, Cargill Animal Nutrition, P. O. Box 5614, Minneapolis, MN 55440","Not dog or cat food",https://www.accessdata.fda.gov/scripts/ires/?Product=173557
82751,173558,2019-11-12,"Cargill, Inc         Corporate Headquarters","Southern States¿ Quality Feed Nutra-Plus 10G (Aureo) (CN) Crumble, 50 lb bag, UPC 7 22304 45885 0, Cargill Animal Nutrition, P. O. Box 5614, Minneapolis, MN 55440","Not dog or cat food",https://www.accessdata.fda.gov/scripts/ires/?Product=173558
82751,173560,2019-11-12,"Cargill, Inc         Corporate Headquarters","Southern States¿ Quality Feed Whole Corn (CN), 50 lb bag, UPC 7 22304 47578 9, Cargill Animal Nutrition, P. O. Box 5614, Minneapolis, MN 55440","Not dog or cat food",https://www.accessdata.fda.gov/scripts/ires/?Product=173560
82751,173561,2019-11-12,"Cargill, Inc         Corporate Headquarters","Southern States¿ Quality Horse Feed LTD 12% Sweet Feed (CN) Textured, 50 lb bag, UPC 7 22304 46622 0,","Livestock feed or food for other animals",https://www.accessdata.fda.gov/scripts/ires/?Product=173561
82751,173562,2019-11-12,"Cargill, Inc         Corporate Headquarters","Southern States¿ Quality Horse Feed LTD Maintenance Horse Feed Pellet, 50 lb bag, UPC 7 22304 46624 4,","Livestock feed or food for other animals",https://www.accessdata.fda.gov/scripts/ires/?Product=173562
82751,173564,2019-11-12,"Cargill, Inc         Corporate Headquarters","Southern States¿ Quality Kid & Goat Feed 15% Meat Goat Feed (DEC) (CN) Pellet, 50 lb bag, UPC 7 22304 46964 1, Cargill Animal Nutrition, P. O. Box 5614, Minneapolis, MN 55440","Livestock feed or food for other animals",https://www.accessdata.fda.gov/scripts/ires/?Product=173564
82751,173566,2019-11-12,"Cargill, Inc         Corporate Headquarters","Southern States¿ Quality Kid & Goat Feed 17% Goat Feed (CN) Pellet, 50 lb bag, UPC 7 22304 46939 9, Cargill Animal Nutrition, P. O. Box 5614, Minneapolis, MN 55440","Livestock feed or food for other animals",https://www.accessdata.fda.gov/scripts/ires/?Product=173566
82751,173568,2019-11-12,"Cargill, Inc         Corporate Headquarters","Southern States¿ Quality Kid & Goat Feed 17% Goat Feed (DEC) (CN) Pellet, 50 lb bag, UPC 7 22304 46941 2, Cargill Animal Nutrition, P. O. Box 5614, Minneapolis, MN 55440","Livestock feed or food for other animals",https://www.accessdata.fda.gov/scripts/ires/?Product=173568
82751,173571,2019-11-12,"Cargill, Inc         Corporate Headquarters","Southern States¿ Quality Kid & Goat Feed 17% Goat Feed (RUM) (CN) Pellet, 50 lb bag, UPC 7 22304 46942 9, Cargill Animal Nutrition, P. O. Box 5614, Minneapolis, MN 55440","Livestock feed or food for other animals",https://www.accessdata.fda.gov/scripts/ires/?Product=173571
82751,173574,2019-11-12,"Cargill, Inc         Corporate Headquarters","Southern States¿ Quality Kid & Goat Feed Custom Formula Goat Feed (DEC) (CN) Pellet, 50 lb bag, UPC 7 22304 47136 1,","Livestock feed or food for other animals",https://www.accessdata.fda.gov/scripts/ires/?Product=173574
82751,173580,2019-11-12,"Cargill, Inc         Corporate Headquarters","Southern States¿ Quality Kid & Goat Feed Custom Formula Goat Feed (DEC) (CN) Pellet, 50 lb bag, UPC 7 22304 47136 1,","Livestock feed or food for other animals",https://www.accessdata.fda.gov/scripts/ires/?Product=173580
82751,173581,2019-11-12,"Cargill, Inc         Corporate Headquarters","Southern States¿ Quality Lamb & Sheep Feed Hi-Energy Lamb Starter & Grower (BVT) (CN) Pellet, 50 lb bag, UPC 7 22304 47028 9, Cargill Animal Nutrition, P. O. Box 5614, Minneapolis, MN 55440","Livestock feed or food for other animals",https://www.accessdata.fda.gov/scripts/ires/?Product=173581
82751,173582,2019-11-12,"Cargill, Inc         Corporate Headquarters","Southern States¿ Quality Lamb & Sheep Feed Hi-Energy Lamb Starter & Grower (DEC) (CN) Pellet, 50 lb bag, UPC 7 22304 48327 2, Cargill Animal Nutrition, P. O. Box 5614, Minneapolis, MN 55440","Livestock feed or food for other animals",https://www.accessdata.fda.gov/scripts/ires/?Product=173582
82751,173583,2019-11-12,"Cargill, Inc         Corporate Headquarters","Southern States¿ Quality Swine Feed 20% Sow & Pig Ration (CN) Pellet, 50 lb bag, UPC 7 22304 46770 8, Cargill Animal Nutrition, P. O. Box 5614, Minneapolis, MN 55440","Livestock feed or food for other animals",https://www.accessdata.fda.gov/scripts/ires/?Product=173583
82751,173584,2019-11-12,"Cargill, Inc         Corporate Headquarters","Southern States¿ Quality Swine Feed All Grain Grow-N-Finish Pig Feed (CN) Pellet, 50 lb bag, UPC 7 22304 46755 5, Cargill Animal Nutrition, P. O. Box 5614, Minneapolis, MN 55440","Livestock feed or food for other animals",https://www.accessdata.fda.gov/scripts/ires/?Product=173584
82751,173585,2019-11-12,"Cargill, Inc         Corporate Headquarters","Southern States¿ Quality Swine Feed All Grain Sow & Pig Complete (CN) Pellet, 50 lb bag, UPC 7 22304 46774 6, Cargill Animal Nutrition, P. O. Box 5614, Minneapolis, MN 55440","Livestock feed or food for other animals",https://www.accessdata.fda.gov/scripts/ires/?Product=173585
82751,173598,2019-11-12,"Cargill, Inc         Corporate Headquarters","Southern States¿ Quality Swine Feed All Grain Start-N-Grow Pig Feed (CN) Pellet, 50 lb bag, UPC 7 22304 46751 7, Cargill Animal Nutrition, P. O. Box 5614, Minneapolis, MN 55440","Livestock feed or food for other animals",https://www.accessdata.fda.gov/scripts/ires/?Product=173598
82751,173599,2019-11-12,"Cargill, Inc         Corporate Headquarters","Southern States¿ Reliance Horse Feed (P) (CN) Pellet, 50 lb bag, UPC 7 22304 45383 1, Cargill Animal Nutrition, P. O. Box 5614, Minneapolis, MN 55440","Livestock feed or food for other animals",https://www.accessdata.fda.gov/scripts/ires/?Product=173599
82751,173600,2019-11-12,"Cargill, Inc         Corporate Headquarters","Southern States¿ Reliance Horse Feed (T) (CN) Textured, 50 lb bag, UPC 7 22304 45409 8, Cargill Animal Nutrition, P. O. Box 5614, Minneapolis, MN 55440","Livestock feed or food for other animals",https://www.accessdata.fda.gov/scripts/ires/?Product=173600
82751,173601,2019-11-12,"Cargill, Inc         Corporate Headquarters","Southern States¿ Safe-Guard 0.5% Medicated Dewormer (CN) Pellet, 50 lb bag, UPC 7 22304 46790 6, Cargill Animal Nutrition, P. O. Box 5614, Minneapolis, MN 55440","Animal drug, device or non-food product",https://www.accessdata.fda.gov/scripts/ires/?Product=173601
82751,173602,2019-11-12,"Cargill, Inc         Corporate Headquarters","Southern States¿ Select"" Plus Horse Feed (P) (CN) Pellet, 50 lb bag, UPC 7 22304 45413 5, Cargill Animal Nutrition, P. O. Box 5614, Minneapolis, MN 55440","Livestock feed or food for other animals",https://www.accessdata.fda.gov/scripts/ires/?Product=173602
82751,173603,2019-11-12,"Cargill, Inc         Corporate Headquarters","Southern States¿ Select"" Plus Horse Feed (T) (CN) Textured, 50 lb bag, UPC 7 22304 45414 2, Cargill Animal Nutrition, P. O. Box 5614, Minneapolis, MN 55440","Livestock feed or food for other animals",https://www.accessdata.fda.gov/scripts/ires/?Product=173603
82751,173604,2019-11-12,"Cargill, Inc         Corporate Headquarters","Southern States¿ Select"" Stock Feed (P) (CN) Pellet, 50 lb bag, UPC 7 22304 45415 9, Cargill Animal Nutrition, P. O. Box 5614, Minneapolis, MN 55440","Not dog or cat food",https://www.accessdata.fda.gov/scripts/ires/?Product=173604
82751,173605,2019-11-12,"Cargill, Inc         Corporate Headquarters","Southern States¿ Select"" Stock Feed (T) (CN) Textured, 50 lb bag, UPC 7 22304 45416 6, Cargill Animal Nutrition, P. O. Box 5614, Minneapolis, MN 55440","Not dog or cat food",https://www.accessdata.fda.gov/scripts/ires/?Product=173605
82751,173606,2019-11-12,"Cargill, Inc         Corporate Headquarters","Southern States¿ Solution Horse Feed(CN) Pellet, 50 lb bag, UPC 7 22304 45468 5, Cargill Animal Nutrition, P. O. Box 5614, Minneapolis, MN 55440","Livestock feed or food for other animals",https://www.accessdata.fda.gov/scripts/ires/?Product=173606
82751,173607,2019-11-12,"Cargill, Inc         Corporate Headquarters","Southern States¿ Specialty Flock Feed 21% Natural Layer/Breeder (CN) Crumble, 50 lb bag, UPC 7 22304 46220 8, Cargill Animal Nutrition, P. O. Box 5614, Minneapolis, MN 55440","Livestock feed or food for other animals",https://www.accessdata.fda.gov/scripts/ires/?Product=173607
82751,173608,2019-11-12,"Cargill, Inc         Corporate Headquarters","Southern States¿ Specialty Flock Feed Custom Formula 18% Turkey Grower (FEN) (CN) Pellet, 50 lb bag, UPC 7 22304 46543 8, Cargill Animal Nutrition, P. O. Box 5614, Minneapolis, MN 55440","Not dog or cat food",https://www.accessdata.fda.gov/scripts/ires/?Product=173608
82751,173609,2019-11-12,"Cargill, Inc         Corporate Headquarters","Southern States¿ Specialty Flock Feed Custom Formula 21% Gamebird Breeder (BMD) (CN) Crumble, 50 lb bag, UPC 7 22304 46250 5,","Not dog or cat food",https://www.accessdata.fda.gov/scripts/ires/?Product=173609
82751,173610,2019-11-12,"Cargill, Inc         Corporate Headquarters","Southern States¿ Specialty Flock Feed Custom Formula 24% Gamebird Developer (BMD) (CN) Crumble, 50 lb bag, UPC 7 22304 46252 9,","Not dog or cat food",https://www.accessdata.fda.gov/scripts/ires/?Product=173610
82751,173611,2019-11-12,"Cargill, Inc         Corporate Headquarters","Southern States¿ Specialty Flock Feed Custom Formula EMU Feed (CN) Pellet, 50 lb bag, UPC 7 22304 46428 8,","Not dog or cat food",https://www.accessdata.fda.gov/scripts/ires/?Product=173611
82751,173621,2019-11-12,"Cargill, Inc         Corporate Headquarters","Southern States¿ Specialty Flock Feed Custom Formula Pigeon Feed (CN) Pellet, 50 lb bag, UPC 7 22304 46271 0,","Not dog or cat food",https://www.accessdata.fda.gov/scripts/ires/?Product=173621
82751,173623,2019-11-12,"Cargill, Inc         Corporate Headquarters","Southern States¿ Specialty Flock Feed Custom Formula Pullet Developer Chicken Feed (AMP) (CN) Crumble, 50 lb bag, UPC 7 22304 46485 1,","Not dog or cat food",https://www.accessdata.fda.gov/scripts/ires/?Product=173623
82751,173625,2019-11-12,"Cargill, Inc         Corporate Headquarters","Southern States¿ Specialty Flock Feed Custom Formula Pullet Developer Chicken Feed (AMP) (CN) Pellet, 50 lb bag, UPC 7 22304 46484 4,","Not dog or cat food",https://www.accessdata.fda.gov/scripts/ires/?Product=173625
82751,173627,2019-11-12,"Cargill, Inc         Corporate Headquarters","Southern States¿ Specialty Flock Feed Custom Formula Pullet Developer Chicken Feed (CN) Pellet, 50 lb bag, UPC 7 22304 46487 5,","Not dog or cat food",https://www.accessdata.fda.gov/scripts/ires/?Product=173627
82751,173630,2019-11-12,"Cargill, Inc         Corporate Headquarters","Southern States¿ Specialty Flock Feed Sporting Bird Starter (AVT) (CN) Crumble, 50 lb bag, UPC 7 22304 46222 2, Cargill Animal Nutrition, P. O. Box 5614, Minneapolis, MN 55440","Livestock feed or food for other animals",https://www.accessdata.fda.gov/scripts/ires/?Product=173630
82751,173633,2019-11-12,"Cargill, Inc         Corporate Headquarters","Southern States¿ Specialty Flock Feed Super Breeder (CN) Crumble, 50 lb bag, UPC 7 22304 46218 5, Cargill Animal Nutrition, P. O. Box 5614, Minneapolis, MN 55440","Not dog or cat food",https://www.accessdata.fda.gov/scripts/ires/?Product=173633
82751,173634,2019-11-12,"Cargill, Inc         Corporate Headquarters","Southern States¿ Traditions Egg Layer Poultry Feed (CN) Crumble, 50 lb bag, UPC 7 22304 46528 5, Cargill Animal Nutrition, P. O. Box 5614, Minneapolis, MN 55440","Livestock feed or food for other animals",https://www.accessdata.fda.gov/scripts/ires/?Product=173634
82751,173636,2019-11-12,"Cargill, Inc         Corporate Headquarters","Southern States¿ Traditions Egg Layer Poultry Feed (CN) Pellet, 50 lb bag, UPC 7 22304 46526 1, Cargill Animal Nutrition, P. O. Box 5614, Minneapolis, MN 55440","Livestock feed or food for other animals",https://www.accessdata.fda.gov/scripts/ires/?Product=173636
82751,173640,2019-11-12,"Cargill, Inc         Corporate Headquarters","Southern States¿ Traditions Poultry Feed Poultry Maintainer (CN) Pellet, 50 lb bag, UPC 7 22304 46206 2, Cargill Animal Nutrition, P. O. Box 5614, Minneapolis, MN 55440","Livestock feed or food for other animals",https://www.accessdata.fda.gov/scripts/ires/?Product=173640
82751,173641,2019-11-12,"Cargill, Inc         Corporate Headquarters","Southern States¿ Wildlife Corn W/Molasses (CN), 40 lb bag, UPC 7 22304 47062 3, Cargill Animal Nutrition, P. O. Box 5614, Minneapolis, MN 55440","Livestock feed or food for other animals",https://www.accessdata.fda.gov/scripts/ires/?Product=173641
82751,173649,2019-11-12,"Cargill, Inc         Corporate Headquarters","Sportsman's Choice Record Rack Deer Corn (CN), 50 lb bag, UPC 7 22304 23999 2, Cargill Animal Nutrition, P. O. Box 5614, Minneapolis, MN 55440","Livestock feed or food for other animals",https://www.accessdata.fda.gov/scripts/ires/?Product=173649
82751,173650,2019-11-12,"Cargill, Inc         Corporate Headquarters","WHITETAIL INSTITUTE Imperial Whitetail Results¿ Premium Deer Feed 20% Protein (CN) Pellets, 40 lb bag, UPC 7 22304 46734 0,","Livestock feed or food for other animals",https://www.accessdata.fda.gov/scripts/ires/?Product=173650
83973,176851,2019-11-12,"ADM Alliance Nutrition, Inc.","11153AE MoorMan's ShowTec Lamb Creep DC, in 50 lb. bag","Livestock feed or food for other animals",https://www.accessdata.fda.gov/scripts/ires/?Product=176851
82882,172984,2019-11-14,"Medcare Pharmacy","Cyclosporin 1% Eye Drops in Mineral Oil in 10 eye dropper Med Care Pharmacy 7892 Idlewild Road Indian Trail, NC 28079","Recalled by an animal-drug maker or pharmacy",https://www.accessdata.fda.gov/scripts/ires/?Product=172984
82882,172985,2019-11-14,"Medcare Pharmacy","Cyclosporin 2% Eye Drops in Corn Oil in a) 5 mL drop container; b) 10 mL drop container Med Care Pharmacy 7892 Idlewild Road Indian Trail, NC 28079","Recalled by an animal-drug maker or pharmacy",https://www.accessdata.fda.gov/scripts/ires/?Product=172985
82882,172986,2019-11-14,"Medcare Pharmacy","Tacrolimus 0.02% Eye Drops in 10 mL drop container Med Care Pharmacy 7892 Idlewild Road Indian Trail, NC 28079","Recalled by an animal-drug maker or pharmacy",https://www.accessdata.fda.gov/scripts/ires/?Product=172986
83815,176416,2019-11-21,"Cargill, Inc         Corporate Headquarters","WRANGLER"" 12 ALL PELLET (WC) NET WEIGHT 50 LB (22.67 kg) CARGILL ANIMAL NUTRITION P.O. Box 5614, MINNEAPOLIS, MN 55440 UPC 7 22304 28396 4","Livestock feed or food for other animals",https://www.accessdata.fda.gov/scripts/ires/?Product=176416
83828,176442,2019-11-25,"Huvepharma, Inc.","Chloronex (chlortetracycline hydrochloride) Soluble Powder, Net Wt: 32 lb (20 x 25.6 oz packets), 14.5 kg (20 x 725.7 g packets), Manufactured for: Huvepharma, Inc., 525 Westpark Dr., Suite 230, Peachtree City, GA 30269 USA. NADA 065-440; NDC: 23243-4500-1","Animal drug, device or non-food product",https://www.accessdata.fda.gov/scripts/ires/?Product=176442
83632,175971,2019-12-03,"Altaire Pharmaceuticals, Inc.","Dechra Vetropolycin Veterinary Ophthalmic Ointment Net Wt 3.5 g (1/8 oz) Manufactured for: Dechra Veterinary Products Overland, KS 66211 USA NDC 17033-028-38","Animal drug, device or non-food product",https://www.accessdata.fda.gov/scripts/ires/?Product=175971
83632,175972,2019-12-03,"Altaire Pharmaceuticals, Inc.","Dechra Vetropolycin HC Net Wt. 3.5 g (1/8oz) Manufactured for: Dechra Veterinary Products, Overland Park, KS 66211 USA NDC 17033-030-88","Animal drug, device or non-food product",https://www.accessdata.fda.gov/scripts/ires/?Product=175972
83632,175973,2019-12-03,"Altaire Pharmaceuticals, Inc.","Dechra Puralube Vet Ointment Net Wt. 3.5 g (1/8 oz) Manufactured for: Dechra Veterinary Products Overland Park, KS 66211 17033-211-38","Animal drug, device or non-food product",https://www.accessdata.fda.gov/scripts/ires/?Product=175973
84310,178004,2019-12-12,"Baxter Healthcare Corporation","0.9% Sodium Chloride Irrigation USP 5000 mL Rx Only Arthromatic Container NDC 0338-0047-29 Not For Injection Baxter Healthcare Corporation Deerfield, IL 60015","Animal drug, device or non-food product",https://www.accessdata.fda.gov/scripts/ires/?Product=178004
84354,178124,2019-12-19,"Washington Homeopathic Products, Inc.","HomeoPet K9 WRM Clear","Recalled by an animal-drug maker or pharmacy",https://www.accessdata.fda.gov/scripts/ires/?Product=178124
84354,178125,2019-12-19,"Washington Homeopathic Products, Inc.","HomeoPet K9 Host No More","Recalled by an animal-drug maker or pharmacy",https://www.accessdata.fda.gov/scripts/ires/?Product=178125
84354,178126,2019-12-19,"Washington Homeopathic Products, Inc.","HomeoPet Feline WRM Clear","Recalled by an animal-drug maker or pharmacy",https://www.accessdata.fda.gov/scripts/ires/?Product=178126
84354,178127,2019-12-19,"Washington Homeopathic Products, Inc.","HomeoPet Feline Host No More","Recalled by an animal-drug maker or pharmacy",https://www.accessdata.fda.gov/scripts/ires/?Product=178127
84354,178128,2019-12-19,"Washington Homeopathic Products, Inc.","HomeoPet EquioPathics Wrm Clear","Recalled by an animal-drug maker or pharmacy",https://www.accessdata.fda.gov/scripts/ires/?Product=178128
84456,178370,2020-01-21,"Cargill, Inc         Corporate Headquarters","Hominy (no brand name)","Not dog or cat food",https://www.accessdata.fda.gov/scripts/ires/?Product=178370
84456,178371,2020-01-21,"Cargill, Inc         Corporate Headquarters","Golden Max, Corn Germ Dehydrated","Not dog or cat food",https://www.accessdata.fda.gov/scripts/ires/?Product=178371
83221,174070,2020-01-23,"Farnam Companies Inc., dba Central Life Sciences","Aqueon Betta Food. Daily nutrition for all betta. Net Wt. .95 oz. (27g). Item # 100106051, UPC 15905-06051","Not dog or cat food",https://www.accessdata.fda.gov/scripts/ires/?Product=174070
83272,174521,2020-01-23,"Texas Tripe, Inc","Texas Tripe Chicken BlendDog Food Keep Frozen in 2lb and 5 lb bags packaged in 20 lb case","Not dog or cat food",https://www.accessdata.fda.gov/scripts/ires/?Product=174521
83569,175751,2020-01-23,"Farmers Cooperative Society","Ideal Berk F3/ Sky 13.6 custom feed delivered in bulk","Not dog or cat food",https://www.accessdata.fda.gov/scripts/ires/?Product=175751
83836,176459,2020-01-23,"RIDLEY USA INC","Ultralyx, Nutritional Supplements, 24-16-5, Net Weight 200 lbs. (90.7 KG). For Beef Cattle on Pasture. Item No. 45456.","Livestock feed or food for other animals",https://www.accessdata.fda.gov/scripts/ires/?Product=176459
84226,177796,2020-01-23,"ICU Medical Inc","Lactated Ringer's Injection, USP 500 mL Rx Only NDC 0409-7953-03 Hospira, Inc., Lake Forest, IL 60045","Animal drug, device or non-food product",https://www.accessdata.fda.gov/scripts/ires/?Product=177796
84266,177863,2020-01-23,"CHS Nutrition, Inc.","Payback Champion Rabbit, packaged in a 50 lb. bag. The product tag label is read in parts: ""***CHAMPION RABBIT 1/8 PELLET *** For Adult Rabbits *** CHS Inc. Sioux Falls, SD 57107 ***"".","Livestock feed or food for other animals",https://www.accessdata.fda.gov/scripts/ires/?Product=177863
84266,178010,2020-01-23,"CHS Nutrition, Inc.","Payback Egg Layer Ration 1/8 Pellet For Laying Poultry, packages in a 50 lb. bag. The product tag label is read in parts: *** PAYBACK EGG LAYER RATION 1/8 PELLET *** For Laying Poultry *** CHS Inc. Sioux Falls, SD 57107***"".","Livestock feed or food for other animals",https://www.accessdata.fda.gov/scripts/ires/?Product=178010
84266,178011,2020-01-23,"CHS Nutrition, Inc.","Payback Egg Layer Ration Krumble, packages in a 50 lb. bag. The product tag label is read in parts: ""*** PAYBACK EGG LAYER RATION KRUMBLE *** For Laying Poultry ***CHS Inc. Sioux Falls, SD 57107***"".","Livestock feed or food for other animals",https://www.accessdata.fda.gov/scripts/ires/?Product=178011
84266,178012,2020-01-23,"CHS Nutrition, Inc.","Payback Turkey /Pheasant Grower A Medicated, packages in a 50 lb. bag. Product is a complete feed for growing turkeys and pheasants. Product tag label is read in parts: ""*** PAYBACK TURKEY/PHEASANT GROWER A MEDICATED KRUMBLE *** For Growing Turkeys And Pheasants ACTIVE DRUG INGREDIENT Amprolium 0.01","Animal drug, device or non-food product",https://www.accessdata.fda.gov/scripts/ires/?Product=178012
84266,178013,2020-01-23,"CHS Nutrition, Inc.","Payback Turkey /Pheasant Grower, packages in a 50 lb. bag. The product tag label is read in parts: ""***PAYBACK TURKEY/PHEASANT GROWER KRUMBLE *** For Growing Turkeys and Pheasants *** CHS Inc. Sioux Falls, SD 57107 ***"".","Not dog or cat food",https://www.accessdata.fda.gov/scripts/ires/?Product=178013
84266,178014,2020-01-23,"CHS Nutrition, Inc.","Payback Swine Complete Breeder, packages in a 50 lb. bag. The product tag label is read in parts: ""***SWINE COMPLETE BREEDER 3116 PELLET ***For Gilts, Sows, and Adult Boars *** CHS Inc. Sioux Falls, SD 57107***"".","Livestock feed or food for other animals",https://www.accessdata.fda.gov/scripts/ires/?Product=178014
84266,178015,2020-01-23,"CHS Nutrition, Inc.","Payback Waterfowl Feed, packages in a 50 lb. bag. The product label is read in parts: ""*** PAYBACK WATERFOWL FEED KRUMBLE *** For All Classes of Ducks and Geese***CHS Inc. Sioux Falls, SD 57107***"".","Not dog or cat food",https://www.accessdata.fda.gov/scripts/ires/?Product=178015
84847,179533,2020-02-26,"Syndel USA","Tricaine-S, (tricaine methanesulfonate), ANADA #200-226, a) 1 Kilogram, b) 100 grams, C)10 grams, Manufactured by Syndel, 1441 W. Smith Road, Ferndale, WA 98248","Animal drug, device or non-food product",https://www.accessdata.fda.gov/scripts/ires/?Product=179533
84959,179710,2020-02-26,"Agri Laboratories Ltd","Amprol 128 (amprolium), 20% Soluble Powder Coccidiostat, 24 packets - 10 oz each, Net wt. 15 lb, Distributed by: Huvepharma, Inc., Peachtree City, GA 30269. NADA 33-165; NDC 23243-9709-3","Animal drug, device or non-food product",https://www.accessdata.fda.gov/scripts/ires/?Product=179710
84917,179660,2020-03-12,"US Compounding Inc","Trichlormethiazide/Dexamethasone Oral Paste 200 mg/5 mg/5 mL 30 mL Multi-Dose Syringe Apple Flavor NDC 22200639806 US Compounding 1270 Don's Lane Conway, AR 800-718-3588","Animal drug, device or non-food product",https://www.accessdata.fda.gov/scripts/ires/?Product=179660
84962,179713,2020-03-17,"RIDLEY USA INC","Easy Feed Organic Chick Starters, Item 53266, Complete Poultry Starter Feed, 40 lbs. (18.18 kg) Bags UPC 46590-00512","Livestock feed or food for other animals",https://www.accessdata.fda.gov/scripts/ires/?Product=179713
84962,179846,2020-03-17,"RIDLEY USA INC","Easy Feed Layer 16% w/Omega Pellet ORG, Item 53269, For Laying Poultry, 40 lbs. (18.18 kg) Bags UPC 46590-00510","Livestock feed or food for other animals",https://www.accessdata.fda.gov/scripts/ires/?Product=179846
84962,179850,2020-03-17,"RIDLEY USA INC","Easy Feed Organic Layer 20% w/Omega Meal or Pellet ORG, Item 53270, Complete Poultry Feed, 40 lbs. (18.18 kg) Bags. Meal UPC 46590-00350, Pellet UPC 46590-00509.","Livestock feed or food for other animals",https://www.accessdata.fda.gov/scripts/ires/?Product=179850
84962,179851,2020-03-17,"RIDLEY USA INC","Easy Feed No Corn No Soy Layer 16% ORG, Item 53272, For Laying Poultry, 40 lbs. (18.18 kg) Bags UPC 46590-00418.","Livestock feed or food for other animals",https://www.accessdata.fda.gov/scripts/ires/?Product=179851
84962,179852,2020-03-17,"RIDLEY USA INC","Easy Feed Organic No Soy Layer 16% w/OMEGA ORG, Item 53273, Complete Poultry Feed, 40 lbs. (18.18 kg) Bags UPC 46590-00427.","Livestock feed or food for other animals",https://www.accessdata.fda.gov/scripts/ires/?Product=179852
84962,179853,2020-03-17,"RIDLEY USA INC","Easy Feed Organic Milk Goat Feed ORG, Item 53281, Breeding and Lactating Goat Supplement, 40 lbs. (18.18 kg) Bags UPC 46590-00420.","Livestock feed or food for other animals",https://www.accessdata.fda.gov/scripts/ires/?Product=179853
84962,179854,2020-03-17,"RIDLEY USA INC","Easy Feed Organic Pig Grower/Finisher ORG, Item 53284, Complete Swine Grower/Finisher Diet, 40 lbs. (18.18 kg) Bags UPC 46590-00357.","Livestock feed or food for other animals",https://www.accessdata.fda.gov/scripts/ires/?Product=179854
84962,179855,2020-03-17,"RIDLEY USA INC","Easy Feed Organic Turkey & Gamebird Start-N-Grow ORG, Item 53286, Complete Turkey Grower, 40 lbs. (18.18 kg) Bags UPC 46590-00507.","Not dog or cat food",https://www.accessdata.fda.gov/scripts/ires/?Product=179855
84962,179856,2020-03-17,"RIDLEY USA INC","Easy Feed Organic Layer 16% Meal w/Omega ORG, Item 56267, Complete Poultry Feed, 40 lbs. (18.18 kg) Bags UPC 46590-00346.","Livestock feed or food for other animals",https://www.accessdata.fda.gov/scripts/ires/?Product=179856
84962,179857,2020-03-17,"RIDLEY USA INC","Organic Ground Flaxseed ORG, Item 53012, Net Weight 50 lb. (22.73) bags","Not dog or cat food",https://www.accessdata.fda.gov/scripts/ires/?Product=179857
85059,179986,2020-03-17,"COVETRUS NORTH AMERICA","scil SOLO Phenobarbital Chemistry Test Kit 6CT-IVD Veterinary test kit for quantitative in vitro determination of phenobarbital in serum or lithium heparin plasma on a solo or CUBE-VET analyser. Covetrus Item Code 068999 scil Item Code 103750 EUROlyser Item Code VT 02111","Animal drug, device or non-food product",https://www.accessdata.fda.gov/scripts/ires/?Product=179986
84786,179408,2020-03-18,"Adisseo Usa, Inc.","nutriad NUTRI¿ A-Z C Dry 25 Net Weight (kg) Yeast brewers dehydrated for livestock and poultry feeds. Manufactured for: Nutriad Inc. 201 Flanniigan Road Hampshire, IL 60140 Country of orgin: Belgium","Livestock feed or food for other animals",https://www.accessdata.fda.gov/scripts/ires/?Product=179408
85164,180204,2020-03-19,"Cargill, Inc         Corporate Headquarters","Country Companion 16% Layer Pellet (GN), 50 lb. bag, Best by/expiration date 4/21/2020, product number 96189.","Livestock feed or food for other animals",https://www.accessdata.fda.gov/scripts/ires/?Product=180204
85148,180171,2020-03-20,"Cargill, Inc         Corporate Headquarters","Nutrena COUNTRY FEEDS CHICK STARTER GROWER 18% CRUMBLE MEDICATED (AMP) (VG) 50LB bags. NUTRENA PO Box 5614 Minneapolis, MN 55440 1.800.367.4894 UPC 7 22304 27582 2","Animal drug, device or non-food product",https://www.accessdata.fda.gov/scripts/ires/?Product=180171
84861,179553,2020-03-23,"Cargill, Inc         Corporate Headquarters","Nutrena, NutreBeef Transition Pellet Nutrena, Minneapolis, MN, UPC 7 22304 44266 8 packaged in 50 lb bags,","Not dog or cat food",https://www.accessdata.fda.gov/scripts/ires/?Product=179553
84204,177664,2020-03-26,"Harrison Gypsum, LLC","Valu-Fil 650 packaged in 50 lbs. bags 2000 lbs. bulk bags or Approximately 44,000-55,000 lbs. bulk pneumatic tanks; Valu-Fil Coarse Grind packaged in 50 lbs. bags; Lot code: Valu-Fil 650 Lot numbers 1019 and 1119; Valu-Fil Coarse Grind Lot numbers CG1821 and CG1822. (ACG Materials Terra Alba is a fo","Not dog or cat food",https://www.accessdata.fda.gov/scripts/ires/?Product=177664
85109,180113,2020-03-30,"Land O'Lakes, Inc.","Purina Rabbit Complete packaged in the following sizes: 1. Net Weight 25 lb (11.33 kg), Item 3004902-203, UPC 04273-05926; 2. Net Weight 50 lb (22.67 kg), Item 3004902-206 UPC 04273-05927. Complete Feed for All Life Stages of Rabbit. Manufactured by Purina Animal Nutrition LLC, Arden Hills, MN 55126","Livestock feed or food for other animals",https://www.accessdata.fda.gov/scripts/ires/?Product=180113
85109,180114,2020-03-30,"Land O'Lakes, Inc.","Purina Rabbit Show, Item 3004918-206, Net Weight 50 lb (22.67 kg) UPC 04273-05929. Complete Feed for All Life Stages of Rabbit. Manufactured by Purina Animal Nutrition LLC, Arden Hills, MN 55126.","Livestock feed or food for other animals",https://www.accessdata.fda.gov/scripts/ires/?Product=180114
85109,180116,2020-03-30,"Land O'Lakes, Inc.","Purina Rabbit Professional Complete, Item 3004903-206. Net Weight 50 lb (22.67 kg) UPC 04273-05928. Feed for All life stages of rabbit. Manufactured by Purina Animal Nutrition LLC, Arden Hills, MN 55126","Livestock feed or food for other animals",https://www.accessdata.fda.gov/scripts/ires/?Product=180116
85109,180117,2020-03-30,"Land O'Lakes, Inc.","Country Acres Rabbit Pellet 18%, Item 0049200, Net Weight 50 lb (22.67 kg), UPC 16603-00001. Complete Feed for all Life Stages of Rabbit. Manufactured for Country Acres Feed Company, 4001 Lexington Avenue North, Arden Hills, MN 55126","Livestock feed or food for other animals",https://www.accessdata.fda.gov/scripts/ires/?Product=180117
85109,180118,2020-03-30,"Land O'Lakes, Inc.","DuMOR Chick Starter/Grower 20%, packaged in the following sizes: 1. Net Weight 20 lb (9.07 kg), Item 00464688, UPC 49394-05741; 2. Net Weight 50 lb (22.67 kg), Item 0046487, UPC 49394-05740. For Starting Chickens, Ducks and Geese. For Growing Chickens, Ducks, Geese, Turkey, Quail, Chukar, and Pheasa","Not dog or cat food",https://www.accessdata.fda.gov/scripts/ires/?Product=180118
85109,180119,2020-03-30,"Land O'Lakes, Inc.","Purina Turkey Starter AMP 0.0125% Medicated, Type C Medicated Feed, Item 0009906, Net Weight 50 lb (22.67 kg), UPC 04273-00116. Complete Feed for Starting Turkeys. As an aid in the prevention of coccidiosis. Manufactured by Purina Animal Nutrition LLC, Arden Hills, MN 55126.","Animal drug, device or non-food product",https://www.accessdata.fda.gov/scripts/ires/?Product=180119
85294,180441,2020-03-30,"The Medicine Shoppe Pharmacy","Cyclosporin/Mineral Oil 2% Solution a) 135 mL; b) 180 mL; c) 15 mL","Recalled by an animal-drug maker or pharmacy",https://www.accessdata.fda.gov/scripts/ires/?Product=180441
85245,180360,2020-04-02,"IcelandicPlus LLC","Capelin Whole Fish Treats, 1.5 oz, 2.5 oz packages . Package in plastic tube or plastic gusseted bags . 6 bags per case for 2.5 oz packages; 32 packages per case for 1.5 oz packages .","Livestock feed or food for other animals",https://www.accessdata.fda.gov/scripts/ires/?Product=180360
85316,180505,2020-04-14,"US Compounding Inc","Aluminum Hydroxide Oil 120 mg/mL Oral Suspension NDC 22200025824 US Compounding Pharmacy 1270 Don's Lane Conway, AR 800-718-3588","Animal drug, device or non-food product",https://www.accessdata.fda.gov/scripts/ires/?Product=180505
85406,180761,2020-04-16,"The Medicine Shoppe Pharmacy","Potassium Bromide 250 mg/mL Solution 100 mL","Animal drug, device or non-food product",https://www.accessdata.fda.gov/scripts/ires/?Product=180761
85406,180762,2020-04-16,"The Medicine Shoppe Pharmacy","Piroxicam 2 mg/mL Suspension 30 mL","Animal drug, device or non-food product",https://www.accessdata.fda.gov/scripts/ires/?Product=180762
85406,180908,2020-04-16,"The Medicine Shoppe Pharmacy","Enrofloxacin 50 mg/mL Suspension 20 mL","Animal drug, device or non-food product",https://www.accessdata.fda.gov/scripts/ires/?Product=180908
85406,180909,2020-04-16,"The Medicine Shoppe Pharmacy","Prednisolone (Tuna Base) 5 mg/mL Suspension 30 mL","Animal drug, device or non-food product",https://www.accessdata.fda.gov/scripts/ires/?Product=180909
85406,180910,2020-04-16,"The Medicine Shoppe Pharmacy","Lactulose 10 g/15 mL Solution 90 mL","Recalled by an animal-drug maker or pharmacy",https://www.accessdata.fda.gov/scripts/ires/?Product=180910
85406,180911,2020-04-16,"The Medicine Shoppe Pharmacy","Methimazole 5 mg/0.1 mL Lipoderm 6 mL","Recalled by an animal-drug maker or pharmacy",https://www.accessdata.fda.gov/scripts/ires/?Product=180911
85406,180912,2020-04-16,"The Medicine Shoppe Pharmacy","Ursodiol 50 mg/mL Suspension 100 mL","Animal drug, device or non-food product",https://www.accessdata.fda.gov/scripts/ires/?Product=180912
85406,180913,2020-04-16,"The Medicine Shoppe Pharmacy","Hydrocodone 5 mg/5 mL Suspension 100 mL","Animal drug, device or non-food product",https://www.accessdata.fda.gov/scripts/ires/?Product=180913
85406,180914,2020-04-16,"The Medicine Shoppe Pharmacy","Potassium Bromide 150 mg/mL Solution 60 mL","Animal drug, device or non-food product",https://www.accessdata.fda.gov/scripts/ires/?Product=180914
85406,180915,2020-04-16,"The Medicine Shoppe Pharmacy","Prednisolone in Tuna Base 2.5 mg/mL Solution 30 mL","Animal drug, device or non-food product",https://www.accessdata.fda.gov/scripts/ires/?Product=180915
85406,180916,2020-04-16,"The Medicine Shoppe Pharmacy","Fluoxetine Transdermal 2.5 mg/0.1 mL Lipoderm 3 mL","Recalled by an animal-drug maker or pharmacy",https://www.accessdata.fda.gov/scripts/ires/?Product=180916
85406,180917,2020-04-16,"The Medicine Shoppe Pharmacy","Phenoxybenzamine 5 mg/mL Suspension 30 mL","Animal drug, device or non-food product",https://www.accessdata.fda.gov/scripts/ires/?Product=180917
85406,180918,2020-04-16,"The Medicine Shoppe Pharmacy","Enalapril (Vet) 0.8 mg/mL Suspension 30 mL","Animal drug, device or non-food product",https://www.accessdata.fda.gov/scripts/ires/?Product=180918
85406,180919,2020-04-16,"The Medicine Shoppe Pharmacy","Methionine 500 mg/5 mL Suspension (Tuna Flavor) 150 mL","Animal drug, device or non-food product",https://www.accessdata.fda.gov/scripts/ires/?Product=180919
85406,180920,2020-04-16,"The Medicine Shoppe Pharmacy","Omeprazole 5 mg/mL Suspension 30 mL","Animal drug, device or non-food product",https://www.accessdata.fda.gov/scripts/ires/?Product=180920
85406,180921,2020-04-16,"The Medicine Shoppe Pharmacy","Gabapentin 50 mg/mL Suspension (Beef flavor) 30 mL","Animal drug, device or non-food product",https://www.accessdata.fda.gov/scripts/ires/?Product=180921
85406,180922,2020-04-16,"The Medicine Shoppe Pharmacy","Amlodipine 1.25 mg/0.1 mL Lipoderm 4.5 mL","Recalled by an animal-drug maker or pharmacy",https://www.accessdata.fda.gov/scripts/ires/?Product=180922
85406,180923,2020-04-16,"The Medicine Shoppe Pharmacy","Gabapentin 30 mg/mL Suspension 30 mL","Animal drug, device or non-food product",https://www.accessdata.fda.gov/scripts/ires/?Product=180923
85406,180924,2020-04-16,"The Medicine Shoppe Pharmacy","Cisapride 2.5 mg/mL Suspension 100 mL","Animal drug, device or non-food product",https://www.accessdata.fda.gov/scripts/ires/?Product=180924
85406,180925,2020-04-16,"The Medicine Shoppe Pharmacy","Theophyllin-SR 55 mg Capsule 120 capsules","Animal drug, device or non-food product",https://www.accessdata.fda.gov/scripts/ires/?Product=180925
85406,180926,2020-04-16,"The Medicine Shoppe Pharmacy","Metronidazole 60 mg/mL Suspension 60 mL","Animal drug, device or non-food product",https://www.accessdata.fda.gov/scripts/ires/?Product=180926
85406,180927,2020-04-16,"The Medicine Shoppe Pharmacy","Amlodipine (Chicken Flavor) 2.5 mg/mL Suspension 60 mL","Animal drug, device or non-food product",https://www.accessdata.fda.gov/scripts/ires/?Product=180927
85381,180719,2020-04-17,"CARGILL INCORPORATED","Southeast 12/8 Horse Pellet (PO), Net Weight 50 LB (22.67 kg) or bulk","Livestock feed or food for other animals",https://www.accessdata.fda.gov/scripts/ires/?Product=180719
85381,180720,2020-04-17,"CARGILL INCORPORATED","Wrangler 11% Sweet (PO), Net Weight 50 LB (22.67 kg)","Livestock feed or food for other animals",https://www.accessdata.fda.gov/scripts/ires/?Product=180720
85381,180721,2020-04-17,"CARGILL INCORPORATED","Wrangler 12% All Stock Sweet (PO), Net Weight 50 LB (22.67 kg)","Livestock feed or food for other animals",https://www.accessdata.fda.gov/scripts/ires/?Product=180721
85506,181111,2020-05-04,"NORBROOK INC","Eprizero (eprinomectin), contains 5 mg eprinomectin/mL, 5L (169 fl oz) per jug, NDC 55529-156-08, Manufactured by: Norbrook Laboratories Limited, Newry, BT35 6PU, Co. Down, Northern Ireland.","Animal drug, device or non-food product",https://www.accessdata.fda.gov/scripts/ires/?Product=181111
85567,181252,2020-05-07,"NORBROOK INC","Loxicom (meloxicam oral suspension), 1.5 mg/mL, 100 mL per vial, Manufactured by: Norbrook Laboratories Limited, Newry, Co. Down, BT35 6PU, Northern Ireland. NDC: 55529-041-02","Animal drug, device or non-food product",https://www.accessdata.fda.gov/scripts/ires/?Product=181252
85567,181331,2020-05-07,"NORBROOK INC","Meloxicam oral suspension, 1.5 mg/mL, 100 mL per vial, Distributed by: Covetrus North America, 400 Metro Place North, Dublin, OH 43017. NDC: 11695-6937-3","Animal drug, device or non-food product",https://www.accessdata.fda.gov/scripts/ires/?Product=181331
85567,181332,2020-05-07,"NORBROOK INC","OstiLox (meloxicam oral suspension), 1.5 mg/mL, 100 mL per vial, Manufactured for: MWI, Boise, ID 83705, Manufactured by: Norbrook Laboratories Limited, Newry, Co. Down, BT35 6PU, Northern Ireland. NDC: 13985-613-01","Animal drug, device or non-food product",https://www.accessdata.fda.gov/scripts/ires/?Product=181332
85720,181623,2020-05-27,"Cargill, Inc         Corporate Headquarters","Country Companion Chick Starter Crumbles (AMP)(GN) Medicated, product number 96192A, 50 lb. bag","Animal drug, device or non-food product",https://www.accessdata.fda.gov/scripts/ires/?Product=181623
85626,181391,2020-06-01,"ICU Medical Inc","Lactated Ringer's Injection, USP 1000 mL flexible container Rx Only NDC 0409-7953-09 Hospira, Inc., Lake Forest, IL 60045","Animal drug, device or non-food product",https://www.accessdata.fda.gov/scripts/ires/?Product=181391
85690,181551,2020-06-01,"PGG/HSC Feed Company, LLC dba  CHS Nutrition","Champion Meat Goat Pellets R20 is a medicated feed for growing and finishing goats. Product is dry, bagged pelleted feed in poly bags, 50 lbs per bag. UPC code is 48252 48640. CHS Inc., Sioux Falls, SD 57107 www.chsinc.com The product tag label is read in parts: ""***CHAMPION MEAT GOAT PELLETS R20 **","Animal drug, device or non-food product",https://www.accessdata.fda.gov/scripts/ires/?Product=181551
85735,181658,2020-06-03,"PGG/HSC Feed Company, LLC dba  CHS Nutrition","Rumensin 4G/LB Pellet, Medicated, Dry pelleted feed supplement packaged in 50 lbs. white poly bags. The product tag label is read in parts: ""***RUMENSIN 4G/LB PELLET *** ACTIVE DRUG INGREDIENT Monensin (as Monensin sodium) ***(8,000 g/ton) 4 g/lb ***INGREDIENTS: Processes Grain Byproducts, Calcium C","Animal drug, device or non-food product",https://www.accessdata.fda.gov/scripts/ires/?Product=181658
85696,181560,2020-06-08,"Kent Nutrtion Group Inc","Kent Home Fresh Starter Crumble, Medicated, Amprolium 0.0125% packaged in 25 and 50 lb. bags. Lot code 1020031. A complete diet for starting and developing replacement chickens (pullets) and broilers.","Animal drug, device or non-food product",https://www.accessdata.fda.gov/scripts/ires/?Product=181560
85843,181891,2020-06-30,"NORBROOK INC","Eprizero (eprinomectin), contains 5 mg eprinomectin/mL, [1L or 2.5L] per jug, Manufactured by: Norbrook Laboratories Limited, Newry, BT35 6PU, Co. Down, Northern Ireland. NDC 1L: 55529-156-06; NDC 2.5L: 55529-156-07. Batches: 8374-31A and 8374-32A.","Animal drug, device or non-food product",https://www.accessdata.fda.gov/scripts/ires/?Product=181891
85885,182019,2020-07-17,"Landmark Services Cooperative","Sweetwater PostFresh Supp RUM 26872, Medicated, Lactating Dairy Cattle, Run ID 82701, Run Serial Number43646","Animal drug, device or non-food product",https://www.accessdata.fda.gov/scripts/ires/?Product=182019
86016,182490,2020-07-21,"US Compounding Inc","Buprenorphine HCl, a) 0.3 mg/mL 100 mL suspension NDC 3330099470; b) 0.3 mg/mL 100 mL (chicken) suspension NDC 33300984470; c) 0.3 mg/mL 100 mL (flavorless) suspension NDC 33300002670; d) 0.3 mg/mL30 mL (chicken) suspension NDC 33300984406; e) Transdermal 0.3 mg/mL PLO Gel NDC 33300900601; f) Transd","Animal drug, device or non-food product",https://www.accessdata.fda.gov/scripts/ires/?Product=182490
86014,182487,2020-07-23,"RIDLEY USA INC","Ultralyx Nutritional Supplements 12% Protein Sheep Low Moisture Block. For all classes of Sheep on Pasture. Item 24419. Net Weight: 50 lbs. (22.7 KG)","Livestock feed or food for other animals",https://www.accessdata.fda.gov/scripts/ires/?Product=182487
86015,182489,2020-07-24,"US Compounding Inc","Enrofloxacin+Ketoconazole+Triamcinolone, 0.5%/1%/0.1%, Otic in Pluronic in 30 mL syringes NDC 22200960806","Animal drug, device or non-food product",https://www.accessdata.fda.gov/scripts/ires/?Product=182489
86067,182595,2020-08-19,"RIDLEY USA INC","Crystalyx Sheep-lyx. For all classes of Sheep on Pasture. Item 7248. Net Weight: 60 lbs. (27.2 KG)","Livestock feed or food for other animals",https://www.accessdata.fda.gov/scripts/ires/?Product=182595
86253,183201,2020-08-20,"Cargill, Inc         Corporate Headquarters","Nutrena COUNTRY FEEDS CHICK STARTER GROWER 18% CRUMBLE MEDICATED (AMP)(VG) 50LB bag Nutrena, P.O. Box 5614 Minneapolis, MN 55440 UPC 72230427582","Animal drug, device or non-food product",https://www.accessdata.fda.gov/scripts/ires/?Product=183201
86229,183134,2020-08-27,"Boehringer Ingelheim Animal Health USA Inc","Heartgard (ivermectin) For Dogs Up To 25 lbs 6 Tablets Each tablet contains 68 mcg ivermectin Marketed by Boehringer Ingelheim Animal Health USA Inc. Duluth, GA 30096 UPC 3 50604 40231 2","Animal drug, device or non-food product",https://www.accessdata.fda.gov/scripts/ires/?Product=183134
86229,183193,2020-08-27,"Boehringer Ingelheim Animal Health USA Inc","Heartgard (ivermectin) For Dogs 26-50 lbs 6 Tablets Each tablet contains 136 mcg ivermectin Marketed by Boehringer Ingelheim Animal Health USA Inc. Duluth, GA 30096 UPC 3 50604 40241 1","Animal drug, device or non-food product",https://www.accessdata.fda.gov/scripts/ires/?Product=183193
86229,183194,2020-08-27,"Boehringer Ingelheim Animal Health USA Inc","Heartgard (ivermectin) For Dogs 51-100 lbs 6 Tablets Each tablet contains 272 mcg ivermectin Marketed by Boehringer Ingelheim Animal Health USA Inc. Duluth, GA 30096 UPC 3 50604 40251 0","Animal drug, device or non-food product",https://www.accessdata.fda.gov/scripts/ires/?Product=183194
86210,183083,2020-09-02,"Cargill, Inc         Corporate Headquarters","Carmine 20% Breeder Cube (GD) This feed is designed to be fed to mature cattle 150620 GD 1910 NET WEIGHT 50 LB (22.67 kg) OR BULK","Livestock feed or food for other animals",https://www.accessdata.fda.gov/scripts/ires/?Product=183083
86210,183084,2020-09-02,"Cargill, Inc         Corporate Headquarters","Nutrena Nutrebeef Cattle Grower Pellet 13/2.5 Performance Formula (B11.375)(GD) Medicated (FOR RUMINANTS ONLY) This medicated feed is designed to be fed to growing cattle in confinement. For improved feed efficiency in cattle fed in confinement for slaughter. Feed as directed. 92472-L GD 1912 NET WE","Animal drug, device or non-food product",https://www.accessdata.fda.gov/scripts/ires/?Product=183084
86210,183085,2020-09-02,"Cargill, Inc         Corporate Headquarters","Sportsman's Choice Record Rack Sportsman 20% Deer and Elk Pellet (GD) This supplement is designed to be fed to deer and elk when limited forbs and browse available 45037 GD 1905 NET WEIGHT 50 LB (22.67 kg) OR BULK","Livestock feed or food for other animals",https://www.accessdata.fda.gov/scripts/ires/?Product=183085
86210,183086,2020-09-02,"Cargill, Inc         Corporate Headquarters","Nutrena Nutrebeef 20% Pasture Cube (GD) This feed is designed to be fed to mature beef cattle on pasture. 92685-BK GD 1910 NET WEIGHT BULK","Livestock feed or food for other animals",https://www.accessdata.fda.gov/scripts/ires/?Product=183086
86210,183088,2020-09-02,"Cargill, Inc         Corporate Headquarters","Nutrena Nutrebeef Cattle Breeder Cube 20 AN (GD) This feed is designed to be fed to mature beef cattle on pasture. 92220 GD 1910 NET WEIGHT ON BAG OR BULK","Livestock feed or food for other animals",https://www.accessdata.fda.gov/scripts/ires/?Product=183088
86210,183089,2020-09-02,"Cargill, Inc         Corporate Headquarters","Nutrena Nutrebeef Transiton Pellet (DQ) (GD) Medicated. This supplemental feed is designed to be fed to beef calves at weaning or during times of stress and may also be fed to beef calves while on pasture before weaning. For the prevention of coccidiosis in ruminating and non-ruminating calves, incl","Animal drug, device or non-food product",https://www.accessdata.fda.gov/scripts/ires/?Product=183089
86339,183381,2020-09-02,"Lewiston Feed & Produce Company","Cattle Feed","Livestock feed or food for other animals",https://www.accessdata.fda.gov/scripts/ires/?Product=183381
86515,183866,2020-10-15,"Boehringer Ingelheim Animal Health USA Inc","Vetmedin (pimobendan) Chewable Tablets, 1.25 mg Net Contents: 50 Tablets NDC 0010-4480-01 NADA 141-23 UPC 0 12313 44801 1 Manufactured for: Boehringer Ingelheim Vetmedica, Inc. St. Joseph, MO 64506","Animal drug, device or non-food product",https://www.accessdata.fda.gov/scripts/ires/?Product=183866
86558,184033,2020-10-21,"Trilogic Pharma LLC","Clindoral Periodontal Filler","Not dog or cat food",https://www.accessdata.fda.gov/scripts/ires/?Product=184033
86569,184051,2020-10-21,"Sunshine Mills Inc AKA World Pet Foods","Old Glory brand Hearty Beef & Chicken Flavor in 4 lb. & 12.75 lb. bags. 4 lb. UPC: 7015514339 12.75 lb. UPC: 7015514298","Not dog or cat food",https://www.accessdata.fda.gov/scripts/ires/?Product=184051
86569,184061,2020-10-21,"Sunshine Mills Inc AKA World Pet Foods","Sprout brand HI-Protein in 20 lb. & 40 lb. bags. 20 lb. UPC: 70155505120 40 lb. UPC: 7015505119","Not dog or cat food",https://www.accessdata.fda.gov/scripts/ires/?Product=184061
86569,184062,2020-10-21,"Sunshine Mills Inc AKA World Pet Foods","Sprout brand Maintenance in 40 lb. bags. UPC: 7015505096","Not dog or cat food",https://www.accessdata.fda.gov/scripts/ires/?Product=184062
86635,184225,2020-11-02,"Pegasus Laboratories, Inc.","Proin ER (phenylpropanolamine hydrochloride extended-release tablets) 145 mg Manufactured By: Pegasus Laboratories, Inc., Employee-Owned, Pensacola, FL 32514 a) Net Contents 90 Tablets NDC 49427-347-44; b) Net Contents 30 Tablets NDC 49427-347-57","Animal drug, device or non-food product",https://www.accessdata.fda.gov/scripts/ires/?Product=184225
86580,184094,2020-11-09,"Farmers Ranchers Coop Assn","Hi Protein Mineral For Beef Cattle packaged in 50 lb bags incorrectly labeled as Medicated Becker Hi Protein Mineral, Monensin 650 g/ton","Animal drug, device or non-food product",https://www.accessdata.fda.gov/scripts/ires/?Product=184094
86741,184436,2020-12-02,"ICU Medical, Inc.","Spinning Spiros Closed Male Luer, REF: AH2000S","Not dog or cat food",https://www.accessdata.fda.gov/scripts/ires/?Product=184436
86851,184688,2020-12-04,"Cargill, Inc         Corporate Headquarters","Producers PRIDE¿ 12% SWEET FEED TEXTURED (CN) For Horses, Cattle & Goats NET WT. 50 lb (22.67kg) bag Distributed by: Tractor Supply Company 5401 Virginia Way Brentwood, TN 37027 UPC 7 49394 95058 3","Livestock feed or food for other animals",https://www.accessdata.fda.gov/scripts/ires/?Product=184688
86953,184916,2020-12-23,"Perdue Agribusiness, LLC","Organic Canola Meal in Hopper Bottom Trailers","Livestock feed or food for other animals",https://www.accessdata.fda.gov/scripts/ires/?Product=184916
87250,185609,2021-02-17,"Sparhawk Laboratories Inc","LincoBac 300 (lincomycin) Injection, 300 mg/mL, Swine Antibiotic, 100 mL per glass bottle, Distributed by: MWI, Boise, ID 83705. NDC: 13985-577-10","Animal drug, device or non-food product",https://www.accessdata.fda.gov/scripts/ires/?Product=185609
87241,185600,2021-02-25,"Cargill, Inc         Corporate Headquarters","Nutrena NatureWise 18% Performance Rabbit (GN), 40 lb. bag, Product number 91518-40, UPC 7 22304 30006 7, Nutrena, P.O. Box 5614, Minneapolis, MN 55440, www.nutrenaworld.com. Store at ambient temperature, keep dry.","Livestock feed or food for other animals",https://www.accessdata.fda.gov/scripts/ires/?Product=185600
87355,185865,2021-03-05,"Virbac Corporation","7 Way De-Wormer for Dogs, (114 mg pyrantel pamoate, 114 mg praziquantel), Greater than 25 lbs, 414 two-count blister cards per case, Distributed by: Sergeant's Pet Care Products, Inc., 10077 S. 134th St., Omaha, NE 68138 ANDA N -141261, NDC 21091-642-02","Animal drug, device or non-food product",https://www.accessdata.fda.gov/scripts/ires/?Product=185865
87355,186008,2021-03-05,"Virbac Corporation","7 Way De-Wormer for Dogs, (114 mg pyrantel pamoate, 114 mg praziquantel), Greater than 25 lbs, 336 six-count blister cards per case, Distributed by: Sergeant's Pet Care Products, Inc., 10077 S. 134th St., Omaha, NE 68138 ANDA N -141261, NDC 21091-642-02","Animal drug, device or non-food product",https://www.accessdata.fda.gov/scripts/ires/?Product=186008
87355,186009,2021-03-05,"Virbac Corporation","Durvet Triple Wormer Flavored Chewables, (114 mg pyrantel pamoate, 114 mg praziquantel), Greater than 25 lbs, 276 six-count blister cards per case, Distributed by: Durvet, Inc., 100 S.E. Magellan Drive, Blue Springs, MO 64014. ANDA N -141261, NDC 21091-642-02","Animal drug, device or non-food product",https://www.accessdata.fda.gov/scripts/ires/?Product=186009
87355,186010,2021-03-05,"Virbac Corporation","Durvet Triple Wormer Flavored Chewables, (114 mg pyrantel pamoate, 114 mg praziquantel), Greater than 25 lbs, six-count blister cards per case, Distributed by: Durvet, Inc., 100 S.E. Magellan Drive, Blue Springs, MO 64014. ANDA N -141261, NDC 21091-642-02","Animal drug, device or non-food product",https://www.accessdata.fda.gov/scripts/ires/?Product=186010
87367,185886,2021-03-05,"Cargill, Inc         Corporate Headquarters","AgiMaster Poultry Meat Producer (MW), Net Weight 50 lb. (22.67kg), Product Code 3931. UPC 88520-01876. Manufactured for: Blain Supply, Inc. and Blain's Farm & Fleet Stores, 3507 East Racine Street, Janesville, Wi 53547","Livestock feed or food for other animals",https://www.accessdata.fda.gov/scripts/ires/?Product=185886
87367,185892,2021-03-05,"Cargill, Inc         Corporate Headquarters","Sprout Poultry Layer Crumble (MW), Net Weight 50 lb., Product Code 8303. UPC 22304-08192. Manufactured for: Fleet Farms, 2401 S. Memorial Drive, Appleton, WI 54915","Livestock feed or food for other animals",https://www.accessdata.fda.gov/scripts/ires/?Product=185892
87367,185893,2021-03-05,"Cargill, Inc         Corporate Headquarters","Theisens Prosper Chick Starter 18% (AMP) (MW) Medicated, Product Code 51800, Net Weight 55 lb. (24.95 kg) UPC 22304-48202. Active Drug Ingredient: Amprolium 0.0125% (113.5 grams/ton). Manufactured for: Theisen's, 6201 Chavenelle Road, Dubuque, IA 52002","Animal drug, device or non-food product",https://www.accessdata.fda.gov/scripts/ires/?Product=185893
87367,185894,2021-03-05,"Cargill, Inc         Corporate Headquarters","Nutrena Country Feeds Layer 16% PL (MW) Product Code 95180. Net Weight 50 lb. (22.67 gk) or Bulk, UPC 22304-27583. Nutrena, PO Box 5614, Minneapolis, MN 55440.","Livestock feed or food for other animals",https://www.accessdata.fda.gov/scripts/ires/?Product=185894
87367,185895,2021-03-05,"Cargill, Inc         Corporate Headquarters","MP01181 Gre Lyn CU MON Medicated, Product Code 121508-L1. Net Wt. 50 lbs. (22.68 kg) or Bulk. Active Drug Ingredient Monensin 59.46 g/T. Custom Mix - Not for Resale or Redistribution. Manufactured by: Cargill Animal Nutrition, PO Box 5614, Minneapolis, MN 55440","Animal drug, device or non-food product",https://www.accessdata.fda.gov/scripts/ires/?Product=185895
87367,185896,2021-03-05,"Cargill, Inc         Corporate Headquarters","ML02031 Gehring Dry Mix MON Medicated. Product Code 121967-GH. Active Ingredient Monensin 175.09 g/T. Net Wt. 50 lbs. (22.68 kg) or Bulk. Manufactured by: Cargill Animal Nutrition, PO Box 5614, Minneapolis, MN 55440","Animal drug, device or non-food product",https://www.accessdata.fda.gov/scripts/ires/?Product=185896
87367,185897,2021-03-05,"Cargill, Inc         Corporate Headquarters","ML02041 Gre Lyn LAC MON Medicated. Product Code 122036-G8. Active Ingredient Monensin 116.32 g/T. Net Wt. 50 lbs. (22.68 kg) or Bulk. Manufactured by: Cargill Animal Nutrition, PO Box 5614, Minneapolis, MN 55440","Animal drug, device or non-food product",https://www.accessdata.fda.gov/scripts/ires/?Product=185897
87367,185898,2021-03-05,"Cargill, Inc         Corporate Headquarters","MP05070 Spoerline LAC. Product Code 122036-SE. Net Wt. 50 lbs. (22.68 kg) or Bulk. Manufactured by: Cargill Animal Nutrition, PO Box 5614, Minneapolis, MN 55440","Not dog or cat food",https://www.accessdata.fda.gov/scripts/ires/?Product=185898
87367,185899,2021-03-05,"Cargill, Inc         Corporate Headquarters","ML12110 Redlin LAC MON. Medicated. Product Code 124000_R4. Active Drug Ingredient Monensin 47.39 g/T. Net Wt. 50 lbs. (22.68 kg) or Bulk. Manufactured by: Cargill Animal Nutrition, PO Box 5614, Minneapolis, MN 55440","Animal drug, device or non-food product",https://www.accessdata.fda.gov/scripts/ires/?Product=185899
87367,185901,2021-03-05,"Cargill, Inc         Corporate Headquarters","ML01241 Goeller Fresh MON Medicated. Product Code 124000_GF. Active Drug Ingredient Monensin 72.38 g/T. Net Wt. 50 lbs. (22.68 kg) or Bulk. Manufactured by: Cargill Animal Nutrition, PO Box 5614, Minneapolis, MN 55440","Animal drug, device or non-food product",https://www.accessdata.fda.gov/scripts/ires/?Product=185901
87367,185903,2021-03-05,"Cargill, Inc         Corporate Headquarters","ML12140 Redlin FR MON Medicated. Product Code 124000_R3. Active Drug Ingredient Monensin 72.84 g/T. Net Wt. 50 lbs. (22.68 kg) or Bulk. Manufactured by: Cargill Animal Nutrition, PO Box 5614, Minneapolis, MN 55440","Animal drug, device or non-food product",https://www.accessdata.fda.gov/scripts/ires/?Product=185903
87367,185906,2021-03-05,"Cargill, Inc         Corporate Headquarters","Jack & Dicks Beef Grower (R200) (MW) Medicated. Product Code 124020-T6. Active Drug Ingredient Monensin 200 g/T. UPC 22304-49177. Net Wt. 50 lbs. (22.68 kg) or Bulk. Cargill Animal Nutrition, PO Box 5614, Minneapolis, MN 55440","Animal drug, device or non-food product",https://www.accessdata.fda.gov/scripts/ires/?Product=185906
87367,185910,2021-03-05,"Cargill, Inc         Corporate Headquarters","Select Beef Premium Grower/Finisher (M400) (MW) Medicated. Product Code 128111-R4. Active Drug Ingredient Monensin 400 g/T. Net Wt. 50 lbs. (22.67 kg) or Bulk. Cargill Animal Nutrition, PO Box 5614, Minneapolis, MN 55440","Animal drug, device or non-food product",https://www.accessdata.fda.gov/scripts/ires/?Product=185910
87367,185912,2021-03-05,"Cargill, Inc         Corporate Headquarters","ML01051 Siegmann Fresh RUM Medicated. Product Code 140009_S5. Active Drug Ingredient Monensin 130.80 g/T. Net Wt. 50 lbs. (22.68 kg) or Bulk. Manufactured by: Cargill Animal Nutrition, PO Box 5614, Minneapolis, MN 55440","Animal drug, device or non-food product",https://www.accessdata.fda.gov/scripts/ires/?Product=185912
87367,185913,2021-03-05,"Cargill, Inc         Corporate Headquarters","HP02051 Bieler Elam MIN TD. Product Code 140092_EB. Net Wt. 50 lbs. (22.68 kg) or Bulk. Manufactured by: Cargill Animal Nutrition, PO Box 5614, Minneapolis, MN 55440","Not dog or cat food",https://www.accessdata.fda.gov/scripts/ires/?Product=185913
87367,185914,2021-03-05,"Cargill, Inc         Corporate Headquarters","MP02081 Schraufnagel Rob. Product Code 140098_A1. Net Wt. 50 lbs. (22.68 kg) or Bulk. Manufactured by: Cargill Animal Nutrition, PO Box 5614, Minneapolis, MN 55440","Not dog or cat food",https://www.accessdata.fda.gov/scripts/ires/?Product=185914
87367,185915,2021-03-05,"Cargill, Inc         Corporate Headquarters","ML02041 Buchholz LAC MON. Medicated. Product Code 140098_B3. Active Drug Ingredient Monensin 63.29 g/T. Net Wt. 50 lbs. (22.68 kg) or Bulk. Manufactured by: Cargill Animal Nutrition, PO Box 5614, Minneapolis, MN 55440","Animal drug, device or non-food product",https://www.accessdata.fda.gov/scripts/ires/?Product=185915
87367,185916,2021-03-05,"Cargill, Inc         Corporate Headquarters","ML02031 Flood LAC. Product Code 140098_F1. Net Wt. 50 lbs. (22.68 kg) or Bulk. Manufactured by: Cargill Animal Nutrition, PO Box 5614, Minneapolis, MN 55440","Not dog or cat food",https://www.accessdata.fda.gov/scripts/ires/?Product=185916
87367,185917,2021-03-05,"Cargill, Inc         Corporate Headquarters","MP11158 Leedle Robot LAC. Product Code 140098_L4. Net Wt. 50 lbs. (22.68 kg) or Bulk. Manufactured by: Cargill Animal Nutrition, PO Box 5614, Minneapolis, MN 55440","Not dog or cat food",https://www.accessdata.fda.gov/scripts/ires/?Product=185917
87367,185918,2021-03-05,"Cargill, Inc         Corporate Headquarters","ML01311 Meier LAC MON. Medicated. Product Code 140098_M6. Active Drug Ingredient Monensin 156.83 g/T. Net Wt. 50 lbs. (22.68 kg) or Bulk. Manufactured by: Cargill Animal Nutrition, PO Box 5614, Minneapolis, MN 55440","Animal drug, device or non-food product",https://www.accessdata.fda.gov/scripts/ires/?Product=185918
87367,185919,2021-03-05,"Cargill, Inc         Corporate Headquarters","MP09150 Siegmann CU RUM. Medicated. Product Code 140209_S4. Active Drug Ingredient Monensin 72.68 g/T. Net Wt. 50 lbs. (22.68 kg) or Bulk. Manufactured by: Cargill Animal Nutrition, PO Box 5614, Minneapolis, MN 55440","Animal drug, device or non-food product",https://www.accessdata.fda.gov/scripts/ires/?Product=185919
87367,185920,2021-03-05,"Cargill, Inc         Corporate Headquarters","ML03250 Ehlen CU RUM. Medicated. Product Code 140398_JE. Active Drug Ingredient Monensin 74.17 g/T. Net Wt. 50 lbs. (22.68 kg) or Bulk. Manufactured by: Cargill Animal Nutrition, PO Box 5614, Minneapolis, MN 55440","Animal drug, device or non-food product",https://www.accessdata.fda.gov/scripts/ires/?Product=185920
87367,185921,2021-03-05,"Cargill, Inc         Corporate Headquarters","MN08279 SDB DRY RUM. Medicated. Product Code 140509_S1. Active Drug Ingredient Monensin 518.97 g/T. Bulk. Manufactured by: Cargill Animal Nutrition, PO Box 5614, Minneapolis, MN 55440","Animal drug, device or non-food product",https://www.accessdata.fda.gov/scripts/ires/?Product=185921
87367,185922,2021-03-05,"Cargill, Inc         Corporate Headquarters","AgriMaster Starter-Grower 18 Crumbles (MW). Product Code 180. UPC 88520-01874. Net Weight 50 lb (22.67 kg) Manufactured for: Blain Supply, Inc. and Blain's Farm & Fleet Stores, 3507 East Racine Street, Janesville, WI 53547.","Not dog or cat food",https://www.accessdata.fda.gov/scripts/ires/?Product=185922
87367,185923,2021-03-05,"Cargill, Inc         Corporate Headquarters","TX10189 Paramount 18% Strdvntdec (loose) Medicated. Product Code 302104_D1. Active Drug Ingredient Decoquinate 18.20 g/T. Net Weight 50 lb (22.66 kg) or bulk. Manufactured by: Cargill Animal Nutrition, PO Box 5614, Minneapolis, MN 55440","Animal drug, device or non-food product",https://www.accessdata.fda.gov/scripts/ires/?Product=185923
87367,185925,2021-03-05,"Cargill, Inc         Corporate Headquarters","HerdFirst Total Calf BOV TX (MW) Medicated packaged in the following configurations: 1. Net Weight Bulk 2.67 tons, Product Code 696233-B8, UPC 22304-48239 2. Net Weight 50 lb (22.67 kg), Product Code 696333-B8, UPC 22304-48244, Active Drug Ingredient Lasalocid 91g/T. Cargill Animal Nutrition, PO Box","Animal drug, device or non-food product",https://www.accessdata.fda.gov/scripts/ires/?Product=185925
87367,185926,2021-03-05,"Cargill, Inc         Corporate Headquarters","HerdFirst Starter BOV TX (MW) Medicated packaged in the following configurations: 1. Net Weight Bulk 2.66 tons, Product Code 696223-B1, UPC 22304-48238 2. Net Weight 50 lb (22.67 kg), Product Code 696323-B1, UPC 22304-48242, Active Drug Ingredient Lasalocid 91g/T. Cargill Animal Nutrition, PO Box 56","Animal drug, device or non-food product",https://www.accessdata.fda.gov/scripts/ires/?Product=185926
87367,185927,2021-03-05,"Cargill, Inc         Corporate Headquarters","HerdFirst Grower BOV TX (MW) Medicated, Product Code 696343-B6, Active Drug Ingredient Lasalocid 80 grams/ton. Net Weight 50 lb (22.67 kg), UPC 22304-48246, Cargill Animal Nutrition, PO Box 5614, Minneapolis, MN 55440","Animal drug, device or non-food product",https://www.accessdata.fda.gov/scripts/ires/?Product=185927
87367,185928,2021-03-05,"Cargill, Inc         Corporate Headquarters","Nutrena DairyWay Calf Starter 18% textured (DQ) (MW) Medicated, Product Code 90090-D Active Drug Ingredient Decoquinate 50 grams/ton. UPC 22304-39917. Net Weight 50 lb (22.67 kg). Nutrena, PO Box 5614, Minneapolis, MN 55440.","Animal drug, device or non-food product",https://www.accessdata.fda.gov/scripts/ires/?Product=185928
87367,185932,2021-03-05,"Cargill, Inc         Corporate Headquarters","Nutrena DairyWay Starter 18% Textured (M50) (MW) Medicated, Product Code 90090-R Active Drug Ingredient Monensin 50 grams/ton. UPC 22304-39916. Net Weight 50 lb (22.67 kg). Nutrena, PO Box 5614, Minneapolis, MN 55440.","Animal drug, device or non-food product",https://www.accessdata.fda.gov/scripts/ires/?Product=185932
87367,185933,2021-03-05,"Cargill, Inc         Corporate Headquarters","Nutrena NatureWise MeatBird Complete 22% Crumble (MW), Product Code 91585-40 UPC 22304-27575. Net Weight 40 lb (18.14 kg). Nutrena, PO Box 5614, Minneapolis, MN 55440.","Not dog or cat food",https://www.accessdata.fda.gov/scripts/ires/?Product=185933
87367,185934,2021-03-05,"Cargill, Inc         Corporate Headquarters","Nutrena NatureWise Layer 16% Crumble (MW), Product Code 91590-40 UPC 22304-27569. Net Weight 40 lb (18.14 kg). Nutrena, PO Box 5614, Minneapolis, MN 55440.","Livestock feed or food for other animals",https://www.accessdata.fda.gov/scripts/ires/?Product=185934
87367,185935,2021-03-05,"Cargill, Inc         Corporate Headquarters","ML01211 Leedle LAC MONtemp Medicated, Product Code 940098_LD. Active Drug Ingredient Monensin 132.88 g/T. Net Weight 50 lbs (22.68 kg). Manufactured by: Cargill Animal Nutrition, PO Box 5614, Minneapolis, MN 55440.","Animal drug, device or non-food product",https://www.accessdata.fda.gov/scripts/ires/?Product=185935
87367,185936,2021-03-05,"Cargill, Inc         Corporate Headquarters","ML08190 Lenkaitis LAC RUMtemp Medicated, Product Code 940098_LK. Active Drug Ingredient Monensin 55.00 g/T. Net Weight 50 lbs (22.68 kg) or Bulk. Manufactured by: Cargill Animal Nutrition, PO Box 5614, Minneapolis, MN 55440.","Animal drug, device or non-food product",https://www.accessdata.fda.gov/scripts/ires/?Product=185936
87415,185990,2021-03-18,"Vitakraft Sun Seed Inc","Vitakraft : VitaSmart Natural Pelleted Diet Hedgehog Food 25 ounce plastic bags 12 packages per case","Livestock feed or food for other animals",https://www.accessdata.fda.gov/scripts/ires/?Product=185990
87442,186034,2021-03-18,"RIDLEY USA INC","Crystalyx¿ Sheep-lyxTM, low moisture supplement product, packaged in 60lb and 125lb barrels","Livestock feed or food for other animals",https://www.accessdata.fda.gov/scripts/ires/?Product=186034
87485,186148,2021-03-31,"ICU Medical Inc","0.9% Sodium Chloride Irrigation, USP 1000 mL Semi-Rigid Bottle NDC 0990-7138-09 Rx Only Manufactured for ICU Medical, Inc., Lake Forest, Illinois, 60045 USA","Animal drug, device or non-food product",https://www.accessdata.fda.gov/scripts/ires/?Product=186148
87508,186206,2021-03-31,"Nutrition Services Inc","Equi-Sential Supreme 12-8, E1611AX, manufactured by Nutrition Services, Inc. York, NE, packaged in 50 lb bags","Not dog or cat food",https://www.accessdata.fda.gov/scripts/ires/?Product=186206
87487,186153,2021-04-06,"Bartlett Cooperative Association - Bartlett Feed Mill","Medicated cattle feed delivered in bulk.","Animal drug, device or non-food product",https://www.accessdata.fda.gov/scripts/ires/?Product=186153
87639,186434,2021-04-08,"Southern States Lexington-Cynthiana Branch","Custom Cattle Feed Mix containing Purina Accuration Range Supplement 33 R130 25 tons loaded into bulk bin","Livestock feed or food for other animals",https://www.accessdata.fda.gov/scripts/ires/?Product=186434
87663,186720,2021-04-14,"Tyson Fresh Meats Inc.","Inedible Tallow (feed fat) sold in bulk","Not dog or cat food",https://www.accessdata.fda.gov/scripts/ires/?Product=186720
87708,186808,2021-04-27,"Dechra Veterinary Products Inc","MiconaHex+Triz Spray Conditioner Formulated for dogs, cats and horses Antimicrobial, antifungal, antibiofilm, moisturizing 8 fl. oz. (236 mL) NDC 17033-180-08 Barcode: MHTCW Manufactured for: Dechra Veterinary Products 7015 College Blvd., Overland Park, KS 66211 866.933.2472","Animal drug, device or non-food product",https://www.accessdata.fda.gov/scripts/ires/?Product=186808
87534,186240,2021-04-29,"Bravo Packing, Inc.","Bones (smoked) 14 varieties. Unknown packaging size","Not dog or cat food",https://www.accessdata.fda.gov/scripts/ires/?Product=186240
87698,186795,2021-06-01,"NEMO Feed, LLC","Dairy Feed delivered in bulk","Not dog or cat food",https://www.accessdata.fda.gov/scripts/ires/?Product=186795
87698,187061,2021-06-01,"NEMO Feed, LLC","Medicated Protein Mineral Mix, 27 grams/ ton Monensin delivered in bulk","Animal drug, device or non-food product",https://www.accessdata.fda.gov/scripts/ires/?Product=187061
87698,187062,2021-06-01,"NEMO Feed, LLC","Dairy Feed Protein Mineral Mix, delivered in bulk","Not dog or cat food",https://www.accessdata.fda.gov/scripts/ires/?Product=187062
87698,187063,2021-06-01,"NEMO Feed, LLC","Custom Dairy Feed Protein Mineral Mix, delivered in bulk","Not dog or cat food",https://www.accessdata.fda.gov/scripts/ires/?Product=187063
87698,187066,2021-06-01,"NEMO Feed, LLC","Milk Cow Feed Protein Mineral Mix, delivered in bulk","Not dog or cat food",https://www.accessdata.fda.gov/scripts/ires/?Product=187066
87698,187068,2021-06-01,"NEMO Feed, LLC","Custom Dairy Protein Mineral Mix, delivered in bulk","Not dog or cat food",https://www.accessdata.fda.gov/scripts/ires/?Product=187068
87957,187514,2021-06-16,"C & M Farm Supply LLC","16% Goat Feed, Medicated, Manufactured by C & M Farm Supply Humansville, MO packaged in 50 lb bags","Animal drug, device or non-food product",https://www.accessdata.fda.gov/scripts/ires/?Product=187514
88049,187834,2021-06-16,"First Priority, Inc.","Phenylbutazone, USP, 1 gram, For Oral Use in Horses Only, Non-steroidal anti-inflammatory drug, Net Contents: 100 boluses. Manufactured and Distributed by: First Priority, Inc., Elgin, IL [NDC: 58829-334-1]; Distributed By: Vedco, Inc., St. Joseph, MO 64507 [NDC: 50989-689-51]; Distributed by: Henry","Animal drug, device or non-food product",https://www.accessdata.fda.gov/scripts/ires/?Product=187834
88025,187703,2021-06-17,"US Compounding Inc","Omeprazole/Fenbendazole Oral Paste 2.2 GM/3 GM/10 mL 30 mL Multi-Dose Syringe NDC 22200-9859-06 US Compounding Veterinary Pharmacy 1270 Don's Lane Conway, AR 800-718-3588","Animal drug, device or non-food product",https://www.accessdata.fda.gov/scripts/ires/?Product=187703
88006,187637,2021-06-21,"Caledonia Farmers Elevator Company","CFE 18% Pork Grower, Grower swine Complete Feed, 50lbs bag","Livestock feed or food for other animals",https://www.accessdata.fda.gov/scripts/ires/?Product=187637
88083,187833,2021-06-24,"RIDLEY USA INC","Easy Feed Organic Chick Start/Grower ORG, Product No. 53266, Complete Poultry Starter/Grower Feed. Net Weight 40 lb. (18.18 kg) UPC 46590-00512. Hubbard Feeds, Mankato, MN 56001.","Livestock feed or food for other animals",https://www.accessdata.fda.gov/scripts/ires/?Product=187833
88114,187916,2021-06-30,"Atlas Pharmaceuticals, LLC","BUPRENORPHINE, 0.6 mg/mL, (9mg/15 mL) C-III, Atlas Pharmaceuticals, LLC, 711 E. Carefree Hwy, Suite 107, Phoenix, AZ, 85085, (844) 661-1829, www.atlasdrugs.com.","Animal drug, device or non-food product",https://www.accessdata.fda.gov/scripts/ires/?Product=187916
88114,187917,2021-06-30,"Atlas Pharmaceuticals, LLC","BUPRENORPHINE, 0.15 mg/mL, (4.5/30mL), C-III, Atlas Pharmaceuticals, LLC, 711 E. Carefree Hwy, Suite 107, Phoenix, AZ, 85085, (844) 661-1829, www.atlasdrugs.com.","Animal drug, device or non-food product",https://www.accessdata.fda.gov/scripts/ires/?Product=187917
88114,187926,2021-06-30,"Atlas Pharmaceuticals, LLC","Glycopyrrolate, 0.4mg/mL, (12mg/30 mL), Atlas Pharmaceuticals, LLC, 711 E. Carefree Hwy, Suite 107, Phoenix, AZ, 85085, (844) 661-1829, www.atlasdrugs.com, For IM or IV administration.","Not dog or cat food",https://www.accessdata.fda.gov/scripts/ires/?Product=187926
88108,187905,2021-07-01,"PURINA ANIMAL NUTRITION","Purina RangeLand 30-13 Tub. Item 1800049-627. Net Wt. 125 lb (56.69 kg) UPC 83576-00355. Manufactured by: Purina Animal Nutrition, LLC, Areen Hills, MN 55126","Livestock feed or food for other animals",https://www.accessdata.fda.gov/scripts/ires/?Product=187905
88144,187982,2021-07-07,"Intervet, Inc","SAFE-GUARD¿ MEDICATED DEWORMER: EN-PRO-AL¿ MOLASSES BLOCK","Animal drug, device or non-food product",https://www.accessdata.fda.gov/scripts/ires/?Product=187982
88161,188020,2021-07-18,"NORBROOK INC","Noromycin 300 LA (oxytetracycline injection 300 mg/ml), 250 mL per Amber Glass Vial, Distributed By: Norbrook, Inc., Lenexa, KS 66219, NADA 141-143","Animal drug, device or non-food product",https://www.accessdata.fda.gov/scripts/ires/?Product=188020
88230,188174,2021-07-19,"First Priority, Inc.","Ivermectin (ivermectin topical solution), POUR-ON for Cattle, 5 mg per mL, NET Contents: 250 mL (8.5 fl oz), Manufactured for: Durvet Inc., Blue Springs, Missouri 64014. NDC: 30798-927-13, ANADA 200-340","Animal drug, device or non-food product",https://www.accessdata.fda.gov/scripts/ires/?Product=188174
88184,188055,2021-07-29,"Manna Pro Corp","Flock Party Quack Snack Poultry Treats, Net Wt. 1.68 lbs., Manufactured for Manna Pro Products LLC, St. Louis, MO UPC 0 95668 10190 9 in plastic bags, 6 bags per case","Livestock feed or food for other animals",https://www.accessdata.fda.gov/scripts/ires/?Product=188055
88368,188517,2021-08-18,"Intervet, Inc","Intervet safe-guard (fenbendazole) Medicated Dewormer for Beef Cattle 20% Protein Block Net Weight 25 LBS (11.34 kg). Manufactured by Sweetlix for: Intervet Inc. Millsboro, DE 19966 UPC Code 021784464253","Animal drug, device or non-food product",https://www.accessdata.fda.gov/scripts/ires/?Product=188517
88480,188767,2021-08-28,"The JM Smucker Company LLC","Pup-peroni Original Beef Flavor 25oz, 38oz, 50oz 25oz - 4 pouches per case 38oz - 4 pouches per case 50oz - 6 pouches per case","Not dog or cat food",https://www.accessdata.fda.gov/scripts/ires/?Product=188767
88480,188769,2021-08-28,"The JM Smucker Company LLC","Pup-peroni Triple Steak Flavor 25oz, 38oz 25oz - 4 pouches per case 38oz - 4 pouches per case","Not dog or cat food",https://www.accessdata.fda.gov/scripts/ires/?Product=188769
88486,188777,2021-09-03,"Karl Storz Endoscopy","Karl Storz - Endoscope, REF: 031122-01( 1 X 1/Primary Package)/ Ref: 031122-25 ( 25X1/ Secondary Package), Filter, Insufflation, Rx Only, Sterile EO, UDI: 04048438001165","Animal drug, device or non-food product",https://www.accessdata.fda.gov/scripts/ires/?Product=188777
88504,188857,2021-09-15,"PerforMix Nutrition Systems, LLC","Pre-mix product formula number 305502 Hairston Farms Game Bird Starter, net wt. 50 lbs., A Vitamin and Mineral Supplement for Poultry MEDICATED ACTIVE DRUG INGREDIENT Decoquinate 799.95 g/ton. ***List of Ingredients*** Blood Meal, Monocalcium Phosphate, Dicalcium Phosphate, Sodium Chloride, DL-Methi","Animal drug, device or non-food product",https://www.accessdata.fda.gov/scripts/ires/?Product=188857
88537,188948,2021-09-15,"Washington Homeopathic Products, Inc.","Calm Stress Marketed by: Very Healthy Enterprise (Dr. Good Pet), liquid form, homeopathic, OTC Finished product packaged in an amber glass bottle, no outer packaging","Animal drug, device or non-food product",https://www.accessdata.fda.gov/scripts/ires/?Product=188948
88537,188949,2021-09-15,"Washington Homeopathic Products, Inc.","Scratch Free Marketed by: Very Healthy Enterprise (Dr. Good Pet), liquid form, homeopathic, OTC Finished product packaged in an amber glass bottle, no outer packaging","Animal drug, device or non-food product",https://www.accessdata.fda.gov/scripts/ires/?Product=188949
88644,189157,2021-09-29,"NORBROOK INC","Noromycin 300 LA (oxytetracycline injection 300 mg/ml), 500 mL per Amber Glass Vial, Distributed By: Norbrook, Inc., Lenexa, KS 66219, NADA 141-143","Animal drug, device or non-food product",https://www.accessdata.fda.gov/scripts/ires/?Product=189157
88747,189433,2021-10-27,"Medline Industries Inc","1) Pivetal Hypodermic Needle, Polypropylene Hub, REF 21295175, 25G X 5/8"", regular bevel, rigid pack, single use only, Rx only, Veterinary use only; 2) Pivetal Hypodermic Needle, Polypropylene Hub, REF 21295176, 22G X 1"", regular bevel, rigid pack, single use only, Rx only, Veterinary use only; 3) P","Animal drug, device or non-food product",https://www.accessdata.fda.gov/scripts/ires/?Product=189433
88767,189490,2021-10-27,"Cargill, Inc         Corporate Headquarters","Brand Name: Southern States Commercial Starter(AVT)(MG) Medicated feed for chicks less than 8 weeks old sold as single mix for specific customer - 11,680lbs (5.84 tons) bulk truck","Animal drug, device or non-food product",https://www.accessdata.fda.gov/scripts/ires/?Product=189490
88697,189360,2021-11-18,"First Royal Care Co. LLC, dba Red Mountain Compounding Pharmacy","Red Mountain Compounding Rx S-CYCLOSPORINE/TACROLIMUS 2/0.02% IN MCT OIL OPTH, 10 ML, For Ophthalmic Use Only","Animal drug, device or non-food product",https://www.accessdata.fda.gov/scripts/ires/?Product=189360
88697,189361,2021-11-18,"First Royal Care Co. LLC, dba Red Mountain Compounding Pharmacy","Red Mountain Compounding Rx, S-TACROLIMUS 0.02% OPTH OINT (VET), 5GM, For Ophthalmic Use Only","Animal drug, device or non-food product",https://www.accessdata.fda.gov/scripts/ires/?Product=189361
88697,189362,2021-11-18,"First Royal Care Co. LLC, dba Red Mountain Compounding Pharmacy","Red Mountain Compounding Rx, S-TACROLIMUS 0.03% OPTH OINT (VET), 5GM, For Ophthalmic Use Only","Animal drug, device or non-food product",https://www.accessdata.fda.gov/scripts/ires/?Product=189362
88697,189363,2021-11-18,"First Royal Care Co. LLC, dba Red Mountain Compounding Pharmacy","Red Mountain Compounding Rx, S-ACETYLCYSTEINE 2% OPTH SOLN, For Ophthalmic Use Only","Animal drug, device or non-food product",https://www.accessdata.fda.gov/scripts/ires/?Product=189363
88697,189366,2021-11-18,"First Royal Care Co. LLC, dba Red Mountain Compounding Pharmacy","Red Mountain Compounding Rx, S-TACROLIMUS 0.02% IN MCT OIL OPTH, 15 ML, For Ophthalmic Use Only","Animal drug, device or non-food product",https://www.accessdata.fda.gov/scripts/ires/?Product=189366
88697,189367,2021-11-18,"First Royal Care Co. LLC, dba Red Mountain Compounding Pharmacy","Red Mountain Compounding Rx, S-TACROLIMUS 0.03% IN MCT OIL OPTH, 15 ML, For Ophthalmic Use Only","Animal drug, device or non-food product",https://www.accessdata.fda.gov/scripts/ires/?Product=189367
88697,189368,2021-11-18,"First Royal Care Co. LLC, dba Red Mountain Compounding Pharmacy","Red Mountain Compounding Rx, S-TACROLIMUS 0.03% AQUEOUS OPTH SUSP, 10 ML, For Ophthalmic Use Only","Animal drug, device or non-food product",https://www.accessdata.fda.gov/scripts/ires/?Product=189368
88697,189369,2021-11-18,"First Royal Care Co. LLC, dba Red Mountain Compounding Pharmacy","Red Mountain Compounding Rx, S-CYCLOSPORINE 2% IN MCT OIL OPTH, 15 ML, For Ophthalmic Use Only","Animal drug, device or non-food product",https://www.accessdata.fda.gov/scripts/ires/?Product=189369
88697,190267,2021-11-18,"First Royal Care Co. LLC, dba Red Mountain Compounding Pharmacy","Red Mountain Compounding Rx S-CYCLOSPORINE 0.2% OPTH OINT (VET), 5 GM, For Ophthalmic Use Only","Animal drug, device or non-food product",https://www.accessdata.fda.gov/scripts/ires/?Product=190267
88697,190268,2021-11-18,"First Royal Care Co. LLC, dba Red Mountain Compounding Pharmacy","Red Mountain Compounding Rx S-CYCLOSPORINE 1% IN MCT OIL OPTH, 15 ML, For Ophthalmic Use Only","Animal drug, device or non-food product",https://www.accessdata.fda.gov/scripts/ires/?Product=190268
88697,190270,2021-11-18,"First Royal Care Co. LLC, dba Red Mountain Compounding Pharmacy","Red Mountain Compounding Rx S-Tacrolimus 0.01% IN MCT OIL OPTH, 15 ML, For Ophthalmic Use Only","Animal drug, device or non-food product",https://www.accessdata.fda.gov/scripts/ires/?Product=190270
88946,190081,2021-11-18,"ELANCO US INC","Cydectin (10 mg moxidectin/mL), 500 mL per glass vial, Sterile, Elanco US Inc, Shawnee, KS 66216. NADA 141-220","Animal drug, device or non-food product",https://www.accessdata.fda.gov/scripts/ires/?Product=190081
88957,190101,2021-11-18,"Furst-McNess Company","McNess Noll Calf Feed R37.5 TXT, for Dairy Calves. Medicated. Product Code No. B1216. Net Wt. 50 lb. (22.68 kg) paper bags. For the prevention and control of coccidiosis caused by Eimeria bovis and Eimeria zuernii. Manufactured by Furst-McNess Company, Freeport, Illinois 61032","Animal drug, device or non-food product",https://www.accessdata.fda.gov/scripts/ires/?Product=190101
88977,190164,2021-11-23,"Akorn, Inc.","Neomycin and Polymyxin B Sulfates, and Bacitracin Zinc Ophthalmic Ointment, USP, Net Wt. 3.5 Grams (1/8 oz.) in a Metal Tube, Sterile Ophthalmic Ointment, Rx only, For Veterinary Use Only, Mfd. by Akorn, Inc., Lake Forest, IL 60045. NDC 57399-135-35, ANADA 200-553","Animal drug, device or non-food product",https://www.accessdata.fda.gov/scripts/ires/?Product=190164
88954,190091,2021-11-26,"Purina Animal Nutrition, LLC","Purina Antler Advantage Wildlife 16 ARS. Supplement feed for all life stages of Deer, Antelope, and Wild Sheep in Native habitat or pasture.","Livestock feed or food for other animals",https://www.accessdata.fda.gov/scripts/ires/?Product=190091
88954,190098,2021-11-26,"Purina Animal Nutrition, LLC","Purina 4-Square Breeder 20. 50 lb. bags. Supplement feed for Cattle on pasture. Item No. 0047449. UPC 04273-01638. Manufactured by Purina Animal Nutrition LLC, Arden Hills, MN 55126","Livestock feed or food for other animals",https://www.accessdata.fda.gov/scripts/ires/?Product=190098
88954,190099,2021-11-26,"Purina Animal Nutrition, LLC","Purina Precon Cattle Starter. Item No. 3006237-206. Net Wt 50 lb. bags. Complete Feed for Starter Feedlot Cattle. UPC 04273-06149. Manufactured by Purina Animal Nutrition LLC, Arden Hills, MN 55126","Livestock feed or food for other animals",https://www.accessdata.fda.gov/scripts/ires/?Product=190099
88954,190100,2021-11-26,"Purina Animal Nutrition, LLC","Purina 4-Square Stocker/Grower 14. Item No. Item No. 0046877. Net Wt 50 lb. bags. Supplement Feed for Cattle on Pasture. UPC 04273-01155. Manufactured by Purina Animal Nutrition LLC, Arden Hills, MN 55126","Livestock feed or food for other animals",https://www.accessdata.fda.gov/scripts/ires/?Product=190100
89032,190350,2021-11-26,"Canby Farmers Grain Co","Guttormson Ration Sheep Feed","Livestock feed or food for other animals",https://www.accessdata.fda.gov/scripts/ires/?Product=190350
88799,189574,2021-12-08,"Promaderm Ltd.","PIASTRA MESORAM, MULTI INJECTORS WITHOUT NEEDLES, REF 710104","Not dog or cat food",https://www.accessdata.fda.gov/scripts/ires/?Product=189574
88799,189576,2021-12-08,"Promaderm Ltd.","PIASTRA MESORAM, LINEAR MILTI-INJECTOR WITH NEEDLES FOR MESOTHERAPY, 27G X 4mm, REF 710201","Not dog or cat food",https://www.accessdata.fda.gov/scripts/ires/?Product=189576
88799,189577,2021-12-08,"Promaderm Ltd.","PIASTRA MESORAM, MULTI INJECTORS WITH NEEDLES, 27G X 6mm, REF 710202","Not dog or cat food",https://www.accessdata.fda.gov/scripts/ires/?Product=189577
88799,189578,2021-12-08,"Promaderm Ltd.","PIASTRA MESORAM, CIRCULAR MULTI INJECTORS WITH NEEDLES, 27G X 6mm, REF 710204","Not dog or cat food",https://www.accessdata.fda.gov/scripts/ires/?Product=189578
88799,189579,2021-12-08,"Promaderm Ltd.","PIASTRA MESORAM, MULTI INJECTORS WITH NEEDLES, 27G X 4mm, REF 710205","Not dog or cat food",https://www.accessdata.fda.gov/scripts/ires/?Product=189579
88799,189580,2021-12-08,"Promaderm Ltd.","PIASTRA MESORAM, MULTI INJECTORS WITH NEEDLES, 27G X 6mm, REF 710206","Not dog or cat food",https://www.accessdata.fda.gov/scripts/ires/?Product=189580
88799,189582,2021-12-08,"Promaderm Ltd.","PIASTRA MESORAM, MULTI INJECTORS WITH NEEDLES, 30G X 6mm, REF 710209","Not dog or cat food",https://www.accessdata.fda.gov/scripts/ires/?Product=189582
88799,189583,2021-12-08,"Promaderm Ltd.","PIASTRA MESORAM, MULTI INJECTORS WITH NEEDLES, 30G X 4mm, REF 710214","Not dog or cat food",https://www.accessdata.fda.gov/scripts/ires/?Product=189583
88799,189584,2021-12-08,"Promaderm Ltd.","PIASTRA MESORAM, MULTI INJECTORS WITH NEEDLES, 30G X 4mm, REF 710215","Not dog or cat food",https://www.accessdata.fda.gov/scripts/ires/?Product=189584
88799,189585,2021-12-08,"Promaderm Ltd.","MESORAM, HYPODERMIC NEEDLES, MESOTHERAPY, SIZE 30G 0.30 X 4mm, REF 710303","Not dog or cat food",https://www.accessdata.fda.gov/scripts/ires/?Product=189585
89067,190412,2021-12-08,"Wal Mart Stores, Inc","Members Mark Beef Sticks, 2.2lb bag, UPC 0019396804731 packaged in flexible plastic bags","Not dog or cat food",https://www.accessdata.fda.gov/scripts/ires/?Product=190412
89105,190505,2021-12-16,"Livia Global","BioLifePet Liquid Probiotics for Cats Organic, Gluten Free, Plant Based 4 oz. (120 ml) UPC: 0 30915 10704 4 Recommended use: Small Cats (3-15 lbs.) 3-7 drops per day; Large cats (16-100 pls.) 7-30 drops per day. Add to daily liquid, food or directly in mouth Bottles and Distributed by: Livia Global,","Animal drug, device or non-food product",https://www.accessdata.fda.gov/scripts/ires/?Product=190505
89105,190508,2021-12-16,"Livia Global","BioLifePet Liquid Probiotics for Dogs Organic, Gluten Free, Plant Based 4 oz. (120 ml) UPC: 0 30915 10703 7 Recommended use: Small dogs (3-15 lbs.) 3-7 drops per day; Large dogs(16-100 pls.) 7-30 drops per day. Add to daily liquid, food or directly in mouth Bottles and Distributed by: Livia Global, ","Animal drug, device or non-food product",https://www.accessdata.fda.gov/scripts/ires/?Product=190508
88544,189608,2022-02-08,"Top Quality Dog Food, LLC","Duck Wing Keystone Katie Brand packages in film casings, 1package is 19.35 lb., Keep Frozen. Refrigerate after opening.","Not dog or cat food",https://www.accessdata.fda.gov/scripts/ires/?Product=189608
89394,191476,2022-03-03,"Valley View Milling LLC","Custom Ewe Feed ClariFly, Code No.: T140W0VV","Not dog or cat food",https://www.accessdata.fda.gov/scripts/ires/?Product=191476
89394,191477,2022-03-03,"Valley View Milling LLC","16% Lamb Grower D22, Code No.: S161D0VV, bagged 50#, Medicated type C 22g/ton Deccox (Deconquinate)","Animal drug, device or non-food product",https://www.accessdata.fda.gov/scripts/ires/?Product=191477
89394,191478,2022-03-03,"Valley View Milling LLC","16% Show lamb Pellet Deccox ClariFly, Code No.: S161W2VV, bagged 50#, Medicated type C Deccox 45.4g/ton ClariFly 36.36g/ton","Animal drug, device or non-food product",https://www.accessdata.fda.gov/scripts/ires/?Product=191478
89198,190743,2022-03-18,"Countryside Feed LLC","Lamb Builder 16% Lamb Creep 80869, 50# Bags, Type C Feed, Decoquinate 22 g/ton","Livestock feed or food for other animals",https://www.accessdata.fda.gov/scripts/ires/?Product=190743
89575,191967,2022-03-18,"Hubbard Feeds","Hubbard Feeds Blueprint Lamb Grower 16% B30, Lot Number: B01902029. Feed consisting of 65 bags. Each bag weighing approx. 50 lbs.","Not dog or cat food",https://www.accessdata.fda.gov/scripts/ires/?Product=191967
89809,192554,2022-04-01,"Drug Depot, Inc., dba APS Pharmacy","Tacrolimus* (5 mL) (Vet Use Only) 0.03% OPHTH SOL","Recalled by an animal-drug maker or pharmacy",https://www.accessdata.fda.gov/scripts/ires/?Product=192554
89809,192555,2022-04-01,"Drug Depot, Inc., dba APS Pharmacy","Tacrolimus* (Vet Use Only) 0.02% OPHTH SOL a) 10 mL; b) 5 mL","Recalled by an animal-drug maker or pharmacy",https://www.accessdata.fda.gov/scripts/ires/?Product=192555
89809,192556,2022-04-01,"Drug Depot, Inc., dba APS Pharmacy","Tacrolimus* (Vet Use Only) 0.03% OPHTH SOL 10 mL","Recalled by an animal-drug maker or pharmacy",https://www.accessdata.fda.gov/scripts/ires/?Product=192556
89809,192557,2022-04-01,"Drug Depot, Inc., dba APS Pharmacy","Cyclosporine OPTH (Vet Use Only) 0.2% Oil Sol a) 5 mL; b) 10 mL","Recalled by an animal-drug maker or pharmacy",https://www.accessdata.fda.gov/scripts/ires/?Product=192557
89809,192558,2022-04-01,"Drug Depot, Inc., dba APS Pharmacy","Cyclosporine OPTH (Vet Use Only) 0.1% Oil Sol a) 5 mL; b) 10 mL","Recalled by an animal-drug maker or pharmacy",https://www.accessdata.fda.gov/scripts/ires/?Product=192558
89809,192559,2022-04-01,"Drug Depot, Inc., dba APS Pharmacy","Cyclosporine OPTH (5 mL) (Vet Use Only) 2% Oil Sol","Recalled by an animal-drug maker or pharmacy",https://www.accessdata.fda.gov/scripts/ires/?Product=192559
89804,192509,2022-04-05,"Wedgewood Village Pharmacy, Inc.","Amitriptyline HCl 2.5mg/0.05ml Twist-A-Dose Transdermal Gel Pen, Wedgewood Pharmacy","Recalled by an animal-drug maker or pharmacy",https://www.accessdata.fda.gov/scripts/ires/?Product=192509
89804,192510,2022-04-05,"Wedgewood Village Pharmacy, Inc.","Amitriptyline HCl 5mg/0.05ml Twist-A-Dose Transdermal Gel 1.5ml Pen, Wedgewood Pharmacy","Recalled by an animal-drug maker or pharmacy",https://www.accessdata.fda.gov/scripts/ires/?Product=192510
89804,192511,2022-04-05,"Wedgewood Village Pharmacy, Inc.","Amitriptyline HCl 7.5mg/0.05ml Twist-A-Dose Transdermal Gel 1.5ml Pen, Wedgewood Pharmacy","Recalled by an animal-drug maker or pharmacy",https://www.accessdata.fda.gov/scripts/ires/?Product=192511
89804,192512,2022-04-05,"Wedgewood Village Pharmacy, Inc.","Amitriptyline HCl 10mg/0.05ml Twist-A-Dose Transdermal Gel 1.5ml Pen, Wedgewood Pharmacy","Recalled by an animal-drug maker or pharmacy",https://www.accessdata.fda.gov/scripts/ires/?Product=192512
89804,192513,2022-04-05,"Wedgewood Village Pharmacy, Inc.","Amitriptyline HCl in PLO 5mg/0.05ml Twist-A-Dose Transdermal Gel 1.5ml Pen, Wedgewood Pharmacy","Recalled by an animal-drug maker or pharmacy",https://www.accessdata.fda.gov/scripts/ires/?Product=192513
89804,192514,2022-04-05,"Wedgewood Village Pharmacy, Inc.","Amitriptyline HCl in PLO 10mg/0.05ml Twist-A-Dose Transdermal Gel 1.5ml Pen, Wedgewood Pharmacy","Recalled by an animal-drug maker or pharmacy",https://www.accessdata.fda.gov/scripts/ires/?Product=192514
89804,192515,2022-04-05,"Wedgewood Village Pharmacy, Inc.","Amlodipine (as Besylate) 0.625mg/0.05ml Twist-A-Dose Transdermal Gel 1.5ml Pen, Wedgewood Pharmacy","Recalled by an animal-drug maker or pharmacy",https://www.accessdata.fda.gov/scripts/ires/?Product=192515
89804,192516,2022-04-05,"Wedgewood Village Pharmacy, Inc.","Amlodipine (as Besylate) 1.25mg/0.05ml Twist-A-Dose Transdermal Gel 1.5ml Pen, Wedgewood Pharmacy","Recalled by an animal-drug maker or pharmacy",https://www.accessdata.fda.gov/scripts/ires/?Product=192516
89804,192517,2022-04-05,"Wedgewood Village Pharmacy, Inc.","Amlodipine (as Besylate) 2.5mg/0.05ml Twist-A-Dose Transdermal Gel 1.5ml Pen, Wedgewood Pharmacy","Recalled by an animal-drug maker or pharmacy",https://www.accessdata.fda.gov/scripts/ires/?Product=192517
89804,192518,2022-04-05,"Wedgewood Village Pharmacy, Inc.","Atenolol 12.5mg/0.05ml Twist-A-Dose Transdermal Gel 1.5ml Pen, Wedgewood Pharmacy","Recalled by an animal-drug maker or pharmacy",https://www.accessdata.fda.gov/scripts/ires/?Product=192518
89804,192519,2022-04-05,"Wedgewood Village Pharmacy, Inc.","Atenolol 6.25mg/0.05ml Twist-A-Dose Transdermal Gel 1.5ml Pen, Wedgewood Pharmacy","Recalled by an animal-drug maker or pharmacy",https://www.accessdata.fda.gov/scripts/ires/?Product=192519
89804,192520,2022-04-05,"Wedgewood Village Pharmacy, Inc.","Benazepril HCl 1.25mg/0.05ml Twist-A-Dose Transdermal Gel 1.5ml Pen, Wedgewood Pharmacy","Recalled by an animal-drug maker or pharmacy",https://www.accessdata.fda.gov/scripts/ires/?Product=192520
89804,192521,2022-04-05,"Wedgewood Village Pharmacy, Inc.","Benazepril HCl 2.5mg/0.05ml Twist-A-Dose Transdermal Gel 1.5ml Pen, Wedgewood Pharmacy","Recalled by an animal-drug maker or pharmacy",https://www.accessdata.fda.gov/scripts/ires/?Product=192521
89804,192522,2022-04-05,"Wedgewood Village Pharmacy, Inc.","Benazepril HCl 5mg/0.05ml Twist-A-Dose Transdermal Gel 1.5ml Pen, Wedgewood Pharmacy","Recalled by an animal-drug maker or pharmacy",https://www.accessdata.fda.gov/scripts/ires/?Product=192522
89804,192523,2022-04-05,"Wedgewood Village Pharmacy, Inc.","Buspirone HCl 2.5mg/0.05ml Twist-A-Dose Transdermal Gel 1.5ml Pen, Wedgewood Pharmacy","Recalled by an animal-drug maker or pharmacy",https://www.accessdata.fda.gov/scripts/ires/?Product=192523
89804,192524,2022-04-05,"Wedgewood Village Pharmacy, Inc.","Buspirone HCl 5mg/0.05ml Twist-A-Dose Transdermal Gel 1.5ml Pen, Wedgewood Pharmacy","Recalled by an animal-drug maker or pharmacy",https://www.accessdata.fda.gov/scripts/ires/?Product=192524
89804,192525,2022-04-05,"Wedgewood Village Pharmacy, Inc.","Chlorpheniramine Maleate 2mg/0.05ml T-A-D 1.5ml Twist-A-Dose Pen, Wedgewood Pharmacy","Recalled by an animal-drug maker or pharmacy",https://www.accessdata.fda.gov/scripts/ires/?Product=192525
89804,192526,2022-04-05,"Wedgewood Village Pharmacy, Inc.","Chlorpheniramine Maleate 4mg/0.05ml T-A-D 1.5ml Twist-A-Dose Pen, Wedgewood Pharmacy","Recalled by an animal-drug maker or pharmacy",https://www.accessdata.fda.gov/scripts/ires/?Product=192526
89804,192527,2022-04-05,"Wedgewood Village Pharmacy, Inc.","Cisapride 2.5mg/0.05ml T-A-D 1.5ml Twist-A-Dose Pen, Wedgewood Pharmacy","Recalled by an animal-drug maker or pharmacy",https://www.accessdata.fda.gov/scripts/ires/?Product=192527
89804,192528,2022-04-05,"Wedgewood Village Pharmacy, Inc.","Cisapride 5mg/0.05ml T-A-D 1.5ml Twist-A-Dose Pen, Wedgewood Pharmacy","Recalled by an animal-drug maker or pharmacy",https://www.accessdata.fda.gov/scripts/ires/?Product=192528
89804,192529,2022-04-05,"Wedgewood Village Pharmacy, Inc.","Cyproheptadine HCl 2mg/0.05ml Twist-a-Dose Transdermal Gel 1.5ml Pen, Wedgewood Pharmacy","Recalled by an animal-drug maker or pharmacy",https://www.accessdata.fda.gov/scripts/ires/?Product=192529
89804,192530,2022-04-05,"Wedgewood Village Pharmacy, Inc.","Enalapril Maleate 1.25mg/0.05ml Twist-A-Dose Transdermal Gel 1.5ml Pen, Wedgewood Pharmacy","Recalled by an animal-drug maker or pharmacy",https://www.accessdata.fda.gov/scripts/ires/?Product=192530
89804,192531,2022-04-05,"Wedgewood Village Pharmacy, Inc.","Enalapril Maleate 2.5mg/0.05ml Twist-A-Dose Transdermal Gel 1.5ml Pen, Wedgewood Pharmacy","Recalled by an animal-drug maker or pharmacy",https://www.accessdata.fda.gov/scripts/ires/?Product=192531
89804,192532,2022-04-05,"Wedgewood Village Pharmacy, Inc.","Famotidine 2.5mg/0.05ml Twist-A-Dose Transdermal Gel 1.5ml Pen, Wedgewood Pharmacy","Recalled by an animal-drug maker or pharmacy",https://www.accessdata.fda.gov/scripts/ires/?Product=192532
89804,192533,2022-04-05,"Wedgewood Village Pharmacy, Inc.","Fluoxetine (as HCl) 4mg/0.05ml Twist-A-Dose Transdermal Gel 1.5ml Pen, Wedgewood Pharmacy","Recalled by an animal-drug maker or pharmacy",https://www.accessdata.fda.gov/scripts/ires/?Product=192533
89804,192534,2022-04-05,"Wedgewood Village Pharmacy, Inc.","Fluoxetine (as HCl) 5mg/0.05ml Twist-A-Dose Transdermal Gel 1.5ml Pen, Wedgewood Pharmacy","Recalled by an animal-drug maker or pharmacy",https://www.accessdata.fda.gov/scripts/ires/?Product=192534
89804,192535,2022-04-05,"Wedgewood Village Pharmacy, Inc.","Fluoxetine (as HCl) 2mg/0.05ml Twist-A-Dose Transdermal Gel 1.5ml Pen, Wedgewood Pharmacy","Recalled by an animal-drug maker or pharmacy",https://www.accessdata.fda.gov/scripts/ires/?Product=192535
89804,192537,2022-04-05,"Wedgewood Village Pharmacy, Inc.","Fluoxetine (as HCl) 2.5mg/0.05ml Twist-A-Dose Transdermal Gel 1.5ml Pen, Wedgewood Pharmacy","Recalled by an animal-drug maker or pharmacy",https://www.accessdata.fda.gov/scripts/ires/?Product=192537
89804,192538,2022-04-05,"Wedgewood Village Pharmacy, Inc.","Fluoxetine (as HCl) 7.5mg/0.05ml Twist-A-Dose Transdermal Gel 1.5ml Pen, Wedgewood Pharmacy","Recalled by an animal-drug maker or pharmacy",https://www.accessdata.fda.gov/scripts/ires/?Product=192538
89804,192539,2022-04-05,"Wedgewood Village Pharmacy, Inc.","Fluoxetine (as HCl) 3mg/0.05ml Twist-A-Dose Transdermal Gel 1.5ml Pen, Wedgewood Pharmacy","Recalled by an animal-drug maker or pharmacy",https://www.accessdata.fda.gov/scripts/ires/?Product=192539
89804,192582,2022-04-05,"Wedgewood Village Pharmacy, Inc.","Fluoxetine (as HCl) 6mg/0.05ml Twist-A-Dose Trandermal Gel 1.5ml Pen, Wedgewood Pharmacy","Recalled by an animal-drug maker or pharmacy",https://www.accessdata.fda.gov/scripts/ires/?Product=192582
89804,192583,2022-04-05,"Wedgewood Village Pharmacy, Inc.","Fluoxetine (as HCl) 10mg/0.05ml Twist-A-Dose Transdermal Gel 1.5ml Pen, Wedgewood Pharmacy","Recalled by an animal-drug maker or pharmacy",https://www.accessdata.fda.gov/scripts/ires/?Product=192583
89804,192584,2022-04-05,"Wedgewood Village Pharmacy, Inc.","Fluoxetine (as HCl) 8mg/0.05ml Twist-A-Dose Transdermal Gel 1.5ml Pen, Wedgewood Pharmacy","Recalled by an animal-drug maker or pharmacy",https://www.accessdata.fda.gov/scripts/ires/?Product=192584
89804,192585,2022-04-05,"Wedgewood Village Pharmacy, Inc.","Fluoxetine (as HCl) 5mg/0.05ml Twist-A-Dose Transdermal Gel in PLO 1.5ml Pen, Wedgewood Pharmacy","Recalled by an animal-drug maker or pharmacy",https://www.accessdata.fda.gov/scripts/ires/?Product=192585
89804,192586,2022-04-05,"Wedgewood Village Pharmacy, Inc.","Methimazole 1.25mg/0.05ml Twist-A-Dose Transdermal Gel 1.5ml Pen, Wedgewood Pharmacy","Recalled by an animal-drug maker or pharmacy",https://www.accessdata.fda.gov/scripts/ires/?Product=192586
89804,192587,2022-04-05,"Wedgewood Village Pharmacy, Inc.","Methimazole 1.5mg/0.05ml Twist-A-Dose Transdermal Gel 1.5ml Pen, Wedgewood Pharmacy","Recalled by an animal-drug maker or pharmacy",https://www.accessdata.fda.gov/scripts/ires/?Product=192587
89804,192588,2022-04-05,"Wedgewood Village Pharmacy, Inc.","Methimazole 10mg/0.05ml Twist-A-Dose Transdermal Gel 1.5ml Pen, Wedgewood Pharmacy","Recalled by an animal-drug maker or pharmacy",https://www.accessdata.fda.gov/scripts/ires/?Product=192588
89804,192589,2022-04-05,"Wedgewood Village Pharmacy, Inc.","Methimazole 12.5mg/0.05ml Twist-A-Dose Transdermal Gel 1.5ml Pen, Wedgewood Pharmacy","Recalled by an animal-drug maker or pharmacy",https://www.accessdata.fda.gov/scripts/ires/?Product=192589
89804,192590,2022-04-05,"Wedgewood Village Pharmacy, Inc.","Methimazole 1mg/0.05ml Twist-A-Dose Transdermal Gel 1.5ml Pen, Wedgewood Pharmacy","Recalled by an animal-drug maker or pharmacy",https://www.accessdata.fda.gov/scripts/ires/?Product=192590
89804,192591,2022-04-05,"Wedgewood Village Pharmacy, Inc.","Methimazole 2.5mg/0.05ml Twist-A-Dose Transdermal Gel 1.5ml Pen, Wedgewood Pharmacy","Recalled by an animal-drug maker or pharmacy",https://www.accessdata.fda.gov/scripts/ires/?Product=192591
89804,192592,2022-04-05,"Wedgewood Village Pharmacy, Inc.","Methimazole 2mg/0.05ml Twist-A-Dose Transdermal Gel 1.5ml Pen, Wedgewood Pharmacy","Recalled by an animal-drug maker or pharmacy",https://www.accessdata.fda.gov/scripts/ires/?Product=192592
89804,192593,2022-04-05,"Wedgewood Village Pharmacy, Inc.","Methimazole 3.5mg/0.05ml Twist-A-Dose Transdermal Gel 1.5ml Pen, Wedgewood Pharmacy","Recalled by an animal-drug maker or pharmacy",https://www.accessdata.fda.gov/scripts/ires/?Product=192593
89804,192594,2022-04-05,"Wedgewood Village Pharmacy, Inc.","Methimazole 3.75mg/0.05ml Twist-A-Dose Transdermal Gel 1.5ml Pen, Wedgewood Pharmacy","Recalled by an animal-drug maker or pharmacy",https://www.accessdata.fda.gov/scripts/ires/?Product=192594
89804,192595,2022-04-05,"Wedgewood Village Pharmacy, Inc.","Methimazole 3mg/0.05ml Twist-A-Dose Transdermal Gel 1.5ml Pen, Wedgewood Pharmacy","Recalled by an animal-drug maker or pharmacy",https://www.accessdata.fda.gov/scripts/ires/?Product=192595
89804,192596,2022-04-05,"Wedgewood Village Pharmacy, Inc.","Methimazole 5mg/0.05ml Twist-A-Dose Transdermal Gel 1.5ml Pen, Wedgewood Pharmacy","Recalled by an animal-drug maker or pharmacy",https://www.accessdata.fda.gov/scripts/ires/?Product=192596
89804,192597,2022-04-05,"Wedgewood Village Pharmacy, Inc.","Methimazole 6mg/0.05ml Twist-A-Dose Transdermal Gel 1.5ml Pen, Wedgewood Pharmacy","Recalled by an animal-drug maker or pharmacy",https://www.accessdata.fda.gov/scripts/ires/?Product=192597
89804,192598,2022-04-05,"Wedgewood Village Pharmacy, Inc.","Methimazole 7.5mg/0.05ml Twist-A-Dose Transdermal Gel 1.5ml Pen, Wedgewood Pharmacy","Recalled by an animal-drug maker or pharmacy",https://www.accessdata.fda.gov/scripts/ires/?Product=192598
89804,192599,2022-04-05,"Wedgewood Village Pharmacy, Inc.","Methimazole 7mg/0.05ml Twist-A-Dose Transdermal Gel 1.5ml Pen, Wedgewood Pharmacy","Recalled by an animal-drug maker or pharmacy",https://www.accessdata.fda.gov/scripts/ires/?Product=192599
89804,192600,2022-04-05,"Wedgewood Village Pharmacy, Inc.","Methimazole 8.5mg/0.05ml Twist-A-Dose Transdermal Gel 1.5ml Pen, Wedgewood Pharmacy","Recalled by an animal-drug maker or pharmacy",https://www.accessdata.fda.gov/scripts/ires/?Product=192600
89804,192601,2022-04-05,"Wedgewood Village Pharmacy, Inc.","Methimazole 8mg/0.05ml Twist-A-Dose Transdermal Gel 1.5ml Pen, Wedgewood Pharmacy","Recalled by an animal-drug maker or pharmacy",https://www.accessdata.fda.gov/scripts/ires/?Product=192601
89804,192602,2022-04-05,"Wedgewood Village Pharmacy, Inc.","Methimazole 6.25mg/0.05ml Twist-A-Dose Transdermal Gel 1.5ml Pen, Wedgewood Pharmacy","Recalled by an animal-drug maker or pharmacy",https://www.accessdata.fda.gov/scripts/ires/?Product=192602
89804,192603,2022-04-05,"Wedgewood Village Pharmacy, Inc.","Methimazole 9mg/0.05ml Twist-A-Dose Transdermal Gel 1.5ml Pen, Wedgewood Pharmacy","Recalled by an animal-drug maker or pharmacy",https://www.accessdata.fda.gov/scripts/ires/?Product=192603
89804,192604,2022-04-05,"Wedgewood Village Pharmacy, Inc.","Methimazole 4.5mg/0.05ml Twist-A-Dose Transdermal Gel 1.5ml Pen, Wedgewood Pharmacy","Recalled by an animal-drug maker or pharmacy",https://www.accessdata.fda.gov/scripts/ires/?Product=192604
89804,192605,2022-04-05,"Wedgewood Village Pharmacy, Inc.","Methimazole 0.5mg/0.05ml Twist-A-Dose Transdermal Gel 1.5ml Pen, Wedgewood Pharmacy","Recalled by an animal-drug maker or pharmacy",https://www.accessdata.fda.gov/scripts/ires/?Product=192605
89804,192606,2022-04-05,"Wedgewood Village Pharmacy, Inc.","Methimazole 1.875mg/0.05ml Twist-A-Dose Transdermal Gel 1.5ml Pen, Wedgewood Pharmacy","Recalled by an animal-drug maker or pharmacy",https://www.accessdata.fda.gov/scripts/ires/?Product=192606
89804,192607,2022-04-05,"Wedgewood Village Pharmacy, Inc.","Methimazole 0.625mg/0.05ml Twist-A-Dose Transdermal Gel 1.5ml Pen, Wedgewood Pharmacy","Recalled by an animal-drug maker or pharmacy",https://www.accessdata.fda.gov/scripts/ires/?Product=192607
89804,192608,2022-04-05,"Wedgewood Village Pharmacy, Inc.","Methimazole 11.25mg/0.05ml Twist-A-Dose Transdermal Gel 1.5ml Pen, Wedgewood Pharmacy","Recalled by an animal-drug maker or pharmacy",https://www.accessdata.fda.gov/scripts/ires/?Product=192608
89804,192609,2022-04-05,"Wedgewood Village Pharmacy, Inc.","Methimazole 15mg/0.05ml Twist-A-Dose Transdermal Gel 1.5ml Pen, Wedgewood Pharmacy","Recalled by an animal-drug maker or pharmacy",https://www.accessdata.fda.gov/scripts/ires/?Product=192609
89804,192610,2022-04-05,"Wedgewood Village Pharmacy, Inc.","Methimazole in PLO 2.5mg/0.05ml Twist-A-Dose Transdermal Gel 1.5ml Pen, Wedgewood Pharmacy Methimazole in PLO 2.5mg/0.05ml Twist-A-Dose Transdermal Gel 1.5ml Pen","Recalled by an animal-drug maker or pharmacy",https://www.accessdata.fda.gov/scripts/ires/?Product=192610
89804,192611,2022-04-05,"Wedgewood Village Pharmacy, Inc.","Methimazole in PLO 5mg/0.05ml Twist-A-Dose Transdermal Gel 1.5ml Pen, Wedgewood Pharmacy Methimazole in PLO 2.5mg/0.05ml Twist-A-Dose Transdermal Gel 1.5ml Pen","Recalled by an animal-drug maker or pharmacy",https://www.accessdata.fda.gov/scripts/ires/?Product=192611
89804,192612,2022-04-05,"Wedgewood Village Pharmacy, Inc.","Methimazole in PLO 10mg/0.05ml Twist-a-dose Transdermal Gel 1.5ml Pen, Wedgewood Pharmacy Methimazole in PLO 2.5mg/0.05ml Twist-A-Dose Transdermal Gel 1.5ml Pen","Recalled by an animal-drug maker or pharmacy",https://www.accessdata.fda.gov/scripts/ires/?Product=192612
89804,192613,2022-04-05,"Wedgewood Village Pharmacy, Inc.","Methimazole in PLO 7.5mg/0.05ml Twist-a-dose Transdermal Gel 1.5ml Pen, Wedgewood Pharmacy Methimazole in PLO 2.5mg/0.05ml Twist-A-Dose Transdermal Gel 1.5ml Pen","Recalled by an animal-drug maker or pharmacy",https://www.accessdata.fda.gov/scripts/ires/?Product=192613
89804,192614,2022-04-05,"Wedgewood Village Pharmacy, Inc.","Mirtazapine 1.5mg/0.05ml Twist-A-Dose Transdermal Gel 1.5ml Pen, Wedgewood Pharmacy Methimazole in PLO 2.5mg/0.05ml Twist-A-Dose Transdermal Gel 1.5ml Pen","Recalled by an animal-drug maker or pharmacy",https://www.accessdata.fda.gov/scripts/ires/?Product=192614
89804,192615,2022-04-05,"Wedgewood Village Pharmacy, Inc.","Mirtazapine 3.75mg/0.05ml Twist-A-Dose Transdermal Gel Pen 1.5ml, Wedgewood Pharmacy Methimazole in PLO 2.5mg/0.05ml Twist-A-Dose Transdermal Gel 1.5ml Pen","Recalled by an animal-drug maker or pharmacy",https://www.accessdata.fda.gov/scripts/ires/?Product=192615
89804,192616,2022-04-05,"Wedgewood Village Pharmacy, Inc.","PrednisoLONE 2.5mg/0.05ml Twist-A-Dose Transdermal Gel 1.5ml Pen, Wedgewood Pharmacy Methimazole in PLO 2.5mg/0.05ml Twist-A-Dose Transdermal Gel 1.5ml Pen","Recalled by an animal-drug maker or pharmacy",https://www.accessdata.fda.gov/scripts/ires/?Product=192616
89804,192617,2022-04-05,"Wedgewood Village Pharmacy, Inc.","PrednisoLONE 2mg/0.05ml Twist-A-Dose Transdermal Gel 1.5ml Pen, Wedgewood Pharmacy Methimazole in PLO 2.5mg/0.05ml Twist-A-Dose Transdermal Gel 1.5ml Pen","Recalled by an animal-drug maker or pharmacy",https://www.accessdata.fda.gov/scripts/ires/?Product=192617
89804,192618,2022-04-05,"Wedgewood Village Pharmacy, Inc.","PrednisoLONE 4mg/0.05ml Twist-A-Dose Transdermal Gel 1.5ml Pen, Wedgewood Pharmacy Methimazole in PLO 2.5mg/0.05ml Twist-A-Dose Transdermal Gel 1.5ml Pen","Recalled by an animal-drug maker or pharmacy",https://www.accessdata.fda.gov/scripts/ires/?Product=192618
89804,192619,2022-04-05,"Wedgewood Village Pharmacy, Inc.","PrednisoLONE 5mg/0.05ml Twist-A-Dose Transdermal Gel 1.5ml Pen Methimazole in PLO 2.5mg/0.05ml Twist-A-Dose Transdermal Gel 1.5ml Pen Wedgewood Pharmacy","Recalled by an animal-drug maker or pharmacy",https://www.accessdata.fda.gov/scripts/ires/?Product=192619
89804,192620,2022-04-05,"Wedgewood Village Pharmacy, Inc.","PrednisoLONE 10mg/0.05ml Twist-A-Dose Transdermal Gel 1.5ml Pen, Wedgewood Pharmacy Methimazole in PLO 2.5mg/0.05ml Twist-A-Dose Transdermal Gel 1.5ml Pen","Recalled by an animal-drug maker or pharmacy",https://www.accessdata.fda.gov/scripts/ires/?Product=192620
89804,192621,2022-04-05,"Wedgewood Village Pharmacy, Inc.","Prednisone 5mg/0.05ml Twist-A-Dose Transdermal Gel 1.5ml Pen, Wedgewood Pharmacy Methimazole in PLO 2.5mg/0.05ml Twist-A-Dose Transdermal Gel 1.5ml Pen","Recalled by an animal-drug maker or pharmacy",https://www.accessdata.fda.gov/scripts/ires/?Product=192621
89804,192622,2022-04-05,"Wedgewood Village Pharmacy, Inc.","PrednisoLONE 7.5mg/0.05ml Twist-A-Dose Transdermal Gel 1.5ml Pen, Wedgewood Pharmacy Methimazole in PLO 2.5mg/0.05ml Twist-A-Dose Transdermal Gel 1.5ml Pen","Recalled by an animal-drug maker or pharmacy",https://www.accessdata.fda.gov/scripts/ires/?Product=192622
89804,192623,2022-04-05,"Wedgewood Village Pharmacy, Inc.","PrednisoLONE 3mg/0.05ml Twist-A-Dose Transdermal Gel 1.5ml Pen, Wedgewood Pharmacy Methimazole in PLO 2.5mg/0.05ml Twist-A-Dose Transdermal Gel 1.5ml Pen","Recalled by an animal-drug maker or pharmacy",https://www.accessdata.fda.gov/scripts/ires/?Product=192623
89904,192883,2022-04-06,"Premier Cooperative","Bragger Farms Protein. Bragger Farms (LACT) Protein 012822. Blended Product ID 12129. 4500 lbs. bulk","Not dog or cat food",https://www.accessdata.fda.gov/scripts/ires/?Product=192883
89904,192902,2022-04-06,"Premier Cooperative","Wallstone Fresh Cow 122721. Blended Product ID 12484. Bulk Holstein","Not dog or cat food",https://www.accessdata.fda.gov/scripts/ires/?Product=192902
89904,192911,2022-04-06,"Premier Cooperative","Wallstone Close Up ADD, WS Fergusen Dry Cow 033121. Blended Product ID 12489. Bulk","Not dog or cat food",https://www.accessdata.fda.gov/scripts/ires/?Product=192911
89718,192294,2022-04-07,"Dee Veterinary Products LLC","Dee Veterinary Products Endotracheal Tube, 3.5mm, Item #5035; and Vet One Endotracheal Tube, 3.5mm, Item #6035; single use only, sterile, Rx.","Animal drug, device or non-food product",https://www.accessdata.fda.gov/scripts/ires/?Product=192294
89201,190745,2022-05-12,"Countryside Feed LLC","Calf Grower 60850, Custom feed for producer, Bulk, Type C Feed, Monensin 63 g/ton","Livestock feed or food for other animals",https://www.accessdata.fda.gov/scripts/ires/?Product=190745
90097,193394,2022-05-17,"bioMerieux, Inc.","VITEK 2 automated system.","Not dog or cat food",https://www.accessdata.fda.gov/scripts/ires/?Product=193394
90024,193172,2022-05-18,"Intervet, Inc","Orbax (orbifloxacin tablets) 22.7 mg, 250 Tablets, Intervet Inc., (d/b/a Merck Animal Health( a subsidiary of Merck and Co., Madison, NJ 07940, NDC 0061-1141-01.","Animal drug, device or non-food product",https://www.accessdata.fda.gov/scripts/ires/?Product=193172
90024,193536,2022-05-18,"Intervet, Inc","Orbax (orbifloxacin tablets) 68 mg, 100 Tablets, Intervet Inc., (d/b/a Merck Animal Health( a subsidiary of Merck and Co., Madison, NJ 07940, NDC 0061-1174-01.","Animal drug, device or non-food product",https://www.accessdata.fda.gov/scripts/ires/?Product=193536
90142,193559,2022-05-27,"Grober Nutrition, LLC","DENKAVIT Denamilk Lamb-Gro ASure 22/28 + Deccox MR; 55lb paper bags; Active Drug Ingredients: Decoquinate 22.7 g/ton","Not dog or cat food",https://www.accessdata.fda.gov/scripts/ires/?Product=193559
90142,193560,2022-05-27,"Grober Nutrition, LLC","DENKAVIT Denamilk 20/20 VP Medicated Calf Milk Replacer with Plasma; Active Drug Ingredient: Lasalocid 72 g/ton; packaged in 55 lb paper bags","Animal drug, device or non-food product",https://www.accessdata.fda.gov/scripts/ires/?Product=193560
90142,193561,2022-05-27,"Grober Nutrition, LLC","DENKAVIT DENKAMILK Kid-Gro Asure 22/25 w/ Deccox MR; packaged in 55 lb paper bags; Active Drug Ingredient: Decoquinate 22.7 g/ton","Not dog or cat food",https://www.accessdata.fda.gov/scripts/ires/?Product=193561
90142,193562,2022-05-27,"Grober Nutrition, LLC","DENKAVIT DENKAMILK 22/20; All Milk Medicated Calf Milk Replacer; packaged in 55 lb paper bags; Active Drug Ingredient: Lasalocid 60 g/ton (30 mg/lb)","Animal drug, device or non-food product",https://www.accessdata.fda.gov/scripts/ires/?Product=193562
90142,193563,2022-05-27,"Grober Nutrition, LLC","DENKAVIT Denkamilk Performance 21/19; Medicated Calf Milk Replacer with Plasma; packaged in 55 lb paper bags; Active Drug Ingredient: Lasalocid 72 g/ton","Animal drug, device or non-food product",https://www.accessdata.fda.gov/scripts/ires/?Product=193563
90142,193564,2022-05-27,"Grober Nutrition, LLC","DENKAVIT Vigor 24/20; All Milk Medicated Calf Milk Replacer; packaged in 55 lb paper bags; Active Drug Ingredient: Lasalocid 60 g/ton (30mg/lb)","Animal drug, device or non-food product",https://www.accessdata.fda.gov/scripts/ires/?Product=193564
90142,193566,2022-05-27,"Grober Nutrition, LLC","DENKAVIT DENKAMILK Jersey 24/24; All Milk Medicated Calf Milk Replacer; packaged in 55 lb paper bags; Active Drug Ingredient: Lasalocid 60 g/ton (30 mg/lb)","Animal drug, device or non-food product",https://www.accessdata.fda.gov/scripts/ires/?Product=193566
90142,193662,2022-05-27,"Grober Nutrition, LLC","WALNUT HILL FEEDS INC; Walnut Hill Milk Replacer; 20/20 with Stealth 5; Medicated; Active drug ingredient Lasalocid 90 g/ton (45 mg/lb)","Animal drug, device or non-food product",https://www.accessdata.fda.gov/scripts/ires/?Product=193662
90142,193663,2022-05-27,"Grober Nutrition, LLC","POULIN GRAIN; CALF CARE 22/20 MOS Non-Medicated Calf Milk Replacer with Plasma; packaged in 55 lb paper bags","Animal drug, device or non-food product",https://www.accessdata.fda.gov/scripts/ires/?Product=193663
90142,193664,2022-05-27,"Grober Nutrition, LLC","POULIN GRAIN; OPTI-MILK 24/20; 4 SEASONS BOV CLF; Medicated Calf Milk Replacer with Plasma; packaged in 55 lb paper bags; Active Drug Ingredient Lasalocid 60 g/ton (30mg/lb)","Animal drug, device or non-food product",https://www.accessdata.fda.gov/scripts/ires/?Product=193664
90142,193665,2022-05-27,"Grober Nutrition, LLC","REISDORF BROTHERS, INC; REISDORF 24/20; Medicated Calf Milk Replacer with MOS; Active Drug Ingredient: Lasalocid 60g/ton; packaged in 55 lb paper bags","Animal drug, device or non-food product",https://www.accessdata.fda.gov/scripts/ires/?Product=193665
90243,193872,2022-06-07,"Bimeda, Inc.","Sustain III Calf Bolus (sulfamethazine, 8.02 g (123.8 grains) per bolus), Net Contents: 25 Boluses, Manufactured by: Bimeda, Inc., Le Sueur, MN 56058. NADA: 120-615","Animal drug, device or non-food product",https://www.accessdata.fda.gov/scripts/ires/?Product=193872
90316,194115,2022-06-24,"Vi-Jon LLC","Ideal Animal Health Topical Fungicide, Net Contents: 16 fl oz (473 mL) per bottle, Manufactured for: Neogen Corporation, 944 Nandino Blvd, Lexington, KY 40511. NDC: 59051-195-16, UPC: 7-26087-79209-5.","Animal drug, device or non-food product",https://www.accessdata.fda.gov/scripts/ires/?Product=194115
89979,193069,2022-07-19,"Norbrook Inc","Loxicom (meloxicam oral suspension) 1.5 mg/mL, 100mL per bottle, ANDA # 200-497,Made in UK, Manufactured by Norbrook Laboratories Limited, Northern Ireland, NDC 55529-041-02.","Animal drug, device or non-food product",https://www.accessdata.fda.gov/scripts/ires/?Product=193069
90468,194479,2022-07-21,"Furst-McNess Co","IPB Breeder Mix Complete Feed For Poultry Mix 040 Furst McNess Co. Cordele, Ga 1(800) 233-6596","Livestock feed or food for other animals",https://www.accessdata.fda.gov/scripts/ires/?Product=194479
90404,194335,2022-08-03,"Wedgewood Village Pharmacy, LLC","Prednisone in PLO 50mg/ml Transdermal Gel 1ml Prednisone 10mg/ml Oral Suspension 15ml Bottle Prednisone 5mg/ml Oral Suspension 15ml Bottle Wedgewood Pharmacy 800.331.8272","Animal drug, device or non-food product",https://www.accessdata.fda.gov/scripts/ires/?Product=194335
90404,194384,2022-08-03,"Wedgewood Village Pharmacy, LLC","Acyclovir 5% Topical Cream 227gm Jar ACYCLO-CRM002VC Acyclovir 5% Topical Cream 120gm Jar ACYCLO-CRM003VC packaged in white plastic jar Wedgewood Pharmacy 800.331.8272","Animal drug, device or non-food product",https://www.accessdata.fda.gov/scripts/ires/?Product=194384
90404,194385,2022-08-03,"Wedgewood Village Pharmacy, LLC","Albuterol Sulfate 2mg/ml Oral Solution 30ml Bottle ALBUTESOL0006VC Albuterol Sulfate 2mg/ml Oral Solution 60ml Bottle ALBUTESOL0007VC Albuterol Sulfate 2mg/ml Oral Solution 120ml Bottle ALBUTESOL0008VC Albuterol Sulfate 2mg/ml Oral Solution 480ml Bottle ALBUTESOL0010VC Albuterol Sulfate 0.4mg/ml Ora","Recalled by an animal-drug maker or pharmacy",https://www.accessdata.fda.gov/scripts/ires/?Product=194385
90404,194387,2022-08-03,"Wedgewood Village Pharmacy, LLC","Aluminum Hydroxide 100mg/ml Oral Suspension 30ml Bottle ALUHYDSUS0001VC Aluminum Hydroxide Dried Gel (Equivalent to 76.5mg/ml Al(OH)3) 100mg/ml Oral Suspension 60ml bottle ALUHYDSUS0002VC Aluminum Hydroxide 100mg/ml Oral Suspension 100ml Bottle ALUHYDSUS0003VC Aluminum Hydroxide 100mg/ml Oral Suspen","Animal drug, device or non-food product",https://www.accessdata.fda.gov/scripts/ires/?Product=194387
90404,194394,2022-08-03,"Wedgewood Village Pharmacy, LLC","Aminocaproic Acid 400mg/ml Oral Solution 25ml Bottle AMINOCSOL0018VC Aminocaproic Acid 400mg/ml Oral Solution 75ml Bottle AMINOCSOL0020VC Aminocaproic Acid 400mg/ml Oral Solution 125ml Bottle AMINOCSOL0021VC Aminocaproic Acid 400mg/ml Oral Solution 150ml Bottle AMINOCSOL0022VC Aminocaproic Acid 400m","Recalled by an animal-drug maker or pharmacy",https://www.accessdata.fda.gov/scripts/ires/?Product=194394
90404,194399,2022-08-03,"Wedgewood Village Pharmacy, LLC","Aminophylline 50mg/ml (equivalent to Theophylline 42.9mg/ml) Oral Suspension 30ml Bottle AMINOPSUS0002VC Aminophylline 50mg/ml (equivalent to Theophylline 42.9mg/ml) Oral Suspension 100ml Bottle AMINOPSUS0004VC Aminophylline 50mg/ml (equivalent to Theophylline 42.9mg/ml) Oral Suspension 120ml Bottle","Animal drug, device or non-food product",https://www.accessdata.fda.gov/scripts/ires/?Product=194399
90404,194400,2022-08-03,"Wedgewood Village Pharmacy, LLC","Amitriptyline HCl (in PLO) 100mg/ml Transdermal Gel 1ml Syringe AMIPLO-GEL023VC Amitriptyline HCl 25mg/ml Transdermal Gel in Lipoderm 1ml Syringe AMITRI-GEL076VC Amitriptyline HCl 10mg/ml Oral Solution 15ml Bottle AMITRISOL0010VC Amitriptyline HCl 5mg/ml Oral Solution 15ml Bottle AMITRISOL0011VC Ami","Recalled by an animal-drug maker or pharmacy",https://www.accessdata.fda.gov/scripts/ires/?Product=194400
90404,194878,2022-08-03,"Wedgewood Village Pharmacy, LLC","Amlodipine (as Besylate) Transdermal Gel 6.25mg/ml 1ml Syringe 0.1ml = 0.625mg AMLBES-GEL030VC Amlodipine (as Besylate) Lipoderm 12.5mg/ml 1ml Syr Gel 0.1ml = 1.25mg AMLBES-GEL040VC packaged in 1 ml amber syringe Wedgewood Pharmacy 800.331.8272","Recalled by an animal-drug maker or pharmacy",https://www.accessdata.fda.gov/scripts/ires/?Product=194878
90404,194880,2022-08-03,"Wedgewood Village Pharmacy, LLC","Atenolol in PLO 125mg/ml Transdermal Gel 1ml ATENOL-GEL072VC Atenolol in PLO 62.5mg/ml Transdermal Gel 1ml ATENOL-GEL074VC packaged in 1 ml amber syringe Wedgewood Pharmacy 800.331.8272","Recalled by an animal-drug maker or pharmacy",https://www.accessdata.fda.gov/scripts/ires/?Product=194880
90404,194881,2022-08-03,"Wedgewood Village Pharmacy, LLC","Benazepril HCl 50mg/ml Transdermal Gel in Lipoderm 1ml Syringe BENAZE-GEL139VC, packaged in 1 ml amber syringe Wedgewood Pharmacy 800.331.8272","Recalled by an animal-drug maker or pharmacy",https://www.accessdata.fda.gov/scripts/ires/?Product=194881
90404,194882,2022-08-03,"Wedgewood Village Pharmacy, LLC","Bethanechol Chloride 5mg/ml Oral Suspension 30ml Bottle BETHANSUS0001VC Oral Suspension Bethanechol Chloride 5mg/ml Oral Suspension 60ml Bottle BETHANSUS0002VC Oral Suspension Bethanechol Chloride 5mg/ml Oral Suspension 90ml Bottle BETHANSUS0003VC Oral Suspension Bethanechol Chloride 5mg/ml Oral Sus","Animal drug, device or non-food product",https://www.accessdata.fda.gov/scripts/ires/?Product=194882
90404,194884,2022-08-03,"Wedgewood Village Pharmacy, LLC","Calcium Glubionate 200mg/ml Oral Syrup 30ml Bottle CALGLUSOL0019VC Calcium Glubionate 200mg/ml Oral Syrup 60ml Bottle CALGLUSOL0020VC Calcium Glubionate 200mg/ml Oral Syrup 120ml Bottle CALGLUSOL0021VC Calcium Glubionate 10mg/ml Oral Syrup 30ml Bottle CALGLUSOL0025VC Calcium Glubionate 10mg/ml Oral ","Recalled by an animal-drug maker or pharmacy",https://www.accessdata.fda.gov/scripts/ires/?Product=194884
90404,194886,2022-08-03,"Wedgewood Village Pharmacy, LLC","Chewable Treat (Chicken) Chew Treat CHEWAB-CHW002VC Chewable Treat (Beef) Chew Treat CHEWAB-CHW005VC packaged in amber blister pack Wedgewood Pharmacy 800-.331.8272","Recalled by an animal-drug maker or pharmacy",https://www.accessdata.fda.gov/scripts/ires/?Product=194886
90404,194887,2022-08-03,"Wedgewood Village Pharmacy, LLC","Chloramphenicol 125mg/ml Oral Suspension 100ml Bottle CHLORASUS0010VC Chloramphenicol 125mg/ml Oral Suspension 15ml Bottle CHLORASUS0078VC Chloramphenicol 125mg/ml Oral Suspension 120ml Bottle CHLORASUS0097VC Chloramphenicol (as Palmitate) 30mg/ml Oral Suspension 60ml Bottle CHLPALSUS0008VC Chloramp","Animal drug, device or non-food product",https://www.accessdata.fda.gov/scripts/ires/?Product=194887
90404,194888,2022-08-03,"Wedgewood Village Pharmacy, LLC","Chlorpheniramine Maleate 2mg/0.05ml T-A-D 1.5ml Twist-A-Dose Pen CHLORP-GEL002VC Chlorpheniramine Maleate 4mg/0.05ml T-A-D 1.5ml Twist-A-Dose Pen CHLORP-GEL004VC Chlorpheniramine Maleate 40mg/ml Transdermal Gel 1ml Syringe Wedgewood Pharmacy 800.331.8272","Recalled by an animal-drug maker or pharmacy",https://www.accessdata.fda.gov/scripts/ires/?Product=194888
90404,194889,2022-08-03,"Wedgewood Village Pharmacy, LLC","Chlorpromazine HCL 100mg/ml Oral Solution 100ml Bottle CHLORPSOL0054VC Chlorpromazine HCL 100mg/ml Oral Solution 30ml Bottle CHLORPSOL0055VC Chlorpromazine HCL 100mg/ml Oral Suspension 100ml Bottle CHLORPSUS0017VC packaged in amber plastic bottle Wedgewood Pharmacy 800.331.8272","Animal drug, device or non-food product",https://www.accessdata.fda.gov/scripts/ires/?Product=194889
90404,194893,2022-08-03,"Wedgewood Village Pharmacy, LLC","Chromium Picolinate 5mg/ml Oral Suspension 60ml Bottle CHRPICSUS0006VC Chromium Picolinate Apple Sugar-Free 5mg/ml Oral Suspension 60ml Bottle CHRPICSUS0024VC amber plastic bottle Wedgewood Pharmacy 800.331.8272","Animal drug, device or non-food product",https://www.accessdata.fda.gov/scripts/ires/?Product=194893
90404,194894,2022-08-03,"Wedgewood Village Pharmacy, LLC","Cisapride Chicken Flavor 5mg Chew Treat CISAPR-CHW003VC Chew Treat Cisapride Chicken Flavor 2.5mg Chew Treat CISAPR-CHW006VC Chew Treat Cisapride Chicken Flavor 10mg/ml Oral Suspension 15ml Bottle CISAPRSUS0000VC Oral Suspension Cisapride Liver Flavor 5mg/ml Oral Suspension 30ml Bottle CISAPRSUS0003","Animal drug, device or non-food product",https://www.accessdata.fda.gov/scripts/ires/?Product=194894
90404,194908,2022-08-03,"Wedgewood Village Pharmacy, LLC","Clenbuterol HCl 72.5mcg/ml Oral Solution 330ml Bottle Clenbuterol HCl 72.5mcg/ml Oral Solution 300ml Bottle Clenbuterol HCl 72.5mcg/ml Oral Solution 100ml Bottle Clenbuterol HCl 72.5mcg/ml Oral Solution 3784ml Bottle Clenbuterol HCl 72.5mcg/ml Oral Solution 60ml Bottle Clenbuterol HCl 72.5mcg/ml Ora","Recalled by an animal-drug maker or pharmacy",https://www.accessdata.fda.gov/scripts/ires/?Product=194908
90404,194910,2022-08-03,"Wedgewood Village Pharmacy, LLC","Clindamycin (as HCl) 100mg/ml Oral Suspension 15ml Bottle CLINDASUS0000VC Clindamycin (as HCl) 50mg/ml Oral Suspension 30ml Bottle CLINDASUS0002VC Clindamycin (as HCl) 50mg/ml Oral Suspension 60ml Bottle CLINDASUS0003VC Clindamycin (as HCl) 50mg/ml Oral Suspension 100ml Bottle CLINDASUS0004VC Clinda","Animal drug, device or non-food product",https://www.accessdata.fda.gov/scripts/ires/?Product=194910
90404,194911,2022-08-03,"Wedgewood Village Pharmacy, LLC","Colchicine Chicken Flavor 0.6mg Chew Treat COLCHI-CHW002VC Colchicine Chicken Flavor 0.4mg Chew Treat COLCHI-CHW003VC Colchicine Beef Flavor 0.6mg Chew Treat COLCHI-CHW004VC Colchicine Chicken Flavor 0.5mg Chew Treat COLCHI-CHW005VC Colchicine Beef Flavor 0.3mg Chew Treat COLCHI-CHW011VC Colchicine ","Recalled by an animal-drug maker or pharmacy",https://www.accessdata.fda.gov/scripts/ires/?Product=194911
90404,194914,2022-08-03,"Wedgewood Village Pharmacy, LLC","Cyclosporine 100mg/ml Oral Suspension 10ml Bottle Cyclosporine 100mg/ml Oral Suspension 100ml Bottle Cyclosporine 100mg/ml Oral Suspension 12ml Bottle Cyclosporine 100mg/ml Oral Suspension 120ml Bottle Cyclosporine 100mg/ml Oral Suspension 15ml Bottle Cyclosporine 100mg/ml Oral Suspension 17ml Bottl","Animal drug, device or non-food product",https://www.accessdata.fda.gov/scripts/ires/?Product=194914
90404,194915,2022-08-03,"Wedgewood Village Pharmacy, LLC","Dexamethasone Phosphate (as SP) 0.5mg/ml Oral Solution 30ml Bottle DEXAMESOL0007VC Dexamethasone 4mg/ml Oral Suspension 30ml Bottle DEXAMESUS0001VC Dexamethasone 0.25mg/ml Oral Suspension 30ml Bottle DEXAMESUS0007VC Dexamethasone 2mg/ml Oral Suspension 30ml Bottle DEXAMESUS0019VC Dexamethasone 2mg/m","Animal drug, device or non-food product",https://www.accessdata.fda.gov/scripts/ires/?Product=194915
90404,194917,2022-08-03,"Wedgewood Village Pharmacy, LLC","DES (Diethylstilbestrol) Chicken Flavor 1mg Chew Treat DIETHY-CHW002VC DES (Diethylstilbestrol) Chicken Flavor 5mg Chew Treat DIETHY-CHW022VC DES (Diethylstilbestrol) Chicken Flavor 0.5mg Chew Treat DIETHY-CHW033VC DES (Diethylstilbestrol) Liver Flavor 0.1mg Chew Treat DIETHY-CHW047VC DES (Diethylst","Recalled by an animal-drug maker or pharmacy",https://www.accessdata.fda.gov/scripts/ires/?Product=194917
90404,194918,2022-08-03,"Wedgewood Village Pharmacy, LLC","Doxycycline (as Hyclate) 50mg/ml Oral Syrup 10ml Bottle DOXYCYSOL0151VC Doxycycline (as Hyclate) 50mg/ml Oral Syrup 20ml Bottle DOXYCYSOL0155VC Doxycycline (as Hyclate) 50mg/ml Oral Syrup 30ml Bottle DOXYCYSOL0157VC Doxycycline (as Hyclate) 50mg/ml Oral Syrup 50ml Bottle DOXYCYSOL0162VC Doxycycline ","Animal drug, device or non-food product",https://www.accessdata.fda.gov/scripts/ires/?Product=194918
90404,194921,2022-08-03,"Wedgewood Village Pharmacy, LLC","Enrofloxacin/Ketoconazole/Triamcinolone Acetonide 1%/2%/0.1% Otic in Poloxamer Gel 3ml Syringe ENRKET-OTI008VC Enrofloxacin/Ketoconazole/Triamcinolone Acetonide 0.23%/1%/0.1% Polox-A-Gel Otic 3ml Syringe ENRKET-OTI018VC Enrofloxacin Tuitti Fruiti 20mg/ml Oral Suspension 30ml Bottle ENROFLSUS0022VC E","Animal drug, device or non-food product",https://www.accessdata.fda.gov/scripts/ires/?Product=194921
90404,194924,2022-08-03,"Wedgewood Village Pharmacy, LLC","Famotidine 2.5mg/0.05ml Twist-A-Dose Transdermal Gel 1.5ml Pen FAMOTI-GEL004VC Famotidine 5mg/ml Oral Suspension 15ml Bottle FAMOTISUS0006VC Famotidine 4mg/ml Oral Suspension 15ml Bottle FAMOTISUS0007VC Famotidine 10mg/ml Oral Suspension 15ml Bottle FAMOTISUS0008VC Famotidine 5mg/ml Oral Suspension ","Animal drug, device or non-food product",https://www.accessdata.fda.gov/scripts/ires/?Product=194924
90404,194926,2022-08-03,"Wedgewood Village Pharmacy, LLC","Fenbendazole 250mg/ml Oral Suspension 30ml Bottle FENBENSUS0062VC Fenbendazole 250mg/ml Oral Suspension 500ml Bottle FENBENSUS0066VC packaged in an amber plastic bottles Wedgewood Pharmacy 800.331.8272","Animal drug, device or non-food product",https://www.accessdata.fda.gov/scripts/ires/?Product=194926
90404,194927,2022-08-03,"Wedgewood Village Pharmacy, LLC","Fluorouracil in Vanicream 5% Topical Cream 30gm Tube FLUORO-CRM001VC Fluorouracil in Aloe Vera Cream 5% Topical Cream 30gm Tube FLUORO-CRM003VC packaged in plastic tubes Wedgewood Pharmacy 800.331.8272","Animal drug, device or non-food product",https://www.accessdata.fda.gov/scripts/ires/?Product=194927
90404,194929,2022-08-03,"Wedgewood Village Pharmacy, LLC","Fluoxetine (as HCl) Chicken Flavor 3mg Chew Treat FLUOXE-CHW004VC Fluoxetine (as HCl) Chicken Flavor 5mg Chew Treat FLUOXE-CHW008VC Fluoxetine (as HCl) Chicken Flavor 2.5mg Chew Treat FLUOXE-CHW022VC Fluoxetine (as HCl) Chicken Flavor 10mg Chew Treat FLUOXE-CHW024VC Fluoxetine (as HCL) Chicken Flavo","Animal drug, device or non-food product",https://www.accessdata.fda.gov/scripts/ires/?Product=194929
90404,194934,2022-08-03,"Wedgewood Village Pharmacy, LLC","Gabapentin 50mg/ml Oral Suspension 10ml Bottle GABAPESUS0594VC Gabapentin 50mg/ml Oral Suspension 12ml Bottle GABAPESUS0595VC Gabapentin 50mg/ml Oral Suspension 15ml Bottle GABAPESUS0596VC Gabapentin 50mg/ml Oral Suspension 20ml Bottle GABAPESUS0598VC Gabapentin 50mg/ml Oral Suspension 24ml Bottle G","Animal drug, device or non-food product",https://www.accessdata.fda.gov/scripts/ires/?Product=194934
90404,194938,2022-08-03,"Wedgewood Village Pharmacy, LLC","Glucosamine Sulfate NaCl/Chondroitin Sulfate 250mg/200mg/ml Oral Suspension 30ml Bottle GLUCHOSUS0001VC Glucosamine/Chondroitin 125mg/100mg/ml Oral Suspension 60ml Bottle GLUCHOSUS0006VC Glucosamine Sulfate NaCl/Chondroitin Sulfate 250mg/200mg/ml Oral Suspension 45ml Bottle GLUCHOSUS0029VC Glucosami","Animal drug, device or non-food product",https://www.accessdata.fda.gov/scripts/ires/?Product=194938
90404,194942,2022-08-03,"Wedgewood Village Pharmacy, LLC","Griseofulvin (Micronized) 20mg/ml Oral Suspension 30ml Bottle GRISEOSUS0008VC Griseofulvin (Micronized) 25mg/ml Oral Suspension 60ml Bottle GRISEOSUS0015VC Griseofulvin (Micronized) 25mg/ml Oral Suspension 240ml Bottle GRISEOSUS0017VC Griseofulvin (Micronized) 50mg/ml Oral Suspension 30ml Bottle GRI","Animal drug, device or non-food product",https://www.accessdata.fda.gov/scripts/ires/?Product=194942
90404,194943,2022-08-03,"Wedgewood Village Pharmacy, LLC","Guaifenesin/Dextromethorphan Flavored 50mg/5mg/ml Oral Suspension 60ml Bottle GUADEXSOL0003VC packaged in amber plastic bottles Wedgewood Pharmacy 800.331.8272","Animal drug, device or non-food product",https://www.accessdata.fda.gov/scripts/ires/?Product=194943
90404,194944,2022-08-03,"Wedgewood Village Pharmacy, LLC","Haloperidol (as Lactate) 1mg/ml Oral Solution 30ml Bottle HALOPESOL0006VC Haloperidol (as Lactate) 1mg/ml Oral Solution 60ml Bottle HALOPESOL0007VC Haloperidol (as Lactate) 1mg/ml Oral Solution 15ml Bottle HALOPESOL0010VC Haloperidol (as Lactate) 2mg/ml Oral Solution 120ml Bottle HALOPESOL0011VC Hal","Recalled by an animal-drug maker or pharmacy",https://www.accessdata.fda.gov/scripts/ires/?Product=194944
90404,194945,2022-08-03,"Wedgewood Village Pharmacy, LLC","Kanamycin/Pectin/BismuthSubcarb/Act Attapulgite 100mg/25mg/250mg/500mg/5ml Oral Suspension 240ml Bottle KANAMYSUS0001VC Kanamycin/Pectin/Bismuth Subcarbonate/Activate Attapulgite 100mg/25mg/250mg/500mg/5ml Oral Suspension 480ml Bottle KANAMYSUS0002VC Kanamycin/Pectin/Bismuth Subcarbonate/Activated A","Animal drug, device or non-food product",https://www.accessdata.fda.gov/scripts/ires/?Product=194945
90404,194947,2022-08-03,"Wedgewood Village Pharmacy, LLC","Lactulose Beef Flavor 10gm/15ml Oral Solution 480ml Bottle LACBEFSOL0005VC Lactulose Chicken Flavor 10gm/15ml Oral Solution 30ml Bottle LACCHISOL0001VC Lactulose Chicken Flavor 10gm/15ml Oral Solution 60ml Bottle LACCHISOL0002VC Lactulose Chicken Flavor 10gm/15ml Oral Solution 90ml Bottle LACCHISOL0","Recalled by an animal-drug maker or pharmacy",https://www.accessdata.fda.gov/scripts/ires/?Product=194947
90404,194953,2022-08-03,"Wedgewood Village Pharmacy, LLC","Levamisole (as HCl) 100mg/ml Oral Suspension 100ml Bottle LEVAMISUS0003VC Levamisole (as HCl) 200mg/ml Oral Suspension 30ml Bottle LEVAMISUS0015VC Levamisole (as HCl) 200mg/ml Oral Suspension 100ml Bottle LEVAMISUS0017VC Levamisole (as HCl) 200mg/ml Oral Suspension 1000ml Bottle LEVAMISUS0018VC Leva","Animal drug, device or non-food product",https://www.accessdata.fda.gov/scripts/ires/?Product=194953
90404,194954,2022-08-03,"Wedgewood Village Pharmacy, LLC","Lysine (L) 500mg/ml Oral Suspension 30ml Bottle LYSINESUS0006VC Lysine (L) 500mg/ml Oral Suspension 60ml Bottle LYSINESUS0007VC Lysine (L) 500mg/ml Oral Suspension 120ml Bottle LYSINESUS0009VC Lysine (L) 400mg/ml Oral Suspension 60ml Bottle LYSINESUS0012VC Lysine (L) 400mg/ml Oral Suspension 20ml Bo","Animal drug, device or non-food product",https://www.accessdata.fda.gov/scripts/ires/?Product=194954
90404,194955,2022-08-03,"Wedgewood Village Pharmacy, LLC","Meloxicam 0.07mg/ml Oral Suspension 15ml Bottle MELOXISUS0000VC Meloxicam 3mg/ml Oral Suspension 15ml Bottle MELOXISUS0001VC Meloxicam 1mg/ml Oral Suspension 30ml Bottle MELOXISUS0003VC Meloxicam 1mg/ml Oral Suspension 60ml Bottle MELOXISUS0004VC Meloxicam 1mg/ml Oral Suspension 120ml Bottle MELOXIS","Animal drug, device or non-food product",https://www.accessdata.fda.gov/scripts/ires/?Product=194955
90404,194956,2022-08-03,"Wedgewood Village Pharmacy, LLC","Methimazole Liver Flavor 5mg Chew Treat METHIM-CHW001VC Methimazole Chicken Flavor 5mg Chew Treat METHIM-CHW003VC Methimazole Chicken Flavor 2.5mg Chew Treat METHIM-CHW008VC Methimazole Chicken Flavor 10mg Chew Treat METHIM-CHW009VC Methimazole Surf & Turf Flavor 5mg Chew Treat METHIM-CHW012VC Methi","Animal drug, device or non-food product",https://www.accessdata.fda.gov/scripts/ires/?Product=194956
90404,195079,2022-08-03,"Wedgewood Village Pharmacy, LLC","Pilocarpine HCl 10mg/ml Oral Solution 30ml Bottle PILOCASOL0000VC Pilocarpine HCl 20mg/ml Oral Solution 30ml Bottle PILOCASOL0001VC Pilocarpine HCl 20mg/ml Oral Solution 15ml Bottle PILOCASOL0002VC Pilocarpine HCl 10mg/ml Oral Solution 15ml Bottle PILOCASOL0003VC Pilocarpine HCl 10mg/ml Oral Solutio","Recalled by an animal-drug maker or pharmacy",https://www.accessdata.fda.gov/scripts/ires/?Product=195079
90404,195081,2022-08-03,"Wedgewood Village Pharmacy, LLC","Ponazuril 100mg/ml Oral Suspension 10ml Bottle PONAZUSUS0514VC Ponazuril 100mg/ml Oral Suspension 15ml Bottle PONAZUSUS0515VC Ponazuril 100mg/ml Oral Suspension 25ml Bottle PONAZUSUS0516VC Ponazuril 100mg/ml Oral Suspension 30ml Bottle PONAZUSUS0517VC Ponazuril 100mg/ml Oral Suspension 40ml Bottle P","Animal drug, device or non-food product",https://www.accessdata.fda.gov/scripts/ires/?Product=195081
90404,195083,2022-08-03,"Wedgewood Village Pharmacy, LLC","Potassium Bromide Chicken Flavor 400mg/ml Oral Solution 240ml Bottle POTBROSOL0016VC Potassium Bromide Chicken Flavor 500mg/ml Oral Solution 30ml Bottle POTBROSOL0030VC Potassium Bromide Chicken Flavor 500mg/ml Oral Solution 60ml Bottle POTBROSOL0031VC Potassium Bromide Chicken Flavor 500mg/ml Oral ","Recalled by an animal-drug maker or pharmacy",https://www.accessdata.fda.gov/scripts/ires/?Product=195083
90404,195084,2022-08-03,"Wedgewood Village Pharmacy, LLC","Prazosin (as HCl) 1mg/ml Oral Suspension 10ml Bottle PRAZOSSUS0065VC Prazosin (as HCl) 1mg/ml Oral Suspension 15ml Bottle PRAZOSSUS0067VC Prazosin (as HCl) 1mg/ml Oral Suspension 20ml Bottle PRAZOSSUS0068VC Prazosin (as HCl) 1mg/ml Oral Suspension 25ml Bottle PRAZOSSUS0069VC Prazosin (as HCl) 1mg/ml","Animal drug, device or non-food product",https://www.accessdata.fda.gov/scripts/ires/?Product=195084
90404,195085,2022-08-03,"Wedgewood Village Pharmacy, LLC","Prednisolone Liver Flavor 5mg Chew Treat PREDNI-CHW001VC Prednisolone Chicken Flavor 5mg Chew Treat PREDNI-CHW002VC Prednisolone Chicken Flavor 2.5mg Chew Treat PREDNI-CHW008VC Prednisolone Beef Flavor 5mg Chew Treat PREDNI-CHW012VC Prednisolone Surf & Turf Flavor 5mg Chew Treat PREDNI-CHW013VC Pred","Recalled by an animal-drug maker or pharmacy",https://www.accessdata.fda.gov/scripts/ires/?Product=195085
90404,195086,2022-08-03,"Wedgewood Village Pharmacy, LLC","Pyrimethamine/Sulfadiazine 500mg/10gm/30ml Oral Suspension 900ml Bottle PYRIMESUS0008VC Pyrimethamine/Sulfadiazine/Folic Acid 16.7mg/333mg/1.3mg/ml Oral Suspension 900ml Bottle PYRIMESUS0118VC Pyrimethamine/Sulfadiazine/Folic Acid 1.25mg/80mg/2mg/ml Oral Suspension 60ml Bottle PYRIMESUS0120VC Pyrime","Animal drug, device or non-food product",https://www.accessdata.fda.gov/scripts/ires/?Product=195086
90404,195087,2022-08-03,"Wedgewood Village Pharmacy, LLC","Sucralfate 100mg/ml Oral Suspension 60ml Bottle SUCRALSUS0003VC Sucralfate 100mg/ml Oral Suspension 100ml Bottle SUCRALSUS0004VC Sucralfate 100mg/ml Oral Suspension 120ml Bottle SUCRALSUS0005VC Sucralfate 100mg/ml Oral Suspension 480ml Bottle SUCRALSUS0006VC Sucralfate 100mg/ml Oral Suspension 1000m","Animal drug, device or non-food product",https://www.accessdata.fda.gov/scripts/ires/?Product=195087
90404,195088,2022-08-03,"Wedgewood Village Pharmacy, LLC","Trilostane 10mg/ml Oral Suspension 100ml Bottle TRILOSSUS0533VC Trilostane 10mg/ml Oral Suspension 120ml Bottle TRILOSSUS0534VC Trilostane 10mg/ml Oral Suspension 125ml Bottle TRILOSSUS0535VC Trilostane 10mg/ml Oral Suspension 15ml Bottle TRILOSSUS0536VC Trilostane 10mg/ml Oral Suspension 150ml Bott","Animal drug, device or non-food product",https://www.accessdata.fda.gov/scripts/ires/?Product=195088
90404,195089,2022-08-03,"Wedgewood Village Pharmacy, LLC","Unmedicated 0mg/ml Oral Suspension 30ml Bottle UNMEDISUS0006VC Unmedicated 0mg/ml Oral Suspension 100ml Bottle UNMEDISUS0014VC packaged in amber plastic bottles Wedgewood Pharmacy 800.331.8272","Animal drug, device or non-food product",https://www.accessdata.fda.gov/scripts/ires/?Product=195089
90404,195090,2022-08-03,"Wedgewood Village Pharmacy, LLC","Ursodiol Chicken Flavor 50mg Chew Treat URSODI-CHW001VC Ursodiol Chicken Flavor 40mg Chew Treat URSODI-CHW008VC Ursodiol Chicken Flavor 30mg Chew Treat URSODI-CHW012VC Ursodiol Chicken Flavor 60mg Chew Treat URSODI-CHW017VC Ursodiol Chicken Flavor 150mg Chew Treat URSODI-CHW024VC Ursodiol Beef Flavo","Animal drug, device or non-food product",https://www.accessdata.fda.gov/scripts/ires/?Product=195090
90404,195137,2022-08-03,"Wedgewood Village Pharmacy, LLC","Methocarbamol 100mg/ml Oral Suspension 30ml Bottle METHOCSUS0007VC Methocarbamol 100mg/ml Oral Suspension 60ml Bottle METHOCSUS0008VC Methocarbamol 100mg/ml Oral Suspension 240ml Bottle METHOCSUS0009VC Methocarbamol 50mg/ml Oral Suspension 30ml Bottle METHOCSUS0011VC Methocarbamol 50mg/ml Oral Suspe","Animal drug, device or non-food product",https://www.accessdata.fda.gov/scripts/ires/?Product=195137
90404,195138,2022-08-03,"Wedgewood Village Pharmacy, LLC","Metronidazole (as Benzoate) Liver Flavor 100mg/ml Oral Suspension 30ml Bottle METRONSUS0001VC Metronidazole (as Benzoate) Liver Flavor 100mg/ml Oral Suspension 60ml Bottle METRONSUS0002VC Metronidazole (as Benzoate) Liver Flavor 100mg/ml Oral Suspension 120ml Bottle METRONSUS0003VC Metronidazole (as","Animal drug, device or non-food product",https://www.accessdata.fda.gov/scripts/ires/?Product=195138
90404,195139,2022-08-03,"Wedgewood Village Pharmacy, LLC","Pentoxifylline Apple 4gm/15ml Oral Suspension 900ml Bottle PENTOXSUS0244VC Pentoxifylline Apple 4gm/15ml Oral Suspension 500ml Bottle PENTOXSUS0246VC Pentoxifylline Apple 4gm/15ml Oral Suspension 300ml Bottle PENTOXSUS0247VC packaged in amber bottles Wedgewood Pharmacy 800.331.8272","Animal drug, device or non-food product",https://www.accessdata.fda.gov/scripts/ires/?Product=195139
90404,195140,2022-08-03,"Wedgewood Village Pharmacy, LLC","Nitrofurazone 0.2% Topical Solution 1000ml Bottle NITROFSOL0002VC Nitrofurazone 0.2% Topical Solution 3784ml Bottle NITROFSOL0004VC packaged in plastic jug Wedgewood Pharmacy 800.331.8272","Animal drug, device or non-food product",https://www.accessdata.fda.gov/scripts/ires/?Product=195140
90404,195141,2022-08-03,"Wedgewood Village Pharmacy, LLC","Pimobendan 1.25mg/ml Oral Suspension 10ml Bottle PIMOBESUS0227VC Pimobendan 1.25mg/ml Oral Suspension 15ml Bottle PIMOBESUS0228VC Pimobendan 1.25mg/ml Oral Suspension 20ml Bottle PIMOBESUS0229VC Pimobendan 1.25mg/ml Oral Suspension 30ml Bottle PIMOBESUS0230VC Pimobendan 1.25mg/ml Oral Suspension 35m","Animal drug, device or non-food product",https://www.accessdata.fda.gov/scripts/ires/?Product=195141
90404,195142,2022-08-03,"Wedgewood Village Pharmacy, LLC","Potassium Citrate 250mg/ml Oral Suspension 30ml Bottle POTCITSUS0006VC Potassium Citrate 250mg/ml Oral Suspension 120ml Bottle POTCITSUS0008VC Potassium Citrate 250mg/ml Oral Suspension 480ml Bottle POTCITSUS0010VC Potassium Citrate 300mg/ml Oral Suspension 30ml Bottle POTCITSUS0012VC Potassium Citr","Animal drug, device or non-food product",https://www.accessdata.fda.gov/scripts/ires/?Product=195142
90821,195968,2022-09-21,"Akorn, Inc.","Ofloxacin Ophthalmic Solution, USP 0.3%, Sterile, Rx Only, 5 mL per dropper bottle. Manufactured by: Akorn, Inc., Lake Forest, IL 60045. Distributed by: MWI, Boise, ID 83705. NDC: 13985-602-05","Animal drug, device or non-food product",https://www.accessdata.fda.gov/scripts/ires/?Product=195968
90843,196037,2022-09-30,"Neogen Corporation","Thyrocryn (levothyroxine sodium tablets), USP, 0.1 mg, Net Contents: [180 or 1000] tablets per bottle, For oral use in dogs only, Manufactured for: Aspen Veterinary Resources, LTD, Liberty, MO 64068. NDC 180 count bottle: 46066-090-38; NDC 1,000 count bottle: 46066-090-35. NADA 141-539","Animal drug, device or non-food product",https://www.accessdata.fda.gov/scripts/ires/?Product=196037
90843,196158,2022-09-30,"Neogen Corporation","ThyroKare (levothyroxine sodium tablets), USP, 0.1 mg, Net Contents: [180 or 1000] tablets per bottle, For oral use in dogs only, Manufactured by: Neogen Corporation, 944 Nandino Blvd, Lexington, KY 40511. NDC 180 count bottle: 59051-9100-0; NDC 1,000 count bottle: 59051-9100-8. NADA 141-539","Animal drug, device or non-food product",https://www.accessdata.fda.gov/scripts/ires/?Product=196158
90784,195718,2022-10-06,"Livestock Nutrition Center, LLC","Livestock Nutrition Center DEES CATTLE DEESPMX v1 Custom Blend Medicated Blend","Animal drug, device or non-food product",https://www.accessdata.fda.gov/scripts/ires/?Product=195718
90784,195939,2022-10-06,"Livestock Nutrition Center, LLC","Livestock Nutrition Center Fred E Koricanek Family Trust KORICANEKHFWEAN v4 Custom Blend Medicated Blend Cattle","Animal drug, device or non-food product",https://www.accessdata.fda.gov/scripts/ires/?Product=195939
90784,195940,2022-10-06,"Livestock Nutrition Center, LLC","Livestock Nutrition Center McFaddin Enterprises, LTD MCFADDINWEANING v6","Livestock feed or food for other animals",https://www.accessdata.fda.gov/scripts/ires/?Product=195940
90784,195941,2022-10-06,"Livestock Nutrition Center, LLC","Livestock Nutrition Center Poncho Properties, LLC PONCHOSTARTER v3 Custom Blend Medicated Blend Cattle","Animal drug, device or non-food product",https://www.accessdata.fda.gov/scripts/ires/?Product=195941
90784,195942,2022-10-06,"Livestock Nutrition Center, LLC","Livestock Nutrition Center ReproSolutions, LLC REPRO SOLUTIONSCOMPLETE v6","Livestock feed or food for other animals",https://www.accessdata.fda.gov/scripts/ires/?Product=195942
90784,195943,2022-10-06,"Livestock Nutrition Center, LLC","Livestock Nutrition Center Southern Livestock, LLC BOWMANSLGROWER v4 Custom Blend Medicated Blend Cattle","Animal drug, device or non-food product",https://www.accessdata.fda.gov/scripts/ires/?Product=195943
90784,195944,2022-10-06,"Livestock Nutrition Center, LLC","Livestock Nutrition Center Radwanski, Mike or Jane RADWINSKIWEANING v2 Custom Blend Medicated Blend Cattle","Animal drug, device or non-food product",https://www.accessdata.fda.gov/scripts/ires/?Product=195944
90784,195946,2022-10-06,"Livestock Nutrition Center, LLC","Livestock Nutrition Center Hughes, Barry HUGHESDEER16CP v3","Livestock feed or food for other animals",https://www.accessdata.fda.gov/scripts/ires/?Product=195946
90993,196446,2022-10-31,"Pharmacy Plus, Inc. dba Vital Care Compounder","BUPRENORPHINE INJ VET 0.6MG/ML SOLUTION in 50 mL vials","Recalled by an animal-drug maker or pharmacy",https://www.accessdata.fda.gov/scripts/ires/?Product=196446
90993,196447,2022-10-31,"Pharmacy Plus, Inc. dba Vital Care Compounder","CYCLOSPORIN OPHTHALMIC VET 2% 2% OIL in droptainers.","Animal drug, device or non-food product",https://www.accessdata.fda.gov/scripts/ires/?Product=196447
90993,196448,2022-10-31,"Pharmacy Plus, Inc. dba Vital Care Compounder","TACROLIMUS OPHTHALMIC VET 0.02% SUSPENSION in droptainers.","Animal drug, device or non-food product",https://www.accessdata.fda.gov/scripts/ires/?Product=196448
90993,196449,2022-10-31,"Pharmacy Plus, Inc. dba Vital Care Compounder","TRIAMCINOLONE ACETONIDE INJ 6MG/ML SUSPENSION in 10 mL vials.","Animal drug, device or non-food product",https://www.accessdata.fda.gov/scripts/ires/?Product=196449
91004,196480,2022-11-01,"Big Gain, Inc.","Big Gain 16% Complete Goat Grower XMP #9277. For Kids, Medicated. For the prevention of coccidiosis caused by Eimeria crandallis, Eimeria christenseni, and Eimeria ninakohlyakimovae.","Animal drug, device or non-food product",https://www.accessdata.fda.gov/scripts/ires/?Product=196480
91121,196775,2022-11-23,"Western Chemical Inc.","Fish Egg Disinfectant Ovadine (Buffered PVP Iodine, Active Ingredient: 10.0% Povidone-Iodine, Available Iodine: 1.0%, pH (buffered): 6/0 - 7.0, Syndel, 1441 W Smith Rd. Ferndale WA 98248, Lot#: 13001, Expiry: Sep 2022, Net Contents: 1 gal (3.8 L).","Livestock feed or food for other animals",https://www.accessdata.fda.gov/scripts/ires/?Product=196775
91121,196776,2022-11-23,"Western Chemical Inc.","Fish Egg Disinfectant Ovadine (Buffered PVP Iodine, Active Ingredient: 10.0% Povidone-Iodine, Available Iodine: 1.0%, pH (buffered): 6/0 - 7.0, Syndel, 1441 W Smith Rd. Ferndale WA 98248, Lot#: 13001, Expiry: Sep 2022, Net Contents: 1 gal (3.8 L).","Livestock feed or food for other animals",https://www.accessdata.fda.gov/scripts/ires/?Product=196776
91121,196777,2022-11-23,"Western Chemical Inc.","Fish Egg Disinfectant Ovadine (Buffered PVP Iodine, Active Ingredient: 10.0% Povidone-Iodine, Available Iodine: 1.0%, pH (buffered): 6/0 - 7.0, Syndel, 1441 W Smith Rd. Ferndale WA 98248, Lot#: 13001, Expiry: Sep 2022, Net Contents: 1 gal (3.8 L).","Livestock feed or food for other animals",https://www.accessdata.fda.gov/scripts/ires/?Product=196777
91152,197044,2022-11-23,"ICU Medical Inc","0.9% Sodium Chloride Injection, USP 100 mL Rx Only NDC 0990-7984-37 barcode (01) 00309907984377 ICU Medical, Inc. Lake Forest, Illinois, 60045, USA","Animal drug, device or non-food product",https://www.accessdata.fda.gov/scripts/ires/?Product=197044
91313,197433,2022-12-21,"Allison Medical, Inc.","CarePoint Vet 60 mL Syringe Without Needle, REF: 11-8360","Not dog or cat food",https://www.accessdata.fda.gov/scripts/ires/?Product=197433
91288,197387,2023-01-03,"Nutra Blend, LLC","Purina Rangeland Calf Creep 14 B68, Bulk, 3 tons (2000 pounds) Product Number: 3002129-201","Livestock feed or food for other animals",https://www.accessdata.fda.gov/scripts/ires/?Product=197387
91323,197455,2023-01-08,"Kent Nutrition Group Inc.","Kent HP Calf Creep 60B. Bulk.","Livestock feed or food for other animals",https://www.accessdata.fda.gov/scripts/ires/?Product=197455
91484,197996,2023-01-23,"Pharmacy Innovations","CHLORPHENIRAMINE/HYOSCAMINE (1ML) 10MG/0.25MG/ML INJECTABLE","Animal drug, device or non-food product",https://www.accessdata.fda.gov/scripts/ires/?Product=197996
91484,197997,2023-01-23,"Pharmacy Innovations","CYCLOSPORINE (A) 0.2% OPHTH OINTMENT CYCLOSPORINE (A) 1% OPH SOLUTION CYCLOSPORINE (A) 2% (10ML DROPTAINER) OPH SOLUTION CYCLOSPORINE (A) 2% OPHTH OINTME CYCLOSPORINE (A) -CORN OIL- 1% (5ML DROPTAINER) OPH SOLUTION","Animal drug, device or non-food product",https://www.accessdata.fda.gov/scripts/ires/?Product=197997
91484,197998,2023-01-23,"Pharmacy Innovations","EDETATE CALCIUM DISODIUM 400MG/ML (30ML VIAL) INJECTABLE","Animal drug, device or non-food product",https://www.accessdata.fda.gov/scripts/ires/?Product=197998
91484,197999,2023-01-23,"Pharmacy Innovations","EDETATE DISODIUM (VET) 1% (3ML DROPTAINER) OPH SOLUTION","Recalled by an animal-drug maker or pharmacy",https://www.accessdata.fda.gov/scripts/ires/?Product=197999
91484,198000,2023-01-23,"Pharmacy Innovations","FLURBIPROFEN -CORN OIL- 0.04% (3ML DROPTAINER) OPH SOLUTION","Recalled by an animal-drug maker or pharmacy",https://www.accessdata.fda.gov/scripts/ires/?Product=198000
91484,198001,2023-01-23,"Pharmacy Innovations","LEVEMIR-STS- 100U/ML (1ML VIAL) INJECTABLE","Animal drug, device or non-food product",https://www.accessdata.fda.gov/scripts/ires/?Product=198001
91484,198002,2023-01-23,"Pharmacy Innovations","TACROLIMUS 0.03% OPH SOLUTION","Recalled by an animal-drug maker or pharmacy",https://www.accessdata.fda.gov/scripts/ires/?Product=198002
91484,198003,2023-01-23,"Pharmacy Innovations","TACROLIMUS -CORN OIL- 0.03% OPH SOLUTION","Recalled by an animal-drug maker or pharmacy",https://www.accessdata.fda.gov/scripts/ires/?Product=198003
91484,198004,2023-01-23,"Pharmacy Innovations","TACROLIMUS-VET- 0.02% (10ML DROPPER) OPHTHALMIC TACROLIMUS-VET- 0.02% (15ML DROPPER) OPHTHALMIC TACROLIMUS-VET- 0.02% (5ML DROPPER) OPHTHALMIC TACROLIMUS-VET- 0.03% (10ML DROPPER) OPHTHALMIC","Animal drug, device or non-food product",https://www.accessdata.fda.gov/scripts/ires/?Product=198004
91094,196708,2023-01-26,"Akorn, Inc.","Artificial tears, Lubricant ophthalmic ointment, For veterinary use, Net Wt. 3.5 g (1/8 oz) per tube, Sterile, Distributed by: Covetrus North America, 400 Metro Place North, Dublin, OH 43017. NDC: 11695-6832-11","Animal drug, device or non-food product",https://www.accessdata.fda.gov/scripts/ires/?Product=196708
91094,196709,2023-01-26,"Akorn, Inc.","Artificial tears, Lubricant ophthalmic ointment, For veterinary use, Net Wt. 3.5 g (1/8 oz) per tube, Sterile. NDC: 11695-6832-10","Animal drug, device or non-food product",https://www.accessdata.fda.gov/scripts/ires/?Product=196709
91094,196710,2023-01-26,"Akorn, Inc.","Artificial tears, Lubricant Ophthalmic Ointment, For veterinary use, Net Wt. 3.5 g (1/8 oz) per tube, Sterile, Manufactured for: Aspen Veterinary Resources, LTD., Liberty, MO 64068. NDC: 46066-753-55","Animal drug, device or non-food product",https://www.accessdata.fda.gov/scripts/ires/?Product=196710
91094,196711,2023-01-26,"Akorn, Inc.","Artificial tears, Lubricant Ophthalmic Ointment, For veterinary use, Net Wt. 3.5 g (1/8 oz) per tube, Sterile, Manufactured by: Akorn, Inc., Lake Forest, IL 60045. NDC: 59399-162-35","Animal drug, device or non-food product",https://www.accessdata.fda.gov/scripts/ires/?Product=196711
91094,196712,2023-01-26,"Akorn, Inc.","Neomycin and Polymyxin B Sulfates, and Bacitracin Zinc Ophthalmic Ointment, USP, For veterinary use only, Net Wt. 3.5 g (1/8 oz) per tube, Rx Only, Sterile, Mfd. by: Akorn, Inc., Lake Forest, IL 60045. NDC: 59399-135-35","Animal drug, device or non-food product",https://www.accessdata.fda.gov/scripts/ires/?Product=196712
91094,196713,2023-01-26,"Akorn, Inc.","Neomycin and Polymyxin B Sulfates, and Bacitracin Zinc Ophthalmic Ointment, USP, For veterinary use only, Net Wt. 3.5 g (1/8 oz) per tube, Rx Only, Sterile, Distributed By: MWI, Boise, ID 83705. NDC: 13985-758-35","Animal drug, device or non-food product",https://www.accessdata.fda.gov/scripts/ires/?Product=196713
91094,196714,2023-01-26,"Akorn, Inc.","Neomycin and Polymyxin B Sulfates, and Bacitracin Zinc Ophthalmic Ointment, USP, For veterinary use only, Net Wt. 3.5 g (1/8 oz) per tube, Rx Only, Sterile, Manufactured for: Aspen Veterinary Resources, LTD., Liberty, MO 64068. NDC: 13985-758-35","Animal drug, device or non-food product",https://www.accessdata.fda.gov/scripts/ires/?Product=196714
91469,197871,2023-01-30,"Wedgewood Village Pharmacy, LLC","Omeprazole/Aluminum Hydroxide/Magnesium Hydroxide 2gm/4gm/4gm/30ml Banana/Marshmallow Oral Oil Suspension. Wedgewood Village Pharmacy LLC, 405 Heron Dr. Ste 200, Swedesboro, NJ 08085. Packaged in amber round plastic bottle.","Animal drug, device or non-food product",https://www.accessdata.fda.gov/scripts/ires/?Product=197871
91469,198068,2023-01-30,"Wedgewood Village Pharmacy, LLC","Omeprazole/Aluminum Hydroxide/Magnesium Hydroxide 2gm/4gm/4gm/30ml Susp 900 ml Apple/Molasses. Wedgewood Village Pharmacy LLC, 405 Heron Dr. Ste 200, Swedesboro, NJ 08085. Packaged in amber round plastic bottle","Recalled by an animal-drug maker or pharmacy",https://www.accessdata.fda.gov/scripts/ires/?Product=198068
91469,198075,2023-01-30,"Wedgewood Village Pharmacy, LLC","Omeprazole/Aluminum Hydroxide/Magnesium Hydroxide 2gm/4gm/4gm/30ml Susp 900 ml Peppermint. Wedgewood Village Pharmacy LLC, 405 Heron Dr. Ste 200, Swedesboro, NJ 08085. Packaged in amber round plastic bottle.","Recalled by an animal-drug maker or pharmacy",https://www.accessdata.fda.gov/scripts/ires/?Product=198075
91469,198077,2023-01-30,"Wedgewood Village Pharmacy, LLC","Omeprazole/Aluminum Hydroxide/Magnesium Hydroxide 2gm/4gm/4gm/30ml Susp 900 ml Apple. Wedgewood Village Pharmacy LLC, 405 Heron Dr. Ste 200, Swedesboro, NJ 08085. Packaged in amber round plastic bottle","Recalled by an animal-drug maker or pharmacy",https://www.accessdata.fda.gov/scripts/ires/?Product=198077
91480,197991,2023-01-30,"Nutra Blend, LLC","Purina Accuration Finisher 44 R227 Medicated, bulk","Animal drug, device or non-food product",https://www.accessdata.fda.gov/scripts/ires/?Product=197991
91340,197516,2023-02-06,"Manzanola Feeds","Top of the Rockies Horse Cubes (Alfalfa Hay In A Bag), ingredients Coarse Chopped/Sun Cured Alfalfa Hay. Net wt. 50 lb. poly bags (22.68 kg. Manzanola Feeds LLC, P.O. Box 157, Manzanola, Colorado, 81058, Telephone (719) 462-5638, UPC 7 94671 11345 8.","Livestock feed or food for other animals",https://www.accessdata.fda.gov/scripts/ires/?Product=197516
91553,198149,2023-02-23,"Suther Feeds, Inc.","Grain Mix R20 Product #121450, bulk custom feed, 4 Tons","Not dog or cat food",https://www.accessdata.fda.gov/scripts/ires/?Product=198149
91555,198151,2023-03-07,"Battle Creek/CHS, LLC","PN 16-8-12 Mineral, 50lb bag","Not dog or cat food",https://www.accessdata.fda.gov/scripts/ires/?Product=198151
91555,198216,2023-03-07,"Battle Creek/CHS, LLC","PN 16-8-12 Mineral R-1G, Medicated, 50lb bag","Animal drug, device or non-food product",https://www.accessdata.fda.gov/scripts/ires/?Product=198216
91914,199207,2023-04-03,"Kaytee Products, Inc.","KAYTEE WILD BIRD FOOD Birders' Blend NET WT 8 LB (3.63 kg) Manufactured by: KAYTEE Products, Inc. 521 Clay Street, Chilton, WI 53014","Livestock feed or food for other animals",https://www.accessdata.fda.gov/scripts/ires/?Product=199207
91965,199312,2023-04-06,"Spectrum Brands Pet Group Inc","Good n Fun Triple Flavor Crunchy Spirals Net Wt. 4.2 oz (120g) UPC:0 91093 94250 6 Packaged in plastic bags.","Not dog or cat food",https://www.accessdata.fda.gov/scripts/ires/?Product=199312
92126,199750,2023-05-03,"Neogen Corporation","Thyrocryn (levothyroxine sodium tablets), USP, 0.2 mg, Net Contents: [180 or 1000] tablets per bottle, For oral use in dogs only, Manufactured for:Aspen Veterinary Resources, LTD, Liberty, MO 64068. NDC 180 count bottle: 46066-091-38; NDC 1,000 count bottle: 46066-091-35. NADA 141-539","Animal drug, device or non-food product",https://www.accessdata.fda.gov/scripts/ires/?Product=199750
92126,199751,2023-05-03,"Neogen Corporation","ThyroKare (levothyroxine sodium tablets), USP, 0.2 mg, Net Contents: [180 or 1000] tablets per bottle, For oral use in dogs only, Manufactured by:Neogen Corporation, 944 Nandino Blvd, Lexington, KY 40511. NDC 180 count bottle: 59051-9102-0; NDC 1,000 count bottle: 59051-9102-8. NADA141-539","Animal drug, device or non-food product",https://www.accessdata.fda.gov/scripts/ires/?Product=199751
92197,199860,2023-05-05,"Dechra Veterinary Products Inc","Clavacillin (amoxicillin trihydrate/clavulanate potassium) Veterinary Tablets, For use in dogs, 125 mg, 15 strips, 14 tablets each, 210 tablets per carton, Manufactured for: Dechra Veterinary Products, 7015 College Boulevard, Suite 525, Overland Park, KS 66211 USA; Made in Austria. ANADA 200-592; ND","Animal drug, device or non-food product",https://www.accessdata.fda.gov/scripts/ires/?Product=199860
91877,199113,2023-05-08,"Stratford Care USA, Inc.","Skin+Coat Omega-3 Softgels, 60 Soft Gels","Not dog or cat food",https://www.accessdata.fda.gov/scripts/ires/?Product=199113
91877,199134,2023-05-08,"Stratford Care USA, Inc.","Omega-V3 Softgels,For Cats and Smaller Dogs, 60 softgels capsules","Animal drug, device or non-food product",https://www.accessdata.fda.gov/scripts/ires/?Product=199134
92160,199800,2023-05-08,"Wenger Feeds, LLC","Alvin Peachey Custom Sheep Pellets (Medicated), Decoquinate 46.3 g/ton , 6740 lb. Bulk Shipment , Silo Bin stored at ambient temperature","Animal drug, device or non-food product",https://www.accessdata.fda.gov/scripts/ires/?Product=199800
92255,200005,2023-05-15,"Intervet, Inc","Banamine Transdermal (flunixin transdermal solution) NDC# 0061-4363-02","Animal drug, device or non-food product",https://www.accessdata.fda.gov/scripts/ires/?Product=200005
92296,200155,2023-05-26,"Virbac Corporation","Iverhart Max Chew (ivermectin/pyrantel pamoate/praziquantel), 6 chews per carton, Manufactured by: Virbac AH, Inc., Fort Worth, TX 76137","Animal drug, device or non-food product",https://www.accessdata.fda.gov/scripts/ires/?Product=200155
92201,199865,2023-06-01,"Feed Blenders,Inc.","All Stock Sweet Feed packaged in 50lb woven polypropylene bags - 40 bags per pallet","Not dog or cat food",https://www.accessdata.fda.gov/scripts/ires/?Product=199865
92398,200701,2023-06-16,"Lloyd Inc. of Iowa","Thyro-L (0.22% levothyroxine sodium powder, USP for horses), Net wt: [1 LB or 10 LB] per container. LLOYD, Inc., Shenandoah, Iowa 51601 USA","Livestock feed or food for other animals",https://www.accessdata.fda.gov/scripts/ires/?Product=200701
92467,200979,2023-06-16,"Huvepharma Inc.","Monovet 90 (monensin Type A medicated article) For Animal Feed Only, Net Weight: 25 kg (55.12 lb), distributed by: Huvepharma Inc., Peachtree City, GA 30269. NDC 23243-0064-5; ANADA 200-639","Animal drug, device or non-food product",https://www.accessdata.fda.gov/scripts/ires/?Product=200979
92343,200347,2023-06-27,"Hubbard Feeds","Homestead 16% Sheep and Lamb. Product # 7240. For Starting/Growing/Finishing Lambs. Net Weight 5460 pounds bulk. Hubbard Feeds, 111 West Cherry Street, Suite 500, Mankato, MN 56001","Livestock feed or food for other animals",https://www.accessdata.fda.gov/scripts/ires/?Product=200347
92478,200993,2023-07-03,"Rising Pharma Holdings, Inc","Artificial Tears, Net Wt 3.5 g (1/8 oz) per tube, Lubricant ophthalmic ointment, For veterinary use, Sterile. ALL NDCs","Animal drug, device or non-food product",https://www.accessdata.fda.gov/scripts/ires/?Product=200993
92478,200994,2023-07-03,"Rising Pharma Holdings, Inc","Atropine Sulfate Ophthalmic Solution, USP 1%, 5 mL per bottle, Sterile, Rx Only, Distributed by: MWI, Boise, ID 83705. ALL NDCs","Animal drug, device or non-food product",https://www.accessdata.fda.gov/scripts/ires/?Product=200994
92478,200995,2023-07-03,"Rising Pharma Holdings, Inc","Butorphanol tartrate injection, [20 or 50] mL per vial, For use in horses only. ALL NDCs","Animal drug, device or non-food product",https://www.accessdata.fda.gov/scripts/ires/?Product=200995
92478,200996,2023-07-03,"Rising Pharma Holdings, Inc","Butorphic (Butorphanol tartrate injection), [20 or 50] mL per vial, For use in horses only. ALL NDCs","Animal drug, device or non-food product",https://www.accessdata.fda.gov/scripts/ires/?Product=200996
92478,201001,2023-07-03,"Rising Pharma Holdings, Inc","Ketamine HCl injection, USP, 10 mL per vial. ALL NDCs","Animal drug, device or non-food product",https://www.accessdata.fda.gov/scripts/ires/?Product=201001
92478,201005,2023-07-03,"Rising Pharma Holdings, Inc","Neomycin and Polymyxin B Sulfates, and Bacitracin Zinc, Net Weight 3.5 g (1/8 oz) per tube, Ophthalmic Ointment, USP, Rx Only. ALL NDCs","Animal drug, device or non-food product",https://www.accessdata.fda.gov/scripts/ires/?Product=201005
92478,201006,2023-07-03,"Rising Pharma Holdings, Inc","Proparacaine Hydrochloride Ophthalmic Solution USP, 0.5%, 15 mL per bottle, For Topical Ophthalmic Use Only, Sterile, Rx Only. ALL NDCs","Animal drug, device or non-food product",https://www.accessdata.fda.gov/scripts/ires/?Product=201006
92478,201008,2023-07-03,"Rising Pharma Holdings, Inc","Tobramycin Ophthalmic Solution, USP 0.3%, 5 mL per bottle, Sterile, Rx Only. ALL NDCs","Animal drug, device or non-food product",https://www.accessdata.fda.gov/scripts/ires/?Product=201008
92478,201009,2023-07-03,"Rising Pharma Holdings, Inc","VetaKet, Ketamine HCl Injection, USP, 10 mL per vial. All NDCs","Animal drug, device or non-food product",https://www.accessdata.fda.gov/scripts/ires/?Product=201009
92478,201010,2023-07-03,"Rising Pharma Holdings, Inc","Vetorphic (butorphanol tartrate injection), 10 mg/mL, 20 mL per vial. ALL NDCs","Animal drug, device or non-food product",https://www.accessdata.fda.gov/scripts/ires/?Product=201010
92578,201759,2023-07-12,"Intervet, Inc","Banamine Transdermal 250 ml, NDC 0061-4363-02","Animal drug, device or non-food product",https://www.accessdata.fda.gov/scripts/ires/?Product=201759
92522,201722,2023-07-13,"Pegasus Laboratories, Inc.","Proin 50 mg (phenylpropanolamine hydrochloride) Chewable Tablets 50 mg per tablet Manufactured by: Pegasus Laboratories, Inc. An Employee-Owned Company Pensacola, FL 32514, USA a) 60 Tablets NDC #49427-141-48 UPC 6 85687 30748; b) 180 Tablets NDC #: 49427-141-50 UPC 6 85687 30750 7","Animal drug, device or non-food product",https://www.accessdata.fda.gov/scripts/ires/?Product=201722
92522,201751,2023-07-13,"Pegasus Laboratories, Inc.","Proin 25 mg (phenylpropanolamine hydrochloride) Chewable Tablets 25 mg per tablet Manufactured by: Pegasus Laboratories, Inc. An Employee-Owned Company Pensacola, FL 32514, USA a) 60 tablets NDC #49427-315-48 UPC 6 85687 31748 3; b) 180 tablets NDC #49427-315-50 UPC 6 85687 31750 6","Animal drug, device or non-food product",https://www.accessdata.fda.gov/scripts/ires/?Product=201751
92522,201752,2023-07-13,"Pegasus Laboratories, Inc.","Proin ER (phenylpropanolamine hydrochloride extended-release tablets) 38 mg for dogs 21-40 lbs. of body weight Manufactured by: Pegasus Laboratories, Inc. An Employee-Owned Company Pensacola, FL 32514, USA a) Net Contents 30 Tablets NDC #: 49427-345-57 UPC 6 85687 34557 8; b) Net Contents 90 Tablets","Animal drug, device or non-food product",https://www.accessdata.fda.gov/scripts/ires/?Product=201752
92522,201753,2023-07-13,"Pegasus Laboratories, Inc.","Proin ER (phenylpropanolamine hydrochloride extended-release tablets) 18 mg for dogs 10-20 lbs. of body weight Net Contents 30 Tablets NDC #: 49427-344-57 UPC 6 85687 34457 1 Manufactured by: Pegasus Laboratories, Inc. An Employee-Owned Company Pensacola, FL 32514, USA","Animal drug, device or non-food product",https://www.accessdata.fda.gov/scripts/ires/?Product=201753
92522,201754,2023-07-13,"Pegasus Laboratories, Inc.","Proin 75 mg (phenylpropanolamine hydrochloride) Chewable Tablets 75 mg per tablet Manufactured by: Pegasus Laboratories, Inc. An Employee-Owned Company Pensacola, FL 32514, USA a) 60 tablets NDC #: 49427-316-48 UPC 6 85687 31648 6; b) 180 tablets NDC #: 49427-316-50 UPC 6 85687 31650 9","Animal drug, device or non-food product",https://www.accessdata.fda.gov/scripts/ires/?Product=201754
92522,201756,2023-07-13,"Pegasus Laboratories, Inc.","Proin ER (phenylpropanolamine hydrochloride extended-release tablets) 145 mg for dogs 81-125 lbs. of body weight Manufactured by: Pegasus Laboratories, Inc. An Employee-Owned Company Pensacola, FL 32514, USA a) 30 tablets NDC #: 49427-347-57 UPC 6 85687 34757 2; b) 90 tablets NDC #: 49427-347-44 UPC","Animal drug, device or non-food product",https://www.accessdata.fda.gov/scripts/ires/?Product=201756
92522,201768,2023-07-13,"Pegasus Laboratories, Inc.","VPL Sutures Monomend MT One Dozen Synthetic absorbable surgical suture, glyconate monofilament 4/0 metric 1,5 36"" (90 cm) RM-Y922-1 #100523564 DS19 3/8c 19mm Manufactured for: PRN Pharmacal Pensacola, FL 32514 USA","Not dog or cat food",https://www.accessdata.fda.gov/scripts/ires/?Product=201768
92522,201769,2023-07-13,"Pegasus Laboratories, Inc.","VPL Sutures Monomend MT One Dozen Synthetic absorbable surgical suture, glyconate monofilament 2/0 metric 3 36"" (90 cm) RM-Y943-1 #100523567 DS24 3/8c 24mm Manufactured for: PRN Pharmacal Pensacola, FL 32514 USA","Not dog or cat food",https://www.accessdata.fda.gov/scripts/ires/?Product=201769
92617,201829,2023-07-14,"Central Valley Ag Cooperative","1. Show Goat R20 GHCA001Z, 50 lb bag; 2. Show Goat R20 GHCA001T, FIBC tote.","Livestock feed or food for other animals",https://www.accessdata.fda.gov/scripts/ires/?Product=201829
92631,201876,2023-07-19,"Boehringer Ingelheim Animal Health USA Inc","Semintra (telmisartan oral solution) 10 mg/mL For oral use in cats only Angiotensin II Receptor Blocker 35 mL NDC 0010-4492-01 UPC 0 12313 44921 6 Marketed by: Boehringer Ingelheim Animal Health USA Inc. Duluth, GA 30096","Animal drug, device or non-food product",https://www.accessdata.fda.gov/scripts/ires/?Product=201876
92724,202271,2023-07-25,"Evans Feed Co., Inc.","Miller's Special Calf Starter, Evans Feed Co, a locally owned business, packaged in 50lb bag","Livestock feed or food for other animals",https://www.accessdata.fda.gov/scripts/ires/?Product=202271
92613,201819,2023-07-26,"PHIBRO ANIMAL HEALTH CORPORATION","Neo-Terramycin 100/100D (neomycin-oxytetracycline) Type A Medicated Article Net Weight 50lb (22.7 kg) Distributed by: Phibro Animal Health Corporation Teaneck, NJ 07666","Animal drug, device or non-food product",https://www.accessdata.fda.gov/scripts/ires/?Product=201819
92686,202169,2023-08-04,"Neogen Corporation","Thyrocryn (levothyroxine sodium tablets), USP, 1.0 mg, Net Contents: [180 or 1000] tablets per bottle, For oral use in dogs only, Manufactured for: Aspen Veterinary Resources, LTD, Liberty, MO 64068. NDC 180 count bottle: 46066-098-38; NDC 1,000 count bottle: 46066-098-35. NADA 141-539","Animal drug, device or non-food product",https://www.accessdata.fda.gov/scripts/ires/?Product=202169
92686,202171,2023-08-04,"Neogen Corporation","ThyroKare (levothyroxine sodium tablets), USP, 1.0 mg, Net Contents: [180 or 1000] tablets per bottle, For oral use in dogs only, Manufactured by: Neogen Corporation, 944 Nandino Blvd, Lexington, KY 40511. NDC 180 count bottle: 59051-9126-0; NDC 1,000 count bottle: 59051-9126-8. NADA141-539","Animal drug, device or non-food product",https://www.accessdata.fda.gov/scripts/ires/?Product=202171
92716,202255,2023-08-21,"Ozona Organics LLC","OZONA ORGANICS PROBIOTICS FOR DOGS Net Wt. 4 ounces OZONA ORGANICS PROBIOTICS FOR CATS Net Wt. 4 ounces OZONA ORGANICS EQUINE BEYOND PROBIOTICS METABOLITES Net Wt. 128 ounces OZONA ORGANICS SWINE PROBIOTICS Net Wt. 128 ounces","Animal drug, device or non-food product",https://www.accessdata.fda.gov/scripts/ires/?Product=202255
92937,202950,2023-09-14,"Charles Siegel & Son","Natural Picking Stone packaged in cardboard box - 620g per stone, 6 stones per box","Not dog or cat food",https://www.accessdata.fda.gov/scripts/ires/?Product=202950
92925,202935,2023-09-20,"Intervet, Inc","Banamine NDC 0061-0851-03 Flunixin meglumine injection 100 mL Multiple-Dose Vial 50mg/mL Approved by FDA under NADA # 101-479 Distributed by: Intervet Inc d/b/a/Merck Animal Health Madison, NJ 07940 Made in: See imprint. Formulated in Germany by: Vet Pharma Friesoythe GmbH","Animal drug, device or non-food product",https://www.accessdata.fda.gov/scripts/ires/?Product=202935
92925,203049,2023-09-20,"Intervet, Inc","Banamine NDC 0061-0851-04 Flunixin meglumine injection 250 mL Multiple-Dose Vial 50mg/mL Approved by FDA under NADA # 101-479 Distributed by: Intervet Inc d/b/a/Merck Animal Health Madison, NJ 07940 Formulated in Germany by: Vet Pharma Friesoythe GmbH","Animal drug, device or non-food product",https://www.accessdata.fda.gov/scripts/ires/?Product=203049
92925,203055,2023-09-20,"Intervet, Inc","Banamine-S NDC 0061-1838-30 Flunixin meglumine injection Sterile 100 mL Multiple-Dose Vial 50mg/mL Approved by FDA under NADA # 101-479 Distributed by: Intervet Inc d/b/a/Merck Animal Health Madison, NJ 07940 Formulated in Germany by: Vet Pharma Friesoythe GmbH","Animal drug, device or non-food product",https://www.accessdata.fda.gov/scripts/ires/?Product=203055
92714,202234,2023-09-22,"HI-PRO FEEDS LLC","208 (50 lb.) multi-layer bags of ""Windy Acres Show Ration"" NO. 13395755 mfg. 04/19/2023.","Livestock feed or food for other animals",https://www.accessdata.fda.gov/scripts/ires/?Product=202234
92827,202654,2023-09-22,"Cargill, Inc         Corporate Headquarters","PL05173 LAPP Melvin B Lac Mon **Medicated** Lactating Dairy Cow Feed Monensin 48.98 g/ton. Net Wt. Bulk 4Ward Ag LLC, PO Box 35, Schaefferstown, PA 17088","Animal drug, device or non-food product",https://www.accessdata.fda.gov/scripts/ires/?Product=202654
92918,202909,2023-09-22,"Furst-McNess Company","McNess 18% Goat Starter M20 MP. Product Code No. B9251. For Growing Goats. Medicated. Net Wt 50 lb (22.68 kg). Manufactured by Furst-McNess Company, Rockford, IL 601108.","Animal drug, device or non-food product",https://www.accessdata.fda.gov/scripts/ires/?Product=202909
92718,202260,2023-09-28,"What The Raw","Single Dried Sardine packaged in shrink wrap. Individually sold. No labeling on product.","Not dog or cat food",https://www.accessdata.fda.gov/scripts/ires/?Product=202260
93076,203385,2023-09-28,"PURINA ANIMAL NUTRITION","Purina Game Bird 30% Protein Starter Crumbles. Optimum Nutrition for Strong starts and healthy Game Birds and Turkeys. Net Wt. 40 lb (18.14kg) UPC 8 04273-06513 7. Product Code 3005640-305. Formula Code 542W. Manufactured by Purina Animal Nutrition LLC Arden Hills, MN 55126.","Livestock feed or food for other animals",https://www.accessdata.fda.gov/scripts/ires/?Product=203385
93081,203425,2023-10-05,"Felix Generics Private Limited","Pivetal Fluroxin Flavored Tablets (enrofloxacin), Antibacterial Tablets, 68mg, a)50 Tablets (NDC 46066-019-31), b)250 Tablets (NDC 46066-019-33), Manufactured for Aspen Veterinary Resources, LTD, Liberty, MO 64068, Made in India","Animal drug, device or non-food product",https://www.accessdata.fda.gov/scripts/ires/?Product=203425
93081,203432,2023-10-05,"Felix Generics Private Limited","Covetrus Enrofloxacin Flavored Tablets, Antibacterial Tablets, 68mg, a)50 Tablets (NDC 11695-6955-5), b)250 Tablets (NDC11695-6955-2), Distributed by: Covetrus North America, Dublin, OH 43017, MO 64068, Made in India.","Animal drug, device or non-food product",https://www.accessdata.fda.gov/scripts/ires/?Product=203432
93081,203433,2023-10-05,"Felix Generics Private Limited","Vetone Enrosite"" (enrofloxacin) Flavored Tablets, Antibacterial Tablets, 68mg, a)50 Tablets (NDC 13985-979-50), b)250 Tablets (NDC 13985-979-25), Distributed by: MWI, Boise, ID 83705, Made in India.","Animal drug, device or non-food product",https://www.accessdata.fda.gov/scripts/ires/?Product=203433
93081,203434,2023-10-05,"Felix Generics Private Limited","Enrofloxacin¿ (enrofloxacin) Flavored Tablets, Antibacterial Tablets, 68mg, a)50 Tablets (NDC 17033-304-05), b)250 Tablets (NDC 17033-304-25), Distributed by: Dechra Veterinary Products, Overland Park, KS 66211, Made in India.","Animal drug, device or non-food product",https://www.accessdata.fda.gov/scripts/ires/?Product=203434
92709,202223,2023-10-10,"Martindale Feed Mill, Inc","Martindale Feed Mill MFM 14% All Purpose Pellet","Not dog or cat food",https://www.accessdata.fda.gov/scripts/ires/?Product=202223
93175,203605,2023-10-13,"PURINA ANIMAL NUTRITION","Purina Strategy Professional Formula GX, Pelleted Horse Feed. Product Code 3004620-206. Net Wt. 50 lb (22.67 kg). UPC 8 04273-05559 6. Manufactured by: Purina Animal Nutrition LLC, Arden Hills, MN 55126.","Livestock feed or food for other animals",https://www.accessdata.fda.gov/scripts/ires/?Product=203605
93008,203274,2023-10-17,"Lloyd Inc. of Iowa","Thyro-L (0.22% levothyroxine sodium powder, USP for horses), Net wt: [1 LB or 10 LB] per container. LLOYD, Inc., Shenandoah, Iowa 51601 USA","Livestock feed or food for other animals",https://www.accessdata.fda.gov/scripts/ires/?Product=203274
93130,203514,2023-10-18,"Buckley Brothers Inc","BB Cattle Stock packaged in 50lb paper bags","Livestock feed or food for other animals",https://www.accessdata.fda.gov/scripts/ires/?Product=203514
93133,203522,2023-10-18,"Intervet, Inc","Banamine NDC 0061-0851-03 Flunixin meglumine injection 100 mL Multiple-Dose Vial 50mg/mL Approved by FDA under NADA # 101-479 Distributed by: Intervet Inc d/b/a/Merck Animal Health Madison, NJ 07940 Made in: See imprint. Formulated in Germany by: Vet Pharma Friesoythe GmbH","Animal drug, device or non-food product",https://www.accessdata.fda.gov/scripts/ires/?Product=203522
93133,203523,2023-10-18,"Intervet, Inc","Banamine NDC 0061-0851-04 Flunixin meglumine injection 250 mL Multiple-Dose Vial 50mg/mL Approved by FDA under NADA # 101-479 Distributed by: Intervet Inc d/b/a/Merck Animal Health Madison, NJ 07940 Formulated in Germany by: Vet Pharma Friesoythe GmbH","Animal drug, device or non-food product",https://www.accessdata.fda.gov/scripts/ires/?Product=203523
93285,203835,2023-10-30,"PURINA ANIMAL NUTRITION","Purina Bird Luvers Blend Wild Bird Food. A blend of Grains for Birds. Item # 54KB_0048319. UPC 8 04273-01657 3. Net Wt 40 lb (18.14kg). Manufactured for Purina Animal Nutrition LLC, Arden Hills MN 55126.","Livestock feed or food for other animals",https://www.accessdata.fda.gov/scripts/ires/?Product=203835
93325,203969,2023-11-20,"Cargill, Inc         Corporate Headquarters","ML09143 R170.86 w/SBM Medicated","Animal drug, device or non-food product",https://www.accessdata.fda.gov/scripts/ires/?Product=203969
93365,204193,2023-11-20,"Scoular Grain Co","Milled Brown Flax - MBFG, packaged in 50lb bags and 2000lb totes.","Not dog or cat food",https://www.accessdata.fda.gov/scripts/ires/?Product=204193
93400,204262,2023-11-21,"Neogen Corporation","Thyrocryn (levothyroxine sodium tablets), USP, 0.4 mg, Net Contents: [180 or 1000] tablets per bottle, For oral use in dogs only, Manufactured for: Aspen Veterinary Resources, LTD, Liberty, MO 64068. NDC 180 count bottle: 46066-098-38; NDC 1,000 count bottle: 46066-093-35. NADA 141-539","Animal drug, device or non-food product",https://www.accessdata.fda.gov/scripts/ires/?Product=204262
93400,204263,2023-11-21,"Neogen Corporation","ThyroKare (levothyroxine sodium tablets), USP, 1.0 mg, Net Contents: [180 or 1000] tablets per bottle, For oral use in dogs only, Manufactured by: Neogen Corporation, 944 Nandino Blvd, Lexington, KY 40511. NDC 180 count bottle: 59051-9106-0; NDC 1,000 count bottle: 59051-9126-8. NADA 141-539","Animal drug, device or non-food product",https://www.accessdata.fda.gov/scripts/ires/?Product=204263
93424,204313,2023-11-22,"Cargill, Inc         Corporate Headquarters","Country Feeds Lamb Pellets 18% Package: 50 lb bag UPC: Product No.: 95259 GN 2304 Lot Code: 3J327112602 Shelf Life: 90 days from manufacture date (12/27/23)","Not dog or cat food",https://www.accessdata.fda.gov/scripts/ires/?Product=204313
93397,204254,2023-11-28,"Nova Biomedical Corporation","Nova Biomedical Prime Plus Vet Analyzer, Model: 57808 Nova Biomedical Prime Plus Vet Analyzer, Remanufactured Model 59422 with Prime Plus VET Software Release V1.17.1129.0, V3.2.1129.0, V1.50.1129.0. Indicated for use by veterinary healthcare professionals for quantitative determination of pH, Parti","Not dog or cat food",https://www.accessdata.fda.gov/scripts/ires/?Product=204254
93541,204692,2023-12-15,"Karl Storz Endoscopy","Injection Needle, diameter 2.2 mm, REF: 60260L. For Veterinary Use Only","Animal drug, device or non-food product",https://www.accessdata.fda.gov/scripts/ires/?Product=204692
93797,205450,2024-01-26,"Bimeda, Inc.","GentaMed Soluble Powder (Gentamicin Sulfate), Net Weight: 360 g (12.7 oz) per jar, For Animal Use Only, Manufactured by: Bimeda, Inc., Le Sueur, MN 56058. ANADA # 200-494","Animal drug, device or non-food product",https://www.accessdata.fda.gov/scripts/ires/?Product=205450
93694,205149,2024-01-29,"Pegasus Laboratories, Inc.","Proin ER"" (phenylpropanolamine hydrochloride extended-release tablets) 145 mg","Animal drug, device or non-food product",https://www.accessdata.fda.gov/scripts/ires/?Product=205149
93699,205154,2024-01-30,"D & D Commodities Limited","3-D Pet Products Premium Parrot Food, Net Wt. 4 lbs., packaged in plastic jar, UPC code 719195135045 , D&D Commodities, Inc., 420 O Street, Greeley, CO 80631.","Livestock feed or food for other animals",https://www.accessdata.fda.gov/scripts/ires/?Product=205154
93942,205976,2024-02-21,"Valley View Milling LLC","14% All Stock Feed, Valley View Milling LLC 2875 State Highway 63 Seneca, KS 66538. 50lb bag, Product Code Y140 1VV","Not dog or cat food",https://www.accessdata.fda.gov/scripts/ires/?Product=205976
93948,205985,2024-03-14,"Midway Co-op Association","Golden Feeds Show Base 13% in 50lb bags.","Not dog or cat food",https://www.accessdata.fda.gov/scripts/ires/?Product=205985
93948,205986,2024-03-14,"Midway Co-op Association","Golden Feeds Rolled Corn, feed ingredient, bulk","Not dog or cat food",https://www.accessdata.fda.gov/scripts/ires/?Product=205986
93948,205987,2024-03-14,"Midway Co-op Association","Midway Golden Feeds Custom GROWER, medicated, bulk.","Animal drug, device or non-food product",https://www.accessdata.fda.gov/scripts/ires/?Product=205987
94141,206422,2024-03-21,"Central Valley Ag Cooperative","GS Hamster/Gerbil + Turmeric, bulk super sacks","Livestock feed or food for other animals",https://www.accessdata.fda.gov/scripts/ires/?Product=206422
94285,206838,2024-04-05,"Karl Storz Endoscopy","Karl Storz SE & CO. KG, REF 723014, Uvula Retractor, For Veterinary Use Only, Rx Only","Animal drug, device or non-food product",https://www.accessdata.fda.gov/scripts/ires/?Product=206838
94212,206577,2024-04-18,"Countryside Feed, LLC","Replacement Gilt 4 + Skycis 18.1, bulk","Not dog or cat food",https://www.accessdata.fda.gov/scripts/ires/?Product=206577
94360,207026,2024-04-24,"Bimeda, Inc.","GentaMed Soluble Powder (Gentamicin Sulfate), Net Weight: 360 g (12.7 oz) per jar, For Animal Use Only, Manufactured by: Bimeda, Inc., Le Sueur, MN 56058. ANADA # 200-494","Animal drug, device or non-food product",https://www.accessdata.fda.gov/scripts/ires/?Product=207026
94404,207172,2024-04-29,"Cronus Pharma","Clindamycin Hydrochloride Capsules, 75 mg, 200 count bottles NDC# 69043-014-20","Animal drug, device or non-food product",https://www.accessdata.fda.gov/scripts/ires/?Product=207172
94404,207257,2024-04-29,"Cronus Pharma","Clindamycin Hydrochloride Capsules, 150 mg, 100 & 500 count bottles NDC# 69043-015-01","Animal drug, device or non-food product",https://www.accessdata.fda.gov/scripts/ires/?Product=207257
94404,207258,2024-04-29,"Cronus Pharma","Clindamycin Hydrochloride Capsules, 300 mg, 100 count bottles NDC# 69043-016-01","Animal drug, device or non-food product",https://www.accessdata.fda.gov/scripts/ires/?Product=207258
94404,207259,2024-04-29,"Cronus Pharma","Clindamycin Hydrochloride Capsules, 25 mg, 200 count bottles NDC# 69043-013-01","Animal drug, device or non-food product",https://www.accessdata.fda.gov/scripts/ires/?Product=207259
94391,207147,2024-05-07,"Masimo Corporation","Masimo Rad-G Refurbished, Pulse Oximeter, REF:29097 Rx Only,","Animal drug, device or non-food product",https://www.accessdata.fda.gov/scripts/ires/?Product=207147
94391,207148,2024-05-07,"Masimo Corporation","Masimo Rad-G Pulse Oximeter, REF:99025 Rx Only,","Animal drug, device or non-food product",https://www.accessdata.fda.gov/scripts/ires/?Product=207148
94399,207161,2024-05-07,"Cargill, Inc         Corporate Headquarters","Nutrena brand Country Feeds Meatbird 22% Crumble UPC: 722304334239 Net Wt. 50 LB (22.67 kg) Product Code: 95188. Packaged in a poly-woven bag.","Not dog or cat food",https://www.accessdata.fda.gov/scripts/ires/?Product=207161
94503,207332,2024-05-10,"MFA Inc","CS 700 2G Crumbles, Medicated. 50lb bag","Animal drug, device or non-food product",https://www.accessdata.fda.gov/scripts/ires/?Product=207332
94503,207333,2024-05-10,"MFA Inc","MFA Cattle Charge CS700 2X Pellet, Medicated, Net Wt 50lb or Bulk Pellet.","Animal drug, device or non-food product",https://www.accessdata.fda.gov/scripts/ires/?Product=207333
94503,207334,2024-05-10,"MFA Inc","MFA Cattle Charge CS700 Pellet, Medicated. 50lb bag or bulk","Animal drug, device or non-food product",https://www.accessdata.fda.gov/scripts/ires/?Product=207334
94503,207335,2024-05-10,"MFA Inc","Trendsetter Developer CS700 Pellet, Medicated, bulk","Animal drug, device or non-food product",https://www.accessdata.fda.gov/scripts/ires/?Product=207335
94549,207549,2024-05-14,"GRANDE CHEESE COMPANY","WPC FEED Tote Dried Whey Protein Concentrate, SKU 32199","Not dog or cat food",https://www.accessdata.fda.gov/scripts/ires/?Product=207549
94549,207550,2024-05-14,"GRANDE CHEESE COMPANY","Lactose-80M FEED 25kg Lam, SKU 30696","Not dog or cat food",https://www.accessdata.fda.gov/scripts/ires/?Product=207550
94549,207551,2024-05-14,"GRANDE CHEESE COMPANY","Lactose FEED Tote, SKU 30699","Not dog or cat food",https://www.accessdata.fda.gov/scripts/ires/?Product=207551
94549,207552,2024-05-14,"GRANDE CHEESE COMPANY","WPC 80 - FEED Tote, Dried Whey Protein Concentrate, SKU 32299","Not dog or cat food",https://www.accessdata.fda.gov/scripts/ires/?Product=207552
94549,207554,2024-05-14,"GRANDE CHEESE COMPANY","WPI 90 - FEED Tote, Dried Whey Protein Isolate, SKU 32399","Not dog or cat food",https://www.accessdata.fda.gov/scripts/ires/?Product=207554
94343,207418,2024-05-29,"ADM Alliance Nutrition, Inc.","10130AB Seniorglo 50 pound bag","Not dog or cat food",https://www.accessdata.fda.gov/scripts/ires/?Product=207418
94343,207444,2024-05-29,"ADM Alliance Nutrition, Inc.","11153AE Showtec MoorMan's Showtec Lamb Creep DC 50 pound bag","Livestock feed or food for other animals",https://www.accessdata.fda.gov/scripts/ires/?Product=207444
94343,207445,2024-05-29,"ADM Alliance Nutrition, Inc.","11156AE Showtec Fast Fat MoorMan's Showtec A Supplement for Goats, Lambs, and Calves 50 pound bag","Livestock feed or food for other animals",https://www.accessdata.fda.gov/scripts/ires/?Product=207445
94343,207446,2024-05-29,"ADM Alliance Nutrition, Inc.","11228AAA6F and 11228BL Pro Vita Min 20 5 Tub MoorMan's Showtec 125 and 200 pound tub","Not dog or cat food",https://www.accessdata.fda.gov/scripts/ires/?Product=207446
94343,207447,2024-05-29,"ADM Alliance Nutrition, Inc.","11258AB Showtec Ewe Breeder MoorMan's Showtec 50 pound bag","Not dog or cat food",https://www.accessdata.fda.gov/scripts/ires/?Product=207447
94343,207448,2024-05-29,"ADM Alliance Nutrition, Inc.","12164AAA24 Maxlean GF Complete 1.10 ADM Animal Nutrition 50 pound bag","Not dog or cat food",https://www.accessdata.fda.gov/scripts/ires/?Product=207448
94343,207449,2024-05-29,"ADM Alliance Nutrition, Inc.","12286CVW MotivAte 12 15 DEN ADM Animal Nutrition 50 pound bag","Not dog or cat food",https://www.accessdata.fda.gov/scripts/ires/?Product=207449
94343,207450,2024-05-29,"ADM Alliance Nutrition, Inc.","12343AAA ShowTec Sow Ration with Thermal Care Moorman's Showtec 50 pound bag","Livestock feed or food for other animals",https://www.accessdata.fda.gov/scripts/ires/?Product=207450
94343,207451,2024-05-29,"ADM Alliance Nutrition, Inc.","12354AAA MaxLean GF Concentrate ADM Animal Nutrition 50 pound bag","Not dog or cat food",https://www.accessdata.fda.gov/scripts/ires/?Product=207451
94343,207452,2024-05-29,"ADM Alliance Nutrition, Inc.","14560AGN ShowTec 14.5/6 BMD Moorman's Showtec 50 pound bag","Not dog or cat food",https://www.accessdata.fda.gov/scripts/ires/?Product=207452
94343,207453,2024-05-29,"ADM Alliance Nutrition, Inc.","15350AGN ShowTec Lo Fat 15 BMD Moorman's Showtec 50 pound bag","Not dog or cat food",https://www.accessdata.fda.gov/scripts/ires/?Product=207453
94343,207454,2024-05-29,"ADM Alliance Nutrition, Inc.","16700AGN MoorMan's ShowTec Hi Fat 16 BMD 50 pound bag","Not dog or cat food",https://www.accessdata.fda.gov/scripts/ires/?Product=207454
94343,207455,2024-05-29,"ADM Alliance Nutrition, Inc.","18007AGN and 18007AGNE4 ShowTec Hi Fat 18 BMD Moorman's Showtec 50 pound bag","Not dog or cat food",https://www.accessdata.fda.gov/scripts/ires/?Product=207455
94343,207456,2024-05-29,"ADM Alliance Nutrition, Inc.","18241AGNE4 ShowTec BB 18 BMD Moorman's Showtec 50 pound bag","Not dog or cat food",https://www.accessdata.fda.gov/scripts/ires/?Product=207456
94343,207457,2024-05-29,"ADM Alliance Nutrition, Inc.","18241PLM and 18241PLME4 ShowTec BB 18 BMD/DBZ Moorman's Showtec 50 pound bag","Not dog or cat food",https://www.accessdata.fda.gov/scripts/ires/?Product=207457
94343,207458,2024-05-29,"ADM Alliance Nutrition, Inc.","21256CVWE4 MoorMan s ShowTec Sale Burst w/DF DEN 50 pound bag","Not dog or cat food",https://www.accessdata.fda.gov/scripts/ires/?Product=207458
94343,207459,2024-05-29,"ADM Alliance Nutrition, Inc.","24320AYWE4 MoorMan s ShowTec Burst Starter w/DF CTC/DEN and MoorMan s ShowTec Sale Burst w/DF CTC/DEN 50 pound bag","Not dog or cat food",https://www.accessdata.fda.gov/scripts/ires/?Product=207459
94343,207460,2024-05-29,"ADM Alliance Nutrition, Inc.","24320CVW MoorMan's ShowTec Burst Starter w/DF DEN 50 pound bag","Not dog or cat food",https://www.accessdata.fda.gov/scripts/ires/?Product=207460
94343,207461,2024-05-29,"ADM Alliance Nutrition, Inc.","53616AAA24 CBP Plus ADM Animal Nutrition 50 pound bag","Not dog or cat food",https://www.accessdata.fda.gov/scripts/ires/?Product=207461
94343,207462,2024-05-29,"ADM Alliance Nutrition, Inc.","54229XNK AMPT A CTC/IGR ADM Animal Nutrition 50 pound bag","Not dog or cat food",https://www.accessdata.fda.gov/scripts/ires/?Product=207462
94343,207463,2024-05-29,"ADM Alliance Nutrition, Inc.","54707AAA1K Roughage Buster 80 10 Breed Right ADM Animal Nutrition 50 pound bag","Not dog or cat food",https://www.accessdata.fda.gov/scripts/ires/?Product=207463
94343,207464,2024-05-29,"ADM Alliance Nutrition, Inc.","55176AAA6H ADM 30/15 Cattle Tub ADM Animal Nutrition 200 pound tub","Livestock feed or food for other animals",https://www.accessdata.fda.gov/scripts/ires/?Product=207464
94343,207465,2024-05-29,"ADM Alliance Nutrition, Inc.","55180AAA6H ADM 20% All Stock Tub Garlium ADM Animal Nutrition 200 pound tub","Not dog or cat food",https://www.accessdata.fda.gov/scripts/ires/?Product=207465
94343,207466,2024-05-29,"ADM Alliance Nutrition, Inc.","594AAA24 Grostrong 33 Ration Balancer ADM Animal Nutrition 50 pound bag","Not dog or cat food",https://www.accessdata.fda.gov/scripts/ires/?Product=207466
94343,207467,2024-05-29,"ADM Alliance Nutrition, Inc.","625CW W/M Sheep Mineral MoorMans 50 pound bag","Livestock feed or food for other animals",https://www.accessdata.fda.gov/scripts/ires/?Product=207467
94343,207468,2024-05-29,"ADM Alliance Nutrition, Inc.","641BT Grostrong HRS Minerals ADM Animal Nutrition 25 pound bag","Not dog or cat food",https://www.accessdata.fda.gov/scripts/ires/?Product=207468
94343,207469,2024-05-29,"ADM Alliance Nutrition, Inc.","70009AAA44, 70009AAA46, and 70009AAABE Pen Pals Chicken Starter Grower 50 pound and 25 pound bag and case","Not dog or cat food",https://www.accessdata.fda.gov/scripts/ires/?Product=207469
94343,207470,2024-05-29,"ADM Alliance Nutrition, Inc.","70009ACF44 and 70009ACF46 Pen Pals Chicken Starter Grower 50 and 25 pound bag","Not dog or cat food",https://www.accessdata.fda.gov/scripts/ires/?Product=207470
94343,207471,2024-05-29,"ADM Alliance Nutrition, Inc.","70010AAAE4 Pen Pals Egg Maker Complete 50 pound bag","Not dog or cat food",https://www.accessdata.fda.gov/scripts/ires/?Product=207471
94343,207472,2024-05-29,"ADM Alliance Nutrition, Inc.","80021AAA24 Patriot Performance Patriot 50 pound bag","Not dog or cat food",https://www.accessdata.fda.gov/scripts/ires/?Product=207472
94343,207473,2024-05-29,"ADM Alliance Nutrition, Inc.","80022AAA24 Patriot Mare & Foal 50 pound bag","Not dog or cat food",https://www.accessdata.fda.gov/scripts/ires/?Product=207473
94343,207474,2024-05-29,"ADM Alliance Nutrition, Inc.","80029AAA24 Patriot Senior Complete 50 pound bag","Not dog or cat food",https://www.accessdata.fda.gov/scripts/ires/?Product=207474
94343,207475,2024-05-29,"ADM Alliance Nutrition, Inc.","80033AAA Pen Pals Professional Rabbit 18 50 pound bag","Livestock feed or food for other animals",https://www.accessdata.fda.gov/scripts/ires/?Product=207475
94343,207476,2024-05-29,"ADM Alliance Nutrition, Inc.","80101AAA14 PP Egg Maker Concentrate Pen Pals 50 pound bag","Not dog or cat food",https://www.accessdata.fda.gov/scripts/ires/?Product=207476
94343,207477,2024-05-29,"ADM Alliance Nutrition, Inc.","80128AAA24 Patriot Feed Easy Complete 50 pound bag","Not dog or cat food",https://www.accessdata.fda.gov/scripts/ires/?Product=207477
94343,207478,2024-05-29,"ADM Alliance Nutrition, Inc.","80864CAUE4 Meat Goat Power 18 RU ADM Animal Nutrition 50 pound bag","Livestock feed or food for other animals",https://www.accessdata.fda.gov/scripts/ires/?Product=207478
94343,207479,2024-05-29,"ADM Alliance Nutrition, Inc.","80865CAUE4 Meat Goat Power 16 MON ADM Animal Nutrition 50 pound bag","Livestock feed or food for other animals",https://www.accessdata.fda.gov/scripts/ires/?Product=207479
94343,207480,2024-05-29,"ADM Alliance Nutrition, Inc.","80869AAA14 Goat Power Mineral ADM Animal Nutrition 50 pound bag","Livestock feed or food for other animals",https://www.accessdata.fda.gov/scripts/ires/?Product=207480
94343,207481,2024-05-29,"ADM Alliance Nutrition, Inc.","80909BGXE4 21% Lamb Creep BT ADM Animal Nutrition 50 pound bag","Livestock feed or food for other animals",https://www.accessdata.fda.gov/scripts/ires/?Product=207481
94343,207482,2024-05-29,"ADM Alliance Nutrition, Inc.","80910BGXE4 18% Lamb Grower CIT BT ADM Animal Nutrition 50 pound bag","Not dog or cat food",https://www.accessdata.fda.gov/scripts/ires/?Product=207482
94343,207483,2024-05-29,"ADM Alliance Nutrition, Inc.","80915AAAE4 36% Sheep Concentrate ADM Animal Nutrition 50 pound bag","Livestock feed or food for other animals",https://www.accessdata.fda.gov/scripts/ires/?Product=207483
94343,207484,2024-05-29,"ADM Alliance Nutrition, Inc.","80915MVOE4 36% Sheep Concentrate BT ADM Animal Nutrition 50 pound bag","Livestock feed or food for other animals",https://www.accessdata.fda.gov/scripts/ires/?Product=207484
94343,207485,2024-05-29,"ADM Alliance Nutrition, Inc.","80955AAA24 Juniorglo Horse Feed ADM Animal Nutrition 50 pound bag","Livestock feed or food for other animals",https://www.accessdata.fda.gov/scripts/ires/?Product=207485
94343,207486,2024-05-29,"ADM Alliance Nutrition, Inc.","81527AAA6F ADM AN Sheep & Goat Tub ADM Animal Nutrition 125 pound tub","Livestock feed or food for other animals",https://www.accessdata.fda.gov/scripts/ires/?Product=207486
94343,207487,2024-05-29,"ADM Alliance Nutrition, Inc.","81657AAA Pen Pals Professional Show Rabbit 50 pound bag","Livestock feed or food for other animals",https://www.accessdata.fda.gov/scripts/ires/?Product=207487
94343,207488,2024-05-29,"ADM Alliance Nutrition, Inc.","81680AAAC4 Sweet Unique All Stock ADM Animal Nutrition 50 pound bag","Not dog or cat food",https://www.accessdata.fda.gov/scripts/ires/?Product=207488
94343,207489,2024-05-29,"ADM Alliance Nutrition, Inc.","81681AAA24 Forage First Hay Extender 50 pound bag","Not dog or cat food",https://www.accessdata.fda.gov/scripts/ires/?Product=207489
94343,207490,2024-05-29,"ADM Alliance Nutrition, Inc.","81723AAAE4 Goat Power 36% Concentrate ADM Animal Nutrition 50 pound bag","Livestock feed or food for other animals",https://www.accessdata.fda.gov/scripts/ires/?Product=207490
94343,207491,2024-05-29,"ADM Alliance Nutrition, Inc.","81731AAA1M Rack Plus Deer Mineral 22.05 pound bag","Livestock feed or food for other animals",https://www.accessdata.fda.gov/scripts/ires/?Product=207491
94343,207492,2024-05-29,"ADM Alliance Nutrition, Inc.","81885AAA6F Summer Care Tub Forage First 125 pound tub","Not dog or cat food",https://www.accessdata.fda.gov/scripts/ires/?Product=207492
94652,207932,2024-05-31,"Chr Hansen, Inc.","Chr Hansen Bovamine Dairy (2K), 500 g pouch. Living Probiotic. Item number 715261. UPC 0 78631-15261 0. A viable microbial product for Dairy Cattle. Contains a source of live (viable), naturally occurring microorganisms. Net Weight 500g (17.64 oz). Manufactured by Chr. Hanson, Inc., 9015 West Maple ","Animal drug, device or non-food product",https://www.accessdata.fda.gov/scripts/ires/?Product=207932
94652,207982,2024-05-31,"Chr Hansen, Inc.","Chr Hansen Bovamine Dairy Blender Mix (1T) 12.6 kg bucket. Item number 715251 A viable microbial product for Dairy Cattle. Contains a source of live (viable), naturally occurring microorganisms.","Livestock feed or food for other animals",https://www.accessdata.fda.gov/scripts/ires/?Product=207982
94652,207984,2024-05-31,"Chr Hansen, Inc.","Chr Hansen Bovamine Beef 12.6 kg bucket. Item number 715260. UPC 0 78631-15260 3. Direct Fed Microbial Additive for Feedlot Cattle. A viable microbial product for Dairy Cattle. Contains a source of live (viable), naturally occurring microorganisms. Net Weight: 500g (17.64 oz). Manufactured by: Chr. ","Livestock feed or food for other animals",https://www.accessdata.fda.gov/scripts/ires/?Product=207984
94652,207985,2024-05-31,"Chr Hansen, Inc.","Chr Hansen Bovamine Phoenix Probac 40 lb. bag. Item number 717124. Viable microbial product for Dairy Cattle. Contains a source of live (viable), naturally occurring microorganisms, hydrolyzed yeast and Aspergillus oryzae fermentation product. Net Weight: 40 Pounds (18.14 kg). Manufactured by: Chr. ","Livestock feed or food for other animals",https://www.accessdata.fda.gov/scripts/ires/?Product=207985
94652,207987,2024-05-31,"Chr Hansen, Inc.","Chr Hansen Bovamine Defend 1 lb. pouch. Item number 717164. Probiotic Feed Additive for Beef Cattle. Contains a source of live (viable), naturally occurring microorganisms. Net Weight: 1 lb (453.6g). Manufactured by: Chr. Hansen, Inc., 9015 West Maple Street, Milwaukee, WI 53214.","Animal drug, device or non-food product",https://www.accessdata.fda.gov/scripts/ires/?Product=207987
94652,207989,2024-05-31,"Chr Hansen, Inc.","Chr Hansen Bovamine Defend 600 gram pouch. Item number 717250. UPC 0 78631-17250 2. Viable Microbial Product for Feedlot Cattle. For improving weight gain and feed efficiency. Net Weight: 600 grams (21.16 oz). Manufactured by: Chr. Hansen, Inc., 9015 West Maple Street, Milwaukee, WI 53214.","Livestock feed or food for other animals",https://www.accessdata.fda.gov/scripts/ires/?Product=207989
94652,207990,2024-05-31,"Chr Hansen, Inc.","Chr Hansen Bio Plus 2B. 20 kg bags Item number 718578. UPC 0 78631-18578 6. Viable Microbial Product for use in swine, calf, and turkey feeds. Contains a source of live (viable), naturally occurring microorganisms. Net Weight: 20 kg (44.09 lb). Manufactured by: Chr. Hansen, Inc., 9015 West Maple Str","Livestock feed or food for other animals",https://www.accessdata.fda.gov/scripts/ires/?Product=207990
94652,207993,2024-05-31,"Chr Hansen, Inc.","Chr Hansen Bovamine Dairy Plus 2K Dose, 500 g pouch Item number 718704. UPC 78631-18704. Viable Microbial product for dairy cattle. Contains a source of live (viable), naturally occurring microorganisms. Net Weight: 500g (17.64 oz). Manufactured by: Chr. Hansen, Inc., 9015 West Maple Street, Milwauk","Livestock feed or food for other animals",https://www.accessdata.fda.gov/scripts/ires/?Product=207993
94652,207994,2024-05-31,"Chr Hansen, Inc.","Chr Hansen Bovamine Dairy Bolus, 20 g pouch Item number 720028. Viable Microbial product for dairy cattle. Contains a source of live (viable), naturally occurring microorganisms. Net Weight: 20g (0.7 oz). Manufactured by: Chr. Hansen, Inc., 9015 West Maple Street, Milwaukee, WI 53214.","Livestock feed or food for other animals",https://www.accessdata.fda.gov/scripts/ires/?Product=207994
94652,207995,2024-05-31,"Chr Hansen, Inc.","Chr Hansen Bovamine Defend Plus, 500 g pouch Item number 723545. Direct Fed Microbial Feed Additive for Feedlot Cattle. Contains a source of live (viable), naturally occurring microorganisms. Net Weight: 500g (17.64 oz). Manufactured by: Chr. Hansen, Inc., 9015 West Maple Street, Milwaukee, WI 53214","Livestock feed or food for other animals",https://www.accessdata.fda.gov/scripts/ires/?Product=207995
94652,207996,2024-05-31,"Chr Hansen, Inc.","Chr Hansen BioPlus 2Bw 90 g pouch Item number 727405. Viable microbial produt for sows and piglets. Contains a source of live (viable), naturally occurring microorganisms. Net Weight: 90g (3.2 oz). Manufactured by: Chr. Hansen, Inc., 9015 West Maple Street, Milwaukee, WI 53214.","Livestock feed or food for other animals",https://www.accessdata.fda.gov/scripts/ires/?Product=207996
94849,208487,2024-07-01,"Vitakraft Sun Seed Inc","VitaKraft - Sun Seed Vita Prima Hedgehog Food packaged in 25 ounce plastic bags - 12 bags per case","Livestock feed or food for other animals",https://www.accessdata.fda.gov/scripts/ires/?Product=208487
94904,208740,2024-07-11,"Vitakraft Sun Seed Inc","Vitakraft Vita Smart Hedgehog Food packaged in 25 ounce plastic bags - 12 bags per case","Livestock feed or food for other animals",https://www.accessdata.fda.gov/scripts/ires/?Product=208740
94940,208853,2024-07-17,"Centra Sota Cooperative","Whole corn, Net Weight 50 lbs. (22.68 kg), bags. Bagged for Centra Sota Cooperative, St. Martin, MN 56376","Not dog or cat food",https://www.accessdata.fda.gov/scripts/ires/?Product=208853
94996,209083,2024-08-08,"Furst-McNess Company","McNess Ewetopia Lactation QP, for ewes, Product Code No. B9074. Net Wt 50 lb (22.68kg). Manufactured by Furst-McNess Company, Rockford IL 61108.","Livestock feed or food for other animals",https://www.accessdata.fda.gov/scripts/ires/?Product=209083
95092,209442,2024-08-26,"Professional Compounding Centers of America dba PCCA","PCCA, Ronidazole, Packaged on: Jul 2024, For Veterinary Use Only, UPC Code: 624643079348, This drug was repackaged by PCCA, 9901 S. Wilcrest Drive, Houston, Texas 7709, PCCA Item Number: 30-3814, PCCA NDC# 51927-3814-0, strength 1kg/kg, size: a.) 5gm b.) 25gm c.) 100gm d.) 1000gm","Animal drug, device or non-food product",https://www.accessdata.fda.gov/scripts/ires/?Product=209442
95163,209637,2024-09-04,"Countryside Feed, LLC","Oleen Cattle Course Rolled Corn. Bulk or 50 lb (22.57 kg) Net. Manufactured by: Countryside Feed, LLC, Hillsboro, KS 67063.","Livestock feed or food for other animals",https://www.accessdata.fda.gov/scripts/ires/?Product=209637
95177,209679,2024-09-10,"LGM Pharma LLC","Ronidazole, NDC# 17369-301-01, For Veterinary Compounding Use Only, Rx Only, Manufactured by Menadiona, SL, Pol. Ind. Mas Puigvert s/n, 08389 Palafolls-Barcelona- Spain, size and batch number: a) 5kg, 3034/20924; b) 6kg, 3034/20920, 3034/20908; c) 8kg, 3034/30934; d) 10kg, 3034/30934; e)20kg, 3034/2","Animal drug, device or non-food product",https://www.accessdata.fda.gov/scripts/ires/?Product=209679
95252,209826,2024-09-27,"Livestock Nutrition Center, L.L.C.","LNC Pasture Gold 24-5 Pellet, For further manufacturing of feed or as a source of supplemental feed; Bulk; For beef cattle","Livestock feed or food for other animals",https://www.accessdata.fda.gov/scripts/ires/?Product=209826
95130,209539,2024-10-07,"WESTWAY FEED PRODUCTS LLC","50lb bags dried molasses","Livestock feed or food for other animals",https://www.accessdata.fda.gov/scripts/ires/?Product=209539
95136,209563,2024-10-07,"Vita Plus Corporation","Cattle's Choice - Bova/DBZ, Medicated, Mineral for Dairy and Beef Cattle. Item 001033. Net Weight 50 lb (22.6 kg) or bulk. Active Drug Ingredient, Lasalocid. 1,440 g/ton. Vita Plus Corporation, Madison, WI 53713.","Animal drug, device or non-food product",https://www.accessdata.fda.gov/scripts/ires/?Product=209563
95136,209640,2024-10-07,"Vita Plus Corporation","Cattle's Choice - Bova, Medicated, Mineral for Dairy and Beef Cattle. Item 001066. Net Weight 50 lb (22.6 kg). Active Drug Ingredient, Lasalocid. 1,440 g/ton. Vita Plus Corporation, Madison, WI 53713.","Animal drug, device or non-food product",https://www.accessdata.fda.gov/scripts/ires/?Product=209640
95136,209642,2024-10-07,"Vita Plus Corporation","VP Deer mineral. Mineral Supplement for Deer. Item 003365. Net Weight 50 lb (22.6 kg). Vita Plus Corporation, Madison, WI 53713.","Livestock feed or food for other animals",https://www.accessdata.fda.gov/scripts/ires/?Product=209642
95136,209646,2024-10-07,"Vita Plus Corporation","Badger Breeder Mineral For Cattle on Average to High Quality Forage. Item 074050. Net Weight 50 lb (22.6 kg). Vita Plus Corporation, Madison, WI 53713.","Livestock feed or food for other animals",https://www.accessdata.fda.gov/scripts/ires/?Product=209646
95136,209647,2024-10-07,"Vita Plus Corporation","TNI Beef Cow Mineral-RUM/DBZ Medicated. For Mature Reproducing Cows. Item 076279. Net Weight 50 lb (22.6 kg). Active Drug Ingredient Monensin 1,601 g/ton and Diflubenzuron 508.74 g/ton. Vita Plus Corporation, Madison, WI 53713.","Animal drug, device or non-food product",https://www.accessdata.fda.gov/scripts/ires/?Product=209647
95136,209649,2024-10-07,"Vita Plus Corporation","TNI Beef Cow Mineral-Garlic BOVA Medicated. For Beef Cattle on Pasture. Item 076293. Net Weight 50 lb (22.6 kg). Active Drug Ingredient Lasalocid 1,440 g/ton. Vita Plus Corporation, Madison, WI 53713.","Animal drug, device or non-food product",https://www.accessdata.fda.gov/scripts/ires/?Product=209649
95136,209650,2024-10-07,"Vita Plus Corporation","Kowalski Quality Feeds EUP. Cow/Calf Mineral For Beef Cattle. Item 078446. Net Weight 50 lb (22.6 kg). Vita Plus Corporation, Madison, WI 53713.","Livestock feed or food for other animals",https://www.accessdata.fda.gov/scripts/ires/?Product=209650
95136,209651,2024-10-07,"Vita Plus Corporation","Litchfield Beef Cow Mineral. W/Vit D. For Mature Reproducing Beef Cows. Item 089000. Net Weight 50 lb (22.6 kg). Vita Plus Corporation, Madison, WI 53713.","Not dog or cat food",https://www.accessdata.fda.gov/scripts/ires/?Product=209651
95136,209652,2024-10-07,"Vita Plus Corporation","Anichlor Pellet - RUM Medicated. For Dry Dairy Cattle. Item 808990. Net Weight 50 lb (22.6 kg). Active Drug Ingredient Monensin 220 g/ton. Vita Plus Corporation, Madison, WI 53713.","Animal drug, device or non-food product",https://www.accessdata.fda.gov/scripts/ires/?Product=209652
95136,209653,2024-10-07,"Vita Plus Corporation","Andrew Don Bison Mineral. For Cattle at Calving & Breeding Time. Item 945406. Net Weight 50 lb (22.6 kg). Vita Plus Corporation, Madison, WI 53713.","Livestock feed or food for other animals",https://www.accessdata.fda.gov/scripts/ires/?Product=209653
95136,209654,2024-10-07,"Vita Plus Corporation","Maplebrook Cattle Mineral - IGR. For Beef Cattle on Pasture. Item 957917. Net Weight 50 lb (22.6 kg). Active ingredient S-Methoprene 117.49 g/ton. Hopkins Elevator, Inc., Box 247, Hopkins, MI 49328.","Livestock feed or food for other animals",https://www.accessdata.fda.gov/scripts/ires/?Product=209654
95136,209655,2024-10-07,"Vita Plus Corporation","Johnson Cliff Custom Pellet. A supplemental Grain Mix for Deer. Item 434881. Random Bag Weight. Active ingredient S-Methoprene 117.49 g/ton. Vita Plus -Loyal, Smith Feed Service, Inc., Loyal, Wisconsin 54446.","Livestock feed or food for other animals",https://www.accessdata.fda.gov/scripts/ires/?Product=209655
95136,209656,2024-10-07,"Vita Plus Corporation","Schaefer, Kurt Customer Protein Pellet. For Lactating Dairy Cattle. Item 729050B. Net Weight 50 lb (22.6kg). Vita Plus - Lake Mills, Lake Mills Feed & Grain, Inc., Lake Mills, Wisconsin 53551.","Livestock feed or food for other animals",https://www.accessdata.fda.gov/scripts/ires/?Product=209656
95136,209657,2024-10-07,"Vita Plus Corporation","Chicory Meadows Lamb #3-BOVA. For Growing Lambs. Item 850182. Net Weight 50 lb (22.6kg). Active Ingredient Lasalocid 60 g/ton. Vita Plus Corporation, Columbus, Wisconsin 53925.","Not dog or cat food",https://www.accessdata.fda.gov/scripts/ires/?Product=209657
95136,209658,2024-10-07,"Vita Plus Corporation","Miller Greg Grain Mix. For Dairy Cattle. Item 850720B. Net Weight 50 lb (22.6kg). Vita Plus Corporation, Columbus, Wisconsin 53925.","Livestock feed or food for other animals",https://www.accessdata.fda.gov/scripts/ires/?Product=209658
95433,210261,2024-10-08,"Vita Plus Corporation","Leibfried Feed Pasture Mineral-AUREO/IGR. Medicated. For Beef Cattle. Item 076121. Net Weight 50 lb (22.6kg). Vita Plus Corporation, General Offices, Madison, Wisconsin 53713.","Animal drug, device or non-food product",https://www.accessdata.fda.gov/scripts/ires/?Product=210261
95328,209987,2024-10-17,"ELANCO US INC","CLARO (florfenicol, terbinafine, mometasone furoate), Otic Solution for use in dogs only, Net Contents: 10 x 1 mL single dose dropperettes, Manufactured for Elanco US INc., Shawnee, KS 66216; Made in Germany. NADA # 141-440","Animal drug, device or non-food product",https://www.accessdata.fda.gov/scripts/ires/?Product=209987
95560,210590,2024-10-29,"ELANCO US INC","NutriQuest Lipinate Easy Add NET WT 40 lb (18.14 kg). Packaged in white woven poly bags.","Recalled by an animal-drug maker or pharmacy",https://www.accessdata.fda.gov/scripts/ires/?Product=210590
95569,210624,2024-10-29,"Kreamer Feed, Inc.","65500 NAE Swine 5 Pellets. Bulk Truck Load Item code:P7655","Livestock feed or food for other animals",https://www.accessdata.fda.gov/scripts/ires/?Product=210624
95569,210626,2024-10-29,"Kreamer Feed, Inc.","Conventional Grower Guinea, Bulk truck load. Item code:P8420","Not dog or cat food",https://www.accessdata.fda.gov/scripts/ires/?Product=210626
95569,210746,2024-10-29,"Kreamer Feed, Inc.","NGMO BR FIN PELL. Bulk truck load. Item code: GP572","Not dog or cat food",https://www.accessdata.fda.gov/scripts/ires/?Product=210746
95569,210747,2024-10-29,"Kreamer Feed, Inc.","61500 NAE Swine 1 Pellets. Bulk Truck Load Item code:P7615","Livestock feed or food for other animals",https://www.accessdata.fda.gov/scripts/ires/?Product=210747
95569,210748,2024-10-29,"Kreamer Feed, Inc.","62500 NAE Swine 2 Pellets. Bulk Truck Load Item code:P7625","Livestock feed or food for other animals",https://www.accessdata.fda.gov/scripts/ires/?Product=210748
95569,210749,2024-10-29,"Kreamer Feed, Inc.","63500 NAE Swine 3 Pellets. Bulk Truck Load Item code:P7635","Livestock feed or food for other animals",https://www.accessdata.fda.gov/scripts/ires/?Product=210749
95569,210750,2024-10-29,"Kreamer Feed, Inc.","64500 NAE Swine 4 Pellets. Bulk Truck Load Item code:P7645","Livestock feed or food for other animals",https://www.accessdata.fda.gov/scripts/ires/?Product=210750
94920,208810,2024-11-27,"Bell-More Labs, Inc.","Hyaluronate Sodium/Sulfated Glycosaminoglycan Vials placed in cartons, then cartons placed in boxes for shipping.","Not dog or cat food",https://www.accessdata.fda.gov/scripts/ires/?Product=208810
94920,208811,2024-11-27,"Bell-More Labs, Inc.","Hyaluronate Sodium/Sulfated Glycosaminoglycan Vials placed in cartons, then cartons placed in boxes for shipping.","Not dog or cat food",https://www.accessdata.fda.gov/scripts/ires/?Product=208811
94920,208812,2024-11-27,"Bell-More Labs, Inc.","Sulfate Glycosaminoglycan solution Vials placed in cartons, then cartons placed in boxes for shipping.","Not dog or cat food",https://www.accessdata.fda.gov/scripts/ires/?Product=208812
94920,208813,2024-11-27,"Bell-More Labs, Inc.","Polyglycan¿ 10 mL Composed of highly viscous aqueous solution of defined fractions of purified Hyaluronic acid, Chondroitin sulfates C4 & C6 in a 10% solution of N-acetyl-D-glucosamine. Vials placed in cartons, then cartons placed in boxes for shipping.","Not dog or cat food",https://www.accessdata.fda.gov/scripts/ires/?Product=208813
94920,208814,2024-11-27,"Bell-More Labs, Inc.","Polyglycan¿-SA 2.5 mL Composed of highly viscous aqueous solution of defined fractions of purified Hyaluronic acid, Chondroitin sulfates C4 & C6 in a 10% solution of N-acetyl-D-glucosamine. Vials placed in cartons, then cartons placed in boxes for shipping.","Not dog or cat food",https://www.accessdata.fda.gov/scripts/ires/?Product=208814
94920,208815,2024-11-27,"Bell-More Labs, Inc.","Polyglycan¿-HV 2.5 mL- syringe Composed of highly viscous aqueous solution of defined fractions of purified Hyaluronic acid, Chondroitin sulfates C4 & C6 in a 5% solution of N-acetyl-D-glucosamine. Vials placed in cartons, then cartons placed in boxes for shipping.","Not dog or cat food",https://www.accessdata.fda.gov/scripts/ires/?Product=208815
94920,208816,2024-11-27,"Bell-More Labs, Inc.","A-CYST Composed of highly viscous aqueous solution of defined fractions of purified Hyaluronic acid, Chondroitin sulfates C4 & C6 in a 10% solution of N-acetyl-D-glucosamine. Vials placed in cartons, then cartons placed in boxes for shipping.","Not dog or cat food",https://www.accessdata.fda.gov/scripts/ires/?Product=208816
95788,211229,2024-12-09,"Blendpack Inc","Aspen Sodium Salicylate 48.6% w/v, Manufactured for: Aspen Vetirinary Resources*, LTD, Liberty, MO 64068, www.aspenveterinaryresources.com, NDC 46066-186-93.","Animal drug, device or non-food product",https://www.accessdata.fda.gov/scripts/ires/?Product=211229
95788,211230,2024-12-09,"Blendpack Inc","Aspen Sodium Salicylate 60% w/v With Caffeine 5.7% w/v, Net Contents: 1 Gallon (3.79L) Manufactured for: Aspen Veterinary Resources*, LTD., Liberty, MO 64068, NDC 46066-187-93.","Animal drug, device or non-food product",https://www.accessdata.fda.gov/scripts/ires/?Product=211230
95788,211231,2024-12-09,"Blendpack Inc","AquaPrime Liquid Sodium Salicylate 48.6%, Neogen, Net Contents: 1 gal. (3.79L), Manufactured by: 3730 Old Tasso Rd., Cleveland, TN, 37312, UPC 78973006129.","Not dog or cat food",https://www.accessdata.fda.gov/scripts/ires/?Product=211231
95762,211129,2024-12-11,"J. D. Heiskell & Co","Bliss Calf Starter ACTIVE DRUG INGREDIENT Monensin (as Monensin Sodium) 60.9 g/ton.","Livestock feed or food for other animals",https://www.accessdata.fda.gov/scripts/ires/?Product=211129
95771,211246,2024-12-13,"Ceva Animal Health, LLC","Duoxo Calm Serum, Phytosphingosine salicyloyl 0.2%, For Use on Dogs and Cats, 2fl oz (60mL), Manufactured for: Ceva Animal Health, LLC, Lenexa, KS 66215","Recalled by an animal-drug maker or pharmacy",https://www.accessdata.fda.gov/scripts/ires/?Product=211246
95835,211316,2024-12-19,"Gaines Pet Treats LLC","Gaines Family Farmstead Chicken Chips Net Wt. 5 oz. (142g). UPC: 860009062373. Packaged in a stand up resealable pouch, 16 pouches per case.","Not dog or cat food",https://www.accessdata.fda.gov/scripts/ires/?Product=211316
95985,211705,2024-12-20,"Huvepharma EAD","AMPROL 25% (amprolium), Type A medicated article, Net Wt.: 50 lb (22.68 kg) per bag, Manufactured by: HUVEPHARMA, INC., St. Louis, MO 63116. NADA: 012-350","Animal drug, device or non-food product",https://www.accessdata.fda.gov/scripts/ires/?Product=211705
96065,211901,2025-01-26,"Ridley USA Inc","Multispecies Multifiber Multi Species Supplement for All Classes of Sheep, Goats, Beef and Dairy, Product number 72957. Packaged in 50 lb bags","Livestock feed or food for other animals",https://www.accessdata.fda.gov/scripts/ires/?Product=211901
96065,211902,2025-01-26,"Ridley USA Inc","Felton Robot Pellet 06062023 Lactating Dairy Cattle, Product number 76319. Bulk truck load: 24,020 lbs","Livestock feed or food for other animals",https://www.accessdata.fda.gov/scripts/ires/?Product=211902
96123,212073,2025-01-29,"Cargill, Inc         Corporate Headquarters","Champion's Choice Iodized Salt Block. Net Wt 50 lb (22.7 kg), UPC: 0 1360001925 9 40 blocks/pallet","Not dog or cat food",https://www.accessdata.fda.gov/scripts/ires/?Product=212073
96131,212084,2025-02-12,"Pegasus Laboratories, Inc.","Rebalance, Antiprotozoal Oral Suspension, sulfadiazine and pyrimethamine, Net Contents: 946.4 mL (One Quart), PRN Pharmaceutical Pegasus Laboratories, Inc., Manufactured by: Pegasus Laboratories, Inc. Pensacola, FL 32514, US, NDC# 49427-247-11, NADA# 141-240","Animal drug, device or non-food product",https://www.accessdata.fda.gov/scripts/ires/?Product=212084
96442,212894,2025-03-27,"Petdine, LLC.","ZP Senior Advanced Probiotics Bites Gut Health Chicken Flavor 90 Soft Chews, 11.1 oz. Item# PZPS085J40Q, UPC: 810030590002.Packaged in plastic canisters. 40 canisters per case.","Animal drug, device or non-food product",https://www.accessdata.fda.gov/scripts/ires/?Product=212894
96279,212467,2025-04-08,"Western Chemical Inc.","Ovadine, 1% Iodine, 1 gallon","Not dog or cat food",https://www.accessdata.fda.gov/scripts/ires/?Product=212467
96413,212809,2025-04-14,"Nova-Tech Inc.","Lactated Ringers Injection, For Animal Use Only, Single Dose unit of 5000 mL (169.07 fl. Oz.) per bag, Rx Only, Nova-Tech Animal Health. NDC: 65207-803-80. Per 1000 mL: Sodium Chloride 6g, Potassium Chloride 0.30 g, Calcium Chloride Dihydrate 0.20 g, Sodium Lactate 60% (liquid) 5.17 g, Water for Inj","Animal drug, device or non-food product",https://www.accessdata.fda.gov/scripts/ires/?Product=212809
96498,213031,2025-04-21,"Ceva Animal Health, LLC","Douxo Calm Serum, Phytosphingosine salicyloyl 0.2%, For Use on Dogs and Cats, 2fl oz (60mL), Manufactured for: Ceva Animal Health, LLC, Lenexa, KS 66215.","Recalled by an animal-drug maker or pharmacy",https://www.accessdata.fda.gov/scripts/ires/?Product=213031
96640,213337,2025-04-21,"Virbac Corporation","Durvet Triple Wormer Flavored Chewables, 114 mg Pyrantel Pamoate, 114 mg Praziquantel, 2-count blister pack, Large Dog, Distributed by: Durvet, Inc., 100 S.E. Magellan Drive, Blue Springs, MO 64014. NDC: 30798-186-61","Animal drug, device or non-food product",https://www.accessdata.fda.gov/scripts/ires/?Product=213337
96640,213401,2025-04-21,"Virbac Corporation","7 Way De-Wormer for Dogs, 114 mg Pyrantel Pamoate, 114 mg Praziquantel, 2-count blister pack, Large Dog, Distributed by: Sergeant's Pet Care Products, LLC., 10077 S. 134th St., Omaha, NE 68138. NDC: 21091-642-01","Animal drug, device or non-food product",https://www.accessdata.fda.gov/scripts/ires/?Product=213401
96424,212830,2025-05-09,"ADM Animal Nutrition","BOVAGAIN 40/20 Cattle Feed, sold in 50 lb bags and bulk. Product numbers 54966AAA24 and 54966AAA20","Livestock feed or food for other animals",https://www.accessdata.fda.gov/scripts/ires/?Product=212830
96424,212831,2025-05-09,"ADM Animal Nutrition","BEEF-TRATE RXB MGA Medicated Cattle Feed, sold in 50 lb bags. Product number 54912BSX24","Animal drug, device or non-food product",https://www.accessdata.fda.gov/scripts/ires/?Product=212831
96424,212832,2025-05-09,"ADM Animal Nutrition","BOVAGAIN 40/20 MON Medicated Cattle Feed, sold in 50 lb bags and in bulk. Product numbers 54966CDB24, 54966CDB20, and 54966CDB21","Animal drug, device or non-food product",https://www.accessdata.fda.gov/scripts/ires/?Product=212832
96424,212833,2025-05-09,"ADM Animal Nutrition","MASTERPLEX 100P LASA Medicated Cattle Feed, sold 50 lb bags. Product number 55161BIY24","Animal drug, device or non-food product",https://www.accessdata.fda.gov/scripts/ires/?Product=212833
96424,212834,2025-05-09,"ADM Animal Nutrition","GROFAST 32 Cattle Feed, sold in 50 lb bags. Product numbers 35331AAA24, 35331AAA20","Livestock feed or food for other animals",https://www.accessdata.fda.gov/scripts/ires/?Product=212834
96424,212835,2025-05-09,"ADM Animal Nutrition","BOVAGAIN 60/45 RU Medicated Cattle Feed, sold in bulk. Product number 54974CCP20","Animal drug, device or non-food product",https://www.accessdata.fda.gov/scripts/ires/?Product=212835
96424,212836,2025-05-09,"ADM Animal Nutrition","BOVAGAIN 32/15 W/PROSPONSE RU/TY Medicated Cattle Feed, sold in bulk . Product number 54957CJE20","Animal drug, device or non-food product",https://www.accessdata.fda.gov/scripts/ires/?Product=212836
96424,212837,2025-05-09,"ADM Animal Nutrition","BOVAGAIN 60/45/MON/TY Medicated Cattle Feed, sold in bulk . Product number 54974NOG20","Animal drug, device or non-food product",https://www.accessdata.fda.gov/scripts/ires/?Product=212837
96424,212838,2025-05-09,"ADM Animal Nutrition","BEEF-TRATE MON Medicated Cattle Feed, sold in 50 lb bags and in bulk. Product numbers 54910CCP24, 54910CCP20","Animal drug, device or non-food product",https://www.accessdata.fda.gov/scripts/ires/?Product=212838
96424,212839,2025-05-09,"ADM Animal Nutrition","BOVAGAIN 60/45 MON Medicated Cattle Feed, sold in 50 lbs bags. Product number 54974NLD24","Animal drug, device or non-food product",https://www.accessdata.fda.gov/scripts/ires/?Product=212839
96424,212840,2025-05-09,"ADM Animal Nutrition","BEEF-TRATE BT/MGA Medicated Cattle Feed, sold in 50 lb bags . Product number 54910BMJ24","Animal drug, device or non-food product",https://www.accessdata.fda.gov/scripts/ires/?Product=212840
96424,212841,2025-05-09,"ADM Animal Nutrition","BOVAGAIN 40/20 LAS Medicated Cattle Feed, sold in 50 lb bags. Product number 54966BIY24","Animal drug, device or non-food product",https://www.accessdata.fda.gov/scripts/ires/?Product=212841
96424,212842,2025-05-09,"ADM Animal Nutrition","MASTERPLEX 100P Mineral Supplement Cattle Feed, sold in 50 bags and in bulk. Product numbers 55161AAA20, 55161AAA24","Livestock feed or food for other animals",https://www.accessdata.fda.gov/scripts/ires/?Product=212842
96424,212843,2025-05-09,"ADM Animal Nutrition","BOVAGAIN 40/20 LAS/MGA Medicated Cattle Feed, sold in 50 lb bags . Product number 54966BLX24","Animal drug, device or non-food product",https://www.accessdata.fda.gov/scripts/ires/?Product=212843
96424,212844,2025-05-09,"ADM Animal Nutrition","BOVAGAIN LMTR MON 400 Medicated Cattle Feed, sold in 50 lb bags . Product number 54953CCP24","Animal drug, device or non-food product",https://www.accessdata.fda.gov/scripts/ires/?Product=212844
96424,212845,2025-05-09,"ADM Animal Nutrition","MASTERPLEX 100P MON Medicated Cattle Feed, sold inbulk . Product number 55161CDB20","Animal drug, device or non-food product",https://www.accessdata.fda.gov/scripts/ires/?Product=212845
96815,213716,2025-06-11,"Hi-Pro Feeds LLC","Hi-Pro Feeds NO. 14320815 RAPID START 5/32"" Net Weight 50 lbs (22.68 KG). Packaged in 50 lb paper bags.","Not dog or cat food",https://www.accessdata.fda.gov/scripts/ires/?Product=213716
96673,213385,2025-06-17,"Cronus Pharma","DexmedVet, dexmedetomidine hydrochloride, 0.5 mg/mL (5 mg/10 mL), Sterile Injectable Solution, Net Contents: 10 mL, Manufactured for: Cronus Pharma LLC, East Brunswick, NJ 08816, Made in India, NDC 69043-038-10","Animal drug, device or non-food product",https://www.accessdata.fda.gov/scripts/ires/?Product=213385
96673,213386,2025-06-17,"Cronus Pharma","Pivetal, DEXASED, dexmedetomidine hydrochloride, 0.5 mg/mL (5 mg/10 mL), Sterile Injectable Solution, Net Contents: 10 mL, Manufactured for: Aspen Veterinary Resources, LTD., Liberty, MO 64068, Made in India, NDC 46066-088-13","Animal drug, device or non-food product",https://www.accessdata.fda.gov/scripts/ires/?Product=213386
96929,214050,2025-06-20,"Spectrum Brands Pet LLC","Tetra ReptoMin 3-IN-1 SELECT-A-FOOD Net Wt. 1.56 OZ (44g) UPC 0 46798 78626 9. Packaged in a cylindrical plastic cannister with three individualized compartments. 24 units per case","Livestock feed or food for other animals",https://www.accessdata.fda.gov/scripts/ires/?Product=214050
97138,214636,2025-07-11,"ENZYME DEVELOPMENT CORPORATION","Liquipanol T200 3-6960-000. Packaged in 50lb, 20kg,and 25kg HDPE tight heads and 1200kg and 1000kg IBC Totes. Product Code 3-6960-000","Not dog or cat food",https://www.accessdata.fda.gov/scripts/ires/?Product=214636
97138,214638,2025-07-11,"ENZYME DEVELOPMENT CORPORATION","Liquipanol T100G 3-6950-520. Packaged in 50lb HDPE tight heads. Product Code 3-6950-520","Not dog or cat food",https://www.accessdata.fda.gov/scripts/ires/?Product=214638
97099,214558,2025-07-14,"Norbrook Inc","Noromycin 300 LA (oxytetracycline injection) ANTIBIOTIC, Manufactured by: Norbrook Laboratories Limited, Newry, Northern Ireland, NADA# 141-143.","Animal drug, device or non-food product",https://www.accessdata.fda.gov/scripts/ires/?Product=214558
97098,214557,2025-07-15,"Pegasus Laboratories, Inc.","Firocoxib Tablets for Horses, 57mg, 60 Tablets, Manufactured by: Pegasus Laboratories, Inc., Employee-Owned, Pensacola, FL 32514, NDC 49427-390-48","Animal drug, device or non-food product",https://www.accessdata.fda.gov/scripts/ires/?Product=214557
97148,214655,2025-07-21,"KING FARM","King's All Stock Feed Net Wt. 50 lb. Packaged in 50 lb woven plastic labeled and unlabeled bags.","Not dog or cat food",https://www.accessdata.fda.gov/scripts/ires/?Product=214655
97148,214656,2025-07-21,"KING FARM","King's Horse Feed 12-6 Blend Net Wt. 50 lb. Packaged in 50 lb woven plastic bags.","Livestock feed or food for other animals",https://www.accessdata.fda.gov/scripts/ires/?Product=214656
97148,214657,2025-07-21,"KING FARM","King's Horse Feed 10-5 Blend Net Wt. 50 lb. Packaged in 50 lb woven plastic bags.","Livestock feed or food for other animals",https://www.accessdata.fda.gov/scripts/ires/?Product=214657
97148,214658,2025-07-21,"KING FARM","Mast's 12-6 Horse Feed Net Wt. 50 lb. Packaged in 50 lb woven plastic bags.","Livestock feed or food for other animals",https://www.accessdata.fda.gov/scripts/ires/?Product=214658
97148,214659,2025-07-21,"KING FARM","Byler Mix Net Wt. 50 lb. Packaged in 50 lb woven plastic bags. Miller Mix Net Wt. 50 lb. Packaged in 50 lb woven plastic bags.","Not dog or cat food",https://www.accessdata.fda.gov/scripts/ires/?Product=214659
97200,214820,2025-07-28,"CHS Inc.","Champion Lamb Text B30 With Power Booster Medicated For growing and finishing sheep. Active Drug Ingredient Lasalocid 30 g/ton. Sold in 40 lb (18.14 kg) bags. UPC: 65334143470","Animal drug, device or non-food product",https://www.accessdata.fda.gov/scripts/ires/?Product=214820
97223,214893,2025-07-28,"Boothwyn Pharmacy LLC","Acepromazine Maleate, 25 mg/mL Paste, 30 ML, Boothwyn Pharmacy, 800-476-7496, boothwynpharmacy.com","Animal drug, device or non-food product",https://www.accessdata.fda.gov/scripts/ires/?Product=214893
97223,214972,2025-07-28,"Boothwyn Pharmacy LLC","Dexamethasone Acetate/Trichlormethazine, 0.5 mg-10mg/mL, Inj, 100 mL, Boothwyn Pharmacy, 800-476-7496, boothwynpharmacy.com","Recalled by an animal-drug maker or pharmacy",https://www.accessdata.fda.gov/scripts/ires/?Product=214972
97393,215489,2025-09-03,"ELANCO US INC","Vial label: Nocita (bupivacaine liposome injectable suspension), 13.3 mg/mL, [10mL or 20mL] Single use vial, Manufactured for: Elanco US Inc., Indianapolis, IN 46221 USA. Box label: Nocita (bupivacaine liposome injectable suspension), 13.3 mg/mL4 vials, Manufactured for: Elanco US Inc., Indianapolis","Animal drug, device or non-food product",https://www.accessdata.fda.gov/scripts/ires/?Product=215489
97578,215975,2025-09-26,"Pegasus Laboratories, Inc.","PROIN ER, (Phenylpropanolamine hydrochloride extended-release tablets), 145 mg, net content 90 tablets, MANUFACTURED BY: Pegasus Laboratories, Inc.","Animal drug, device or non-food product",https://www.accessdata.fda.gov/scripts/ires/?Product=215975
97532,215869,2025-10-01,"Ridley USA, Inc.","Blueprint Cow Calf 5 Mineral Aureo 6000 ClariFly 50 lb bags","Livestock feed or food for other animals",https://www.accessdata.fda.gov/scripts/ires/?Product=215869
97637,216206,2025-11-25,"Huvepharma Inc.","CORID (amprolium), 20% Soluble Powder Coccidiostat, Net Contents: 10 oz. (283.5 grams), Distributed by: Huvepharma, Inc., Peachtree City, GA 30269. NDC: NDC: 23243-9709-3; NADA #033-165","Animal drug, device or non-food product",https://www.accessdata.fda.gov/scripts/ires/?Product=216206
97637,216207,2025-11-25,"Huvepharma Inc.","AMPROL 128 (amprolium soluble powder), 20% Soluble Powder Coccidiostat, 24 packets per carton - 10 oz each, Net wt. 15 lb, Distributed by: Huvepharma, Inc., Peachtree City, GA 30269. NDC:23243-2309-3; NADA #033-165","Animal drug, device or non-food product",https://www.accessdata.fda.gov/scripts/ires/?Product=216207
97903,217064,2025-12-04,"American Regent Inc.","BetaVet, (Betamethasone Sodium Phosphate and Betamethasone Acetate Injectable Suspension), 6 mg betamethasone per mL, Single Dose Vial, 1 Vial (6 mL), For Intra-Articular Use in Horses. Not for IV Use. American Health Regent, Inc., Animal Health, Shirley, NY 11967","Animal drug, device or non-food product",https://www.accessdata.fda.gov/scripts/ires/?Product=217064
97867,216838,2025-12-08,"Cronus Pharma","Florfeniject, (florfenicol) Injectable Solution, 300 mg/ml, Sterile, Multiple-Dose Vial, Manufactured for: Cronus Pharma LLC, East Brunswick, NJ 08816, a)250mL NDC 69043-044-25; b) 500mL, NDC 69043-044-50.","Animal drug, device or non-food product",https://www.accessdata.fda.gov/scripts/ires/?Product=216838
97867,216840,2025-12-08,"Cronus Pharma","AnaSed Equine Injection, (xylazine injection), 100 mg/ml, 50mL, Sedative, For intravenous (IV) or intramuscular (IM) use in horses only, Manufactured for: Cronus Pharma LLC, East Brunswick, NJ 08816, Made in India, NDC 69043-043-05.","Animal drug, device or non-food product",https://www.accessdata.fda.gov/scripts/ires/?Product=216840
97867,216841,2025-12-08,"Cronus Pharma","Ketamine, Hydrochloride Injection, 100 mg/ml, 10mL, Manufactured for: Cronus Pharma LLC, East Brunswick, NJ 08816, Made in India, NDC 69043-063-01.","Animal drug, device or non-food product",https://www.accessdata.fda.gov/scripts/ires/?Product=216841
97900,217044,2025-12-08,"Cellavision AB","REF: BC-956-067, Automated Digital Cell Morphology analyzer DI-60, IVD in conjunction with a Honeywell Vuquest orJadk FM-5 barcode reader component.","Animal drug, device or non-food product",https://www.accessdata.fda.gov/scripts/ires/?Product=217044
97980,217367,2025-12-11,"ELANCO US INC","Vial label: nocita (bupivacaine liposome injectable suspension), 13.3 mg/mL, [10mL or 20mL] Single use vial, Manufactured for: Elanco US Inc., Indianapolis, IN 46221 USA. Box label: nocita (bupivacaine liposome injectable suspension), 13.3 mg/mL, [10mL or 20mL], 4 vials, Manufactured for: Elanco US ","Animal drug, device or non-food product",https://www.accessdata.fda.gov/scripts/ires/?Product=217367
97980,217371,2025-12-11,"ELANCO US INC","Vial label: onsior (robenacoxib) injection, 20 mg/mL Carton label: onsior (robenacoxib) injection, 20 mg/mL, 1 multi-dose vial, Manufactured for: Elanco USA Inc., Greenfield, IN 46140","Animal drug, device or non-food product",https://www.accessdata.fda.gov/scripts/ires/?Product=217371
97983,217374,2025-12-11,"Vitakraft Sun Seed Inc","Premium Nutrition Menu Small Animal Food Net Wt 2 lb (907g) UPC: 5123327581. Packaged in a poly bag. 6 packages per case","Livestock feed or food for other animals",https://www.accessdata.fda.gov/scripts/ires/?Product=217374
98006,217413,2025-12-11,"Ollie Pets Inc","Ollie Gently Baked Beef Dish with Sweet Potatoes Net Wt. 4 lb (1.81kg) UPC: 810115450375. Packaged in plastic bags.","Not dog or cat food",https://www.accessdata.fda.gov/scripts/ires/?Product=217413
98016,217435,2025-12-23,"Vetoquinol USA Inc","Vetoquinol, FOLLTROPIN¿ (Porcine Pituitary-Derived Follicle Stimulating Hormone for injection) Injectable Solution, 20 mL one vial containing 700 IU FSH as a lyophilized powder, 20 mL diluent one vial containing Bacteriostatic Sodium Chloride, Distributed by Vetoquinol USA, Inc., 4250 N. Sylvania Av","Animal drug, device or non-food product",https://www.accessdata.fda.gov/scripts/ires/?Product=217435
98110,217627,2026-01-20,"Cargill, Inc         Corporate Headquarters","Nutrena Country Feeds Cracked Corn Net Weight 50 LB (22.67 kg) UPC 722304334765. Packaged in a 50 lb bag.","Not dog or cat food",https://www.accessdata.fda.gov/scripts/ires/?Product=217627
98192,217891,2026-01-30,"Central Valley Ag Cooperative","CVA DDGS BALANCER PELLET R1200, Medicated, Active Drug Ingredient: Monensin (as Monensin sodium) 1200 g/ton, in bulk","Animal drug, device or non-food product",https://www.accessdata.fda.gov/scripts/ires/?Product=217891
98192,217892,2026-01-30,"Central Valley Ag Cooperative","Balancer R1200 Pellet Fortified, Medicated, Active Drug Ingredient: Monensin (as Monensin sodium) 1200 g/ton, packaged in 50 LBS (22.68 kg) Net Weight bags","Animal drug, device or non-food product",https://www.accessdata.fda.gov/scripts/ires/?Product=217892
98192,217893,2026-01-30,"Central Valley Ag Cooperative","GNC MORTON 1.5 LB FLS MASH W/SODA, in bulk","Not dog or cat food",https://www.accessdata.fda.gov/scripts/ires/?Product=217893
98192,217894,2026-01-30,"Central Valley Ag Cooperative","JOHNSON TAYLOR BAL PELL R715 E80, Medicated, Active Drug Ingredients: Monensin 715 g/ton, Lubabegron 80.0 g/ton, in bulk","Animal drug, device or non-food product",https://www.accessdata.fda.gov/scripts/ires/?Product=217894
98192,217895,2026-01-30,"Central Valley Ag Cooperative","GPLC Westco DDG Bal R1200 Pell AV4, Medicated, Active Drug Ingredient: Monensin (as Monensin sodium) 1200 g/ton, in bulk","Animal drug, device or non-food product",https://www.accessdata.fda.gov/scripts/ires/?Product=217895
98192,218039,2026-01-30,"Central Valley Ag Cooperative","CVA DDGS BALANCER PELLET R800 AMA, Medicated, Active Drug Ingredient: Monensin (as Monensin sodium) 800 g/ton, in bulk","Animal drug, device or non-food product",https://www.accessdata.fda.gov/scripts/ires/?Product=218039
98192,218040,2026-01-30,"Central Valley Ag Cooperative","CVA Gamebird Pellet BOV113, Medicated, Active Drug Ingredient: Lasalocid, 113 g/ton, 50lb bags","Animal drug, device or non-food product",https://www.accessdata.fda.gov/scripts/ires/?Product=218040
98192,218041,2026-01-30,"Central Valley Ag Cooperative","CVA-GANT BALANCER R900 PELLET, MEDICATED, ACTIVE DRUG INGRENDIENT: Monensin (as monensin sodium), 900 g/ton, 50lb bags","Animal drug, device or non-food product",https://www.accessdata.fda.gov/scripts/ires/?Product=218041
98192,218042,2026-01-30,"Central Valley Ag Cooperative","CVA DDGS BALANCER PELLET R800, MEDICATED, ACTIVE DRUG INGRENDIENT: Monensin (as monensin sodium), 800 g/ton, Supersack bulk","Animal drug, device or non-food product",https://www.accessdata.fda.gov/scripts/ires/?Product=218042
98192,218045,2026-01-30,"Central Valley Ag Cooperative","CVA GANT R1200 W PELLET, MEDICATED, ACTIVE DRUG INGRENDIENT: Monensin (as monensin sodium), 1200 g/ton, Supersack bulk/bagged","Animal drug, device or non-food product",https://www.accessdata.fda.gov/scripts/ires/?Product=218045
98192,218051,2026-01-30,"Central Valley Ag Cooperative","CVA FRIZZEL DIST BAL R700 PELLET, MEDICATED, ACTIVE DRUG INGRENDIENT: Monensin (as monensin sodium), 600 g/ton, bulk","Animal drug, device or non-food product",https://www.accessdata.fda.gov/scripts/ires/?Product=218051
98192,218052,2026-01-30,"Central Valley Ag Cooperative","CVA NICHOLS CUSTOM PELL R150, MEDICATED, ACTIVE DRUG INGRENDIENT: Monensin (as monensin sodium), 150 g/ton, bulk","Animal drug, device or non-food product",https://www.accessdata.fda.gov/scripts/ires/?Product=218052
98192,218053,2026-01-30,"Central Valley Ag Cooperative","CVA DDGS BALANCER MEAL R1200, MEDICATED, ACTIVE DRUG INGRENDIENT: Monensin (as monensin sodium), 1200 g/ton, 50lb bag","Animal drug, device or non-food product",https://www.accessdata.fda.gov/scripts/ires/?Product=218053
98192,218054,2026-01-30,"Central Valley Ag Cooperative","CVA GRAFF MIN R1280 THIAMIN PELLET, MEDICATED, ACTIVE DRUG INGRENDIENT: Monensin (as monensin sodium), 1280 g/ton, Supersack","Animal drug, device or non-food product",https://www.accessdata.fda.gov/scripts/ires/?Product=218054
98192,218055,2026-01-30,"Central Valley Ag Cooperative","CVA GANT BALANCER R900 PELLET, MEDICATED, ACTIVE DRUG INGRENDIENT: Monensin (as monensin sodium), 900 g/ton, Bulk","Animal drug, device or non-food product",https://www.accessdata.fda.gov/scripts/ires/?Product=218055
98192,218056,2026-01-30,"Central Valley Ag Cooperative","CVA WAGONHOUND CALF PELLET, bulk","Livestock feed or food for other animals",https://www.accessdata.fda.gov/scripts/ires/?Product=218056
98192,218057,2026-01-30,"Central Valley Ag Cooperative","CVA DDGS BALANCER MEAL R1200, MEDICATED, ACTIVE DRUG INGREDIENT: Monensin (as Monensin soduim), 1200 g/ton, 50lb bag","Animal drug, device or non-food product",https://www.accessdata.fda.gov/scripts/ires/?Product=218057
98192,218058,2026-01-30,"Central Valley Ag Cooperative","CVA SCS JOHNSON BALANCER OPTA R715, MEDICATED, ACTIVE DRUG INGREDIENT: Monensin (as Monensin soduim), 715 g/ton, bulk","Animal drug, device or non-food product",https://www.accessdata.fda.gov/scripts/ires/?Product=218058
98192,218059,2026-01-30,"Central Valley Ag Cooperative","CVA TCR GROWER PELLET R400 BULK, MEDICATED, ACTIVE DRUG INGREDIENT: Monensin (as Monensin soduim), 400 g/ton, bulk","Animal drug, device or non-food product",https://www.accessdata.fda.gov/scripts/ires/?Product=218059
98192,218060,2026-01-30,"Central Valley Ag Cooperative","CVA GNC HARKINS FLS R1000 PELLET, MEDICATED, ACTIVE DRUG INGREDIENT: Monensin (as Monensin soduim), 1000 g/ton, bulk","Animal drug, device or non-food product",https://www.accessdata.fda.gov/scripts/ires/?Product=218060
98192,218061,2026-01-30,"Central Valley Ag Cooperative","CVA SCS Johnson Balancer R715, MEDICATED, ACTIVE DRUG INGREDIENT: Monensin (as Monensin soduim), 715 g/ton, bulk","Animal drug, device or non-food product",https://www.accessdata.fda.gov/scripts/ires/?Product=218061
98192,218062,2026-01-30,"Central Valley Ag Cooperative","CVA HAUDER GM MON, MEDICATED, ACTIVE DRUG INGREDIENT: Monensin (as Monensin soduim), 38 g/ton, bulk","Animal drug, device or non-food product",https://www.accessdata.fda.gov/scripts/ires/?Product=218062
98192,218063,2026-01-30,"Central Valley Ag Cooperative","CVA GANT BALANCER B800 W MGA Pellet, MEDICATED, ACTIVE DRUG INGREDIENTS: Melengestrol Acetate(0.000022%) and Lasalocid Sodium, 800 g/ton, supersack","Animal drug, device or non-food product",https://www.accessdata.fda.gov/scripts/ires/?Product=218063
98192,218064,2026-01-30,"Central Valley Ag Cooperative","CVA GANT BALANCER R1200 Pellet, MEDICATED, ACTIVE DRUG INGREDIENTS: Monensin (as monensin sodium), 1200 g/ton, bulk","Animal drug, device or non-food product",https://www.accessdata.fda.gov/scripts/ires/?Product=218064
98192,218065,2026-01-30,"Central Valley Ag Cooperative","CVA VALENTINE GRAIN MIX BAL R100 AMA, MEDICATED, ACTIVE DRUG INGREDIENTS: Monensin (as monensin sodium), 100 g/ton, bulk","Animal drug, device or non-food product",https://www.accessdata.fda.gov/scripts/ires/?Product=218065
98192,218066,2026-01-30,"Central Valley Ag Cooperative","CVA GANT R1200 W PELLET NO SE, MEDICATED, ACTIVE DRUG INGREDIENTS: Monensin (as monensin sodium), 1200 g/ton, bulk","Animal drug, device or non-food product",https://www.accessdata.fda.gov/scripts/ires/?Product=218066
98192,218067,2026-01-30,"Central Valley Ag Cooperative","CVA DDGS BALANCER MEAL B1600, MEDICATED, ACTIVE DRUG INGREDIENTS: Lasalocid, 1600 g/ton, bulk","Animal drug, device or non-food product",https://www.accessdata.fda.gov/scripts/ires/?Product=218067
98192,218068,2026-01-30,"Central Valley Ag Cooperative","CVA CO PRODUCT BALANCER PELLET R800, MEDICATED, ACTIVE DRUG INGREDIENTS: Monensin (as Monensin sodium), 800 g/ton, bulk","Animal drug, device or non-food product",https://www.accessdata.fda.gov/scripts/ires/?Product=218068
98192,218094,2026-01-30,"Central Valley Ag Cooperative","CVA Balancer R1200 Pellet Fortified, Medicated, ACTIVE DRUG: Monensin (as Monensin sodium), 1200 g/ton","Animal drug, device or non-food product",https://www.accessdata.fda.gov/scripts/ires/?Product=218094
98293,218188,2026-02-03,"ADM Animal Nutrition","ADM Animal Nutrition MasterPlex 75P 30/30 RU 55010CDH, MEDICATED, for Cattle Fed in Confinement for slaughter, ACTIVE DRUG INGREDIENTL Monensin 700gm/ton FEDING INSTRUCTIONS: Feed this product continuously at the rate of 0.75 lb per head per day by thoroughly mixing with a grain-roughage mixture to ","Animal drug, device or non-food product",https://www.accessdata.fda.gov/scripts/ires/?Product=218188
98309,218216,2026-02-19,"Stratford Care USA, Inc.","Airport Road Animal Clinic, Keto-C Antiseptic Wipes, 50ct, Airport Road Animal Clinic, 4851 SW 60th Ave, Ocala, FL 34474, Stratford Pharmaceuticals, Oldsmar, FL 34677.","Not dog or cat food",https://www.accessdata.fda.gov/scripts/ires/?Product=218216
98309,218490,2026-02-19,"Stratford Care USA, Inc.","Clint Moore Animal Hospital, Antiseptic Wipes, 50 Wipes, Distributed by: Stratford Animal Care "" Oldsmar, FL 34677 "" 877-498-2002","Not dog or cat food",https://www.accessdata.fda.gov/scripts/ires/?Product=218490
98309,218492,2026-02-19,"Stratford Care USA, Inc.","Duke Animal Clinic, Medicated Ketoconazole & Chlorhexidine Wipes, For Dogs, Cats, & Horses, 50 Wipes- Cucumber Melon Scent, Duke Animal Clinic 1962 Schillinger Road South, Mobile, Alabama 36695.","Animal drug, device or non-food product",https://www.accessdata.fda.gov/scripts/ires/?Product=218492
98309,218502,2026-02-19,"Stratford Care USA, Inc.","Lake Forest Animal Clinic, KC Medicated, Chlorhexidine 2%, Ketoconazole 1%, 50 Wipes, For Dogs, Cats & Horses, Distributed by: Stratford Animal Care, 4027 Tampa Road, Oldsmar, FL 34677.","Animal drug, device or non-food product",https://www.accessdata.fda.gov/scripts/ires/?Product=218502
98309,218505,2026-02-19,"Stratford Care USA, Inc.","Mt Orab Veterinary Clinic, Dr. Hayes's Keto-C Wipes, Net Contents: 50 Wipes, Distributed by: Stratford Animal Care, 4027 Tampa Road, Oldsmar, FL 34677, Mt Orab Veterinary Clinic, 463 W Main St., Mt Orab, OH 45154.","Not dog or cat food",https://www.accessdata.fda.gov/scripts/ires/?Product=218505
98309,218506,2026-02-19,"Stratford Care USA, Inc.","VetOne, KetoHex, Wipes, Chlorhexidine & Ketoconazole, Net Contents: 50 Wipes, Cucumber Melon, Antiseptic cleansing pads for use on dogs, cats, and horses, Distributed by: MWI, Boise, ID 83705, UPC 3 86136 01650 5, NDC 86136-016-50.","Animal drug, device or non-food product",https://www.accessdata.fda.gov/scripts/ires/?Product=218506
98309,218515,2026-02-19,"Stratford Care USA, Inc.","Sanum PR Inc, Chlorhexidine & Ketoconazole Medicated Wipes, 50 Ct Wipes, For Dogs & Cats, Solution for Topical Management of Skin Conditions, Chlorhexidine 2%, Ketoconazole 1%, Sanum PR INC, Trujillo Alto, 00976, Puerto Rico, 787-755-6225, Distributed by: Stratford Animal Care, 4027 Tampa Road, Olds","Animal drug, device or non-food product",https://www.accessdata.fda.gov/scripts/ires/?Product=218515
98309,218516,2026-02-19,"Stratford Care USA, Inc.","Southport Animal Hospital, Antiseptic medicated wipes, Chlorhexidine 2%, Ketoconazole 1%, 50 CT, For Dogs, Cats & Horses, Distributed by: Stratford Animal Care, 4027 Tampa Road, Oldsmar, FL 34677, Southport Animal Hospital, 2200 S Andrews Ave West, Fort Lauderdale, FL 33316.","Animal drug, device or non-food product",https://www.accessdata.fda.gov/scripts/ires/?Product=218516
98309,218519,2026-02-19,"Stratford Care USA, Inc.","SensoVet, Animal Health & Wellness, Antiseptic, Chlorhexidine, Medicated Wipes, 50 Wipes, Veterinarian Developed, Chlorhexidine 2%, Ketoconazole 1%, For Dogs and Cats, Manufactured for: SensoVet, Jersey City, NJ 07307, UPC 5 060934 420171.","Animal drug, device or non-food product",https://www.accessdata.fda.gov/scripts/ires/?Product=218519
98309,218520,2026-02-19,"Stratford Care USA, Inc.","PetScy, Keto Skin Wipes, 50 Wipes, For Dogs & Cats, Cucumber Melon Scent, Antibacterial/Antifungal, Medicated Wipes, Manufactured For: PetScy Inc, Po Box #2685, Oldsmar, FL 33556, UPC 199284989214.","Animal drug, device or non-food product",https://www.accessdata.fda.gov/scripts/ires/?Product=218520
98309,218524,2026-02-19,"Stratford Care USA, Inc.","West Orange Animal Hospital, Keto-C Wipes, 50 Wipes, West Orange Animal Hospital, 360 Northfield Ave, West Orange, NJ 07052, Manufactured for: Stratford Animal Care, 4027 Tampa Road, Oldsmar, FL 34677.","Not dog or cat food",https://www.accessdata.fda.gov/scripts/ires/?Product=218524
98309,218527,2026-02-19,"Stratford Care USA, Inc.","Wilson Veterinary Hospital, Medicated CK Antiseptic Wipes, Chlorhexidine 2%, Ketoconazole 1%, 50 CT, For Dogs, Cats & Horses, Distributed by: Stratford Animal Care, 4027 Tampa Road, Oldsmar, FL 34677, Wilson Veterinary Hospital, 12000 Durham St, Washington, MI 48095.","Animal drug, device or non-food product",https://www.accessdata.fda.gov/scripts/ires/?Product=218527
98290,218447,2026-02-20,"Central Valley Ag Cooperative","CVA Balancer w/Rumensin, BWXE007K, MEDICATED, ACTIVE DRUG INGREDIENT: Monensin (as Monensin sodium, 50 g/ton, 50 LBS Net Weight or BULK Directions for Use: Limitations: Feed continuously in complete feed at a rate of 50 to 480 milligrams of monensin per head per day. No additional improvement in fee","Animal drug, device or non-food product",https://www.accessdata.fda.gov/scripts/ires/?Product=218447
98290,218448,2026-02-20,"Central Valley Ag Cooperative","Lowery Custom Mox R60, BWXE017K, MEDICATED, ACTIVE DRUG INGREDIENT: Monensin (as Monensin sodium, 60 g/ton, 50 LBS Net Weight or BULK Directions for Use: Limitations: Feed continuously in complete feed at a rate of 50 to 480 milligrams of monensin per head per day. No additional improvement in feed ","Animal drug, device or non-food product",https://www.accessdata.fda.gov/scripts/ires/?Product=218448
98290,218449,2026-02-20,"Central Valley Ag Cooperative","ELGIN Grower Mix MON, BWXE016K, MEDICATED, ACTIVE DRUG INGREDIENT: Monensin (as Monensin sodium, 36 g/ton, 50 LBS Net Weight or BULK Directions for Use: Limitations: Feed continuously in complete feed at a rate of 50 to 480 milligrams of monensin per head per day. No additional improvement in feed e","Animal drug, device or non-food product",https://www.accessdata.fda.gov/scripts/ires/?Product=218449
98290,218450,2026-02-20,"Central Valley Ag Cooperative","SCOTT BULL MIX R25, BWXE002K, MEDICATED, ACTIVE DRUG INGREDIENT: Monensin (as Monensin sodium, 25 g/ton, 50 LBS Net Weight or BULK Directions for Use: Limitations: Limitations: Feed continuously in complete feed at a rate of 50 to 480 milligrams of monensin per head per day. No additional improvemen","Animal drug, device or non-food product",https://www.accessdata.fda.gov/scripts/ires/?Product=218450
98290,218455,2026-02-20,"Central Valley Ag Cooperative","K BORER BALANCER GM R50, BWXE013K, MEDICATED, ACTIVE DRUG INGREDIENT: Monensin (as Monensin sodium, 50 g/ton, 50 LBS Net Weight or BULK Directions for Use: Limitations: Limitations: Limitations: Feed continuously in complete feed at a rate of 50 to 480 milligrams of monensin per head per day. No add","Animal drug, device or non-food product",https://www.accessdata.fda.gov/scripts/ires/?Product=218455
98290,218456,2026-02-20,"Central Valley Ag Cooperative","K BORER BALANCER GM R50 CTC700, BWXE014K, MEDICATED, ACTIVE DRUG INGREDIENT: Monensin (as Monensin sodium) 50 g/ton and Chlortetracycline 700 g/ton, 50 LBS Net Weight or BULK Directions for Use: Limitations: Limitations: Limitations: Feeding Directions: Feed as the sole ration to provide 10 mg chlor","Animal drug, device or non-food product",https://www.accessdata.fda.gov/scripts/ires/?Product=218456
98491,218906,2026-03-18,"Huvepharma EAD","BioCox 60 Type A Medicated Article, Brand of Salinomycin Sodium, 60g/lb, Net wt 50 lbs (22.68) per bag, Distributed by: Huvepharma, Inc., Peachtree City, GA 30269. NDC 23243-6807-5","Animal drug, device or non-food product",https://www.accessdata.fda.gov/scripts/ires/?Product=218906
98352,218436,2026-03-19,"Neogen Corporation","HYCOAT, Hyaluronate Sodium Sterile Solution, 50mg/10mL vial, 6 x 10mL Vials per carton, Sterile when unopened, For Veterinary Use Only, Distributed by: Neogen Corporation, Lexington, KY 40511","Animal drug, device or non-food product",https://www.accessdata.fda.gov/scripts/ires/?Product=218436
98352,218546,2026-03-19,"Neogen Corporation","HYCOAT, Hyaluronate Sodium Sterile Solution, 20mg/2mL vial, 10 x 2mL Vials per carton, Sterile when unopened, For Veterinary Use Only, Distributed by: Neogen Corporation, Lexington, KY 40511","Animal drug, device or non-food product",https://www.accessdata.fda.gov/scripts/ires/?Product=218546
98532,218992,2026-03-26,"MWI Animal Health","Carton: Noromycin 300 LA (oxytetracycline injection) ANTIBIOTIC, Manufactured by: Norbrook Laboratories Limited, Newry, Northern Ireland, NADA# 141-143.","Animal drug, device or non-food product",https://www.accessdata.fda.gov/scripts/ires/?Product=218992
98577,219104,2026-04-02,"PURINA ANIMAL NUTRITION","Purina Nature's Match Sow & Pig Complete Feed, Net Wt. 50 lb. (22.67 kg), packaged in a bag with UPC 804273051451","Livestock feed or food for other animals",https://www.accessdata.fda.gov/scripts/ires/?Product=219104
98527,218987,2026-04-03,"Smartpak Equine Co.","smart & simple Turmeric Pellets, Turmeric (Curcuma longa) 10,000 mg, Net Contents [1.85 lb (0.84 kg); 3 lb (1.3 kg); 6 lb (2.7 kg), 12 lbs (5.4 kg) or 50 lb] per unit, For use in horses only, Distributed by SmartPak Equine, LLC, 40 Grissom Rd., Ste 500, Plymouth, MA 02360.","Livestock feed or food for other animals",https://www.accessdata.fda.gov/scripts/ires/?Product=218987
98712,219552,2026-04-21,"HUVEPHARMA EOOD","AMPROL 25% (amprolium), Type A medicated article, Net Wt.: 50lb (22.68 kg), Manufactured by: HUVEPHARMA, INC., St Louis, MO 63116, Distributed by: HUVEPHARMA, INC., Peachtree City, GA 30269. NADA# 012-350. (Intended for use in chickens, turkeys, and pheasants.) NDC#: 23243-9561-5.","Animal drug, device or non-food product",https://www.accessdata.fda.gov/scripts/ires/?Product=219552
98620,219252,2026-05-12,"Producers Cooperative Association","12254 Double Down Deer Feed 50 lb Bags 2/12/2026, 2/16/2026, 2/17/2026, 2/20/2026, 2/21/2026, 2/23/2026, 2/24/2026 2/27/2026, 3/2/2026, 3/3/2026, 3/4/2026 12750 Double Down Bulk Deer Feed 2/18/2026, 3/4/2026, 3/5/2026 13380 Double Down Pen & Pasture Deer Feed 50 lb Bags 2/14/2026, 2/16/2026, 2/17/20","Livestock feed or food for other animals",https://www.accessdata.fda.gov/scripts/ires/?Product=219252
98620,219494,2026-05-12,"Producers Cooperative Association","13376 Double Down Dewormer 16 50 lb Bags for Antelope and Gazelle 13367 Double Down Dewormer 50 lb Bags for Antelope and Gazelle 13338 Double Down Dewormer Bulk for Antelope and Gazelle","Animal drug, device or non-food product",https://www.accessdata.fda.gov/scripts/ires/?Product=219494
98847,219980,2026-05-20,"Cronus Pharma","covetrus, Amoxicillin and Clavulanate Potassium for Oral Suspension Drops, 62.5mg/mL, 15 mL, For use in dogs and cats, Distributed by: Covetrus Noth America, 400 Metro Place North, Dublin, OH 43017, Made in India, NDC 11695-7007-1","Animal drug, device or non-food product",https://www.accessdata.fda.gov/scripts/ires/?Product=219980
98847,219981,2026-05-20,"Cronus Pharma","VETONE, Betacilin Clav Drops, Amoxicillin and Clavulanate Potassium for Oral Suspension Drops, 15 mL, For use in dogs and cats, Distributed by: MWI, Boise, ID 83705, Made in India, NDC 86136-011-15.","Animal drug, device or non-food product",https://www.accessdata.fda.gov/scripts/ires/?Product=219981
98789,219836,2026-05-27,"Heritage Cooperative dba Heritage Animal Nutrition","Heritage Animal Nutrition Medicated Feed. Packaged in 50 lb bags","Animal drug, device or non-food product",https://www.accessdata.fda.gov/scripts/ires/?Product=219836
98896,220110,2026-05-29,"Dechra Veterinary Products Inc","Ophthavet Ophthalmic Solution, 0.18% Viscoadaptive Sodium Hyaluronate, 10 mL (0.33 fl oz), Manufactured for: Dechra Veterinary Products, 7015 College Boulevard, Suite 525, Overland Park, KS 66211 USA, NDC 17033-045-10. For use in dogs and cats.","Animal drug, device or non-food product",https://www.accessdata.fda.gov/scripts/ires/?Product=220110
98996,220420,2026-06-11,"Lloyd Inc. of Iowa","ToxiBan Charcoal-Kaolin Suspension, Net Volume: 240 mL (8.1 fl oz) per bottle, LLOYD, Inc., Shenandoah, IA 51601 USA. NDC: 11789-105-50, For use in domestic animals.","Animal drug, device or non-food product",https://www.accessdata.fda.gov/scripts/ires/?Product=220420
98983,220345,2026-06-12,"Montgomery Meats","My Pet Carnivore Coarse Ground Whole Goat Net Wt. 2lbs (907 grams). Packaged in a plastic tub. Frozen product. Manufactured Mar 9 Apr 3, 2026","Livestock feed or food for other animals",https://www.accessdata.fda.gov/scripts/ires/?Product=220345
99287,221195,2026-07-09,"Doggone Raw, LLC","Bosco's Blend Chicken Doggone Raw Net Weight 2 lbs and 10 lbs Frozen. Packaged in a white plastic tubs","Not dog or cat food",https://www.accessdata.fda.gov/scripts/ires/?Product=221195
99258,221160,2026-07-21,"Revival Animal Health LLC","Breeder's Edge Foster Care GM Enriched Goat Milk Formula Net Contents 1 LB (454 GRAM) Powder Newborn Health UPC:817160010080, 12 packages per case. Breeder's Edge Foster Care GM Enriched Goat Milk Formula Net Contents 5 LB (2.27 Kg) Powder Newborn Health UPC:817160010097, 6 packages per case.","Livestock feed or food for other animals",https://www.accessdata.fda.gov/scripts/ires/?Product=221160
99305,221246,2026-07-21,"MFV COMPOUNDING PHARMACY","Diclofenac Sodium 0.1% Eye Ointment, 5.000 GM per tube","Animal drug, device or non-food product",https://www.accessdata.fda.gov/scripts/ires/?Product=221246
99455,221595,2026-08-06,"Pegasus Laboratories, Inc.","Proin ER, phenylpropanolamine hydrochloride extended-release tablets, 145mg Tablets, Net Contents 30 Tablets, Manufactured by: Pegasus Laboratories, Inc., Employee-owned Pensacola, FL 32514, USA, NDC 49427-347-57, for use in dogs","Animal drug, device or non-food product",https://www.accessdata.fda.gov/scripts/ires/?Product=221595
99468,221618,2026-08-24,"Fundamental Feed","Sainforage Sainfoin + Grass + Alfalfa Forage Pellet 40 lb (18.14 KG) UPC: 720260672693. Packaged BOPP woven plastic bags.","Not dog or cat food",https://www.accessdata.fda.gov/scripts/ires/?Product=221618
99468,221695,2026-08-24,"Fundamental Feed","Sainfoin Premium Equine Forage Pellet 40 lb (18.14 KG) UPC: 680140560949. Packaged BOPP woven plastic bags.","Livestock feed or food for other animals",https://www.accessdata.fda.gov/scripts/ires/?Product=221695
99468,221696,2026-08-24,"Fundamental Feed","Seasons Biome Blend Functional Food For Horses 40 lb (18.14 KG) UPC: 680140560956. Packaged BOPP woven plastic bags.","Livestock feed or food for other animals",https://www.accessdata.fda.gov/scripts/ires/?Product=221696
99522,221835,2026-09-01,"American Regent, Inc.","Vial Label: Adequan i.m. polysulfated glycosaminoglycan, 500mg/5mL (100 mg/mL), 5mL Single Dose Vial, For Intramuscular Use In Horses, American Regent, INC., Animal Health, Shirley, NY 11967, NDC 10797-995-01. Carton Label: Adequan i.m. polysulfated glycosaminoglycan, PSGAG Injection, 500mg/5mL (100","Animal drug, device or non-food product",https://www.accessdata.fda.gov/scripts/ires/?Product=221835
99522,221836,2026-09-01,"American Regent, Inc.","Vial Label: Adequan Canine, polysulfated glycosaminoglycan, 100 mg/mL, 5mL Preserved Multiple Dose Vial, For intramuscular Use In Dogs, AMERICAN REGENT, INC., ANIMAL HEALTH, Shirley, NY 11967, NDC 10797-975-01. Packer Labeling: Adequan Canine, polysulfated glycosaminoglycan, 100 mg/mL, (500mg/5mL), ","Animal drug, device or non-food product",https://www.accessdata.fda.gov/scripts/ires/?Product=221836
99688,222201,2026-09-02,"ICU Medical, Inc.","IV Sets with drip chambers","Not dog or cat food",https://www.accessdata.fda.gov/scripts/ires/?Product=222201
99567,221895,2026-09-09,"Westwood Laboratories, LLC.","Remedy Recovery Dogswell, Pet Wormer, for dogs, cats, puppies, & kittens, Net Contents 236 ml (8 fl oz), Distributed by Whitebridge Pet Brands, St. Louis, MO 63141, NDC 86131-300-08.","Animal drug, device or non-food product",https://www.accessdata.fda.gov/scripts/ires/?Product=221895
