event_id,product_no,description,upcs,lot_codes,fda_class,status,recall_number,initiated_date,report_date,terminated_date,quantity,voluntary,firm_notified_by,fda_url
61581,1,"Diamond Pet Foods, Naturals Lamb Meal & Rice Formula for Adult Dogs, Packed in 6 lb (UPC: 0 7419860995 6), 20 lb (UPC 0 7419860816 4), and 40 lb (UPC 0 7419860817 1) bags, Proudly made by Diamond Pet Food, Meta, Missouri.",074198608164;074198608171;074198609956,"Product Code: DLR0101D3XALW, Best Before 04 Jan 2013 (6 lb bag); DLR0101C31XMF, Best Before 03 Jan 2013 (20 lb bag); DLR0101C31XMF, Best Before 03 Jan 3013; DLR0101C31XAG, Best Before 03 Jan 2013 and DLR0101D32XMS, Best Before 04 Jan 2013 (40 lb bags).","Class I",Terminated,V-205-2012,2012-04-05,2012-09-12,2014-05-27,"7240 total units","Voluntary: Firm initiated",E-Mail,https://www.accessdata.fda.gov/scripts/ires/?Product=108489
61581,2,"Chicken Soup for the Dog Lover’s Soul, Adult Dog Light Formula, Brand Dog Food, Net Wt 6 lb (UPC Code: 0 7419860795 2) and 35 lbs (15.87kg) bags (UPC Code: 0 7419860981 0), Proudly made by Diamond Pet Food, Meta, Missouri.",,"Code: Production Code: CLF0102B31XCW, Best By Date: 27/JAN/2013, CLF0102B31XCW, Best By Date: 28/JAN/2013 and CLF0102B32XWR, Best By Date: 28/JAN/2013 (35 lb bags). Product Code: CLF0102B3XALW, Best by Date: 28/JAN/2013 (6 lb bags).","Class I",Terminated,V-206-2012,2012-04-05,2012-09-12,2014-05-27,"2,444/35 lb bags and 251 6/6 lb bags and 49 6/8 lb bags","Voluntary: Firm initiated",E-Mail,https://www.accessdata.fda.gov/scripts/ires/?Product=108952
61581,3,"Diamond Pet Foods, Puppy, Net Wt 6 oz samples (UPC Code: 0 7419800200 9), 8 lb (UPC Code: 0 7419800208 5), 20 lb (UPC Code: 0 7419800220 7) and 40 lb bags (UPC Code: 0 7419800240 5), Proudly made by Diamond Pet Food, Meta, Missouri.",,"Code: Production Code: DPP0401 (6 oz samples); DPP0401B2XALW, Best By Date: 7Apr/2013 (8 lb bags); DPP0101C31XRB, Best By Date: 11/Jan/2013, DPP0101C31XME, Best By Date: 11/Jan/2013, DPP0401B22XJW, Best By Date: 6/Aprl/2013 (20 lb bags) and DPP040B2XDJ, Best By Date: 7/Apr/2013, DPP0101C31XME, Best By Date: 11/Jan/2013, DPP0401A21XAW, Best By Date: 6/Apr/2013 and DPP0401B22XJW, Best By Date: 6/Apr/2013.","Class I",Terminated,V-207-2012,2012-04-05,2012-09-12,2014-05-27,"49-6/8 lb bags, 3350-20 lb bags and 4968-40 lb bags.","Voluntary: Firm initiated",E-Mail,https://www.accessdata.fda.gov/scripts/ires/?Product=108953
61805,1,"5 LB Natural Balance Sweet Potato & Venison Dog UPC# 7-23633-88650-5",723633886505,"UPC# 7-23633-88650-5, Lot Code NBH1202 Best By Date: December 12, 2012; December 13, 2012. Lot Code NBH0103 Best By Date: March 13, 2013.","Class I",Terminated,V-178-2012,2012-05-04,2012-07-25,2013-03-15,"4,212 units","Voluntary: Firm initiated",Letter,https://www.accessdata.fda.gov/scripts/ires/?Product=109122
61805,2,"15 LB Natural Balance Sweet Potato & Venison Dog",,"UPC# 7-23633-88615-4, Lot Code NBH0101 Best By Date: March 5, 2013; March 6, 2013. Lot Code NBH1202 Best By Date: December 12, 2012; December 13, 2012. Lot Code NBH1203 Best By Date: December 13, 2012; December 14, 2012.","Class I",Terminated,V-179-2012,2012-05-04,2012-07-25,2013-03-15,"8,568 units","Voluntary: Firm initiated",Letter,https://www.accessdata.fda.gov/scripts/ires/?Product=109123
61805,3,"28 LB Natural Balance Sweet Potato & Venison Dog",,"UPC# 7-23633-88628-4, Lot Code NBH0101 Best By Date: March 5, 2013; March 6, 2013. Lot Code NBH0102 Best By Date: March 7, 2013; March 8, 2013. Lot Code NBH0103 Best By Date: March 12, 2013. Lot Code NBH1202 Best By Date: December 12, 2012; December 13, 2012. Lot Code NBH1203 Best By Date: December 13, 2012; December 14, 2012.","Class I",Terminated,V-180-2012,2012-05-04,2012-07-25,2013-03-15,"28,652 units","Voluntary: Firm initiated",Letter,https://www.accessdata.fda.gov/scripts/ires/?Product=109125
61805,4,"5 LB Natural Balance Lamb Meal & Brown Rice Dog",,"UPC# 7-23633-78755-0, Lot Code NBR1202 Best By Date: December 10, 2012. Lot Code NBR1203 Best By Date: December 21, 2012; December 22, 2012.","Class I",Terminated,V-181-2012,2012-05-04,2012-07-25,2013-03-15,"5,298 units","Voluntary: Firm initiated",Letter,https://www.accessdata.fda.gov/scripts/ires/?Product=109126
61805,5,"15 LB Natural Balance Lamb Meal & Brown Rice Dog",,"UPC# 7-23633-78715-4, Lot Code NBR1202 Best By Date: December 10, 2012; Lot Code NBR1203 Best By Date: December 21, 2012; December 22, 2012.","Class I",Terminated,V-182-2012,2012-05-04,2012-07-25,2013-03-15,"3,164 units","Voluntary: Firm initiated",Letter,https://www.accessdata.fda.gov/scripts/ires/?Product=109127
61805,6,"28 LB Natural Balance Lamb Meal & Brown Rice Dog",,"UPC# 7-23633-78728-4, Lot Code NBR1202 Best By Date: December 10, 2012; Lot Code NBR1203 Best By Date: December 21, 2012; December 22, 2012.","Class I",Terminated,V-183-2012,2012-05-04,2012-07-25,2013-03-15,"6,190 units","Voluntary: Firm initiated",Letter,https://www.accessdata.fda.gov/scripts/ires/?Product=109128
61805,7,"5 LB Natural Balance Sweet Potato & Bison Dog",,"UPC# 7-23633-65553-8, Lot Code NBT1202 Best By Date: December 17, 2012; December 18, 2012; Lot Code NBT1203 Best By Date: December 28, 2012; December 29, 2012.","Class I",Terminated,V-184-2012,2012-05-04,2012-07-25,2013-03-15,"6,696 units","Voluntary: Firm initiated",Letter,https://www.accessdata.fda.gov/scripts/ires/?Product=109129
61805,8,"15 LB Natural Balance Sweet Potato & Bison Dog",,"UPC# 7-23633-61718-5, Lot Code NBT1201 Best By Date: December 9, 2012; Lot Code NBT1202 Best By Date: December 17, 2012; December 18, 2012; Lot Code NBT1203 Best By Date: December 28, 2012; December 29, 2012.","Class I",Terminated,V-185-2012,2012-05-04,2012-07-25,2013-03-15,"6,723 units","Voluntary: Firm initiated",Letter,https://www.accessdata.fda.gov/scripts/ires/?Product=109130
61805,9,"28 LB Natural Balance Sweet Potato & Bison Dog",,"UPC# 7-23633-63031-3, Lot Code NBT1201 Best By Date: December 9, 2012 Lot Code NBT1202 Best By Date: December 17, 2012; December 18, 2012; Lot Code NBT1203 Best By Date: December 28, 2012; December 29, 2012.","Class I",Terminated,V-186-2012,2012-05-04,2012-07-25,2013-03-15,"7,355 units","Voluntary: Firm initiated",Letter,https://www.accessdata.fda.gov/scripts/ires/?Product=109131
61805,10,"5 LB Natural Balance Vegetarian Dog",,"UPC# 7-23633-80855-2, Lot Code NBV1201 Best By Date: December 9, 2012.","Class I",Terminated,V-187-2012,2012-05-04,2012-07-25,2013-03-15,"2,730 units","Voluntary: Firm initiated",Letter,https://www.accessdata.fda.gov/scripts/ires/?Product=109132
61805,11,"28 LB Natural Balance Lamb Meal & Brown Rice Dog Large Breed Bites",,"UPC# 7-23633-44443-9, Lot Code NLB1202 Best By Date: December 12, 2012; Lot Code NLB1203 Best By Date: December 20, 2012; December 21, 2012.","Class I",Terminated,V-188-2012,2012-05-04,2012-07-25,2013-03-15,"2,700 units","Voluntary: Firm initiated",Letter,https://www.accessdata.fda.gov/scripts/ires/?Product=109134
61805,12,"5 LB Natural Balance Lamb Meal & Brown Rice Dog Small Breed Bites",,"UPC# 7-23633-42300-7, Lot Code NSL1201 Best By Date: December 21, 2012.","Class I",Terminated,V-189-2012,2012-05-04,2012-07-25,2013-03-15,"2,952 units","Voluntary: Firm initiated",Letter,https://www.accessdata.fda.gov/scripts/ires/?Product=109135
61805,13,"12.5 LB Natural Balance Lamb Meal & Brown Rice Dog Small Breed Bites",,"UPC# 7-23633-42301-4, Lot Code NSL1201 Best By Date: December 21, 2012.","Class I",Terminated,V-190-2012,2012-05-04,2012-07-25,2013-03-15,"1,816 units","Voluntary: Firm initiated",Letter,https://www.accessdata.fda.gov/scripts/ires/?Product=109136
61806,1,"Wellness Complete Health Super5Mix Large Breed Puppy, packaged in: 15 lb. and 30 lb. bags and 5 oz. sample bags Product Code: 89591 UPC: 4 00 76344 89591 4 Super5Mix Large Breed Puppy 12/5oz;. Product Code: 89114 UPC: 0 76344 89114 7 Super5Mix Large Breed Puppy 15 lb.; Product Code: 89115 UPC: 0 76344 89115 4 Super5Mix Large Breed Puppy 30 lb.",076344891147;076344891154;40076344895914,"Best by dates of JAN 9 2013 through JAN 11 2013.","Class I",Terminated,V-192-2012,2012-05-04,2012-08-08,2015-07-14,"10,308 units","Voluntary: Firm initiated","Two or more of the following: Email, Fax, Letter, Press Release, Telephone, Visit",https://www.accessdata.fda.gov/scripts/ires/?Product=109133
61817,1,"Solid Gold WolfCub Large Breed Puppy Food, 4lb, 15lb, and 33lb, with a best before date of December 30, 2012 and batch code starting with SGB1201A31X. Product labeling reads in part:""***LARGE-BREED PUPPY DOG FOOD***SOLID GOLD WOLFCUB***MANUFACTURED FOR: SOLID GOLD HEALTH PRODUCTS FOR PETS, INC. EL CAJON, CA 92020 NET WT 4 LBS./1.81 KG***"".",,"with a best before date of December 30, 2012 and batch code starting with SGB1201A31X. 4lb UPC 093766750005 15lb UPC 093766750012 33lb UPC 093766750029","Class I",Terminated,V-166-2012,2012-05-08,2012-07-18,2013-01-15,6258,"Voluntary: Firm initiated","Two or more of the following: Email, Fax, Letter, Press Release, Telephone, Visit",https://www.accessdata.fda.gov/scripts/ires/?Product=109158
61817,2,"Solid Gold WolfKing Large Breed Adult Dog Food, 4lb, 15lb, and 28.5lb, with a best before date of December 30, 2012 and batch code starting with SGL1201A32X. Product labeling reads in part:""***LARGE-BREED ADULT DOG FOOD***SOLID GOLD WOLFKING***MANUFACTURED FOR: SOLID GOLD HEALTH PRODUCTS FOR PETS, INC. EL CAJON, CA 92020 NET WT 15 LBS./6.8 KG***"".",,"with a best before date of December 30, 2012 and batch code starting with SGB1201A31X. 4lb UPC 093766750005 15lb UPC 093766750012 33lb UPC 093766750029","Class I",Terminated,V-167-2012,2012-05-08,2012-07-18,2013-01-15,1789,"Voluntary: Firm initiated","Two or more of the following: Email, Fax, Letter, Press Release, Telephone, Visit",https://www.accessdata.fda.gov/scripts/ires/?Product=109159
61820,1,"Country Value Dog Adult, Net Wt. 50 lbs, Made by Schell and Kampeter, Meta, Missouri 65058",,"Products (all sizes) with Best Before dates between 9-DEC-2012 and 7-APR-2013; Lot codes with a number '2' or '3' in the 9th position AND an 'X' in the 10th or 11th position.","Class I",Terminated,V-002-2013,2012-05-04,2012-10-31,2014-05-27,"Approx. 1,153,000 lbs (for all Country Value products)","Voluntary: Firm initiated","Two or more of the following: Email, Fax, Letter, Press Release, Telephone, Visit",https://www.accessdata.fda.gov/scripts/ires/?Product=109165
61820,2,"Country Value Hi Energy Dog Formula, Net Wt. 50 lbs, Made by Schell and Kampeter, Meta, Missouri 65058.",,"Products (all sizes) with Best Before dates between 9-DEC-2012 and 7-APR-2013; Lot codes with a number '2' or '3' in the 9th position AND an 'X' in the 10th or 11th position.","Class I",Terminated,V-003-2013,2012-05-04,2012-10-31,2014-05-27,"Approx. 1,153,000 lbs (for all Country Value products)","Voluntary: Firm initiated","Two or more of the following: Email, Fax, Letter, Press Release, Telephone, Visit",https://www.accessdata.fda.gov/scripts/ires/?Product=109166
61820,3,"Country Value Puppy Formula, Net Wt. 50 lbs, Made by Schell and Kampeter, Meta, Missouri 65058.",,"Products (all sizes) with Best Before dates between 9-DEC-2012 and 7-APR-2013; Lot codes with a number '2' or '3' in the 9th position AND an 'X' in the 10th or 11th position.","Class I",Terminated,V-004-2013,2012-05-04,2012-10-31,2014-05-27,"Approx. 1,153,000 lbs (for all Country Value products)","Voluntary: Firm initiated","Two or more of the following: Email, Fax, Letter, Press Release, Telephone, Visit",https://www.accessdata.fda.gov/scripts/ires/?Product=109167
61820,4,"Country Value Cat Formula, Net Wt. 40 lbs, Made by Schell and Kampeter, Meta, Missouri 65058.",,"Products (all sizes) with Best Before dates between 9-DEC-2012 and 7-APR-2013; Lot codes with a number '2' or '3' in the 9th position AND an 'X' in the 10th or 11th position.","Class I",Terminated,V-005-2013,2012-05-04,2012-10-31,2014-05-27,"Approx. 1,153,000 lbs (for all Country Value products)","Voluntary: Firm initiated","Two or more of the following: Email, Fax, Letter, Press Release, Telephone, Visit",https://www.accessdata.fda.gov/scripts/ires/?Product=109168
61820,5,"Diamond Pet Foods Maintenance Dog, Net Wt. 50 lbs., Made by Diamond Pet Food, Meta, Missouri 65058.",,"Products (all sizes) with Best Before dates between 9-DEC-2012 and 7-APR-2013; Lot codes with a number '2' or '3' in the 9th position AND an 'X' in the 10th or 11th position.","Class I",Terminated,V-006-2013,2012-05-04,2012-10-31,2014-05-27,unknown,"Voluntary: Firm initiated","Two or more of the following: Email, Fax, Letter, Press Release, Telephone, Visit",https://www.accessdata.fda.gov/scripts/ires/?Product=109169
61820,6,"Diamond Pet Foods Puppy, Net Wt. 40 lbs., Made by Diamond Pet Food, Meta, Missouri 65058.",,"Products (all sizes) with Best Before dates between 9-DEC-2012 and 7-APR-2013; Lot codes with a number '2' or '3' in the 9th position AND an 'X' in the 10th or 11th position.","Class I",Terminated,V-007-2013,2012-05-04,2012-10-31,2014-05-27,unknown,"Voluntary: Firm initiated","Two or more of the following: Email, Fax, Letter, Press Release, Telephone, Visit",https://www.accessdata.fda.gov/scripts/ires/?Product=109170
61820,7,"Diamond Pet Foods Premium Adult Dog, Net Wt. 50 lbs., Made by Diamond Pet Food, Meta, Missouri 65058.",,"Products (all sizes) with Best Before dates between 9-DEC-2012 and 7-APR-2013; Lot codes with a number '2' or '3' in the 9th position AND an 'X' in the 10th or 11th position.","Class I",Terminated,V-008-2013,2012-05-04,2012-10-31,2014-05-27,unknown,"Voluntary: Firm initiated","Two or more of the following: Email, Fax, Letter, Press Release, Telephone, Visit",https://www.accessdata.fda.gov/scripts/ires/?Product=109194
61820,8,"Diamond Pet Foods Senior 8+, Chicken, Egg & Oatmeal Dog Formula, Net Wt. 35 lbs., Made by Diamond Pet Food, Meta, Missouri 65058.",,"Products (all sizes) with Best Before dates between 9-DEC-2012 and 7-APR-2013; Lot codes with a number '2' or '3' in the 9th position AND an 'X' in the 10th or 11th position.","Class I",Terminated,V-009-2013,2012-05-04,2012-10-31,2014-05-27,unknown,"Voluntary: Firm initiated","Two or more of the following: Email, Fax, Letter, Press Release, Telephone, Visit",https://www.accessdata.fda.gov/scripts/ires/?Product=109216
61820,9,"Diamond Pet Foods Original Dog, Net Wt. 50 lbs., Made by Diamond Pet Food, Meta, Missouri 65058.",,"Products (all sizes) with Best Before dates between 9-DEC-2012 and 7-APR-2013; Lot codes with a number '2' or '3' in the 9th position AND an 'X' in the 10th or 11th position.","Class I",Terminated,V-010-2013,2012-05-04,2012-10-31,2014-05-27,unknown,"Voluntary: Firm initiated","Two or more of the following: Email, Fax, Letter, Press Release, Telephone, Visit",https://www.accessdata.fda.gov/scripts/ires/?Product=109247
61820,10,"Diamond Pet Foods Hi Energy Sporting, Net Wt. 50 lbs., Made by Diamond Pet Food, Meta, Missouri 65058.",,"Products (all sizes) with Best Before dates between 9-DEC-2012 and 7-APR-2013; Lot codes with a number '2' or '3' in the 9th position AND an 'X' in the 10th or 11th position.","Class I",Terminated,V-011-2013,2012-05-04,2012-10-31,2014-05-27,unknown,"Voluntary: Firm initiated","Two or more of the following: Email, Fax, Letter, Press Release, Telephone, Visit",https://www.accessdata.fda.gov/scripts/ires/?Product=109258
61820,11,"Diamond Pet Foods Performance Dog, Net Wt. 40 lbs., Made by Diamond Pet Food, Meta, Missouri 65058.",,"Products (all sizes) with Best Before dates between 9-DEC-2012 and 7-APR-2013; Lot codes with a number '2' or '3' in the 9th position AND an 'X' in the 10th or 11th position.","Class I",Terminated,V-012-2013,2012-05-04,2012-10-31,2014-05-27,unknown,"Voluntary: Firm initiated","Two or more of the following: Email, Fax, Letter, Press Release, Telephone, Visit",https://www.accessdata.fda.gov/scripts/ires/?Product=109261
61820,12,"Diamond Pet Foods Indoor Cat Formula, Net Wt. 18 lbs., Made by Diamond Pet Food, Meta, Missouri 65058.",,"Products (all sizes) with Best Before dates between 9-DEC-2012 and 7-APR-2013; Lot codes with a number '2' or '3' in the 9th position AND an 'X' in the 10th or 11th position.","Class I",Terminated,V-013-2013,2012-05-04,2012-10-31,2014-05-27,unknown,"Voluntary: Firm initiated","Two or more of the following: Email, Fax, Letter, Press Release, Telephone, Visit",https://www.accessdata.fda.gov/scripts/ires/?Product=113274
61820,13,"Diamond Pet Foods Maintenance Cat, Net Wt. 40 lbs., Made by Diamond Pet Food, Meta, Missouri 65058.",,"Products (all sizes) with Best Before dates between 9-DEC-2012 and 7-APR-2013; Lot codes with a number '2' or '3' in the 9th position AND an 'X' in the 10th or 11th position.","Class I",Terminated,V-014-2013,2012-05-04,2012-10-31,2014-05-27,unknown,"Voluntary: Firm initiated","Two or more of the following: Email, Fax, Letter, Press Release, Telephone, Visit",https://www.accessdata.fda.gov/scripts/ires/?Product=113275
61820,14,"Diamond Pet Foods Naturals Small Breed Puppy, Net Wt. 40 lbs., Made by Diamond Pet Food, Meta, Missouri 65058.",,"Products (all sizes) with Best Before dates between 9-DEC-2012 and 7-APR-2013; Lot codes with a number '2' or '3' in the 9th position AND an 'X' in the 10th or 11th position.","Class I",Terminated,V-015-2013,2012-05-04,2012-10-31,2014-05-27,unknown,"Voluntary: Firm initiated","Two or more of the following: Email, Fax, Letter, Press Release, Telephone, Visit",https://www.accessdata.fda.gov/scripts/ires/?Product=113276
61820,15,"Diamond Pet Foods Naturals Large Breed Puppy Lamb & Rice, Net Wt. 140 lbs. Made by Diamond Pet Food, Meta, Missouri 65058.",,"Products (all sizes) with Best Before dates between 9-DEC-2012 and 7-APR-2013; Lot codes with a number '2' or '3' in the 9th position AND an 'X' in the 10th or 11th position.","Class I",Terminated,V-016-2013,2012-05-04,2012-10-31,2014-05-27,unknown,"Voluntary: Firm initiated","Two or more of the following: Email, Fax, Letter, Press Release, Telephone, Visit",https://www.accessdata.fda.gov/scripts/ires/?Product=113277
61820,16,"Diamond Pet Foods Naturals Lamb Meal & Rice Adult Dog, Net Wt. 40 lbs, Made by Diamond Pet Food, Meta, Missouri 65058.",,"Products (all sizes) with Best Before dates between 9-DEC-2012 and 7-APR-2013; Lot codes with a number '2' or '3' in the 9th position AND an 'X' in the 10th or 11th position.","Class I",Terminated,V-017-2013,2012-05-04,2012-10-31,2014-05-27,unknown,"Voluntary: Firm initiated","Two or more of the following: Email, Fax, Letter, Press Release, Telephone, Visit",https://www.accessdata.fda.gov/scripts/ires/?Product=113278
61820,17,"Diamond Pet Foods Naturals Beef Meal & Rice Adult Dog, Net Wt. 40 lbs., Made by Diamond Pet Food, Meta, Missouri 65058",,"Products (all sizes) with Best Before dates between 9-DEC-2012 and 7-APR-2013; Lot codes with a number '2' or '3' in the 9th position AND an 'X' in the 10th or 11th position.","Class I",Terminated,V-018-2013,2012-05-04,2012-10-31,2014-05-27,unknown,"Voluntary: Firm initiated","Two or more of the following: Email, Fax, Letter, Press Release, Telephone, Visit",https://www.accessdata.fda.gov/scripts/ires/?Product=113279
61820,18,"Diamond Pet Foods Naturals Large Breed Adult Dog Lamb & Rice, Net Wt. 40 lbs. Made by Diamond Pet Food, Meta, Missouri 65058.",,"Products (all sizes) with Best Before dates between 9-DEC-2012 and 7-APR-2013; Lot codes with a number '2' or '3' in the 9th position AND an 'X' in the 10th or 11th position.","Class I",Terminated,V-019-2013,2012-05-04,2012-10-31,2014-05-27,unknown,"Voluntary: Firm initiated","Two or more of the following: Email, Fax, Letter, Press Release, Telephone, Visit",https://www.accessdata.fda.gov/scripts/ires/?Product=113280
61820,19,"Diamond Pet Foods Naturals Large Breed 60+ Adult Dog, Net Wt. 40 lbs., Made by Diamond Pet Food, Meta, Missouri 65058.",,"Products (all sizes) with Best Before dates between 9-DEC-2012 and 7-APR-2013; Lot codes with a number '2' or '3' in the 9th position AND an 'X' in the 10th or 11th position.","Class I",Terminated,V-020-2013,2012-05-04,2012-10-31,2014-05-27,unknown,"Voluntary: Firm initiated","Two or more of the following: Email, Fax, Letter, Press Release, Telephone, Visit",https://www.accessdata.fda.gov/scripts/ires/?Product=113281
61820,20,"Diamond Pet Foods Naturals Chicken & Rice Adult Dog, Net Wt. 40 lbs, Made by Diamond Pet Food, Meta, Missouri 65058.",,"Products (all sizes) with Best Before dates between 9-DEC-2012 and 7-APR-2013; Lot codes with a number '2' or '3' in the 9th position AND an 'X' in the 10th or 11th position.","Class I",Terminated,V-021-2013,2012-05-04,2012-10-31,2014-05-27,unknown,"Voluntary: Firm initiated","Two or more of the following: Email, Fax, Letter, Press Release, Telephone, Visit",https://www.accessdata.fda.gov/scripts/ires/?Product=113282
61820,21,"Diamond Pet Foods Naturals Small Breed Adult Dog Chicken & Rice, Net Wt. 18 lbs. Made by Diamond Pet Food, Meta, Missouri 65058.",,"Products (all sizes) with Best Before dates between 9-DEC-2012 and 7-APR-2013; Lot codes with a number '2' or '3' in the 9th position AND an 'X' in the 10th or 11th position.","Class I",Terminated,V-022-2013,2012-05-04,2012-10-31,2014-05-27,unknown,"Voluntary: Firm initiated","Two or more of the following: Email, Fax, Letter, Press Release, Telephone, Visit",https://www.accessdata.fda.gov/scripts/ires/?Product=113283
61820,22,"Diamond Pet Foods Naturals Small Breed Adult Dog Lamb & Rice, Net Wt. 18 lbs. Made by Diamond Pet Food, Meta, Missouri 65058.",,"Products (all sizes) with Best Before dates between 9-DEC-2012 and 7-APR-2013; Lot codes with a number '2' or '3' in the 9th position AND an 'X' in the 10th or 11th position.","Class I",Terminated,V-023-2013,2012-05-04,2012-10-31,2014-05-27,unknown,"Voluntary: Firm initiated","Two or more of the following: Email, Fax, Letter, Press Release, Telephone, Visit",https://www.accessdata.fda.gov/scripts/ires/?Product=113284
61820,23,"Diamond Pet Foods Naturals Extreme Athlete Chicken & Rice, Net Wt. 40 lbs., Made by Diamond Pet Food, Meta, Missouri 65058.",,"Products (all sizes) with Best Before dates between 9-DEC-2012 and 7-APR-2013; Lot codes with a number '2' or '3' in the 9th position AND an 'X' in the 10th or 11th position.","Class I",Terminated,V-024-2013,2012-05-04,2012-10-31,2014-05-27,unknown,"Voluntary: Firm initiated","Two or more of the following: Email, Fax, Letter, Press Release, Telephone, Visit",https://www.accessdata.fda.gov/scripts/ires/?Product=113285
61820,24,"Diamond Pet Foods Naturals Lite Lamb Meal & Rice Dog, Net Wt. 30 lbs. Made by Diamond Pet Food, Meta, Missouri 65058.",,"Products (all sizes) with Best Before dates between 9-DEC-2012 and 7-APR-2013; Lot codes with a number '2' or '3' in the 9th position AND an 'X' in the 10th or 11th position.","Class I",Terminated,V-025-2013,2012-05-04,2012-10-31,2014-05-27,unknown,"Voluntary: Firm initiated","Two or more of the following: Email, Fax, Letter, Press Release, Telephone, Visit",https://www.accessdata.fda.gov/scripts/ires/?Product=113286
61820,25,"Diamond Pet Foods Naturals Active Cat Chicken & Rice, Net Wt. 18 lbs., Made by Diamond Pet Food, Meta, Missouri 65058.",,"Products (all sizes) with Best Before dates between 9-DEC-2012 and 7-APR-2013; Lot codes with a number '2' or '3' in the 9th position AND an 'X' in the 10th or 11th position.","Class I",Terminated,V-026-2013,2012-05-04,2012-10-31,2014-05-27,unknown,"Voluntary: Firm initiated","Two or more of the following: Email, Fax, Letter, Press Release, Telephone, Visit",https://www.accessdata.fda.gov/scripts/ires/?Product=113287
61820,26,"Diamond Pet Foods Naturals Kitten, Net Wt. 6 lbs. Made by Diamond Pet Food, Meta, Missouri 65058.",,"Products (all sizes) with Best Before dates between 9-DEC-2012 and 7-APR-2013; Lot codes with a number '2' or '3' in the 9th position AND an 'X' in the 10th or 11th position.","Class I",Terminated,V-027-2013,2012-05-04,2012-10-31,2014-05-27,unknown,"Voluntary: Firm initiated","Two or more of the following: Email, Fax, Letter, Press Release, Telephone, Visit",https://www.accessdata.fda.gov/scripts/ires/?Product=113288
61820,27,"Professional Adult Dog Chicken & Barley, Net Wt. 35 lbs., Professional Pet Foods, Meta Missouri, 65058.",,"Products (all sizes) with Best Before dates between 9-DEC-2012 and 7-APR-2013; Lot codes with a number '2' or '3' in the 9th position AND an 'X' in the 10th or 11th position.","Class I",Terminated,V-028-2013,2012-05-04,2012-10-31,2014-05-27,"Approx. 332,300 lbs (total for all Professional brand products).","Voluntary: Firm initiated","Two or more of the following: Email, Fax, Letter, Press Release, Telephone, Visit",https://www.accessdata.fda.gov/scripts/ires/?Product=113289
61820,28,"Professional Adult Dog Lamb & Rice, Net Wt. 35 lbs., Professional Pet Foods, Meta Missouri, 65058.",,"Products (all sizes) with Best Before dates between 9-DEC-2012 and 7-APR-2013; Lot codes with a number '2' or '3' in the 9th position AND an 'X' in the 10th or 11th position.","Class I",Terminated,V-029-2013,2012-05-04,2012-10-31,2014-05-27,"Approx. 332,300 lbs (total for all Professional brand products).","Voluntary: Firm initiated","Two or more of the following: Email, Fax, Letter, Press Release, Telephone, Visit",https://www.accessdata.fda.gov/scripts/ires/?Product=113290
61820,29,"Professional Adult Dog Low Fat Chicken & Rice, Net Wt. 35 lbs., Professional Pet Foods, Meta Missouri, 65058.",,"Products (all sizes) with Best Before dates between 9-DEC-2012 and 7-APR-2013; Lot codes with a number '2' or '3' in the 9th position AND an 'X' in the 10th or 11th position.","Class I",Terminated,V-030-2013,2012-05-04,2012-10-31,2014-05-27,"Approx. 332,300 lbs (total for all Professional brand products).","Voluntary: Firm initiated","Two or more of the following: Email, Fax, Letter, Press Release, Telephone, Visit",https://www.accessdata.fda.gov/scripts/ires/?Product=113291
61820,30,"Professional Adult Dog Chicken & Rice Active, Net Wt. 35 lbs., Professional Pet Foods, Meta Missouri, 65058.",,"Products (all sizes) with Best Before dates between 9-DEC-2012 and 7-APR-2013; Lot codes with a number '2' or '3' in the 9th position AND an 'X' in the 10th or 11th position.","Class I",Terminated,V-031-2013,2012-05-04,2012-10-31,2014-05-27,"Approx. 332,300 lbs (total for all Professional brand products).","Voluntary: Firm initiated","Two or more of the following: Email, Fax, Letter, Press Release, Telephone, Visit",https://www.accessdata.fda.gov/scripts/ires/?Product=113292
61820,31,"Professional Senior Dog Chicken & Barley; Net Wt. 35 lbs., Professional Pet Foods, Meta Missouri, 65058.",,"Products (all sizes) with Best Before dates between 9-DEC-2012 and 7-APR-2013; Lot codes with a number '2' or '3' in the 9th position AND an 'X' in the 10th or 11th position.","Class I",Terminated,V-032-2013,2012-05-04,2012-10-31,2014-05-27,"Approx. 332,300 lbs (total for all Professional brand products).","Voluntary: Firm initiated","Two or more of the following: Email, Fax, Letter, Press Release, Telephone, Visit",https://www.accessdata.fda.gov/scripts/ires/?Product=113293
61820,32,"Professional Large Breed Puppy Chicken & Barley, Net Wt. 35 lbs., Professional Pet Foods, Meta Missouri, 65058.",,"Products (all sizes) with Best Before dates between 9-DEC-2012 and 7-APR-2013; Lot codes with a number '2' or '3' in the 9th position AND an 'X' in the 10th or 11th position.","Class I",Terminated,V-033-2013,2012-05-04,2012-10-31,2014-05-27,"Approx. 332,300 lbs (total for all Professional brand products).","Voluntary: Firm initiated","Two or more of the following: Email, Fax, Letter, Press Release, Telephone, Visit",https://www.accessdata.fda.gov/scripts/ires/?Product=113294
61820,33,"Professional Chicken & Barley, Net Wt. 35 lbs., Professional Pet Foods, Meta Missouri, 65058.",,"Products (all sizes) with Best Before dates between 9-DEC-2012 and 7-APR-2013; Lot codes with a number '2' or '3' in the 9th position AND an 'X' in the 10th or 11th position.","Class I",Terminated,V-034-2013,2012-05-04,2012-10-31,2014-05-27,"Approx. 332,300 lbs (total for all Professional brand products).","Voluntary: Firm initiated","Two or more of the following: Email, Fax, Letter, Press Release, Telephone, Visit",https://www.accessdata.fda.gov/scripts/ires/?Product=113295
61820,34,"Professional Kitten Chicken & Rice, Net Wt. 6 lbs., Professional Pet Foods, Meta Missouri, 65058.",,"Products (all sizes) with Best Before dates between 9-DEC-2012 and 7-APR-2013; Lot codes with a number '2' or '3' in the 9th position AND an 'X' in the 10th or 11th position.","Class I",Terminated,V-035-2013,2012-05-04,2012-10-31,2014-05-27,"Approx. 332,300 lbs (total for all Professional brand products).","Voluntary: Firm initiated","Two or more of the following: Email, Fax, Letter, Press Release, Telephone, Visit",https://www.accessdata.fda.gov/scripts/ires/?Product=113296
61820,35,"Professional Adult Cat Complete Formula, Net Wt. 18 lbs., Professional Pet Foods, Meta Missouri, 65058.",,"Products (all sizes) with Best Before dates between 9-DEC-2012 and 7-APR-2013; Lot codes with a number '2' or '3' in the 9th position AND an 'X' in the 10th or 11th position.","Class I",Terminated,V-036-2013,2012-05-04,2012-10-31,2014-05-27,"Approx. 332,300 lbs (total for all Professional brand products).","Voluntary: Firm initiated","Two or more of the following: Email, Fax, Letter, Press Release, Telephone, Visit",https://www.accessdata.fda.gov/scripts/ires/?Product=113297
61820,36,"Professional Light Cat Hairball Control, Net Wt. 18 lbs., Professional Pet Foods, Meta Missouri, 65058.",,"Products (all sizes) with Best Before dates between 9-DEC-2012 and 7-APR-2013; Lot codes with a number '2' or '3' in the 9th position AND an 'X' in the 10th or 11th position.","Class I",Terminated,V-037-2013,2012-05-04,2012-10-31,2014-05-27,"Approx. 332,300 lbs (total for all Professional brand products).","Voluntary: Firm initiated","Two or more of the following: Email, Fax, Letter, Press Release, Telephone, Visit",https://www.accessdata.fda.gov/scripts/ires/?Product=113298
61820,37,"4 Health Chicken and Rice for Adult Dogs, Net Wt. 18 lbs, Distributed by Tractor Supply Company, 200 Powell Place, Brentwood, TN 37027.",,"Products (all sizes) with Best Before dates between 9-DEC-2012 and 7-APR-2013; Lot codes with a number '2' or '3' in the 9th position AND an 'X' in the 10th or 11th position.","Class I",Terminated,V-038-2013,2012-05-04,2012-10-31,2014-05-27,"Approx. 2,476,000 lbs (total for all 4 Health brand products).","Voluntary: Firm initiated","Two or more of the following: Email, Fax, Letter, Press Release, Telephone, Visit",https://www.accessdata.fda.gov/scripts/ires/?Product=113299
61820,38,"4 Health Healthy Weight for Adult Dogs, Net Wt. 35 lbs, Distributed by Tractor Supply Company, 200 Powell Place, Brentwood, TN 37027",,"Products (all sizes) with Best Before dates between 9-DEC-2012 and 7-APR-2013; Lot codes with a number '2' or '3' in the 9th position AND an 'X' in the 10th or 11th position.","Class I",Terminated,V-039-2013,2012-05-04,2012-10-31,2014-05-27,"Approx. 2,476,000 lbs (total for all 4 Health brand products).","Voluntary: Firm initiated","Two or more of the following: Email, Fax, Letter, Press Release, Telephone, Visit",https://www.accessdata.fda.gov/scripts/ires/?Product=113300
61820,39,"4 Health Lamb & Rice for Adult Dogs, Net Wt. 35 lbs, Distributed by Tractor Supply Company, 200 Powell Place, Brentwood, TN 37027.",,"Products (all sizes) with Best Before dates between 9-DEC-2012 and 7-APR-2013; Lot codes with a number '2' or '3' in the 9th position AND an 'X' in the 10th or 11th position.","Class I",Terminated,V-040-2013,2012-05-04,2012-10-31,2014-05-27,"Approx. 2,476,000 lbs (total for all 4 Health brand products).","Voluntary: Firm initiated","Two or more of the following: Email, Fax, Letter, Press Release, Telephone, Visit",https://www.accessdata.fda.gov/scripts/ires/?Product=113301
61820,40,"4 Health Mature Adult Dog, Net Wt. 35 lbs, Distributed by Tractor Supply Company, 200 Powell Place, Brentwood, TN 37027.",,"Products (all sizes) with Best Before dates between 9-DEC-2012 and 7-APR-2013; Lot codes with a number '2' or '3' in the 9th position AND an 'X' in the 10th or 11th position.","Class I",Terminated,V-041-2013,2012-05-04,2012-10-31,2014-05-27,"Approx. 2,476,000 lbs (total for all 4 Health brand products).","Voluntary: Firm initiated","Two or more of the following: Email, Fax, Letter, Press Release, Telephone, Visit",https://www.accessdata.fda.gov/scripts/ires/?Product=113302
61820,41,"4 Health Puppy, Net Wt. 18 & 35 lbs, Distributed by Tractor Supply Company, 200 Powell Place, Brentwood, TN 37027.",,"Products (all sizes) with Best Before dates between 9-DEC-2012 and 7-APR-2013; Lot codes with a number '2' or '3' in the 9th position AND an 'X' in the 10th or 11th position.","Class I",Terminated,V-042-2013,2012-05-04,2012-10-31,2014-05-27,"Approx. 2,476,000 lbs (total for all 4 Health brand products).","Voluntary: Firm initiated","Two or more of the following: Email, Fax, Letter, Press Release, Telephone, Visit",https://www.accessdata.fda.gov/scripts/ires/?Product=113303
61820,42,"4 Health Salmon & Potato for Adult Dogs, Net Wt. 35 lbs, Distributed by Tractor Supply Company, 200 Powell Place, Brentwood, TN 37027.",,"Products (all sizes) with Best Before dates between 9-DEC-2012 and 7-APR-2013; Lot codes with a number '2' or '3' in the 9th position AND an 'X' in the 10th or 11th position.","Class I",Terminated,V-043-2013,2012-05-04,2012-10-31,2014-05-27,"Approx. 2,476,000 lbs (total for all 4 Health brand products).","Voluntary: Firm initiated","Two or more of the following: Email, Fax, Letter, Press Release, Telephone, Visit",https://www.accessdata.fda.gov/scripts/ires/?Product=113304
61820,43,"4 Health Large Breed Adult, Net Wt. 35 lbs, Distributed by Tractor Supply Company, 200 Powell Place, Brentwood, TN 37027.",,"Products (all sizes) with Best Before dates between 9-DEC-2012 and 7-APR-2013; Lot codes with a number '2' or '3' in the 9th position AND an 'X' in the 10th or 11th position.","Class I",Terminated,V-044-2013,2012-05-04,2012-10-31,2014-05-27,"Approx. 2,476,000 lbs (total for all 4 Health brand products).","Voluntary: Firm initiated","Two or more of the following: Email, Fax, Letter, Press Release, Telephone, Visit",https://www.accessdata.fda.gov/scripts/ires/?Product=113305
61820,44,"4 Health Indoor Cat, Net Wt. 18 lbs, Distributed by Tractor Supply Company, 200 Powell Place, Brentwood, TN 37027.",,"Products (all sizes) with Best Before dates between 9-DEC-2012 and 7-APR-2013; Lot codes with a number '2' or '3' in the 9th position AND an 'X' in the 10th or 11th position.","Class I",Terminated,V-045-2013,2012-05-04,2012-10-31,2014-05-27,"Approx. 2,476,000 lbs (total for all 4 Health brand products).","Voluntary: Firm initiated","Two or more of the following: Email, Fax, Letter, Press Release, Telephone, Visit",https://www.accessdata.fda.gov/scripts/ires/?Product=113306
61820,45,"4 Health Small Bites Adult Dog, Net Wt. 35 lbs, Distributed by Tractor Supply Company, 200 Powell Place, Brentwood, TN 37027.",,"Products (all sizes) with Best Before dates between 9-DEC-2012 and 7-APR-2013; Lot codes with a number '2' or '3' in the 9th position AND an 'X' in the 10th or 11th position.","Class I",Terminated,V-046-2013,2012-05-04,2012-10-31,2014-05-27,"Approx. 2,476,000 lbs (total for all 4 Health brand products).","Voluntary: Firm initiated","Two or more of the following: Email, Fax, Letter, Press Release, Telephone, Visit",https://www.accessdata.fda.gov/scripts/ires/?Product=113307
61820,46,"4 Health, Performance Adult Dog, Net Wt. 35 lbs, Distributed by Tractor Supply Company, 200 Powell Place, Brentwood, TN 37027.",,"Products (all sizes) with Best Before dates between 9-DEC-2012 and 7-APR-2013; Lot codes with a number '2' or '3' in the 9th position AND an 'X' in the 10th or 11th position.","Class I",Terminated,V-047-2013,2012-05-04,2012-10-31,2014-05-27,"Approx. 2,476,000 lbs (total for all 4 Health brand products).","Voluntary: Firm initiated","Two or more of the following: Email, Fax, Letter, Press Release, Telephone, Visit",https://www.accessdata.fda.gov/scripts/ires/?Product=113308
61820,47,"4 Health, All Life Stages for Adult Cats & Kittens, Net Wt. 18 lbs, Distributed by Tractor Supply Company, 200 Powell Place, Brentwood, TN 37027.",,"Products (all sizes) with Best Before dates between 9-DEC-2012 and 7-APR-2013; Lot codes with a number '2' or '3' in the 9th position AND an 'X' in the 10th or 11th position.","Class I",Terminated,V-048-2013,2012-05-04,2012-10-31,2014-05-27,"Approx. 2,476,000 lbs (total for all 4 Health brand products).","Voluntary: Firm initiated","Two or more of the following: Email, Fax, Letter, Press Release, Telephone, Visit",https://www.accessdata.fda.gov/scripts/ires/?Product=113309
61820,48,"Taste of the Wild Canyon River Feline with Trout & Smoked Salmon, Net Wt. 15 lbs, Taste of the Wild Pet Food, Rt B, Meta, Missouri 65058.",,"Products (all sizes) with Best Before dates between 9-DEC-2012 and 7-APR-2013; Lot codes with a number '2' or '3' in the 9th position AND an 'X' in the 10th or 11th position.","Class I",Terminated,V-049-2013,2012-05-04,2012-10-31,2014-05-27,"Approx. 10,275,000 lbs total (for all Taste of the Wild brand products).","Voluntary: Firm initiated","Two or more of the following: Email, Fax, Letter, Press Release, Telephone, Visit",https://www.accessdata.fda.gov/scripts/ires/?Product=113310
61820,49,"Taste of the Wild High Prairie Canine with Roasted Bison & Roasted Venison, Net Wt. 30 lbs, Taste of the Wild Pet Food, Rt B, Meta, Missouri 65058.",,"Products (all sizes) with Best Before dates between 9-DEC-2012 and 7-APR-2013; Lot codes with a number '2' or '3' in the 9th position AND an 'X' in the 10th or 11th position.","Class I",Terminated,V-050-2013,2012-05-04,2012-10-31,2014-05-27,"Approx. 10,275,000 lbs total (for all Taste of the Wild brand products).","Voluntary: Firm initiated","Two or more of the following: Email, Fax, Letter, Press Release, Telephone, Visit",https://www.accessdata.fda.gov/scripts/ires/?Product=113311
61820,50,"Taste of the Wild High Prairie Puppy with Roasted Venison & Bison, Net Wt. 30 lbs, Taste of the Wild Pet Food, Rt B, Meta, Missouri 65058.",,"Products (all sizes) with Best Before dates between 9-DEC-2012 and 7-APR-2013; Lot codes with a number '2' or '3' in the 9th position AND an 'X' in the 10th or 11th position.","Class I",Terminated,V-051-2013,2012-05-04,2012-10-31,2014-05-27,"Approx. 10,275,000 lbs total (for all Taste of the Wild brand products).","Voluntary: Firm initiated","Two or more of the following: Email, Fax, Letter, Press Release, Telephone, Visit",https://www.accessdata.fda.gov/scripts/ires/?Product=113312
61820,51,"Taste of the Wild Pacific Stream Canine with Smoked Salmon, Net Wt. 30 lbs, Taste of the Wild Pet Food, Rt B, Meta, Missouri 65058.",,"Products (all sizes) with Best Before dates between 9-DEC-2012 and 7-APR-2013; Lot codes with a number '2' or '3' in the 9th position AND an 'X' in the 10th or 11th position.","Class I",Terminated,V-052-2013,2012-05-04,2012-10-31,2014-05-27,"Approx. 10,275,000 lbs total (for all Taste of the Wild brand products).","Voluntary: Firm initiated","Two or more of the following: Email, Fax, Letter, Press Release, Telephone, Visit",https://www.accessdata.fda.gov/scripts/ires/?Product=113313
61820,52,"Taste of the Wild Pacific Stream Puppy with Smoked Salmon, Net Wt. 15 lbs, Taste of the Wild Pet Food, Rt B, Meta, Missouri 65058.",,"Products (all sizes) with Best Before dates between 9-DEC-2012 and 7-APR-2013; Lot codes with a number '2' or '3' in the 9th position AND an 'X' in the 10th or 11th position.","Class I",Terminated,V-053-2013,2012-05-04,2012-10-31,2014-05-27,"Approx. 10,275,000 lbs total (for all Taste of the Wild brand products).","Voluntary: Firm initiated","Two or more of the following: Email, Fax, Letter, Press Release, Telephone, Visit",https://www.accessdata.fda.gov/scripts/ires/?Product=113314
61820,53,"Taste of the Wild Rocky Mountain Feline with Roasted Venison & Smoked Salmon, Net Wt. 15 lbs, Taste of the Wild Pet Food, Rt B, Meta, Missouri 65058.",,"Products (all sizes) with Best Before dates between 9-DEC-2012 and 7-APR-2013; Lot codes with a number '2' or '3' in the 9th position AND an 'X' in the 10th or 11th position.","Class I",Terminated,V-054-2013,2012-05-04,2012-10-31,2014-05-27,"Approx. 10,275,000 lbs total (for all Taste of the Wild brand products).","Voluntary: Firm initiated","Two or more of the following: Email, Fax, Letter, Press Release, Telephone, Visit",https://www.accessdata.fda.gov/scripts/ires/?Product=113315
61820,54,"Taste of the Wild Sierra Mountain Canine with Roasted Lamb, Net Wt. 30 lbs, Taste of the Wild Pet Food, Rt B, Meta, Missouri 65058.",,"Products (all sizes) with Best Before dates between 9-DEC-2012 and 7-APR-2013; Lot codes with a number '2' or '3' in the 9th position AND an 'X' in the 10th or 11th position.","Class I",Terminated,V-055-2013,2012-05-04,2012-10-31,2014-05-27,"Approx. 10,275,000 lbs total (for all Taste of the Wild brand products).","Voluntary: Firm initiated","Two or more of the following: Email, Fax, Letter, Press Release, Telephone, Visit",https://www.accessdata.fda.gov/scripts/ires/?Product=113316
61820,55,"Taste of the Wild Wetlands Canine with Roasted Fowl, Net Wt. 30 lbs, Taste of the Wild Pet Food, Rt B, Meta, Missouri 65058.",,"Products (all sizes) with Best Before dates between 9-DEC-2012 and 7-APR-2013; Lot codes with a number '2' or '3' in the 9th position AND an 'X' in the 10th or 11th position.","Class I",Terminated,V-056-2013,2012-05-04,2012-10-31,2014-05-27,"Approx. 10,275,000 lbs total (for all Taste of the Wild brand products).","Voluntary: Firm initiated","Two or more of the following: Email, Fax, Letter, Press Release, Telephone, Visit",https://www.accessdata.fda.gov/scripts/ires/?Product=113317
61820,56,"Apex Chicken & Rice Adult Dog Food (20 lb & 40 lb bags), Manufactured for Apex Pet Foods, 1680 Lake Murray Blvd, SC 29212.",,"Best By 24-Jan-2013; Production Code: ACD0101B32 (Code and Best by date for both sizes).","Class I",Terminated,V-057-2013,2012-05-04,2012-10-31,2014-05-27,"47,600 lbs total","Voluntary: Firm initiated","Two or more of the following: Email, Fax, Letter, Press Release, Telephone, Visit",https://www.accessdata.fda.gov/scripts/ires/?Product=113318
61820,57,"Canidae Dog Food, Lamb Meal and Rice, Net Wt. 30 lbs, Guaranteed by: Canidae Corporation, San Luis Ohispo, CA 91401.",,"Best Before dates between 9-DEC-2012 and 31-JAN-2013; Lot codes with a number '3' in the 9th position AND an 'X' in the 10th or 11th position.","Class I",Terminated,V-058-2013,2012-05-04,2012-10-31,2014-05-27,unknown,"Voluntary: Firm initiated","Two or more of the following: Email, Fax, Letter, Press Release, Telephone, Visit",https://www.accessdata.fda.gov/scripts/ires/?Product=113319
61820,58,"Canidae Dog Food, All Life Stages Formula, Net Wt. 30 lbs, Guaranteed by: Canidae Corporation, San Luis Ohispo, CA 91401.",,"Best Before dates between 9-DEC-2012 and 31-JAN-2013; Lot codes with a number '3' in the 9th position AND an 'X' in the 10th or 11th position.","Class I",Terminated,V-059-2013,2012-05-04,2012-10-31,2014-05-27,Unknown,"Voluntary: Firm initiated","Two or more of the following: Email, Fax, Letter, Press Release, Telephone, Visit",https://www.accessdata.fda.gov/scripts/ires/?Product=113320
61820,59,"Canidae Dog Food, Chicken Meal and Rice, Net Wt. 30 lbs, Guaranteed by: Canidae Corporation, San Luis Ohispo, CA 91401.",,"Best Before dates between 9-DEC-2012 and 31-JAN-2013; Lot codes with a number '3' in the 9th position AND an 'X' in the 10th or 11th position.","Class I",Terminated,V-060-2013,2012-05-04,2012-10-31,2014-05-27,Unknown,"Voluntary: Firm initiated","Two or more of the following: Email, Fax, Letter, Press Release, Telephone, Visit",https://www.accessdata.fda.gov/scripts/ires/?Product=113321
61820,60,"Canidae Platinum Senior & Overweight, Net Wt. 30 lbs, Guaranteed by: Canidae Corporation, San Luis Ohispo, CA 91401.",,"Best Before dates between 9-DEC-2012 and 31-JAN-2013; Lot codes with a number '3' in the 9th position AND an 'X' in the 10th or 11th position.","Class I",Terminated,V-061-2013,2012-05-04,2012-10-31,2014-05-27,Unknown,"Voluntary: Firm initiated","Two or more of the following: Email, Fax, Letter, Press Release, Telephone, Visit",https://www.accessdata.fda.gov/scripts/ires/?Product=113322
61820,61,"Premium Edge Adult Dog Chicken, Rice & Vegetables; Net Wt. 35 lbs., Premium Edge Pet Food, Rt B, Meta Missouri, 65058.",,"Products (all sizes) with Best Before dates between 9-DEC-2012 and 7-APR-2013; Lot codes with a number '2' or '3' in the 9th position AND an 'X' in the 10th or 11th position.","Class I",Terminated,V-062-2013,2012-05-04,2012-10-31,2014-05-27,"Approx. 842,000 lbs total (for all Premium Edge brand products).","Voluntary: Firm initiated","Two or more of the following: Email, Fax, Letter, Press Release, Telephone, Visit",https://www.accessdata.fda.gov/scripts/ires/?Product=113323
61820,62,"Premium Edge Adult Dog Lamb, Rice, and Vegetables; Net Wt. 35 lbs., Premium Edge Pet Food, Rt B, Meta Missouri, 65058.",,"Products (all sizes) with Best Before dates between 9-DEC-2012 and 7-APR-2013; Lot codes with a number '2' or '3' in the 9th position AND an 'X' in the 10th or 11th position.","Class I",Terminated,V-063-2013,2012-05-04,2012-10-31,2014-05-27,"Approx. 842,000 lbs total (for all Premium Edge brand products).","Voluntary: Firm initiated","Two or more of the following: Email, Fax, Letter, Press Release, Telephone, Visit",https://www.accessdata.fda.gov/scripts/ires/?Product=113324
61820,63,"Premium Edge Skin & Coat for Adult Dogs, Net Wt. 35 lbs., Premium Edge Pet Food, Rt B, Meta Missouri, 65058.",,"Products (all sizes) with Best Before dates between 9-DEC-2012 and 7-APR-2013; Lot codes with a number '2' or '3' in the 9th position AND an 'X' in the 10th or 11th position.","Class I",Terminated,V-064-2013,2012-05-04,2012-10-31,2014-05-27,"Approx. 842,000 lbs total (for all Premium Edge brand products).","Voluntary: Firm initiated","Two or more of the following: Email, Fax, Letter, Press Release, Telephone, Visit",https://www.accessdata.fda.gov/scripts/ires/?Product=113325
61820,64,"Premium Edge Large Breed Puppy, Net Wt. 35 lbs., Premium Edge Pet Food, Rt B, Meta Missouri, 65058.",,"Products (all sizes) with Best Before dates between 9-DEC-2012 and 7-APR-2013; Lot codes with a number '2' or '3' in the 9th position AND an 'X' in the 10th or 11th position.","Class I",Terminated,V-065-2013,2012-05-04,2012-10-31,2014-05-27,"Approx. 842,000 lbs total (for all Premium Edge brand products).","Voluntary: Firm initiated","Two or more of the following: Email, Fax, Letter, Press Release, Telephone, Visit",https://www.accessdata.fda.gov/scripts/ires/?Product=113326
61820,65,"Premium Edge Senior Dog, Net Wt. 35 lbs., Premium Edge Pet Food, Rt B, Meta Missouri, 65058.",,"Products (all sizes) with Best Before dates between 9-DEC-2012 and 7-APR-2013; Lot codes with a number '2' or '3' in the 9th position AND an 'X' in the 10th or 11th position.","Class I",Terminated,V-066-2013,2012-05-04,2012-10-31,2014-05-27,"Approx. 842,000 lbs total (for all Premium Edge brand products).","Voluntary: Firm initiated","Two or more of the following: Email, Fax, Letter, Press Release, Telephone, Visit",https://www.accessdata.fda.gov/scripts/ires/?Product=113327
61820,66,"Premium Edge Puppy for Small & Medium Breeds; Net Wt. 18 lbs., Premium Edge Pet Food, Rt B, Meta Missouri, 65058.",,"Products (all sizes) with Best Before dates between 9-DEC-2012 and 7-APR-2013; Lot codes with a number '2' or '3' in the 9th position AND an 'X' in the 10th or 11th position.","Class I",Terminated,V-067-2013,2012-05-04,2012-10-31,2014-05-27,"Approx. 842,000 lbs total (for all Premium Edge brand products).","Voluntary: Firm initiated","Two or more of the following: Email, Fax, Letter, Press Release, Telephone, Visit",https://www.accessdata.fda.gov/scripts/ires/?Product=113328
61820,67,"Premium Edge Healthy Weight for Ideal Body Weight Control; Healthy Weight for Overweight Dogs, Net Wt. 35 lbs., Premium Edge Pet Food, Rt B, Meta Missouri, 65058.",,"Products (all sizes) with Best Before dates between 9-DEC-2012 and 7-APR-2013; Lot codes with a number '2' or '3' in the 9th position AND an 'X' in the 10th or 11th position.","Class I",Terminated,V-068-2013,2012-05-04,2012-10-31,2014-05-27,"Approx. 842,000 lbs total (for all Premium Edge brand products).","Voluntary: Firm initiated","Two or more of the following: Email, Fax, Letter, Press Release, Telephone, Visit",https://www.accessdata.fda.gov/scripts/ires/?Product=113329
61820,68,"Premium Edge Senior Cat Hairball, Net Wt. 18 lbs., Premium Edge Pet Food, Rt B, Meta Missouri, 65058.",,"Products (all sizes) with Best Before dates between 9-DEC-2012 and 7-APR-2013; Lot codes with a number '2' or '3' in the 9th position AND an 'X' in the 10th or 11th position.","Class I",Terminated,V-069-2013,2012-05-04,2012-10-31,2014-05-27,"Approx. 842,000 lbs total (for all Premium Edge brand products).","Voluntary: Firm initiated","Two or more of the following: Email, Fax, Letter, Press Release, Telephone, Visit",https://www.accessdata.fda.gov/scripts/ires/?Product=113330
61820,69,"Premium Edge Healthy Weight for Adult Cats, Chicken, Salmon & Vegetables Formula, Net Wt. 18 lbs., Premium Edge Pet Food, Rt B, Meta Missouri, 65058.",,"Products (all sizes) with Best Before dates between 9-DEC-2012 and 7-APR-2013; Lot codes with a number '2' or '3' in the 9th position AND an 'X' in the 10th or 11th position.","Class I",Terminated,V-070-2013,2012-05-04,2012-10-31,2014-05-27,"Approx. 842,000 lbs total (for all Premium Edge brand products).","Voluntary: Firm initiated","Two or more of the following: Email, Fax, Letter, Press Release, Telephone, Visit",https://www.accessdata.fda.gov/scripts/ires/?Product=113331
61820,70,"Premium Edge Kitten, Net Wt. 18 lbs., Premium Edge Pet Food, Rt B, Meta Missouri, 65058.",,"Products (all sizes) with Best Before dates between 9-DEC-2012 and 7-APR-2013; Lot codes with a number '2' or '3' in the 9th position AND an 'X' in the 10th or 11th position.","Class I",Terminated,V-071-2013,2012-05-04,2012-10-31,2014-05-27,"Approx. 842,000 lbs total (for all Premium Edge brand products).","Voluntary: Firm initiated","Two or more of the following: Email, Fax, Letter, Press Release, Telephone, Visit",https://www.accessdata.fda.gov/scripts/ires/?Product=113332
61820,71,"Premium Edge Adult Cat, Net Wt. 18 lbs., Premium Edge Pet Food, Rt B, Meta Missouri, 65058.",,"Products (all sizes) with Best Before dates between 9-DEC-2012 and 7-APR-2013; Lot codes with a number '2' or '3' in the 9th position AND an 'X' in the 10th or 11th position.","Class I",Terminated,V-072-2013,2012-05-04,2012-10-31,2014-05-27,"Approx. 842,000 lbs total (for all Premium Edge brand products).","Voluntary: Firm initiated","Two or more of the following: Email, Fax, Letter, Press Release, Telephone, Visit",https://www.accessdata.fda.gov/scripts/ires/?Product=113333
61820,72,"Premium Edge Finicky Adult Cat, Net Wt. 18 lbs., Premium Edge Pet Food, Rt B, Meta Missouri, 65058.",,"Products (all sizes) with Best Before dates between 9-DEC-2012 and 7-APR-2013; Lot codes with a number '2' or '3' in the 9th position AND an 'X' in the 10th or 11th position.","Class I",Terminated,V-073-2013,2012-05-04,2012-10-31,2014-05-27,"Approx. 842,000 lbs total (for all Premium Edge brand products).","Voluntary: Firm initiated","Two or more of the following: Email, Fax, Letter, Press Release, Telephone, Visit",https://www.accessdata.fda.gov/scripts/ires/?Product=113334
61820,73,"Kirkland Signature Adult Dog Chicken, Rice and Vegetables, Net Wt. 40 lbs, Distributed by: Costco, Wholesale Corporation, P.O. Box 35355, Seattle, WA 98124-1535.",,"Products (all sizes) with Best Before dates between 9-DEC-2012 and 7-APR-2013; Lot codes with a number '2' or '3' in the 9th position AND an 'X' in the 10th or 11th position.","Class I",Terminated,V-074-2013,2012-05-04,2012-10-31,2014-05-27,"Approx. 4,033,000 lbs total (for all Kirkland brand products).","Voluntary: Firm initiated","Two or more of the following: Email, Fax, Letter, Press Release, Telephone, Visit",https://www.accessdata.fda.gov/scripts/ires/?Product=113335
61820,74,"Kirkland Signature Mature Dog, Net Wt. 1.5 lbs, Distributed by: Costco, Wholesale Corporation, P.O. Box 35355, Seattle, WA 98124-1535.",,"Products (all sizes) with Best Before dates between 9-DEC-2012 and 7-APR-2013; Lot codes with a number '2' or '3' in the 9th position AND an 'X' in the 10th or 11th position.","Class I",Terminated,V-075-2013,2012-05-04,2012-10-31,2014-05-27,"Approx. 4,033,000 lbs total (for all Kirkland brand products).","Voluntary: Firm initiated","Two or more of the following: Email, Fax, Letter, Press Release, Telephone, Visit",https://www.accessdata.fda.gov/scripts/ires/?Product=113336
61820,75,"Kirkland Signature Adult Dog Lamb, Rice, and Vegetable, Net Wt. 40 lbs, Distributed by: Costco, Wholesale Corporation, P.O. Box 35355, Seattle, WA 98124-1535.",,"Products (all sizes) with Best Before dates between 9-DEC-2012 and 7-APR-2013; Lot codes with a number '2' or '3' in the 9th position AND an 'X' in the 10th or 11th position.","Class I",Terminated,V-076-2013,2012-05-04,2012-10-31,2014-05-27,"Approx. 4,033,000 lbs total (for all Kirkland brand products).","Voluntary: Firm initiated","Two or more of the following: Email, Fax, Letter, Press Release, Telephone, Visit",https://www.accessdata.fda.gov/scripts/ires/?Product=113337
61820,76,"Kirkland Signature Healthy Weight Dog, Net Wt. 40 lbs, Distributed by: Costco, Wholesale Corporation, P.O. Box 35355, Seattle, WA 98124-1535.",,"Products (all sizes) with Best Before dates between 9-DEC-2012 and 7-APR-2013; Lot codes with a number '2' or '3' in the 9th position AND an 'X' in the 10th or 11th position.","Class I",Terminated,V-077-2013,2012-05-04,2012-10-31,2014-05-27,"Approx. 4,033,000 lbs total (for all Kirkland brand products).","Voluntary: Firm initiated","Two or more of the following: Email, Fax, Letter, Press Release, Telephone, Visit",https://www.accessdata.fda.gov/scripts/ires/?Product=113338
61820,77,"Kirkland Signature Small Dog, Net Wt. 20 lbs, Distributed by: Costco, Wholesale Corporation, P.O. Box 35355, Seattle, WA 98124-1535.",,"Products (all sizes) with Best Before dates between 9-DEC-2012 and 7-APR-2013; Lot codes with a number '2' or '3' in the 9th position AND an 'X' in the 10th or 11th position.","Class I",Terminated,V-078-2013,2012-05-04,2012-10-31,2014-05-27,"Approx. 4,033,000 lbs total (for all Kirkland brand products).","Voluntary: Firm initiated","Two or more of the following: Email, Fax, Letter, Press Release, Telephone, Visit",https://www.accessdata.fda.gov/scripts/ires/?Product=113339
61820,78,"Kirkland Signature Healthy Weight Cat, Net Wt. 20 lbs, Distributed by: Costco, Wholesale Corporation, P.O. Box 35355, Seattle, WA 98124-1535.",,"Products (all sizes) with Best Before dates between 9-DEC-2012 and 7-APR-2013; Lot codes with a number '2' or '3' in the 9th position AND an 'X' in the 10th or 11th position.","Class I",Terminated,V-079-2013,2012-05-04,2012-10-31,2014-05-27,"Approx. 4,033,000 lbs total (for all Kirkland brand products).","Voluntary: Firm initiated","Two or more of the following: Email, Fax, Letter, Press Release, Telephone, Visit",https://www.accessdata.fda.gov/scripts/ires/?Product=113340
61820,79,"Kirkland Signature Maintenance Cat, Net Wt. 25 lbs, Distributed by: Costco, Wholesale Corporation, P.O. Box 35355, Seattle, WA 98124-1535.",,"Products (all sizes) with Best Before dates between 9-DEC-2012 and 7-APR-2013; Lot codes with a number '2' or '3' in the 9th position AND an 'X' in the 10th or 11th position.","Class I",Terminated,V-080-2013,2012-05-04,2012-10-31,2014-05-27,"Approx. 4,033,000 lbs total (for all Kirkland brand products).","Voluntary: Firm initiated","Two or more of the following: Email, Fax, Letter, Press Release, Telephone, Visit",https://www.accessdata.fda.gov/scripts/ires/?Product=113341
61820,80,"Kirkland Signature Nature's Domain Salmon Meal & Sweet Potato, Net Wt. 35 lbs, Distributed by: Costco, Wholesale Corporation, P.O. Box 35355, Seattle, WA 98124-1535.",,"Products (all sizes) with Best Before dates between 9-DEC-2012 and 7-APR-2013; Lot codes with a number '2' or '3' in the 9th position AND an 'X' in the 10th or 11th position.","Class I",Terminated,V-081-2013,2012-05-04,2012-10-31,2014-05-27,"Approx. 4,033,000 lbs total (for all Kirkland brand products).","Voluntary: Firm initiated","Two or more of the following: Email, Fax, Letter, Press Release, Telephone, Visit",https://www.accessdata.fda.gov/scripts/ires/?Product=113342
61820,81,"Chicken Soup for the Cat Lover's Soul Adult Cat Light, Net Wt. 18 lbs. Made by Diamond Pet Food, Meta, Missouri 65058.",,"Products (all sizes) with Best Before dates between 9-DEC-2012 and 7-APR-2013; Lot codes with a number '2' or '3' in the 9th position AND an 'X' in the 10th or 11th position.","Class I",Terminated,V-082-2013,2012-05-04,2012-10-31,2014-05-27,"Approx. 2,809,000 lbs total (for all Chicken Soup brand products).","Voluntary: Firm initiated","Two or more of the following: Email, Fax, Letter, Press Release, Telephone, Visit",https://www.accessdata.fda.gov/scripts/ires/?Product=113343
61820,82,"Chicken Soup for the Cat Lover's Soul Senior Cat Hairball, Net Wt. 18 lbs. Made by Diamond Pet Food, Meta, Missouri 65058.",,"Products (all sizes) with Best Before dates between 9-DEC-2012 and 7-APR-2013; Lot codes with a number '2' or '3' in the 9th position AND an 'X' in the 10th or 11th position.","Class I",Terminated,V-083-2013,2012-05-04,2012-10-31,2014-05-27,"Approx. 2,809,000 lbs total (for all Chicken Soup brand products).","Voluntary: Firm initiated","Two or more of the following: Email, Fax, Letter, Press Release, Telephone, Visit",https://www.accessdata.fda.gov/scripts/ires/?Product=113344
61820,83,"Chicken Soup for the Cat Lover's Soul Adult Cat, Net Wt. 18 lbs. Made by Diamond Pet Food, Meta, Missouri 65058.",,"Products (all sizes) with Best Before dates between 9-DEC-2012 and 7-APR-2013; Lot codes with a number '2' or '3' in the 9th position AND an 'X' in the 10th or 11th position.","Class I",Terminated,V-084-2013,2012-05-04,2012-10-31,2014-05-27,"Approx. 2,809,000 lbs total (for all Chicken Soup brand products).","Voluntary: Firm initiated","Two or more of the following: Email, Fax, Letter, Press Release, Telephone, Visit",https://www.accessdata.fda.gov/scripts/ires/?Product=113345
61820,84,"Chicken Soup for the Puppy Lover's Soul Puppy Formula, Net Wt. 35 lbs. Made by Diamond Pet Food, Meta, Missouri 65058.",,"Products (all sizes) with Best Before dates between 9-DEC-2012 and 7-APR-2013; Lot codes with a number '2' or '3' in the 9th position AND an 'X' in the 10th or 11th position.","Class I",Terminated,V-085-2013,2012-05-04,2012-10-31,2014-05-27,"Approx. 2,809,000 lbs total (for all Chicken Soup brand products).","Voluntary: Firm initiated","Two or more of the following: Email, Fax, Letter, Press Release, Telephone, Visit",https://www.accessdata.fda.gov/scripts/ires/?Product=113346
61820,85,"Chicken Soup for the Puppy Lover's Soul Large Breed Puppy, Net Wt. 35 lbs. Made by Diamond Pet Food, Meta, Missouri 65058.",,"Products (all sizes) with Best Before dates between 9-DEC-2012 and 7-APR-2013; Lot codes with a number '2' or '3' in the 9th position AND an 'X' in the 10th or 11th position.","Class I",Terminated,V-086-2013,2012-05-04,2012-10-31,2014-05-27,"Approx. 2,809,000 lbs total (for all Chicken Soup brand products).","Voluntary: Firm initiated","Two or more of the following: Email, Fax, Letter, Press Release, Telephone, Visit",https://www.accessdata.fda.gov/scripts/ires/?Product=113347
61820,86,"Chicken Soup for the Dog Lover's Soul Senior Dog, Net Wt. 35 lbs. Made by Diamond Pet Food, Meta, Missouri 65058.",,"Products (all sizes) with Best Before dates between 9-DEC-2012 and 7-APR-2013; Lot codes with a number '2' or '3' in the 9th position AND an 'X' in the 10th or 11th position.","Class I",Terminated,V-087-2013,2012-05-04,2012-10-31,2014-05-27,"Approx. 2,809,000 lbs total (for all Chicken Soup brand products).","Voluntary: Firm initiated","Two or more of the following: Email, Fax, Letter, Press Release, Telephone, Visit",https://www.accessdata.fda.gov/scripts/ires/?Product=113348
61820,87,"Chicken Soup for the Dog Lover's Soul Adult Dog Light, Net Wt. 35 lbs. Made by Diamond Pet Food, Meta, Missouri 65058.",,"Products (all sizes) with Best Before dates between 9-DEC-2012 and 7-APR-2013; Lot codes with a number '2' or '3' in the 9th position AND an 'X' in the 10th or 11th position.","Class I",Terminated,V-088-2013,2012-05-04,2012-10-31,2014-05-27,"Approx. 2,809,000 lbs total (for all Chicken Soup brand products).","Voluntary: Firm initiated","Two or more of the following: Email, Fax, Letter, Press Release, Telephone, Visit",https://www.accessdata.fda.gov/scripts/ires/?Product=113349
61820,88,"Chicken Soup for the Dog Lover's Soul Adult Dog, Net Wt. 35 lbs. Made by Diamond Pet Food, Meta, Missouri 65058.",,"Products (all sizes) with Best Before dates between 9-DEC-2012 and 7-APR-2013; Lot codes with a number '2' or '3' in the 9th position AND an 'X' in the 10th or 11th position.","Class I",Terminated,V-089-2013,2012-05-04,2012-10-31,2014-05-27,"Approx. 2,809,000 lbs total (for all Chicken Soup brand products).","Voluntary: Firm initiated","Two or more of the following: Email, Fax, Letter, Press Release, Telephone, Visit",https://www.accessdata.fda.gov/scripts/ires/?Product=113350
61820,89,"Chicken Soup for the Dog Lover's Soul Large Breed Adult Dog, Net Wt. 35 lbs. Made by Diamond Pet Food, Meta, Missouri 65058.",,"Products (all sizes) with Best Before dates between 9-DEC-2012 and 7-APR-2013; Lot codes with a number '2' or '3' in the 9th position AND an 'X' in the 10th or 11th position.","Class I",Terminated,V-090-2013,2012-05-04,2012-10-31,2014-05-27,"Approx. 2,809,000 lbs total (for all Chicken Soup brand products).","Voluntary: Firm initiated","Two or more of the following: Email, Fax, Letter, Press Release, Telephone, Visit",https://www.accessdata.fda.gov/scripts/ires/?Product=113351
61820,90,"Chicken Soup for the Kitten Lover's Soul Kitten, Net Wt. 15 lbs. Made by Diamond Pet Food, Meta, Missouri 65058.",,"Products (all sizes) with Best Before dates between 9-DEC-2012 and 7-APR-2013; Lot codes with a number '2' or '3' in the 9th position AND an 'X' in the 10th or 11th position.","Class I",Terminated,V-091-2013,2012-05-04,2012-10-31,2014-05-27,"Approx. 2,809,000 lbs total (for all Chicken Soup brand products).","Voluntary: Firm initiated","Two or more of the following: Email, Fax, Letter, Press Release, Telephone, Visit",https://www.accessdata.fda.gov/scripts/ires/?Product=113352
61845,1,"Purina Veterinary Diets OM Overweight Management Feline Formula, packaged in 5.5-oz. cans, UPC 38100-13810, for prescription and sale only by veterinarians. The firm name on the label is Nestle Purina Petcare Co., St. Louis, MO.",3810013810,"Best By Jun 2013 11721159","Class I",Terminated,V-204-2012,2012-05-11,2012-09-12,2013-07-02,"20,356/24/5.5-oz. can cases","Voluntary: Firm initiated","Press Release",https://www.accessdata.fda.gov/scripts/ires/?Product=109230
61897,1,"Diamond Pet Foods Naturals Small Breed Adult Dog Lamb & Rice Formula, packaged in 6-lb. (6/case) and 18-lb. bags, and 6-oz. sample-size bags (30/case). The firm name on the label is Diamond Pet Foods, Meta, MO.",,"Best Before 26Aug2012, 27-Sept 2012, 18-Oct-2012 and 20-Oct-2012","Class I",Terminated,V-200-2012,2012-05-18,2012-08-29,2013-06-19,"4,218/6-lb., 1,802/18-lb., and 7,020/6-oz. bags","Voluntary: Firm initiated","Two or more of the following: Email, Fax, Letter, Press Release, Telephone, Visit",https://www.accessdata.fda.gov/scripts/ires/?Product=109329
62469,1,"PEDIGREE+¿ Healthy Weight Premium Ground Entr¿e in Meaty Juices, 375 g (13.2 oz) cans, FOOD FOR DOGS, Ingredients: Sufficient Water For Processing: Chicken, Meat By-Products, Liver, Chicken By-Products, chicken Breast, Carrots, Spinach, Brewers Rice***1-800-525-5273 Distributed by Mars Petcare US, Inc., P. O. Box 683006, Franklin, TN 37068-3006***, UPC 0 23100 34974 9",023100349749,"UPC 0 23100 34974 9, Each product will have a lot code printed on the end of the can that begins with 209, 210, 211 or 212 and a Best Before date that falls between 2/24/2014 and 3/23/2014.","Class I",Terminated,V-201-2012,2012-06-29,2012-08-29,2013-06-10,"18,877 cs/12/13.2 oz cans = 226,524 cans","Voluntary: Firm initiated","Two or more of the following: Email, Fax, Letter, Press Release, Telephone, Visit",https://www.accessdata.fda.gov/scripts/ires/?Product=110777
62469,2,"PEDIGREE¿ Weight Management Meaty Ground Dinner Beef & Liver Dinner in Meaty Juices, 375 g (13.2 oz) cans, Ingredients: Sufficient Water for Processing, Meat By-Products, Chicken, Beef, Liver, Brewers Rice***1-800-525-5273 Distributed by Mars Petcare US PO Box 683006, Franklin, TN 37068-3006***, UPC 0 23100 01913 0",023100019130,"UPC 0 23100 01913 0, Each product will have a lot code printed on the end of the can that begins with 209, 210, 211 or 212 and a Best Before date that falls between 2/24/2014 and 3/23/2014.","Class I",Terminated,V-202-2012,2012-06-29,2012-08-29,2013-06-10,"23,897 cs/24/13.2 oz cans = 573,528 cans","Voluntary: Firm initiated","Two or more of the following: Email, Fax, Letter, Press Release, Telephone, Visit",https://www.accessdata.fda.gov/scripts/ires/?Product=110778
62469,3,"PEDIGREE¿ Weight Management Meaty Ground Dinner Chicken & Rice Dinner in Meaty Juices, 375 g (13.2 oz) cans, Ingredients: Sufficient Water for Processing, Chicken, Meat By-Products, Chicken By-Products (Source of Linoleic Acid), Liver, Brewers Rice***1-800-525-5273 Distributed by Mars Petcare US P. O. Box 683006, Franklin, TN 37068-3006***, UPC 0 23100 23045 9",023100230459,"UPC UPC 0 23100 23045 9, Each product will have a lot code printed on the end of the can that begins with 209, 210, 211 or 212 and a Best Before date that falls between 2/24/2014 and 3/23/2014.","Class I",Terminated,V-203-2012,2012-06-29,2012-08-29,2013-06-10,"35,551 cs/24/13.2 oz cans = 853,224 cans","Voluntary: Firm initiated","Two or more of the following: Email, Fax, Letter, Press Release, Telephone, Visit",https://www.accessdata.fda.gov/scripts/ires/?Product=110779
62677,1,"Catswell Brand Vitakitty Chicken Breast with Flaxseed and Vitamins, 2 oz. Packaged in re-sealable 2 oz orange plastic bag with clear window.",,"Lot codes affected are as follows: SEW12CH032701/03c and SEW12CH032702/03c with a best before date of 09/10/13 and 09/11/13, respectively (UPC code 8 84244 00057 2)","Class II",Terminated,V-199-2012,2012-07-27,2012-08-22,2013-07-29,"797 cases","Voluntary: Firm initiated","Press Release",https://www.accessdata.fda.gov/scripts/ires/?Product=111335
62922,1,"""Sirius Dog Treats"". Bone-shaped treats packaged 10 each in a cellophane package",,"""126"", ""136"", ""143"" and ""150"". These are the julian dates that the dough was made, baked and packaged.","Class II",Terminated,V-208-2012,2012-06-26,2012-09-19,2012-09-07,"144 packages each containing 10 treats","Voluntary: Firm initiated",Telephone,https://www.accessdata.fda.gov/scripts/ires/?Product=112038
63137,1,"AvoDerm Natural Lamb Meal & Brown Rice Adult Dog Formula, 26 lb. Packaged in plastic bag with plastic liner.",,"Product Code/SKU/Material # 1000065074, UPC Code 0 5290702043 8, Best before dates of 28 Aug 2013, 29 Aug 2013, 30 Aug 2013.","Class I",Terminated,V-126-2013,2012-09-07,2013-01-23,2014-09-18,"7,392 bags","Voluntary: Firm initiated",Letter,https://www.accessdata.fda.gov/scripts/ires/?Product=112663
63185,1,"Bil-Jac brand Adult Select Formula Dog Food, 6 lb bags, 4bags/case, bags labled in part ***Manufactured by Kelly Foods Corp, Berlin, MD 21811***UPC 731794001095***",731794001095,"1792-02 (exp 27 Dec 2013)","Class II",Terminated,V-001-2013,2012-08-23,2012-10-10,2012-11-19,"1024 bags","Voluntary: Firm initiated",Telephone,https://www.accessdata.fda.gov/scripts/ires/?Product=112868
63240,1,"Boots & Barkley American Beef Bully Sticks, 6 count, UPC 647263899189, Distributed by Target Corporation Minneapolis, MN 55403, Target Brands, Inc. Made in the U.S.A. Promotes Plaque and Tartar Reduction; packaged in transparent flexible plastic with a folded paper label enclosed with staples. The label is white, red and blue with black, white, red, and blue print writing and a photograph of a black and white dog.",647263899189,"Best By dates of 20APR2014 DEN to 03OCT2014 DEN.","Class I",Terminated,V-216-2013,2012-09-17,2013-07-03,2014-07-22,"93,912 x 6 count bags","Voluntary: Firm initiated",Telephone,https://www.accessdata.fda.gov/scripts/ires/?Product=113087
63240,2,"Nature's Deli Chicken Jerky Dog Treats, 2.5 lbs. bag, UPC 647263800208, Best By ""091913 DEN"", Division of Kasel Industries, Denver, CO 80205. Packaged in a transparent, flexible, plastic bag; the bag is yellow with black and white print writing and a photograph of a golden retriever dog on it.",647263800208,"Best By ""09192013 DEN""","Class I",Terminated,V-217-2013,2012-09-17,2013-07-03,2014-07-22,"2,304 x 2.5 lbs. bags","Voluntary: Firm initiated",Telephone,https://www.accessdata.fda.gov/scripts/ires/?Product=113567
63240,3,"Boots & Barkley Roasted American Pig Ears, net wt 12 oz, 12 count, UPC 647263899158. Delicious Treat for Dogs, Made in the U.S.A. Distributed by TARGET Corporation, Minneapolis, MN 55403.",647263899158,"Best By 13SEP2014DEN.","Class I",Terminated,V-218-2013,2012-09-17,2013-07-03,2014-07-22,"4,944 x 12 ct bags","Voluntary: Firm initiated",Telephone,https://www.accessdata.fda.gov/scripts/ires/?Product=114091
63240,4,"Boots & Barkley, American Variety Pack Real Beef & Pork Treats for Dogs, net wt 32 oz., UPC 490830400086; Product of U.S.A. Distributed by TARGET Corporation, Minneapolis, MN 55403, Packaging is white, blue and red with red, black and blue print writing.",490830400086,"Best By 13SEP2014DEN.","Class I",Terminated,V-219-2013,2012-09-17,2013-07-03,2014-07-22,"912 x 32 oz bags","Voluntary: Firm initiated",Telephone,https://www.accessdata.fda.gov/scripts/ires/?Product=114092
63454,1,"Nature's Recipe, Oven Baked Biscuits with Real Chicken, Made with sweet potatoes, oats, flaxseed., 19 ounces; UPC: 30521 51549",3052151549,"UPC: 30521 51549 Lot code: 2199TP; Best by: 10/11/13 Lot code: 2200TP; Best by: 10/12/13","Class I",Terminated,V-120-2013,2012-10-12,2013-01-23,2013-02-06,"4282 cases ( 6 unit/ case)","Voluntary: Firm initiated",Letter,https://www.accessdata.fda.gov/scripts/ires/?Product=113928
63459,1,"Yoghund Organic Banana & Peanut Butter, Organic Frozen Yogurt for Dogs, 4-3.5 fl. oz. cups (4 pack), 14 fl. oz., (416 ml).",,"Case: Lot Code: 26812 or earlier Cups: Best By Dates of 9.24.14 or earlier","Class I",Terminated,V-134-2013,2012-10-10,2013-02-13,2013-03-20,"5211 Cases (24 case -3.5 fl.oz cups/4 pack)","Voluntary: Firm initiated",E-Mail,https://www.accessdata.fda.gov/scripts/ires/?Product=113933
63606,1,"Charlee Bear Protein Crunch Bars, 84% Chicken Recipe with Sweet Potatoes, 5.5 oz, UPC Code 8710890001.",,"Lot # 20112","Class I",Terminated,V-127-2013,2012-10-31,2013-01-23,2013-12-04,"444 cases (12 pouches/case)","Voluntary: Firm initiated",Letter,https://www.accessdata.fda.gov/scripts/ires/?Product=114355
63606,2,"Charlee Bear Protein Crunch Bars, 84% Chicken Recipe with Carrots, 5.5 oz, UPC Code 8710890000.",,"Lot # 19812, 19912, 20012, 20212.","Class I",Terminated,V-128-2013,2012-10-31,2013-01-23,2013-12-04,"448 cases (12 pouches/case)","Voluntary: Firm initiated",Letter,https://www.accessdata.fda.gov/scripts/ires/?Product=114356
63745,1,"Priority Total Pet Care, All Natural Bullstrips Dog Treats, 6 Bullstrip, Distributed by Lucerne Foods, Inc., P.O. Box 99, Pleasanton, CA 94566-0009.",,"UPC 0-21130-42080-3, Lot #20082712 S 3195 and 20090312 S3195","Class I",Terminated,V-168-2013,2012-11-15,2013-05-29,2014-04-30,"64 cases (28,800 pieces)","Voluntary: Firm initiated","Press Release",https://www.accessdata.fda.gov/scripts/ires/?Product=114696
63882,1,"Dogcandy Holiday Hound Cake 7.5 oz manufactured by Claudia's Canine Cuisine, UPC 692614010041",692614010041,"Best By Date of 08/2015 UPC 692614010041","Class III",Terminated,V-158-2013,2012-12-07,2013-05-22,2013-07-31,"2,988 units","Voluntary: Firm initiated",Telephone,https://www.accessdata.fda.gov/scripts/ires/?Product=114965
63882,2,"Dogcandy Blueberry Hound Cake 7.5 oz manufactured by Claudia's Canine Cuisine , UPC 692614010058",692614010058,"Best By Date of 08/2015 UPC 692614010058","Class III",Terminated,V-159-2013,2012-12-07,2013-05-22,2013-07-31,"2,880 units","Voluntary: Firm initiated",Telephone,https://www.accessdata.fda.gov/scripts/ires/?Product=114966
64061,1,"All Sizes Milo's Kitchen home style dog treats - Chicken Jerky 3.3 oz UPC 079100504718, 14 oz. UPC 079100510771, 20 oz. UPC 079100504688",079100504688;079100504718;079100510771,"UPC:079100504718; UPC:079100510771; UPC:079100504688","Class II",Terminated,V-196-2013,2013-01-09,2013-06-19,2019-04-19,"1.97 MM","Voluntary: Firm initiated",E-Mail,https://www.accessdata.fda.gov/scripts/ires/?Product=115307
64061,2,"All Sizes: Milo's Kitchen brand Chicken Grillers home style dog treats; Chicken Recipe with natural smoked flavor. 3.3 oz UPC 079100513109; 14 oz. UPC 079100513123; 20 oz UPC 079100513130.",079100513109;079100513123;079100513130,"UPC ITEM CODES: UPC 079100513109; UPC 079100513123; UPC 079100513130","Class II",Terminated,V-197-2013,2013-01-09,2013-06-19,2019-04-19,".43 MM cases","Voluntary: Firm initiated",E-Mail,https://www.accessdata.fda.gov/scripts/ires/?Product=115308
64064,1,"Cadet Gourmet Chicken Breast a) Net Wt. 3.6 oz UPC 768303074929 b) Net Wt. 8 oz. UPC 768303074936 c) Net Wt. 1 Lb (454 g) tub - UPC 768303014352 UPC 768303014703 d) Net Wt. 1.25 Lb (567 g) UPC 768303014741 e) Net Wt. 1.5 Lb (681 g) UPC 768303014161 f) Net. Wt. 2.0 lb. UPC 768303014727 Product of China Not for Human Consumption. Distributed by: IMS Pet Industries, Inc., 34 Passaic Street, Wood-Ridge, NJ 07075",768303014161;768303014352;768303014703;768303014727;768303014741;768303074929;768303074936,"All codes","Class II",Terminated,V-204-2013,2013-01-08,2013-06-19,2013-11-20,"3.6 oz - 17,408 units; 8 oz. - 3,403 units; 1 lb. - 21540 units; 1.25 lb. -198 units; 1.5 lb - 300 units; 2.0 lb- 19,261 units","Voluntary: Firm initiated","Two or more of the following: Email, Fax, Letter, Press Release, Telephone, Visit",https://www.accessdata.fda.gov/scripts/ires/?Product=115581
64064,2,"Home 360 Pet Chicken Breast Fillets Oven Roasted a) Net Wt. 3.5 oz (99g) UPC 725439966429 b) Net Wt. 1 Lb (454 g) UPC 725439966436 Product of China. Not for Human Consumption. Distributed by: DZA Brands, LLC 2110 Executive Drive, Salisbury, NC 28147 Product of China",725439966429;725439966436,"All codes","Class II",Terminated,V-206-2013,2013-01-08,2013-06-19,2013-11-20,,"Voluntary: Firm initiated","Two or more of the following: Email, Fax, Letter, Press Release, Telephone, Visit",https://www.accessdata.fda.gov/scripts/ires/?Product=115614
64064,3,"Companion Chicken Breast Fillet Jerky Strips Dog Treats a) Net Wt 3.3 oz (94 g) . UPC 688267076862 b) Net Wt 14 oz (397g) UPC 688267077449 Distributed by Foodhold USA, LLC Landover, MD 20785 Product of China",688267076862;688267077449,"All codes","Class II",Terminated,V-207-2013,2013-01-08,2013-06-19,2013-11-20,"3.3 oz - 17,280 units; 14 oz. - 13,260 units","Voluntary: Firm initiated","Two or more of the following: Email, Fax, Letter, Press Release, Telephone, Visit",https://www.accessdata.fda.gov/scripts/ires/?Product=115618
64212,1,"Hartz Oinkies wraps with Chicken Made in China for the Hartz Mountain Corporation, Secaucus, NJ 07094 USA and imported by Hartz Canada Inc., St. Thomas, Ontario N5P 3W7 , Canada 5 pig skin twists - 3.1 oz UPC 3270003354 7 mini pig skin twists - 6 oz.",32700033547,"All codes","Class II",Terminated,V-198-2013,2013-01-25,2013-06-19,2015-02-25,"5 pack - 38,762 units; 7 pack - 42,258 units","Voluntary: Firm initiated","Two or more of the following: Email, Fax, Letter, Press Release, Telephone, Visit",https://www.accessdata.fda.gov/scripts/ires/?Product=115571
64212,2,"Hartz Oinkies Pig Skin Twists wrapped with Chicken Made in China for the Hartz Mountain Corporation, Secaucus, NJ 07094 USA and imported by Hartz Canada Inc., St. Thomas, Ontario N5P 3W7 , Canada 5 pig skin twists UPC 3270003354 7 mini pig twists UPC 3270003330 15 mini pig skin twists - 11.4 oz UPC 3270003331 20 pig skin twists - 4.9 oz. UPC 32700-13472",327000333015;327000333120;32700033547;3270013472,"All codes","Class II",Terminated,V-199-2013,2013-01-25,2013-06-19,2015-02-25,"5 pack - 38,672 units; 7 pack - 42,258 units; 15 pack -49070 units; 20 pack - 30,912 units","Voluntary: Firm initiated","Two or more of the following: Email, Fax, Letter, Press Release, Telephone, Visit",https://www.accessdata.fda.gov/scripts/ires/?Product=115572
64212,3,"Hartz Chicken Chews Soft and Tender Made in China for the Hartz Mountain Corporation, Secaucus, NJ 07094 USA Net Wt. 3.5 oz. - UPC 3270011966 Net Wt. 8 oz - UPC 3270011967 Net Wt. 16 oz. - UPC 3270011953 Net Wt. 24 oz. - UPC 3270011954",,"All codes","Class II",Terminated,V-200-2013,2013-01-25,2013-06-19,2015-02-25,"3.5 oz. - 17610 units; 8 oz. - 26,202 units; 16 oz - 9,937 units; 24 oz. - 17,593 units","Voluntary: Firm initiated","Two or more of the following: Email, Fax, Letter, Press Release, Telephone, Visit",https://www.accessdata.fda.gov/scripts/ires/?Product=115574
64212,4,"Hartz Chicken Chews Bite Size Made in China for the Hartz Mountain Corporation, Secaucus, NJ 07094 USA Net Wt. 5.7 oz. - UPC 3270012856 Net Wt. 16 oz - UPC 3270012765",,"All codes","Class II",Terminated,V-201-2013,2013-01-25,2013-06-19,2015-02-25,"5.7 oz -7,094 units; 16 oz - 6,301 units;","Voluntary: Firm initiated","Two or more of the following: Email, Fax, Letter, Press Release, Telephone, Visit",https://www.accessdata.fda.gov/scripts/ires/?Product=115575
64212,5,"Pet Pride Chicken Breast Jerky Distributed by: The Kroger Co. Cincinnati OH, Made In China Net Wt. 16 oz. - UPC 1111087994 Net Wt. 24 oz - UPC 1111079250",,"All codes","Class II",Terminated,V-202-2013,2013-01-25,2013-06-19,2015-02-25,"16 oz. - 34,704 units; 24 oz. - 50,364 units","Voluntary: Firm initiated","Two or more of the following: Email, Fax, Letter, Press Release, Telephone, Visit",https://www.accessdata.fda.gov/scripts/ires/?Product=115576
64212,6,"Exer-hides Rawhide Twists Distributed by Wal-Mart Stores, Inc.. Bentonville, AR 72716 Made in China 25 pack 5"" twists. Net Wt. 6 oz. UPC 8113143905",,"All codes","Class II",Terminated,V-203-2013,2013-01-25,2013-06-19,2015-02-25,"593,420 units","Voluntary: Firm initiated","Two or more of the following: Email, Fax, Letter, Press Release, Telephone, Visit",https://www.accessdata.fda.gov/scripts/ires/?Product=115589
64392,1,"Nature's Deli Chicken Jerky Dog Treats, 2.5 lbs. bag, UPC 647263800208, 3 lbs UPC 647263800215, Division of Kasel Industries, Denver, CO 80205. Packaged in a transparent, flexible, plastic bag; the bag is yellow with black and white print writing and a photograph of a golden retriever dog on it.",647263800208;647263800215,"Best By dates of 04202013 DEN to 10032013 DEN excluding Best By 09192013 DEN, which was recalled on 10/03/2012.","Class I",Terminated,V-241-2013,2013-02-19,2013-07-31,2014-07-22,"62,336 - 2.5 lbs bags; 88,704 - 3 lbs bags","Voluntary: Firm initiated",Telephone,https://www.accessdata.fda.gov/scripts/ires/?Product=116017
64392,2,"Boots & Barkley Loving your pet from head to tail. Roasted American Pig Ears. Delicious Treat for Dogs, Made in the U.S.A. Distributed by TARGET Corporation, Minneapolis, MN 55403, net wt 12 oz, 12 count, UPC 647263899158.",647263899158,"Best By dates of 20APR2014 DEN to 03OCT2014 DEN, excluding Best By 13SEP2014DEN, which was recalled on 10/17/2012.","Class I",Terminated,V-242-2013,2013-02-19,2013-07-31,2014-07-22,"67,200 - 12ct bags","Voluntary: Firm initiated",Telephone,https://www.accessdata.fda.gov/scripts/ires/?Product=116018
64392,3,"Boots & Barkley Loving your pet from head to tail. American Variety Pack Real Beef & Pork. Treats for Dogs. Product of U.S.A. Distributed by TARGET Corporation, Minneapolis, MN 55403, net wt 32 oz. Packaging is white, blue and red with red, black and blue print writing, UPC 490830400086.",490830400086,"Best by dates of 20APR2014 DEN to 03OCT2014 DEN, excluding Best By 13SEP2014DEN, which was recalled on 10/17/2012.","Class I",Terminated,V-243-2013,2013-02-19,2013-07-31,2014-07-22,"6,720 - 32oz bags","Voluntary: Firm initiated",Telephone,https://www.accessdata.fda.gov/scripts/ires/?Product=116021
64392,4,"Boots & Barkley American Beef Bully Stick, 12 inch. Satisfies your dog's instinctive urge to chew. Ingredients: Beef Pizzles. Distributed by TARGET Corporation, Minneapolis, MN 55403, 2012 Target Brands, Inc. Made in U.S.A. Packaging is transparent with white, blue and red with red, black and blue print writing on the affixed label, UPC 085239043165.",085239043165,"Best By dates of 20APR2014 DEN to 03OCT2014 DEN.","Class I",Terminated,V-244-2013,2013-02-19,2013-07-31,2014-07-22,"43,344 bags","Voluntary: Firm initiated",Telephone,https://www.accessdata.fda.gov/scripts/ires/?Product=116036
64392,5,"Boots & Barkley American Smoked Beef Femur Bone 3 inch. Satisfies your dog's instinctive urge to chew. Ingredients: Beef Femur Bone. Distributed by TARGET Corporation, Minneapolis, MN 55403, 2012 Target Brands, Inc. Made in U.S.A. Packaging is transparent with white, blue and red with red, black and blue print writing on the affixed label, UPC 085239403495.",085239403495,"Best By dates of 20APR2014 DEN to 03OCT2014 DEN.","Class I",Terminated,V-245-2013,2013-02-19,2013-07-31,2014-07-22,"46,080 bags","Voluntary: Firm initiated",Telephone,https://www.accessdata.fda.gov/scripts/ires/?Product=116037
64392,6,"Boots & Barkley American Beef Tendon Flossie 6-8 inch. Satisfies your dog's instinctive urge to chew. Ingredients: Beef Tendon. Distributed by TARGET Corporation, Minneapolis, MN 55403, 2012 Target Brands, Inc. Made in U.S.A. Packaging is transparent with white, blue and red with red, black and blue print writing on the affixed label, UPC 085239043103.",085239043103,"Best By dates of 20APR2014 DEN to 03OCT2014 DEN.","Class I",Terminated,V-246-2013,2013-02-19,2013-07-31,2014-07-22,"36288 bags","Voluntary: Firm initiated",Telephone,https://www.accessdata.fda.gov/scripts/ires/?Product=116038
64392,7,"Boots & Barkley American Pig Ear Strips 8 oz. Satisfies your dog's instinctive urge to chew. Ingredients: Pig Ears. Distributed by TARGET Corporation, Minneapolis, MN 55403, 2012 Target Brands, Inc. Made in U.S.A. Packaging is transparent with white, blue and red with red, black and blue print writing on the affixed label, UPC 085239403440.",085239403440,"Best By dates of 20APR2014 DEN to 03OCT2014 DEN.","Class I",Terminated,V-247-2013,2013-02-19,2013-07-31,2014-07-22,"36576 bags","Voluntary: Firm initiated",Telephone,https://www.accessdata.fda.gov/scripts/ires/?Product=116039
64392,8,"Boots & Barkley Chicken Stuffed American Beef Femur Bone, 6 inch. Satisfies your dog's instinctive urge to chew. Ingredients: Beef Femur Bone Chicken Breast, Natural Flavorings. Distributed by TARGET Corporation, Minneapolis, MN 55403, 2012 Target Brands, Inc. Made in U.S.A. Packaging is transparent with white, blue and red with red, black and blue print writing on the affixed label, UPC 085239043202.",085239043202,"Best By dates of 20APR2014 DEN to 03OCT2014 DEN.","Class I",Terminated,V-248-2013,2013-02-19,2013-07-31,2014-07-22,"42336 bags","Voluntary: Firm initiated",Telephone,https://www.accessdata.fda.gov/scripts/ires/?Product=116040
64392,9,"Boots & Barkley American Braided Beef Bully Stick, 5 inch. Satisfies your dog's instinctive urge to chew. Ingredients: Beef Pizzles. Distributed by TARGET Corporation, Minneapolis, MN 55403, 2012 Target Brands, Inc. Made in U.S.A. Packaging is transparent with white, blue and red with red, black and blue print writing on the affixed label, UPC 085239043110.",085239043110,"Best By dates of 20APR2014 DEN to 03OCT2014 DEN.","Class I",Terminated,V-249-2013,2013-02-19,2013-07-31,2014-07-22,"43632 bags","Voluntary: Firm initiated",Telephone,https://www.accessdata.fda.gov/scripts/ires/?Product=116041
64392,10,"Boots & Barkley American Chicken Jerky, 16 oz UPC 085239043325; 8 oz UPC 085239043400. Satisfies your dog's instinctive urge to chew. Ingredients: Chicken Breast, Natural Flavorings. Distributed by TARGET Corporation, Minneapolis, MN 55403, 2012 Target Brands, Inc. Made in U.S.A. Packaging is semi-transparent with white, blue and red with red, black and blue print writing on the affixed label. The labeling also has digital photos of the chicken strips and a picture of a terrier dog.",085239043325;085239043400,"Best By dates of 20APR2014 DEN to 03OCT2014 DEN.","Class I",Terminated,V-250-2013,2013-02-19,2013-07-31,2014-07-22,"22116 - 16oz bags; 24768 - 8oz bags","Voluntary: Firm initiated",Telephone,https://www.accessdata.fda.gov/scripts/ires/?Product=116042
64392,11,"Boots & Barkley American Beef Knuckle, 14 oz. Promotes Plaque and Tartar Reduction. Ingredients: Beef Knuckle. Distributed by TARGET Corporation, Minneapolis, MN 55403, 2012 Target Brands, Inc. Packaging is semi-transparent with white, blue and red with red, black and blue print writing on the affixed label. The labeling also has digital photo of a dog. UPC 647263899172.",647263899172,"Best By dates of 20APR2014 DEN to 03OCT2014 DEN.","Class I",Terminated,V-251-2013,2013-02-19,2013-07-31,2014-07-22,"48060 bags","Voluntary: Firm initiated",Telephone,https://www.accessdata.fda.gov/scripts/ires/?Product=116044
64392,12,"Boots & Barkley American Pork Femur, 1 bone. Promotes Plaque and Tartar Reduction. Ingredients: Pork Femur. Distributed by TARGET Corporation, Minneapolis, MN 55403, 2012 Target Brands, Inc. Packaging is semi-transparent with white, blue and red with red, black and blue print writing on the affixed label. The labeling also has digital photo of a dog. UPC 647263899165.",647263899165,"Best By dates of 20APR2014 DEN to 03OCT2014 DEN.","Class I",Terminated,V-252-2013,2013-02-19,2013-07-31,2014-07-22,"135360 bags","Voluntary: Firm initiated",Telephone,https://www.accessdata.fda.gov/scripts/ires/?Product=116046
64392,13,"BIXBI Skin and Coat Beef Liver Jerky, 5 oz. Packaged in orange semi-transparent flexible plastic packaging, 100% USA Made and Sourced, UPC 091037018021.",091037018021,"Best By dates of 04202014 DEN to 10032014 DEN.","Class I",Terminated,V-253-2013,2013-02-19,2013-07-31,2014-07-22,"4,750 - 5oz bags","Voluntary: Firm initiated",Telephone,https://www.accessdata.fda.gov/scripts/ires/?Product=116052
64392,14,"BIXBI Skin and Coat Lamb Jerky, 5 oz. Packaged in purple and orange semi-transparent flexible plastic packaging with black and transparent print writing, 100% USA Made and Sourced, UPC 091037018045.",091037018045,"Best By dates of 04202014 DEN to 10032014 DEN.","Class I",Terminated,V-254-2013,2013-02-19,2013-07-31,2014-07-22,"1,334 - 5 oz bags","Voluntary: Firm initiated",Telephone,https://www.accessdata.fda.gov/scripts/ires/?Product=116054
64392,15,"BIXBI Hip and Joint Pork Jerky, 5 oz. Packaged in yellow and aqua semi-transparent flexible plastic packaging with black and transparent print writing, 100% USA Made and Sourced, UPC 091037018144.",091037018144,"Best By dates of 04202014 DEN to 10032014 DEN.","Class I",Terminated,V-255-2013,2013-02-19,2013-07-31,2014-07-22,"5,112 - 5oz bags","Voluntary: Firm initiated",Telephone,https://www.accessdata.fda.gov/scripts/ires/?Product=116055
64392,16,"BIXBI Skin and Coat Chicken Breast Jerky Treats, 5 oz. Packaged in orange and green semi-transparent flexible plastic packaging with black and transparent print writing, 100% USA Made and Sourced, UPC 091037018007.",091037018007,"Best By dates of 04202014 DEN to 10032014 DEN.","Class I",Terminated,V-256-2013,2013-02-19,2013-07-31,2014-07-22,"3,339 - 5oz bags","Voluntary: Firm initiated",Telephone,https://www.accessdata.fda.gov/scripts/ires/?Product=116056
64392,17,"BIXBI Skin and Coat Pork Jerky, 5 oz. Packaged in orange and aqua semi-transparent flexible plastic packaging with black and transparent print writing, 100% USA Made and Sourced, UPC 091037018069.",091037018069,"Best By dates of 04202014 DEN to 10032014 DEN.","Class I",Terminated,V-257-2013,2013-02-19,2013-07-31,2014-07-22,"4,938 - 5oz bags","Voluntary: Firm initiated",Telephone,https://www.accessdata.fda.gov/scripts/ires/?Product=116057
64392,18,"BIXBI Hip and Joint Lamb Jerky, 5 oz. Packaged in yellow and purple semi-transparent flexible plastic packaging with black and transparent print writing, 100% USA Made and Sourced, UPC 091037018120.",091037018120,"Best By dates of 04202014 DEN to 10032014 DEN.","Class I",Terminated,V-258-2013,2013-02-19,2013-07-31,2014-07-22,"3,746 - 5oz bags","Voluntary: Firm initiated",Telephone,https://www.accessdata.fda.gov/scripts/ires/?Product=116058
64392,19,"BIXBI Hip and Joint Chicken Breast Jerky, 5 oz. Packaged in yellow and green semi-transparent flexible plastic packaging with black and transparent print writing, 100% USA Made and Sourced, UPC 091037018083.",091037018083,"Best By dates of 04202014 DEN to 10032014 DEN.","Class I",Terminated,V-259-2013,2013-02-19,2013-07-31,2014-07-22,"6,916 - 5oz bags","Voluntary: Firm initiated",Telephone,https://www.accessdata.fda.gov/scripts/ires/?Product=116059
64392,20,"BIXBI Hip and Joint Beef Liver Jerky, 5 oz. Packaged in yellow and red semi-transparent flexible plastic packaging with black and transparent print writing, 100% USA Made and Sourced, UPC 091037018106.",091037018106,"Best By dates of 04202014 DEN to 10032014 DEN.","Class I",Terminated,V-260-2013,2013-02-19,2013-07-31,2014-07-22,"5,928 - 5oz bags","Voluntary: Firm initiated",Telephone,https://www.accessdata.fda.gov/scripts/ires/?Product=116060
64392,21,"Sam's Club Roasted Pig Ear Dog Treats, 28 oz, UPC 681131857246.",681131857246,"Best By dates of 04202014 DEN to 10032014 DEN.","Class I",Terminated,V-261-2013,2013-02-19,2013-07-31,2014-07-22,"28,224 - 25ct bags","Voluntary: Firm initiated",Telephone,https://www.accessdata.fda.gov/scripts/ires/?Product=116062
64392,22,"Petco Natural Pig Ears, 25 pk, UPC 800443092903, 12 pk UPC 800443092910, 7 pk UPC 800443092934.",800443092903;800443092910;800443092934,"Best By dates of 04202014 DEN to 10032014 DEN.","Class I",Terminated,V-262-2013,2013-02-19,2013-07-31,2014-07-22,"6,944 - 12ct bags; 6,048 - 7ct bags; 7,992 - 25 ct bags","Voluntary: Firm initiated",Telephone,https://www.accessdata.fda.gov/scripts/ires/?Product=116064
64392,23,"Petco Smoked Pig Ears, 7 pk, UPC 800443092941, 12 pk UPC 800443092927.",800443092927;800443092941,"Best By dates of 04202014 DEN to 10032014 DEN.","Class I",Terminated,V-263-2013,2013-02-19,2013-07-31,2014-07-22,"5,376 - 12ct bags; 4,704 - 7ct bags","Voluntary: Firm initiated",Telephone,https://www.accessdata.fda.gov/scripts/ires/?Product=116065
64392,24,"Colorado Naturals Salmon Jerky, 4 oz UPC 647263900175. Distributed by Petco/Kasel Industries.",647263900175,"Best By dates of 04202014 DEN to 10032014 DEN.","Class I",Terminated,V-265-2013,2013-02-19,2013-07-31,2014-07-22,"16,128 - 4oz bags","Voluntary: Firm initiated",Telephone,https://www.accessdata.fda.gov/scripts/ires/?Product=116067
64392,25,"Colorado Naturals Chicken Jerky, 4 oz UPC 647263800178, 16 oz UPC 647263800291. Distributed by Petco/Kasel/Menards Industries.",647263800178;647263800291,"Best By dates of 04202014 DEN to 10032014 DEN.","Class I",Terminated,V-266-2013,2013-02-19,2013-07-31,2014-07-22,"20,736 - 4oz bags, 31,878 x 16 oz","Voluntary: Firm initiated",Telephone,https://www.accessdata.fda.gov/scripts/ires/?Product=116068
64392,26,"Colorado Naturals Lamb Jerky, 4 oz UPC 647263510176, Distributed by Petco/Kasel Industries.",647263510176,"Best By dates of 04202014 DEN to 10032014 DEN.","Class I",Terminated,V-267-2013,2013-02-19,2013-07-31,2014-07-22,"18,432 - 4oz bags","Voluntary: Firm initiated",Telephone,https://www.accessdata.fda.gov/scripts/ires/?Product=116069
64392,27,"Colorado Naturals Pork Jerky, 16 oz UPC 647263700157, Distributed by Petco/Kasel Industries/Menards.",647263700157,"Best By dates of 04202014 DEN to 10032014 DEN.","Class I",Terminated,V-268-2013,2013-02-19,2013-07-31,2014-07-22,"26,964 - 16oz bags","Voluntary: Firm initiated",Telephone,https://www.accessdata.fda.gov/scripts/ires/?Product=116070
64392,28,"Colorado Naturals Beef Jerky, 4 oz UPC 647263801175, Distributed by Petco/Kasel Industries.",647263801175,"Best By dates of 04202014 DEN to 10032014 DEN.","Class I",Terminated,V-269-2013,2013-02-19,2013-07-31,2014-07-22,"13,824 - 4oz bags","Voluntary: Firm initiated",Telephone,https://www.accessdata.fda.gov/scripts/ires/?Product=116071
64392,29,"TDBBS, Inc/Best Bully Sticks Buffalo Hearts Sliced, 3 lbs, Bulk.",,"Best By dates of 04202014 DEN to 10032014 DEN.","Class I",Terminated,V-270-2013,2013-02-19,2013-07-31,2014-07-22,"10 bags","Voluntary: Firm initiated",Telephone,https://www.accessdata.fda.gov/scripts/ires/?Product=116072
64392,30,"TDBBS, Inc/Best Bully Sticks Knee Caps, 25 ct, Bulk.",,"Best By dates of 04202014 DEN to 10032014 DEN.","Class I",Terminated,V-271-2013,2013-02-19,2013-07-31,2014-07-22,"10 bags","Voluntary: Firm initiated",Telephone,https://www.accessdata.fda.gov/scripts/ires/?Product=116073
64392,31,"TDBBS, Inc/Best Bully Sticks Pork Jerky Strips, 16 oz.",,"Best By dates of 04202014 DEN to 10032014 DEN.","Class I",Terminated,V-272-2013,2013-02-19,2013-07-31,2014-07-22,"100 bags","Voluntary: Firm initiated",Telephone,https://www.accessdata.fda.gov/scripts/ires/?Product=116074
64392,32,"TDBBS, Inc/Best Bully Sticks Chicken Jerky, 16 oz.",,"Best By dates of 04202014 DEN to 10032014 DEN.","Class I",Terminated,V-273-2013,2013-02-19,2013-07-31,2014-07-22,"4000 bags","Voluntary: Firm initiated",Telephone,https://www.accessdata.fda.gov/scripts/ires/?Product=116076
64392,33,"TDBBS, Inc/Best Bully Sticks Turkey Cubes, 4.5 oz.",,"Best By dates of 04202014 DEN to 10032014 DEN.","Class I",Terminated,V-274-2013,2013-02-19,2013-07-31,2014-07-22,"36 bags","Voluntary: Firm initiated",Telephone,https://www.accessdata.fda.gov/scripts/ires/?Product=116077
64392,34,"TDBBS, Inc/Best Bully Sticks Pig Snouts, 25 ct, Bulk.",,"Best By dates of 04202014 DEN to 10032014 DEN.","Class I",Terminated,V-275-2013,2013-02-19,2013-07-31,2014-07-22,"400 bags","Voluntary: Firm initiated",Telephone,https://www.accessdata.fda.gov/scripts/ires/?Product=116078
64392,35,"TDBBS, Inc/Best Bully Sticks Beef Lobster Tails, 1ct, Bulk.",,"Best By dates of 04202014 DEN to 10032014 DEN.","Class I",Terminated,V-276-2013,2013-02-19,2013-07-31,2014-07-22,"10,000 bags","Voluntary: Firm initiated",Telephone,https://www.accessdata.fda.gov/scripts/ires/?Product=116080
64392,36,"TDBBS, Inc/Best Bully Sticks Turkey Jerky Sticks, 6 ct.",,"Best By dates of 04202014 DEN to 10032014 DEN.","Class I",Terminated,V-277-2013,2013-02-19,2013-07-31,2014-07-22,"200 bags","Voluntary: Firm initiated",Telephone,https://www.accessdata.fda.gov/scripts/ires/?Product=116081
64392,37,"TDBBS, Inc/Best Bully Sticks hearts of Lamb, 4 oz.",,"Best By dates of 04202014 DEN to 10032014 DEN.","Class I",Terminated,V-278-2013,2013-02-19,2013-07-31,2014-07-22,"200 bags","Voluntary: Firm initiated",Telephone,https://www.accessdata.fda.gov/scripts/ires/?Product=116082
64392,38,"TDBBS, Inc/Best Bully Sticks Lamb Jerky, 4 oz.",,"Best By dates of 04202014 DEN to 10032014 DEN.","Class I",Terminated,V-279-2013,2013-02-19,2013-07-31,2014-07-22,"200 bags","Voluntary: Firm initiated",Telephone,https://www.accessdata.fda.gov/scripts/ires/?Product=116083
64392,39,"Nutri-Pet 16oz Natural Filet Strips, UPC 76-0081.",,"Best By dates of 04202014 DEN to 10032014 DEN.","Class I",Terminated,V-280-2013,2013-02-19,2013-07-31,2014-07-22,"2016 bags","Voluntary: Firm initiated",Telephone,https://www.accessdata.fda.gov/scripts/ires/?Product=116228
64392,40,"K9 Chicken Joint Jerky 5oz UPC 669125507049; 15oz, UPC 669125507056",669125507049;669125507056,"Best By dates of 04202014 DEN to 10032014 DEN.","Class I",Terminated,V-281-2013,2013-02-19,2013-07-31,2014-07-22,"2000 - 5oz bags; 3600 - 15 oz bags","Voluntary: Firm initiated",Telephone,https://www.accessdata.fda.gov/scripts/ires/?Product=116237
64392,41,"K9 Chicken Coat Jerky 5oz; UPC 669125507063; 15oz, UPC 669125507070",669125507063;669125507070,"Best By dates of 04202014 DEN to 10032014 DEN.","Class I",Terminated,V-282-2013,2013-02-19,2013-07-31,2014-07-22,"2000 - 5oz bags; 3600 - 15 oz bags","Voluntary: Firm initiated",Telephone,https://www.accessdata.fda.gov/scripts/ires/?Product=116238
64392,42,"K9 Chicken Calming Jerky 5oz, UPC 669125507087 ; 15oz , UPC 669125507094",669125507087;669125507094,"Best By dates of 04202014 DEN to 10032014 DEN.","Class I",Terminated,V-283-2013,2013-02-19,2013-07-31,2014-07-22,"2000 - 5 oz bags; 3600 - 15 oz bags","Voluntary: Firm initiated",Telephone,https://www.accessdata.fda.gov/scripts/ires/?Product=116239
64392,43,"K9 Chicken Breath Fresh Jerky 5oz, UPC 669125507100 ; 15oz , UPC 669125507117",669125507100;669125507117,"Best By dates of 04202014 DEN to 10032014 DEN.","Class I",Terminated,V-284-2013,2013-02-19,2013-07-31,2014-07-22,"2000 - 5 oz bags; 3600 - 15 oz bags","Voluntary: Firm initiated",Telephone,https://www.accessdata.fda.gov/scripts/ires/?Product=116240
64392,44,"K9 Chicken Senior Jerky 5oz, UPC 669125507124.",669125507124,"Best By dates of 04202014 DEN to 10032014 DEN.","Class I",Terminated,V-285-2013,2013-02-19,2013-07-31,2014-07-22,"2000 - 5 oz bags","Voluntary: Firm initiated",Telephone,https://www.accessdata.fda.gov/scripts/ires/?Product=116241
64392,45,"K9 Chicken Digestive Jerky 5oz, UPC 669125507148.",669125507148,"Best By dates of 04202014 DEN to 10032014 DEN.","Class I",Terminated,V-286-2013,2013-02-19,2013-07-31,2014-07-22,"2000 - 5 oz bags","Voluntary: Firm initiated",Telephone,https://www.accessdata.fda.gov/scripts/ires/?Product=116242
64392,46,"K9 Chicken Healthy Weight Jerky 5oz, UPC 669125507162.",669125507162,"Best By dates of 04202014 DEN to 10032014 DEN.","Class I",Terminated,V-287-2013,2013-02-19,2013-07-31,2014-07-22,"2000 - 5 oz bags","Voluntary: Firm initiated",Telephone,https://www.accessdata.fda.gov/scripts/ires/?Product=116243
64392,47,"K9 Chicken Jerky 5oz, UPC 669125507018 ; 8oz , UPC 669125507025; 16oz , UPC 669125507032",669125507018;669125507025;669125507032,"Best By dates of 04202014 DEN to 10032014 DEN.","Class I",Terminated,V-288-2013,2013-02-19,2013-07-31,2014-07-22,"2000 - 5 oz bags; 2000 - 8 oz bags; 2000 - 16 oz bags","Voluntary: Firm initiated",Telephone,https://www.accessdata.fda.gov/scripts/ires/?Product=116244
64392,48,"K9 Hip & Joint Chicken Strips 8oz, UPC 669125990445",669125990445,"Best By dates of 04202014 DEN to 10032014 DEN","Class I",Terminated,V-289-2013,2013-02-19,2013-07-31,2014-07-22,"1728 bags","Voluntary: Firm initiated",Telephone,https://www.accessdata.fda.gov/scripts/ires/?Product=116245
64411,1,"NutriPet Natural Chicken Fillet Strips, Item # 76-0081, Net wt. 16oz. There is NO UPC for this product. Product is labeled in parts: ""***NUTRIPET***Naturally Chicken Fillet Strips***95% Fat-Free Treats for Dogs***NET WT. 16 oz***76-0081***"".",,"Lot 2095 and expiration date 07/2014.","Class I",Terminated,V-173-2013,2013-02-20,2013-05-29,2013-08-07,"672/16 oz. packages","Voluntary: Firm initiated","Two or more of the following: Email, Fax, Letter, Press Release, Telephone, Visit",https://www.accessdata.fda.gov/scripts/ires/?Product=116084
64411,2,"Nutri-Vet Natural Chicken Breast Treats with Glucosamine for Dogs Promotes Joint Health, has net weight 5 oz or 15 oz. The 5 oz. package, item 50704, has the UPC 6 69125 50704 9. The 15 oz package, item 50705, has the UPC 6 69125 50705 6. Product is labeled in parts: ""***NUTRIVET***Naturally Chicken Breast Treats***with glucosamine for Dogs Promote Joint Health***"".",669125507049;669125507056,"5 oz packages have lot 072114 and expiration date 07/2014. 15 oz. packages have lot 061114 and 061514 and expiration date 06/2014.","Class I",Terminated,V-174-2013,2013-02-20,2013-05-29,2013-08-07,"1992/5 oz. Packages and 3576/15 oz. Packages","Voluntary: Firm initiated","Two or more of the following: Email, Fax, Letter, Press Release, Telephone, Visit",https://www.accessdata.fda.gov/scripts/ires/?Product=116085
64411,3,"Nutri-Vet Natural Chicken Breast Treats with Omega 3 for Dogs Promotes a Glossy Coat has a net weight 5 oz or 15 oz. The 5 oz. package, item 50706, has the UPC 6 69125 50706 3; The 15 oz package, item 50707, has the UPC 6 69125 50707 0; Product is labeled in parts: ""***NUTRIVET***Natural Chicken Breast Treats*** with Omega 3 for Dogs Promotes a Glossy Coat***"".",669125507063;669125507070,"5 oz. packages have lot 072314 and expiration date 07/2014. 15 oz. packages have lot 061514 and expiration date 06/2014.","Class I",Terminated,V-175-2013,2013-02-20,2013-05-29,2013-08-07,"1992/5 oz. packages and 3600/15 oz. packages","Voluntary: Firm initiated","Two or more of the following: Email, Fax, Letter, Press Release, Telephone, Visit",https://www.accessdata.fda.gov/scripts/ires/?Product=116086
64411,4,"Nutri-Vet Natural Chicken Breast Treats with Chamomile and Ginger for Dogs Helps Reduce Stress and Anxiety, has a net weight 5 oz or 15 oz. The 5 oz. package, item 50708, has the UPC 6 69125 50708 7. The 15 oz package, item 50709, has the UPC 6 69125 50709 4. Product is labeled in parts: ""***NUTRIVET*** Natural Chicken Breast Treats***with Chamomile and Ginger for Dogs Helps Reduce Stress and Anxiety***"".",669125507087;669125507094,"5 oz. packages have lot 072214 and expiration date 07/2014. 15 oz. packages have lot 060714 and 061514 and expiration date 06/2014.","Class I",Terminated,V-176-2013,2013-02-20,2013-05-29,2013-08-07,"1992/5 oz. packages and 3466/15 oz packages","Voluntary: Firm initiated","Two or more of the following: Email, Fax, Letter, Press Release, Telephone, Visit",https://www.accessdata.fda.gov/scripts/ires/?Product=116087
64411,5,"Nutri-Vet Natural Chicken Breast Treats with Rosemary and Parsley for Dogs Promotes Fresh Breath, has a net weight 5 oz or 15 oz. The 5 oz. package, item 50710, has the UPC 6 69125 50710 0. The 15 oz package, item 50711, has the UPC 6 69125 50711 7. Product is labeled in parts: ""***NUTRIVET*** Natural Chicken Breast Treats*** with Rosemary and Parsley for Dogs Promotes Fresh Breath***"".",669125507100;669125507117,"5 oz. packages have lot 072314 and expiration date 07/2014. 15 oz. packages have lot 060714 and 060814 and expiration date 06/2014.","Class I",Terminated,V-177-2013,2013-02-20,2013-05-29,2013-08-07,"1992/5 oz Packages and 3095/15 oz. Packages","Voluntary: Firm initiated","Two or more of the following: Email, Fax, Letter, Press Release, Telephone, Visit",https://www.accessdata.fda.gov/scripts/ires/?Product=116088
64411,6,"Nutri-Vet Natural Chicken Breast Treats with Antioxidants for SENIOR Dogs Promotes Health and Vitality. Item number is 50712 and has net weight 5 oz. The UPC is 6 69125 50712 4 Product is labeled in parts: ""***NUTRIVET*** Natural Chicken Breast Treats*** Antioxidants for SENIOR dogs Promotes Health and Vitality***"".",,"Lot number 062914 and expiration date 06/2014","Class I",Terminated,V-178-2013,2013-02-20,2013-05-29,2013-08-07,"1992/5 oz. Packages","Voluntary: Firm initiated","Two or more of the following: Email, Fax, Letter, Press Release, Telephone, Visit",https://www.accessdata.fda.gov/scripts/ires/?Product=116089
64411,7,"Nutri-Vet Natural Chicken Breast Treats with Enzymes for Dogs Promotes Healthy Digestion. Item number is 50714, net weight 5 oz, and the UPC is 6 69125 50714 8. Product is labeled in parts: ""***NUTRIVET*** Natural Chicken Breast Treats with Enzymes for Dogs Promotes Healthy Digestion***"".",,"lot number 072614 and expiration date 07/2014","Class I",Terminated,V-179-2013,2013-02-20,2013-05-29,2013-08-07,"1992/5 oz. Packages","Voluntary: Firm initiated","Two or more of the following: Email, Fax, Letter, Press Release, Telephone, Visit",https://www.accessdata.fda.gov/scripts/ires/?Product=116090
64411,8,"Nutri-Vet Natural Chicken Breast Treats with L-Carnitine for Dogs Promotes Healthy Weight. The net weight is 5 oz, item number is 50716. The UPC is 6 69125 50716 2. Product is labeled in parts: ""***NUTRIVET*** Natural Chicken Breast Treats*** with L-Carnitine for Dogs Promotes Healthy Weight.***"".",,"lot number 072514 and expiration date 07/2014","Class I",Terminated,V-180-2013,2013-02-20,2013-05-29,2013-08-07,"1992/5 oz. Packages","Voluntary: Firm initiated","Two or more of the following: Email, Fax, Letter, Press Release, Telephone, Visit",https://www.accessdata.fda.gov/scripts/ires/?Product=116102
64411,9,"Nutri-Vet Natural Chicken Breast Treats for Dogs, 5 oz. package, Item 50701, has the UPC 6 69125 50701 8; Nutri-Vet K9 Natural Chicken Breast Treats, 8 oz. package, Item 50702, has the UPC 6 69125 50702 5; Nutri-Vet K9 Natural Chicken Breast Treats, 16 oz. package, Item 50703, has the UPC 6 69125 50703 2; Product is labeled in parts: ""***NUTRIVET*** Natural Chicken Breast Treats for Dogs***VETERINARY FORMULATED***"".",669125507018;669125507025;669125507032,"5 oz packages have lot code 072514 and expiration date 07/2014. 8 oz. packages have lot code 072514 and expiration date 07/2014. 16 oz. packages have lot code 061214 and 061414 and expiration date 06/2014/","Class I",Terminated,V-181-2013,2013-02-20,2013-05-29,2013-08-07,"1986/5 oz. Packages; 1992/8 oz. Packages; and 2016/16 oz. Packages","Voluntary: Firm initiated","Two or more of the following: Email, Fax, Letter, Press Release, Telephone, Visit",https://www.accessdata.fda.gov/scripts/ires/?Product=116103
64411,10,"Nutri-Vet Hip & Joint Natural Chicken Breast Strips, 100 mg glucosamine per oz. Product has item number 99044, net weight of 8 oz, and the UPC is 6 69125 99044 5. Product is labeled in parts: ""***NUTRIVET*** Natural Chicken Breast STRIPS***Early care for dogs***100 mg glucosamine per oz***Hip & Joint***"".",,"lot code 072714 and expiration date 07/2014","Class I",Terminated,V-182-2013,2013-02-20,2013-05-29,2013-08-07,"1728/8 oz. Packages","Voluntary: Firm initiated","Two or more of the following: Email, Fax, Letter, Press Release, Telephone, Visit",https://www.accessdata.fda.gov/scripts/ires/?Product=116105
64433,1,"Verve, 4lb box, 6 units/case, Item# V4, UPC 183413000 89 5, and 10 lb box, 4 units/case, Item #VR, UPC 183413000 17 8.",183413000178;183413000895,"Item Code: V4 + VR, Lot # 2332A (batches 1-3). Item Code: VR, Lot # 3062A (batches 8 & 9).","Class I",Terminated,V-227-2013,2013-02-21,2013-07-31,2013-10-17,"2,960 units","Voluntary: Firm initiated","Press Release",https://www.accessdata.fda.gov/scripts/ires/?Product=116136
64433,2,"Free Thrive, 1 oz. sample, 50 units/case, Item#TM, UPC 183413000 81 9.",183413000819,"Lot # 2622A (batch 3)","Class I",Terminated,V-228-2013,2013-02-21,2013-07-31,2013-10-17,"15,650 units","Voluntary: Firm initiated","Press Release",https://www.accessdata.fda.gov/scripts/ires/?Product=116138
64433,3,"Zeal, 4lb box, 6 units/case, Item#Z4, UPC 18341300195 3, and 10lb box, 4 units/case, Item# ZR, UPC 18341300191 5.",183413001915;183413001953,"Item Code: Z4 + ZR, Lot # 2272A (batches 1-5). Item Code: ZR, Lot # 2652A (batches 1-4).","Class I",Terminated,V-229-2013,2013-02-21,2013-07-31,2013-10-17,"4,986 units","Voluntary: Firm initiated","Press Release",https://www.accessdata.fda.gov/scripts/ires/?Product=116139
64445,1,"Hy-Vee Complete Dog, Complete Nutrition, 34-lb bag. UPC code: 07545005647",,"Lot # ending with 29812KC, Best by date: 11/24/13","Class II",Terminated,V-140-2013,2013-02-22,2013-04-03,2014-05-29,"879/34-lb bags","Voluntary: Firm initiated","Press Release",https://www.accessdata.fda.gov/scripts/ires/?Product=116152
64445,2,"Hy-Vee Complete Dog, Complete Nutrition, 8-lb bag. UPC code: 07545005667",,"Lot # ending with 29812KC, Best by date: 11/24/13","Class II",Terminated,V-141-2013,2013-02-22,2013-04-03,2014-05-29,"2,500/8-lb bags","Voluntary: Firm initiated","Press Release",https://www.accessdata.fda.gov/scripts/ires/?Product=116153
64445,3,"Hy-Vee Complete Dog, Complete Nutrition, 4.4-lb bag. UPC code: 07545005665",,"Lot # ending with 29812KC, Best by date: 11/24/13 and Lot # ending with 29912KC, Best by date: 11/25/13","Class II",Terminated,V-142-2013,2013-02-22,2013-04-03,2014-05-29,"7,250/4.4-lb bags","Voluntary: Firm initiated","Press Release",https://www.accessdata.fda.gov/scripts/ires/?Product=116154
64445,4,"Hy-Vee Complete Dog, Bones & Squares, 20-lb bag. UPC code: 07545005680",,"Lot # ending with 29312KC, Best by date: 11/19/13","Class II",Terminated,V-143-2013,2013-02-22,2013-04-03,2014-05-29,"800/20-lb bags","Voluntary: Firm initiated","Press Release",https://www.accessdata.fda.gov/scripts/ires/?Product=116155
64445,5,"Hy-Vee Complete Dog, Bones & Squares, 4.4-lb bag. UPC code: 07545005660",,"Lot # ending with 29312KC, Best by date: 11/19/13","Class II",Terminated,V-144-2013,2013-02-22,2013-04-03,2014-05-29,"1,760/4.4-lb bags","Voluntary: Firm initiated","Press Release",https://www.accessdata.fda.gov/scripts/ires/?Product=116156
64476,1,"eCotrition Grains & Greens, Nutritional Supplement for Canaries and Finches A Diverse Blend of Garden Fresh Vegetables & Select Grains Vitamin & Mineral Enriched NET WT. 8 OZ (226 g) Eight In One Pet Products Distributed by United Pet Group, Inc. Cincinnati, Ohio 45230 (800) 645-5154 www.eightinonepet.com UPC 0 26851 00546",02685100546,"Item # C546/11-20712 - USE BY date: 10/16/15","Class I",Terminated,V-171-2013,2013-02-27,2013-05-29,2013-07-09,"264/8 oz bags","Voluntary: Firm initiated",Letter,https://www.accessdata.fda.gov/scripts/ires/?Product=116220
64539,1,"Steve's Real Food TURDUCKEN CANINE RECIPE, 5 lbs bags of 8 oz patties, UPC 6-91730-14204-9, Expiration 10/27/13, MFR # 83. Raw Frozen Dog Food, Distributed by Steve's Real Food Inc, Aumsville, OR 97086",691730142049,"Lot B209","Class I",Terminated,V-294-2013,2013-03-07,2013-08-14,2014-08-26,"39 cases/156 bags","Voluntary: Firm initiated",Telephone,https://www.accessdata.fda.gov/scripts/ires/?Product=116431
64551,1,"Diggin Your Dog Strippin Chicks; USA Chicken Charki Strips for Dogs 100% Grown, Raised, Harvested in USA. Net Wt. 5 oz. Ingredients: Chicken, Vitamin E Supplement. UPC: 6-09788-82324-7 Diggin Your Dog USA, Reno, NV",609788823247,"Lot Code # 250322 and USE BY 2-23-14","Class I",Terminated,V-208-2013,2013-02-27,2013-06-19,2013-06-13,"45 cases ( 12 x 5 oz. packages per case)","Voluntary: Firm initiated",Telephone,https://www.accessdata.fda.gov/scripts/ires/?Product=116472
64581,1,"Premium Edge Finicky Adult Cat Formula, 6 lb. bags &18 lb. bags, Premium Edge¿ Pet Foods P.O. Box 156 Meta, MO 65058.",,"Production Codes: NGF0802, Best By: 15-Aug-2013, 16-Aug-2013 (6 lb. bags) and Production Codes: NGF0703, Best By: 10-Jul-2013(18 lb. bags).","Class I",Terminated,V-305-2013,2013-03-09,2013-09-04,2014-05-13,"316 - 6 lb. bags; 2150 - 18 lb. bags","Voluntary: Firm initiated",E-Mail,https://www.accessdata.fda.gov/scripts/ires/?Product=116535
64581,2,"Premium Edge Senior Cat Hairball Management Formula, 6 lb. and 18 lb. bags, Premium Edge¿ Pet Foods P.O. Box 156 Meta, MO 65058.",,"Production Codes: NGS0101, Best By: 03-Jan-2014, 04-Jan-2014 and Production Codes: NGS0702, Best By: 10-Jul-2013.","Class I",Terminated,V-306-2013,2013-03-09,2013-09-04,2014-05-13,"208 - 6 lb. bags; 2150 - 18 lb. bags","Voluntary: Firm initiated",E-Mail,https://www.accessdata.fda.gov/scripts/ires/?Product=116537
64581,3,"Premium Edge Kitten Formula, 6 oz. samples, 6 lb. and 18 lb. bags, Premium Edge Pet Foods P.O. Box 156 Meta, MO 65058.",,"Production Code: MKT0901; Best Before: 26-Sept-2013, 29-Sept-2013, 30-Sept-2013 and 02-Oct-2013","Class I",Terminated,V-307-2013,2013-03-09,2013-09-04,2014-05-13,"43 - 6 oz. bags; 286 - 6 lb. bags; 1400 - 18 lb. bags","Voluntary: Firm initiated",E-Mail,https://www.accessdata.fda.gov/scripts/ires/?Product=116538
64581,4,"Diamond Naturals Kitten Formula, 6 oz. samples and 6 lb. bags, Proudly made by Diamond Pet Foods, Meta, MO 65058 USA.",,"Production Codes: MKT0901, Best By: 30-Sept-2013","Class I",Terminated,V-308-2013,2013-03-09,2013-09-04,2014-05-13,"14 - 6 oz. bags; 287 - 6 lb. bags","Voluntary: Firm initiated",E-Mail,https://www.accessdata.fda.gov/scripts/ires/?Product=116543
64581,5,"4health All Life Stages Cat Formula, 5 lb. and 18 lb. bags, Distributed By: Tractor Supply Company, 200 Powell Place, Brentwood, TN 37027.",,"Production Codes: NGF0802, Best By: 14-Aug-2013 and 18-Aug-2013.","Class I",Terminated,V-309-2013,2013-03-09,2013-09-04,2014-05-13,"450 - 5 lb. bags; 1784 - 18 lb. bags","Voluntary: Firm initiated",E-Mail,https://www.accessdata.fda.gov/scripts/ires/?Product=116544
64581,6,"Nutra Gold Indoor Kitten Formula, 3 Kilogram and l Kilogram",,"Production Code: MKT0901, Best By: 26-Sep-2014 and 26-Mar-2014.","Class I",Terminated,V-310-2013,2013-03-09,2013-09-04,2014-05-13,"195 - 3 KG bags; 94 - 1 KG bags","Voluntary: Firm initiated",E-Mail,https://www.accessdata.fda.gov/scripts/ires/?Product=116617
64582,1,"Dog treat products as follows: a) Jones Natural Chews Co Woofers (beef patties), bulk 50 count box, Item UPC 741956008169 (may be sold individually at retail) b) Jones Natural Chews Co Woofers (beef patties), 1 pack shrink-wrap, 50 count box, Item UPC 741956008657 c) Jones Natural Chews Co Woofers (beef patties), 1 pack shrink-wrap, 50 count box, Item UPC 741956008183 d) Jones Natural Chews Co Woofers (beef patties) 2 pack shrink-wrap, 25 count box, Item UPC 741956008190",741956008169;741956008183;741956008190;741956008657,"a) Lot 2962GPS, Best By 10/22/15, and Lot 2892PAL, Best By 10/15/15 b) Lot 3102, Best By 11/05/15 c) Lot 2892BF, Best By 10/15/15, Lot 2962PWV, Best By 10/22/15, Lot 2962ASC, Best By 10/22/15, and Lot 3032ASL, Best By 10/29/15 d) Lot 2962ASC, Best By 10/22/15, and Lot 3032ASL, Best By 10/29/15.","Class I",Terminated,V-226-2013,2013-03-06,2013-07-31,2017-08-15,"245 boxes / 12,236 patties","Voluntary: Firm initiated","Two or more of the following: Email, Fax, Letter, Press Release, Telephone, Visit",https://www.accessdata.fda.gov/scripts/ires/?Product=116542
64598,1,"Bravo! Raw Food Diet Chicken Blend for Dogs and Cats, 2lb. tube, frozen Product Code: 21-102",,"Batch ID Code / Production Code Date 6_14_12 on white tag attached to the bottom of the plastic film tube. Expanded Recall: Best Used By 3_21_15.","Class I",Terminated,V-302-2013,2013-03-13,2013-09-04,2016-06-07,"230 cases (15x2lb) Code: 6_14_12 and 67 cases code 3_21_15","Voluntary: Firm initiated",Letter,https://www.accessdata.fda.gov/scripts/ires/?Product=116577
64598,2,"Bravo! Raw Food Diet Chicken Balance For Dog and Cats, 5 lb bags, frozen Product Code: 21-405",,"Best Used By"" dates of 3_6_15 and 3_12_15 imprinted on the side of the plastic casing.","Class I",Terminated,V-303-2013,2013-03-13,2013-09-04,2016-06-07,"62 cases","Voluntary: Firm initiated",Letter,https://www.accessdata.fda.gov/scripts/ires/?Product=117144
64598,3,"Bravo!.Raw Food Diet Beef Blend Burgers For Dog and Cats, 5 lb bags, frozen Product Code: 51-508",,"Best Used By 3_21_15 and 3_22_15 imprinted on the back panel of the plastic bag. (Batch ID and Use by Dates are the same)","Class I",Terminated,V-304-2013,2013-03-13,2013-09-04,2016-06-07,"102 bags","Voluntary: Firm initiated",Letter,https://www.accessdata.fda.gov/scripts/ires/?Product=117146
64642,1,"EVO Turkey & Chicken Formula Cat & Kitten Food, packaged in 4-oz. (UPC 751485152509), 2.2- lb. (UPC 751485414027), 6.6-lb. (UPC 751485414010), and 15.4-lb. (UPC 751485414003) bags. Manufactured by: Natura Pet Products, Inc., Fremont, NE.",751485152509;751485414003;751485414010;751485414027,"All expiration dates prior to and including March 24, 2014.","Class I",Terminated,V-130-2016,2013-03-18,2016-01-27,2016-01-28,"658,903 bags","Voluntary: Firm initiated","Two or more of the following: Email, Fax, Letter, Press Release, Telephone, Visit",https://www.accessdata.fda.gov/scripts/ires/?Product=116701
64642,2,"EVO Herring & Salmon Formula Cat & Kitten Food, packaged in 4-oz. (UPC 751485152516), 2.2- lb. (UPC 751485414126), 6.6-lb. (UPC 751485414119), and 15.4-lb. (UPC 751485414102) bags. Manufactured by: Natura Pet Products, Inc., Fremont, NE.",751485152516;751485414102;751485414119;751485414126,"All expiration dates prior to and including March 24, 2014.","Class I",Terminated,V-131-2016,2013-03-18,2016-01-27,2016-01-28,"217,690 bags","Voluntary: Firm initiated","Two or more of the following: Email, Fax, Letter, Press Release, Telephone, Visit",https://www.accessdata.fda.gov/scripts/ires/?Product=117142
64642,3,"EVO Weight Management Adult Cat Food, packaged in 4-oz. (UPC 751485152523), 2.2- lb. (UPC 751485414072), 6.6-lb. (UPC 751485414065), and 15.4-lb. (UPC 751485414058) bags. Manufactured by: Natura Pet Products, Inc., Fremont, NE.",751485152523;751485414058;751485414065;751485414072,"All expiration dates prior to and including March 24, 2014.","Class I",Terminated,V-132-2016,2013-03-18,2016-01-27,2016-01-28,"172,729 bags","Voluntary: Firm initiated","Two or more of the following: Email, Fax, Letter, Press Release, Telephone, Visit",https://www.accessdata.fda.gov/scripts/ires/?Product=117375
64642,4,"EVO Wild Cravings Herring & Salmon Formula Savory Treats for Cats, packaged in 3-oz. bags, UPC 751485414805. The firm name on the label is Natura Pet Products, Davis, CA.",751485414805,"All expiration dates prior to and including March 24, 2014.","Class I",Terminated,V-133-2016,2013-03-18,2016-01-27,2016-01-28,"97,308 bags","Voluntary: Firm initiated","Two or more of the following: Email, Fax, Letter, Press Release, Telephone, Visit",https://www.accessdata.fda.gov/scripts/ires/?Product=117376
64642,5,"EVO Wild Cravings Turkey & Chicken Formula Savory Treats for Cats, packaged in 3-oz. bags, UPC 751485414706. The firm name on the label is Natura Pet Products, Davis, CA.",751485414706,"All expiration dates prior to and including March 24, 2014.","Class I",Terminated,V-134-2016,2013-03-18,2016-01-27,2016-01-28,"65,124 bags","Voluntary: Firm initiated","Two or more of the following: Email, Fax, Letter, Press Release, Telephone, Visit",https://www.accessdata.fda.gov/scripts/ires/?Product=117377
64642,6,"EVO Wild Cravings Weight Management Savory Treats for Cats, packaged in 3-oz. bags, UPC 751485414751. The firm name on the label is Natura Pet Products, Davis, CA.",751485414751,"All expiration dates prior to and including March 24, 2014.","Class I",Terminated,V-135-2016,2013-03-18,2016-01-27,2016-01-28,"24,372 bags","Voluntary: Firm initiated","Two or more of the following: Email, Fax, Letter, Press Release, Telephone, Visit",https://www.accessdata.fda.gov/scripts/ires/?Product=117378
64642,7,"EVO Herring & Salmon Formula Adult Dog Food, packaged in 4-oz. (UPC 751485152066), 6.6-lb. (UPC 751485126821), 13.2-lb (UPC 751485126814), and 28.6-lb. (UPC 751485126807) bags, Manufactured by Natura Pet Products, Inc., Fremont, NE.",751485126807;751485126814;751485126821;751485152066,"All expiration dates prior to and including March 24, 2014","Class I",Terminated,V-136-2016,2013-03-18,2016-01-27,2016-01-28,"188,581 bags","Voluntary: Firm initiated","Two or more of the following: Email, Fax, Letter, Press Release, Telephone, Visit",https://www.accessdata.fda.gov/scripts/ires/?Product=117383
64642,8,"EVO Red Meat Formula Dog Food, packaged in 4-oz. (UPC 751485152042), 6.6-lb. (UPC 751485126777), 13.2-lb (UPC 751485126760), and 28.6-lb. (UPC 751485126753) bags. Manufactured by Natura Pet Products, Inc., Fremont, NE.",751485126753;751485126760;751485126777;751485152042,"All expiration dates prior to and including March 24, 2014","Class I",Terminated,V-137-2016,2013-03-18,2016-01-27,2016-01-28,"196,659 bags","Voluntary: Firm initiated","Two or more of the following: Email, Fax, Letter, Press Release, Telephone, Visit",https://www.accessdata.fda.gov/scripts/ires/?Product=117397
64642,9,"EVO Red Meat Formula Small Bites Dog Food, packaged in 4-oz. (UPC 751485152028), 2.2-lb. (UPC 751485126746); 6.6-lb. (UPC 751485126722), 13.2-lb (UPC 751485126715), and 28.6-lb. (UPC 751485126708) bags. Manufactured by Natura Pet Products, Inc., Fremont, NE.",751485126708;751485126715;751485126722;751485126746;751485152028,"All expiration dates prior to and including March 24, 2014","Class I",Terminated,V-138-2016,2013-03-18,2016-01-27,2016-01-28,"257,002 bags","Voluntary: Firm initiated","Two or more of the following: Email, Fax, Letter, Press Release, Telephone, Visit",https://www.accessdata.fda.gov/scripts/ires/?Product=117401
64642,10,"EVO Turkey & Chicken Formula Dog Food, packaged in 4-oz. (UPC 751485152011); 6.6-lb. (UPC 751485126074), 13.2-lb (UPC 751485126067), and 28.6-lb. (UPC 751485126050) bags. Manufactured by Natura Pet Products, Inc., Fremont, NE.",751485126050;751485126067;751485126074;751485152011,"All expiration dates prior to and including March 24, 2014","Class I",Terminated,V-139-2016,2013-03-18,2016-01-27,2016-01-28,"226,495 bags","Voluntary: Firm initiated","Two or more of the following: Email, Fax, Letter, Press Release, Telephone, Visit",https://www.accessdata.fda.gov/scripts/ires/?Product=117403
64642,11,"EVO Turkey & Chicken Formula Small Bites Dog Food, packaged in 4-oz. (UPC 751485152004); 2.2-lb. (UPC 751485126043), 6.6-lb. (UPC 751485126036), 13.2-lb (UPC 751485126012), and 28.6-lb. (UPC 751485126005) bags. Manufactured by Natura Pet Products, Inc., Fremont, NE.",751485126005;751485126012;751485126036;751485126043;751485152004,"All expiration dates prior to and including March 24, 2014","Class I",Terminated,V-140-2016,2013-03-18,2016-01-27,2016-01-28,"419,737 bags","Voluntary: Firm initiated","Two or more of the following: Email, Fax, Letter, Press Release, Telephone, Visit",https://www.accessdata.fda.gov/scripts/ires/?Product=117407
64642,12,"EVO Weight Management Adult Dog Food, packaged in 4-oz. (UPC 751485152059); 6.6-lb. (UPC 751485126180), 13.2-lb (UPC 751485126173), and 28.6-lb. (UPC 751485126166) bags. Manufactured by Natura Pet Products, Inc., Fremont, NE.",751485126166;751485126173;751485126180;751485152059,"All expiration dates prior to and including March 24, 2014","Class I",Terminated,V-141-2016,2013-03-18,2016-01-27,2016-01-28,"146,564 bags","Voluntary: Firm initiated","Two or more of the following: Email, Fax, Letter, Press Release, Telephone, Visit",https://www.accessdata.fda.gov/scripts/ires/?Product=117409
64642,13,"EVO Senior Formula Dog Food, packaged in 4-oz. (UPC 751485152554); 6.6-lb. (UPC 751485126876), 13.2-lb (UPC 751485126869), and 28.6-lb. (UPC 751485126852) bags. Manufactured by Natura Pet Products, Inc., Fremont, NE.",751485126852;751485126869;751485126876;751485152554,"All expiration dates prior to and including March 24, 2014","Class I",Terminated,V-142-2016,2013-03-18,2016-01-27,2016-01-28,"41,542 bags","Voluntary: Firm initiated","Two or more of the following: Email, Fax, Letter, Press Release, Telephone, Visit",https://www.accessdata.fda.gov/scripts/ires/?Product=117413
64642,14,"HealthWise Chicken Meal & Rice Formula Food for Adult Cats & Kittens, packaged in 4-oz. (UPC 75148154459), 5-lb. (UPC 751485707754), 16.5-lb. (UPC 751485707709), and 18.5-lb. (UPC 751485707808) bags. The firm name on the label is Natura Pet Products, Santa Clara, CA.",75148154459;751485707709;751485707754;751485707808,"All expiration dates prior to and including March 24, 2014","Class I",Terminated,V-144-2016,2013-03-18,2016-01-27,2016-01-28,"154,230 bags","Voluntary: Firm initiated","Two or more of the following: Email, Fax, Letter, Press Release, Telephone, Visit",https://www.accessdata.fda.gov/scripts/ires/?Product=117441
64642,15,"HealthWise Chicken Meal & Oatmeal Formula Adult Dog Food, packaged in 4-oz. (UPC 7514815154411), 5-lb. (UPC 751485707129), 17.5-lb. (UPC 751485707112), 35-lb. (UPC 751485707105), and 38.5-lb. (UPC 751485707044) bags. The firm name on the label is Natura Pet Products, Santa Clara, CA.",7514815154411;751485707044;751485707105;751485707112;751485707129,"All expiration dates prior to and including March 24, 2014","Class I",Terminated,V-145-2016,2013-03-18,2016-01-27,2016-01-28,"146,361 bags","Voluntary: Firm initiated","Two or more of the following: Email, Fax, Letter, Press Release, Telephone, Visit",https://www.accessdata.fda.gov/scripts/ires/?Product=117445
64642,16,"HealthWise Chicken Meal & Oatmeal Formula Adult Dog Food for Active Adult Dogs, packaged in 4-oz. (UPC 751485154404), 5-lb. (UPC 751485707020), 17.5-lb. (UPC 751485707013), and 35-lb. (UPC 751485707006) bags. The firm name on the label is Natura Pet Products, Santa Clara, CA.",751485154404;751485707006;751485707013;751485707020,"All expiration dates prior to and including March 24, 2014","Class I",Terminated,V-146-2016,2013-03-18,2016-01-27,2016-01-28,"21,014 bags","Voluntary: Firm initiated","Two or more of the following: Email, Fax, Letter, Press Release, Telephone, Visit",https://www.accessdata.fda.gov/scripts/ires/?Product=117448
64642,17,"HealthWise Chicken Meal & Oatmeal Formula Weight Control Natural Premium Adult Dog Food, packaged in 4-oz. (UPC 751485154428), 5-lb. (UPC 751485707228), 17.5-lb. (UPC 751485707211), and 35-lb. (UPC 751485707204) bags. The firm name on the label is Natura Pet Products, Santa Clara, CA.",751485154428;751485707204;751485707211;751485707228,"All expiration dates prior to and including March 24, 2014","Class I",Terminated,V-147-2016,2013-03-18,2016-01-27,2016-01-28,"39,018 bags","Voluntary: Firm initiated","Two or more of the following: Email, Fax, Letter, Press Release, Telephone, Visit",https://www.accessdata.fda.gov/scripts/ires/?Product=117829
64642,18,"HealthWise Lamb Meal & Oatmeal Formula Natural Premium Adult Dog Food, packaged in 4-oz. (UPC 751485154442), 5-lb. (UPC 751485707426), 17.5-lb. (UPC 751485707419), and 35-lb. (UPC 751485707402) bags. The firm name on the label is Natura Pet Products, Santa Clara, CA.",751485154442;751485707402;751485707419;751485707426,"All expiration dates prior to and including March 24, 2014","Class I",Terminated,V-148-2016,2013-03-18,2016-01-27,2016-01-28,"42,936 bags","Voluntary: Firm initiated","Two or more of the following: Email, Fax, Letter, Press Release, Telephone, Visit",https://www.accessdata.fda.gov/scripts/ires/?Product=117911
64642,19,"HealthWise Chicken Meal & Brown Rice Formula Natural Premium Puppy Food, packaged in 4-oz. (UPC 751485154435), 5-lb. (UPC 751485707327), 17.5-lb. (UPC 751485707310), and 35-lb. (UPC 751485707303) bags. The firm name on the label is Natura Pet Products, Santa Clara, CA.",751485154435;751485707303;751485707310;751485707327,"All expiration dates prior to and including March 24, 2014","Class I",Terminated,V-149-2016,2013-03-18,2016-01-27,2016-01-28,"42,388 bags","Voluntary: Firm initiated","Two or more of the following: Email, Fax, Letter, Press Release, Telephone, Visit",https://www.accessdata.fda.gov/scripts/ires/?Product=117912
64642,20,"Innova Prime Grain Free Chicken & Turkey Formula Adult Cat Food, packaged in 4-oz. (UPC 751485153155), 2-lb. (UPC 751485414041), 5-lb. (UPC 751485413990), and 12-lb. (UPC 751485413983) bags. Manufactured by Natura Pet Products, Inc., Fremont, NE.",751485153155;751485413983;751485413990;751485414041,"All expiration dates prior to and including March 24, 2014","Class I",Terminated,V-150-2016,2013-03-18,2016-01-27,2016-01-28,"114,170 bags","Voluntary: Firm initiated","Two or more of the following: Email, Fax, Letter, Press Release, Telephone, Visit",https://www.accessdata.fda.gov/scripts/ires/?Product=117913
64642,21,"Innova Cat Food, packaged in 4-oz. (UPC 751485159959), 2.2-lb. (UPC 751485413877), 6-lb. (UPC 751485413938), 6-lb. bilingual (UPC 751485125831) and 15-lb. (UPC 751485413921) bags. Manufactured by Natura Pet Products, Inc., Fremont, NE.",751485125831;751485159959;751485413877;751485413921;751485413938,"All expiration dates prior to and including March 24, 2014","Class I",Terminated,V-151-2016,2013-03-18,2016-01-27,2016-01-28,"318,838 bags","Voluntary: Firm initiated","Two or more of the following: Email, Fax, Letter, Press Release, Telephone, Visit",https://www.accessdata.fda.gov/scripts/ires/?Product=117914
64642,22,"Innova Weight Management Adult Cat Food, packaged in 4-oz. (UPC 751485159881), 2.2-lb. (UPC 751485413914), 6-lb. (UPC 751485413907), and 15-lb. (UPC 751485413891) bags. Manufactured by Natura Pet Products, Inc., Fremont, NE.",751485159881;751485413891;751485413907;751485413914,"All expiration dates prior to and including March 24, 2014","Class I",Terminated,V-152-2016,2013-03-18,2016-01-27,2016-01-28,"192,331 bags","Voluntary: Firm initiated","Two or more of the following: Email, Fax, Letter, Press Release, Telephone, Visit",https://www.accessdata.fda.gov/scripts/ires/?Product=117915
64642,23,"Innova Senior Cat Food, packaged in 4-oz. (UPC 751485159980), 2.2-lb. (UPC 751485416038), 6-lb. (UPC 751485416083), and 15-lb. (UPC 751485416076) bags. Manufactured by Natura Pet Products, Inc., Fremont, NE.",751485159980;751485416038;751485416076;751485416083,"All expiration dates prior to and including March 24, 2014","Class I",Terminated,V-153-2016,2013-03-18,2016-01-27,2016-01-28,"117,859 bags","Voluntary: Firm initiated","Two or more of the following: Email, Fax, Letter, Press Release, Telephone, Visit",https://www.accessdata.fda.gov/scripts/ires/?Product=117916
64642,24,"Innova Cat Treats, packaged in 3-oz. bags, UPC 751485413013. Manufactured by Natura Pet Products, Inc., Fremont, NE.",751485413013,"All expiration dates prior to and including March 24, 2014","Class I",Terminated,V-154-2016,2013-03-18,2016-01-27,2016-01-28,"70,128 bags","Voluntary: Firm initiated","Two or more of the following: Email, Fax, Letter, Press Release, Telephone, Visit",https://www.accessdata.fda.gov/scripts/ires/?Product=117917
64642,25,"Innova Prime Grain Free Beef & Lamb Meat Formula Adult Dog Food, packaged 4-oz. (UPC 751485153148), 5-lb. (UPC 751485127323), 12-lb. (UPC 751485127316), and 25-lb. (751485127309) bags. Manufactured by Natura Pet Products, Inc., Fremont, NE.",751485127316;751485127323;751485153148,"All expiration dates prior to and including March 24, 2014","Class I",Terminated,V-155-2016,2013-03-18,2016-01-27,2016-01-28,"84,251 bags","Voluntary: Firm initiated","Two or more of the following: Email, Fax, Letter, Press Release, Telephone, Visit",https://www.accessdata.fda.gov/scripts/ires/?Product=117936
64642,26,"Innova Prime Grain Free Chicken & Turkey Formula Adult Dog Food, packaged 4-oz. (UPC 751485153124), 5-lb. (UPC 751485127262), 12-lb. (UPC 751485127255), and 25-lb. (UPC 751485127248) bags. Manufactured by Natura Pet Products, Inc., Fremont, NE.",751485127248;751485127255;751485127262;751485153124,"All expiration dates prior to and including March 24, 2014","Class I",Terminated,V-156-2016,2013-03-18,2016-01-27,2016-01-28,"119,822 bags","Voluntary: Firm initiated","Two or more of the following: Email, Fax, Letter, Press Release, Telephone, Visit",https://www.accessdata.fda.gov/scripts/ires/?Product=117937
64642,27,"Innova Prime Grain Free Salmon & Herring Formula Adult Dog Food, packaged 4-oz. (UPC 751485153131), 5-lb. (UPC 751485127293), 12-lb. (UPC 751485127286), and 25-lb. (751485127279) bags. Manufactured by Natura Pet Products, Inc., Fremont, NE.",751485127286;751485127293;751485153131,"All expiration dates prior to and including March 24, 2014","Class I",Terminated,V-157-2016,2013-03-18,2016-01-27,2016-01-28,"86,936 bags","Voluntary: Firm initiated","Two or more of the following: Email, Fax, Letter, Press Release, Telephone, Visit",https://www.accessdata.fda.gov/scripts/ires/?Product=117938
64642,28,"Innova Salmon & Herring Formula Adult Dog Food, packaged 4-oz. (UPC 751485123653), 5-lb. (UPC 751485123646), 12-lb. (UPC 751485123639), and 25-lb. (751485123622) bags. Manufactured by Natura Pet Products, Inc., Fremont, NE.",751485123639;751485123646;751485123653,"All expiration dates prior to and including March 24, 2014","Class I",Terminated,V-158-2016,2013-03-18,2016-01-27,2016-01-28,"49,203 bags","Voluntary: Firm initiated","Two or more of the following: Email, Fax, Letter, Press Release, Telephone, Visit",https://www.accessdata.fda.gov/scripts/ires/?Product=117939
64642,29,"Innova Adult Dog Food-Large Bites, packaged 4-oz. (UPC 751485159904), 2.2-lb. (UPC 751485123769), 6-lb. (UPC 751485123226), 15-lb. (UPC 751485123219), 30-lb. (751485123202), and 30-lb. bilingual (UPC 751485125527) bags. Manufactured by Natura Pet Products, Inc., Fremont, NE.",751485123219;751485123226;751485123769;751485125527;751485159904,"All expiration dates prior to and including March 24, 2014","Class I",Terminated,V-159-2016,2013-03-18,2016-01-27,2016-01-28,"500,364 bags","Voluntary: Firm initiated","Two or more of the following: Email, Fax, Letter, Press Release, Telephone, Visit",https://www.accessdata.fda.gov/scripts/ires/?Product=117941
64642,30,"Innova Large Breed Adult Dog Food, packaged 4-oz. (UPC 751485153001), 15-lb. (UPC 751485127057), 30-lb. (751485127040), and 30-lb. bilingual (UPC 751485125541) bags. Manufactured by Natura Pet Products, Inc., Fremont, NE.",751485125541;751485127057;751485153001,"All expiration dates prior to and including March 24, 2014","Class I",Terminated,V-160-2016,2013-03-18,2016-01-27,2016-01-28,"199,541 bags","Voluntary: Firm initiated","Two or more of the following: Email, Fax, Letter, Press Release, Telephone, Visit",https://www.accessdata.fda.gov/scripts/ires/?Product=117955
64642,31,"Innova Large Breed Senior Dog Food, 6+ Years - 60+ lbs., packaged 4-oz. (UPC 751485153018), 15-lb. (UPC 751485127156), and 30-lb. (751485127149) bags. Manufactured by Natura Pet Products, Inc., Fremont, NE.",751485127156;751485153018,"All expiration dates prior to and including March 24, 2014","Class I",Terminated,V-161-2016,2013-03-18,2016-01-27,2016-01-28,"43,243 bags","Voluntary: Firm initiated","Two or more of the following: Email, Fax, Letter, Press Release, Telephone, Visit",https://www.accessdata.fda.gov/scripts/ires/?Product=117960
64642,32,"Innova Senior Dog Food, 8+ Years, packaged 4-oz. (UPC 751485159928), 6-lb. (UPC 751485123257), 15-lb. (UPC 751485123240), and 30-lb. (751485123233), and 30-lb. bilingual (UPC 751485125558) bags. Manufactured by Natura Pet Products, Inc., Fremont, NE.",751485123240;751485123257;751485125558;751485159928,"All expiration dates prior to and including March 24, 2014","Class I",Terminated,V-162-2016,2013-03-18,2016-01-27,2016-01-28,"108,914 bags","Voluntary: Firm initiated","Two or more of the following: Email, Fax, Letter, Press Release, Telephone, Visit",https://www.accessdata.fda.gov/scripts/ires/?Product=117961
64642,33,"Innova Senior Plus Dog Food, 11+ Years, packaged 4-oz. (UPC 751485153100), 6-lb. (UPC 751485123288), 15-lb. (UPC 751485123271), and 30-lb. (751485123264) bags. Manufactured by Natura Pet Products, Inc., Fremont, NE.",751485123271;751485123288;751485153100,"All expiration dates prior to and including March 24, 2014","Class I",Terminated,V-163-2016,2013-03-18,2016-01-27,2016-01-28,"140,038 bags","Voluntary: Firm initiated","Two or more of the following: Email, Fax, Letter, Press Release, Telephone, Visit",https://www.accessdata.fda.gov/scripts/ires/?Product=117962
64642,34,"Innova Adult Dog Food-Small Bites, packaged 4-oz. (UPC 751485159898), 2.2-lb. (UPC 751485123738), 6-lb. (UPC 751485123363), 6-lb. bilingual (UPC 751485125510), 15-lb. (UPC 751485123356), and 30-lb. (751485123677) bags. Manufactured by Natura Pet Products, Inc., Fremont, NE.",751485123356;751485123363;751485123738;751485125510;751485159898,"All expiration dates prior to and including March 24, 2014","Class I",Terminated,V-164-2016,2013-03-18,2016-01-27,2016-01-28,"454,716 bags","Voluntary: Firm initiated","Two or more of the following: Email, Fax, Letter, Press Release, Telephone, Visit",https://www.accessdata.fda.gov/scripts/ires/?Product=117964
64642,35,"Innova Weight Management Adult Dog Food, packaged 4-oz. (UPC 751485153117), 6-lb. (UPC 751485123318), 15-lb. (UPC 751485123301), 30-lb. (751485123295), and 30-lb. bilingual (UPC 751485125565) bags. Manufactured by Natura Pet Products, Inc., Fremont, NE.",751485123301;751485123318;751485125565;751485153117,"All expiration dates prior to and including March 24, 2014","Class I",Terminated,V-165-2016,2013-03-18,2016-01-27,2016-01-28,"204,518 bags","Voluntary: Firm initiated","Two or more of the following: Email, Fax, Letter, Press Release, Telephone, Visit",https://www.accessdata.fda.gov/scripts/ires/?Product=117975
64642,36,"Innova Kitten Food, packaged 4-oz. (UPC 751485153162), 2.2-lb. (UPC 751485413723), and 6-lb. (UPC 751485413716) bags. Manufactured by Natura Pet Products, Inc., Fremont, NE.",751485153162;751485413716;751485413723,"All expiration dates prior to and including March 24, 2014","Class I",Terminated,V-166-2016,2013-03-18,2016-01-27,2016-01-28,"64,532 bags","Voluntary: Firm initiated","Two or more of the following: Email, Fax, Letter, Press Release, Telephone, Visit",https://www.accessdata.fda.gov/scripts/ires/?Product=117978
64642,37,"Innova Puppy Food, packaged 4-oz. (UPC 751485159942), 2.2-lb. (UPC 751485123837), 6-lb. (UPC 751485123349), 15-lb. (UPC 751485123332), 15-lb. bilingual (UPC 751485125503), and 30-lb. (UPC 751485123325) bags. Manufactured by Natura Pet Products, Inc., Fremont, NE.",751485123325;751485123332;751485123349;751485123837;751485125503;751485159942,"All expiration dates prior to and including March 24, 2014","Class I",Terminated,V-167-2016,2013-03-18,2016-01-27,2016-01-28,"204,999 bags","Voluntary: Firm initiated","Two or more of the following: Email, Fax, Letter, Press Release, Telephone, Visit",https://www.accessdata.fda.gov/scripts/ires/?Product=117979
64642,38,"Innova Large Breed Puppy Food, packaged 4-oz. (UPC 751485153025), 2.2-lb. (UPC 751485127231), 6-lb. (UPC 751485127422), 15-lb. (UPC 751485127415), 30-lb. (UPC 751485127408), and 30-lb. bilingual (UPC 751485125534) bags. Manufactured by Natura Pet Products, Inc., Fremont, NE.",751485125534;751485127231;751485127408;751485127415;751485127422;751485153025,"All expiration dates prior to and including March 24, 2014","Class I",Terminated,V-168-2016,2013-03-18,2016-01-27,2016-01-28,"161,038 bags","Voluntary: Firm initiated","Two or more of the following: Email, Fax, Letter, Press Release, Telephone, Visit",https://www.accessdata.fda.gov/scripts/ires/?Product=117980
64642,39,"Innova Adult Dog Food-Red Meat-Large Bites, packaged 4-oz. (UPC 751485153032), 2.2-lb. (UPC 751485123554), 6-lb. (UPC 751485123547), 15-lb. (UPC 751485123530), and 30-lb. (UPC 751485123523) bags. Manufactured by Natura Pet Products, Santa Clara, CA.",751485123523;751485123530;751485123547;751485123554;751485153032,"All expiration dates prior to and including March 24, 2014","Class I",Terminated,V-169-2016,2013-03-18,2016-01-27,2016-01-28,"39,863 bags","Voluntary: Firm initiated","Two or more of the following: Email, Fax, Letter, Press Release, Telephone, Visit",https://www.accessdata.fda.gov/scripts/ires/?Product=117982
64642,40,"Innova Adult Dog Food-Red Meat-Small Bites, packaged 4-oz. (UPC 751485153049), 2.2-lb. (UPC 751485123592), 6-lb. (UPC 751485123585), 15-lb. (UPC 751485123578), and 30-lb. (UPC 751485123561) bags. Manufactured by Natura Pet Products, Santa Clara, CA.",751485123561;751485123578;751485123585;751485123592;751485153049,"All expiration dates prior to and including March 24, 2014","Class I",Terminated,V-170-2016,2013-03-18,2016-01-27,2016-01-28,"54,560 bags","Voluntary: Firm initiated","Two or more of the following: Email, Fax, Letter, Press Release, Telephone, Visit",https://www.accessdata.fda.gov/scripts/ires/?Product=117983
64642,41,"Karma Organic Food for Dogs, packaged in 4-oz. (UPC 751485150017) and 7-lb. (UPC 751485601021) bags. Manufactured in Fremont, NE, Natura Pet Products.",751485150017;751485601021,"All expiration dates prior to and including March 24, 2014","Class I",Terminated,V-171-2016,2013-03-18,2016-01-27,2016-01-28,"44,530 bags","Voluntary: Firm initiated","Two or more of the following: Email, Fax, Letter, Press Release, Telephone, Visit",https://www.accessdata.fda.gov/scripts/ires/?Product=118032
64642,42,"California Natural Chicken & Brown Rice Formula Cat & Kitten Food, packaged in 4-oz. (UPC 751485158853), 5-lb. (UPC 751485823874), 5-lb. bilingual (UPC 751485125572), 15-lb. (UPC 751485823560), and 15-lb. bilingual (UPC 751485125589) bags. The firm name on the label is Natura Pet Products, Santa Clara, CA.",751485125572;751485125589;751485158853;751485823560;751485823874,"All expiration dates prior to and including March 24, 2014","Class I",Terminated,V-172-2016,2013-03-18,2016-01-27,2016-01-28,"319,290 bags","Voluntary: Firm initiated","Two or more of the following: Email, Fax, Letter, Press Release, Telephone, Visit",https://www.accessdata.fda.gov/scripts/ires/?Product=118036
64642,43,"California Natural Herring & Sweet Potato Formula Adult Cat Food, packaged in 4-oz. (UPC 751485158915), 5-lb. (UPC 751485823911), and 15-lb. (UPC 751485823577) bags. The firm name on the label is Natura Pet Products, Santa Clara, CA.",751485158915;751485823577;751485823911,"All expiration dates prior to and including March 24, 2014","Class I",Terminated,V-173-2016,2013-03-18,2016-01-27,2016-01-28,"118,658 bags","Voluntary: Firm initiated","Two or more of the following: Email, Fax, Letter, Press Release, Telephone, Visit",https://www.accessdata.fda.gov/scripts/ires/?Product=118037
64642,44,"California Natural Chicken Meal & Rice Formula Adult Dog Food, packaged in 4-oz. (UPC 751485158839), 5-lb. (UPC 751485823775), 15-lb. (UPC 751485823515), 30-lb. (UPC 751485823508), and 30-lb. bilingual (UPC 751485125596) bags. The firm name on the label is Natura Pet Products, Fremont, NE.",751485125596;751485158839;751485823508;751485823515;751485823775,"All expiration dates prior to and including March 24, 2014","Class I",Terminated,V-174-2016,2013-03-18,2016-01-27,2016-01-28,"355,214 bags","Voluntary: Firm initiated","Two or more of the following: Email, Fax, Letter, Press Release, Telephone, Visit",https://www.accessdata.fda.gov/scripts/ires/?Product=118040
64642,45,"California Natural Rice & Chicken Meal Formula Low Fat Adult Dog Food, packaged in 4-oz. (UPC 751485158891), 5-lb. (UPC 751485823621), 15-lb. (UPC 751485823553), and 30-lb. (UPC 751485823546) bags. The firm name on the label is Natura Pet Products, Santa Clara, CA.",751485158891;751485823546;751485823553;751485823621,"All expiration dates prior to and including March 24, 2014","Class I",Terminated,V-175-2016,2013-03-18,2016-01-27,2016-01-28,"94,611 bags","Voluntary: Firm initiated","Two or more of the following: Email, Fax, Letter, Press Release, Telephone, Visit",https://www.accessdata.fda.gov/scripts/ires/?Product=118041
64642,46,"California Natural Senior Dog-6+ years, Chicken Meal & Brown Rice Formula Senior Dog Food, packaged in 4-oz. (UPC 751485158990), 5-lb. (UPC 751485393773), 15-lb. (UPC 751485393766), and 30-lb. (UPC 751485393759) bags. The firm name on the label is Natura Pet Products, Fremont, NE.",751485158990;751485393759;751485393766;751485393773,"All expiration dates prior to and including March 24, 2014","Class I",Terminated,V-176-2016,2013-03-18,2016-01-27,2016-01-28,"40,296 bags","Voluntary: Firm initiated","Two or more of the following: Email, Fax, Letter, Press Release, Telephone, Visit",https://www.accessdata.fda.gov/scripts/ires/?Product=118112
64642,47,"California Natural Herring & Sweet Potato Formula Adult Dog Food, packaged in 4-oz. (UPC 751485158905), 5-lb. (UPC 751485397030), 15-lb. (UPC 751485397054), 30-lb. (UPC 751485397047), and 30-lb. bilingual (UPC 751485125602) bags. The firm name on the label is Natura Pet Products, Santa Clara, CA.",751485125602;751485158905;751485397030;751485397047;751485397054,"All expiration dates prior to and including March 24, 2014","Class I",Terminated,V-177-2016,2013-03-18,2016-01-27,2016-01-28,"280,785 bags","Voluntary: Firm initiated","Two or more of the following: Email, Fax, Letter, Press Release, Telephone, Visit",https://www.accessdata.fda.gov/scripts/ires/?Product=118113
64642,48,"California Natural Grain Free Kangaroo & Red Lentils Formula Adult Dog Food, packaged in 4-oz. (UPC 751485159874), 5-lb. (UPC 751485399423), 15-lb. (UPC 751485399416), 30-lb. (UPC 751485399409), and 30-lb. bilingual (UPC 751485125640) bags. Manufactured by Natura Pet Products, Inc., Fremont, NE.",751485125640;751485159874;751485399409;751485399416;751485399423,"All expiration dates prior to and including March 24, 2014","Class I",Terminated,V-178-2016,2013-03-18,2016-01-27,2016-01-28,"191,083 bags","Voluntary: Firm initiated","Two or more of the following: Email, Fax, Letter, Press Release, Telephone, Visit",https://www.accessdata.fda.gov/scripts/ires/?Product=118115
64642,49,"California Natural Rice & Lamb Meal Formula Low Fat Adult Dog Food, packaged in 4-oz. (UPC 751485158822), 5-lb. (UPC 751485393353), 15-lb. (UPC 751485393551), and 30-lb. (UPC 751485393544) bags. The firm name on the label is Natura Pet Products, Santa Clara, CA.",751485158822;751485393353;751485393544;751485393551,"All expiration dates prior to and including March 24, 2014","Class I",Terminated,V-179-2016,2013-03-18,2016-01-27,2016-01-28,"163,639 bags","Voluntary: Firm initiated","Two or more of the following: Email, Fax, Letter, Press Release, Telephone, Visit",https://www.accessdata.fda.gov/scripts/ires/?Product=118117
64642,50,"California Natural Grain Free Salmon Meal & Peas Formula Adult Dog Food, packaged in 4-oz. (UPC 751485158778), 5-lb. (UPC 751485393803), 15-lb. (UPC 751485393797), 30-lb. (UPC 751485393780), and 30-lb. bilingual (UPC 751485125657) bags. Manufactured by Natura Pet Products, Inc., Fremont, NE.",751485125657;751485158778;751485393780;751485393797;751485393803,"All expiration dates prior to and including March 24, 2014","Class I",Terminated,V-180-2016,2013-03-18,2016-01-27,2016-01-28,"141,567 bags","Voluntary: Firm initiated","Two or more of the following: Email, Fax, Letter, Press Release, Telephone, Visit",https://www.accessdata.fda.gov/scripts/ires/?Product=118119
64642,51,"California Natural Grain Free Chicken Formula Cat and Kitten Food, packaged in 4-oz. (UPC 751485158792), 5-lb. (UPC 751485829265), and 15-lb. (UPC 751485829258) bags. The firm name on the label is Natura Pet Products, Fremont, NE.",751485158792;751485829258;751485829265,"All expiration dates prior to and including March 24, 2014","Class I",Terminated,V-181-2016,2013-03-18,2016-01-27,2016-01-28,"142,231 bags","Voluntary: Firm initiated","Two or more of the following: Email, Fax, Letter, Press Release, Telephone, Visit",https://www.accessdata.fda.gov/scripts/ires/?Product=118120
64642,52,"California Natural Grain Free Chicken Meal Formula Adult Dog Food, packaged in 4-oz. (UPC 751485158969), 5-lb. (UPC 751485393629), 15-lb. (UPC 751485393612), and 30-lb. (UPC 751485393605) bags. The firm name on the label is Natura Pet Products, Davis, CA.",751485158969;751485393605;751485393612;751485393629,"All expiration dates prior to and including March 24, 2014","Class I",Terminated,V-182-2016,2013-03-18,2016-01-27,2016-01-28,"183,360 bags","Voluntary: Firm initiated","Two or more of the following: Email, Fax, Letter, Press Release, Telephone, Visit",https://www.accessdata.fda.gov/scripts/ires/?Product=118121
64642,53,"California Natural Grain Free Lamb Meal Formula Adult Dog Food, packaged in 4-oz. (UPC 751485158976), 5-lb. (UPC 751485393674), 15-lb. (UPC 751485393667), 30-lb. (UPC 751485393650), and 30-lb. bilingual (UPC 751485125633) bags. The firm name on the label is Natura Pet Products, Davis, CA.",751485125633;751485158976;751485393650;751485393667;751485393674,"All expiration dates prior to and including March 24, 2014","Class I",Terminated,V-183-2016,2013-03-18,2016-01-27,2016-01-28,"142,515 bags","Voluntary: Firm initiated","Two or more of the following: Email, Fax, Letter, Press Release, Telephone, Visit",https://www.accessdata.fda.gov/scripts/ires/?Product=118122
64642,54,"California Natural Grain Free Venison Meal Formula Adult Dog Food, packaged in 4-oz. (UPC 751485158983), 5-lb. (UPC 751485393728), 15-lb. (UPC 751485393711), 30-lb. (UPC 751485393704), and 30-lb. bilingual (UPC 751485125626) bags. The firm name on the label is Natura Pet Products, Davis, CA.",751485125626;751485158983;751485393704;751485393711;751485393728,"All expiration dates prior to and including March 24, 2014","Class I",Terminated,V-184-2016,2013-03-18,2016-01-27,2016-01-28,"201,510 bags","Voluntary: Firm initiated","Two or more of the following: Email, Fax, Letter, Press Release, Telephone, Visit",https://www.accessdata.fda.gov/scripts/ires/?Product=118123
64642,55,"California Natural Lamb Meal & Rice Formula Large Bites Adult Dog Food, packaged in 4-oz. (UPC 751485158806), 5-lb. (UPC 751485393230), 15-lb. (UPC 751485393513), 30-lb. (UPC 751485393506), and 30-lb. bilingual (UPC 751485125619) bags. The firm name on the label is Natura Pet Products, Santa Clara, CA.",751485125619;751485158806;751485393230;751485393506;751485393513,"All expiration dates prior to and including March 24, 2014","Class I",Terminated,V-185-2016,2013-03-18,2016-01-27,2016-01-28,"387,344 bags","Voluntary: Firm initiated","Two or more of the following: Email, Fax, Letter, Press Release, Telephone, Visit",https://www.accessdata.fda.gov/scripts/ires/?Product=118124
64642,56,"California Natural Lamb Meal & Rice Formula Small Bites Adult Dog Food, packaged in 4-oz. (UPC 751485158945), 5-lb. (UPC 751485393292), and 15-lb. (UPC 751485393568) bags. The firm name on the label is Natura Pet Products, Santa Clara, CA.",751485158945;751485393292;751485393568,"All expiration dates prior to and including March 24, 2014","Class I",Terminated,V-186-2016,2013-03-18,2016-01-27,2016-01-28,"237,412 bags","Voluntary: Firm initiated","Two or more of the following: Email, Fax, Letter, Press Release, Telephone, Visit",https://www.accessdata.fda.gov/scripts/ires/?Product=118125
64642,57,"California Natural Lamb Meal & Rice Formula Puppy Food, packaged in 4-oz. (UPC 751485158815), 5-lb. (UPC 751485393261), and 15-lb. (UPC 751485393537), and 30-lb. (UPC 751485393520) bags. The firm name on the label is Natura Pet Products, Santa Clara, CA.",751485158815;751485393261;751485393520;751485393537,"All expiration dates prior to and including March 24, 2014","Class I",Terminated,V-187-2016,2013-03-18,2016-01-27,2016-01-28,"78,012 bags","Voluntary: Firm initiated","Two or more of the following: Email, Fax, Letter, Press Release, Telephone, Visit",https://www.accessdata.fda.gov/scripts/ires/?Product=118126
64642,58,"California Natural Chicken Meal & Rice Formula Puppy Food, packaged in 4-oz. (UPC 751485158884), 5-lb. (UPC 751485823805), and 15-lb. (UPC 751485823539), and 30-lb. (UPC 751485823522) bags. The firm name on the label is Natura Pet Products, Santa Clara, CA.",751485158884;751485823522;751485823539;751485823805,"All expiration dates prior to and including March 24, 2014","Class I",Terminated,V-188-2016,2013-03-18,2016-01-27,2016-01-28,"79,350 bags","Voluntary: Firm initiated","Two or more of the following: Email, Fax, Letter, Press Release, Telephone, Visit",https://www.accessdata.fda.gov/scripts/ires/?Product=118127
64663,1,"Iams Shakeables Gobble em Up With Turkey for Dogs, 6 oz canister, DISTRIBUTED BY: THE IAMS COMPANY, SUBSIDIARY OF THE PROCTER & GAMBLE CINCINNATI, OHIO, 45202",,"UPC 0 19014 61043 3, Lot # 2325419715A 3103, Best By Date April 20, 2014; Lot # 2331419715A 3103, Best By Date April 26, 2014; Lot # 2332419715A 3103, Best By Date April 26, 2014; Lot # 2341419715A 3103, Best By Date May 6, 2014; Lot # 2342419715A 3103, Best By Date May 7, 2014; Lot # 3016419715A 3103, Best By Date June 16, 2014; Lot # 3017419715A 3103, Best By Date June 17, 2014; Lot # 3018419715A 3103, Best By Date June 18, 2014 & Lot # 3046419715A 3103, Best By Date July 15, 2014.","Class III",Terminated,V-147-2013,2013-03-11,2013-05-15,2014-07-07,"46,813 cs/6/6 oz canisters","Voluntary: Firm initiated","Two or more of the following: Email, Fax, Letter, Press Release, Telephone, Visit",https://www.accessdata.fda.gov/scripts/ires/?Product=116732
64663,2,"Iams Shakeables Un-baa-lievable With Lamb for Dogs, 6 oz canister, DISTRIBUTED BY: THE IAMS COMPANY, SUBSIDIARY OF THE PROCTER & GAMBLE CINCINNATI, OHIO, 45202",,"UPC 0 19014 00024 1, Lot # 2338419715A 3102, Best By Date May 3, 2014","Class III",Terminated,V-148-2013,2013-03-11,2013-05-15,2014-07-07,"4009cs/6//6 oz canisters","Voluntary: Firm initiated","Two or more of the following: Email, Fax, Letter, Press Release, Telephone, Visit",https://www.accessdata.fda.gov/scripts/ires/?Product=116733
64726,1,"BARF Juicy Lamb Recipe contains 12 Lamb Patties per bag, 6 lbs. bag, 4 bags per case, sold under BARF brand name. The UPC is 8 37528 00104 8.",,"Lot 209. USE BY 7/27/2013.","Class I",Terminated,V-290-2013,2013-03-21,2013-08-14,2013-09-09,"68 cases/4 bags/6 lbs.","Voluntary: Firm initiated",E-Mail,https://www.accessdata.fda.gov/scripts/ires/?Product=116865
64726,2,"BARF Juicy Combo Recipe Patties, 12 pieces per bag, 6 lbs. bag, 4 bags per case, sold under BARF brand name. The UPC is 8 37528 00106 2.",,"Lot 209. USE BY 7/27/2013.","Class I",Terminated,V-291-2013,2013-03-21,2013-08-14,2013-09-09,"42 cases/4 bags/6 lbs.","Voluntary: Firm initiated",E-Mail,https://www.accessdata.fda.gov/scripts/ires/?Product=116866
64757,1,"Isoflo; Isoflurane, USP; Nonflammable, Nonexplosive; Inhalation Anesthetic; 250 mL; For Use in Horses and Dogs; packaged in amber bottles; Product expires 8/23/14",,"Product Code: 5260-13-05; Lot: 24-002E","Class III",Terminated,V-195-2013,2013-03-15,2013-05-29,2015-06-19,"5,898 cases (35,388 bottles)","Voluntary: Firm initiated",Telephone,https://www.accessdata.fda.gov/scripts/ires/?Product=117001
65271,1,"SOGEVAL VETRICALM Soft Chews for Dogs Contact Sogeval Laboratories, Inc., Oldsmar, FL",,"Lot #008871 (60 count), expiration date 11/2013 Lot #008881 (120 count), expiration date 11/2013","Class II",Terminated,V-210-2013,2013-05-01,2013-07-03,2015-03-04,3398,"Voluntary: Firm initiated",Letter,https://www.accessdata.fda.gov/scripts/ires/?Product=118422
65316,1,"Pet Shoppe Chicken Jerky premium chicken dog treats, packaged in 20 ounce bags and 3.5 ounce bags. Distributed by Walgreen Co. Deerfield , IL Product Code: 7NPS420672 (3.5 ounce) and 7NPS420673 (20 ounce) Made in China",,"Lot Number/Best By Date: Y101E28B12884 , 3.5 oz (Best By: 06/26/2014) Y101I16B15284 , 20 oz (Best By: 10/03/2014) Y101H29B15029 , 20 oz (Best By: 09/19/2014) Y101H16B12775, 20 oz. (Best By: 08/29/2014)","Class II",Terminated,V-225-2013,2013-05-24,2013-07-24,2019-08-20,"20 oz -61348 bags and 3.2 oz -16031 bags","Voluntary: Firm initiated","Two or more of the following: Email, Fax, Letter, Press Release, Telephone, Visit",https://www.accessdata.fda.gov/scripts/ires/?Product=118542
65475,1,"California Natural Lamb Meal & Rice Formula Large Bites Adult Dog Food, packaged in 4-oz. (UPC 751485158808), 5-lb. (UPC 751485393230), 15-lb. (UPC 751485393513), 30-lb. (UPC 751485393506), and 30-lb. bilingual (UPC 751485125619) bags. The firm name on the label is Natura Pet Products, Santa Clara, CA.",751485125619;751485158808;751485393230;751485393506;751485393513,"All expiration dates prior to and including June 9, 2014.","Class I",Terminated,V-189-2016,2013-06-18,2016-01-27,2016-01-28,"102,410 bags","Voluntary: Firm initiated","Press Release",https://www.accessdata.fda.gov/scripts/ires/?Product=119036
65475,2,"California Natural Chicken & Brown Rice Formula Cat & Kitten Food, packaged in 4-oz. (UPC 751485158853), 5-lb. (UPC 751485823874), 5-lb. bilingual (UPC 751485125572), 15-lb. (UPC 751485823560), and 15-lb. bilingual (UPC 751485125589) bags. The firm name on the label is Natura Pet Products, Santa Clara, CA.",751485125572;751485125589;751485158853;751485823560;751485823874,"All expiration dates prior to and including June 9, 2014.","Class I",Terminated,V-190-2016,2013-06-18,2016-01-27,2016-01-28,"73,007 bags","Voluntary: Firm initiated","Press Release",https://www.accessdata.fda.gov/scripts/ires/?Product=119326
65475,3,"California Natural Herring & Sweet Potato Formula Adult Cat Food, packaged in 4-oz. (UPC 751485158914), 5-lb. (UPC 751485823911), and 15-lb. (UPC 751485823577) bags. The firm name on the label is Natura Pet Products, Santa Clara, CA.",751485158914;751485823577;751485823911,"All expiration dates prior to and including June 9, 2014.","Class I",Terminated,V-191-2016,2013-06-18,2016-01-27,2016-01-28,"41,485 bags","Voluntary: Firm initiated","Press Release",https://www.accessdata.fda.gov/scripts/ires/?Product=119336
65475,4,"California Natural Grain Free Chicken Formula Cat and Kitten Food, packaged in 4-oz. (UPC 751485158792), 5-lb. (UPC 751485829265), and 15-lb. (UPC 751485829258) bags. The firm name on the label is Natura Pet Products, Fremont, NE.",751485158792;751485829258;751485829265,"All expiration dates prior to and including June 9, 2014.","Class I",Terminated,V-192-2016,2013-06-18,2016-01-27,2016-01-28,,"Voluntary: Firm initiated","Press Release",https://www.accessdata.fda.gov/scripts/ires/?Product=119337
65475,5,"California Natural Chicken Meal & Rice Formula Adult Dog Food, packaged in 4-oz. (UPC 751485158839), 5-lb. (UPC 751485823775), 15-lb. (UPC 751485823515), 30-lb. (UPC 751485823508), and 30-lb. bilingual (UPC 751485125596) bags. The firm name on the label is Natura Pet Products, Fremont, NE.",751485125596;751485158839;751485823508;751485823515;751485823775,"All expiration dates prior to and including June 9, 2014.","Class I",Terminated,V-193-2016,2013-06-18,2016-01-27,2016-01-28,,"Voluntary: Firm initiated","Press Release",https://www.accessdata.fda.gov/scripts/ires/?Product=119338
65475,6,"California Natural Chicken Meal & Rice Formula Puppy Food, packaged in 4-oz. (UPC 751485158884), 5-lb. (UPC 751485823805), and 15-lb. (UPC 751485823539), and 30-lb. (UPC 751485823522) bags. The firm name on the label is Natura Pet Products, Santa Clara, CA.",751485158884;751485823522;751485823539;751485823805,"All expiration dates prior to and including June 9, 2014.","Class I",Terminated,V-194-2016,2013-06-18,2016-01-27,2016-01-28,,"Voluntary: Firm initiated","Press Release",https://www.accessdata.fda.gov/scripts/ires/?Product=119339
65475,7,"California Natural Senior Dog-6+ years, Chicken Meal & Brown Rice Formula Senior Dog Food, packaged in 4-oz. (UPC 751485158990), 5-lb. (UPC 751485393773), 15-lb. (UPC 751485393766), and 30-lb. (UPC 751485393759) bags. The firm name on the label is Natura Pet Products, Fremont, NE.",751485158990;751485393759;751485393766;751485393773,"All expiration dates prior to and including June 9, 2014.","Class I",Terminated,V-195-2016,2013-06-18,2016-01-27,2016-01-28,"6,862 bags","Voluntary: Firm initiated","Press Release",https://www.accessdata.fda.gov/scripts/ires/?Product=119340
65475,8,"California Natural Grain Free Chicken Meal Formula Adult Dog Food, packaged in 4-oz. (UPC 751485158969), 5-lb. (UPC 751485393629), 15-lb. (UPC 751485393612), and 30-lb. (UPC 751485393605) bags. The firm name on the label is Natura Pet Products, Davis, CA.",751485158969;751485393605;751485393612;751485393629,"All expiration dates prior to and including June 9, 2014.","Class I",Terminated,V-196-2016,2013-06-18,2016-01-27,2016-01-28,"26,998 bags","Voluntary: Firm initiated","Press Release",https://www.accessdata.fda.gov/scripts/ires/?Product=119341
65475,9,"California Natural Herring & Sweet Potato Formula Adult Dog Food, packaged in 4-oz. (UPC 751485158905), 5-lb. (UPC 751485397030), 15-lb. (UPC 751485397054), 30-lb. (UPC 751485397047), and 30-lb. bilingual (UPC 751485125602) bags. The firm name on the label is Natura Pet Products, Santa Clara, CA.",751485125602;751485158905;751485397030;751485397047;751485397054,"All expiration dates prior to and including June 9, 2014.","Class I",Terminated,V-197-2016,2013-06-18,2016-01-27,2016-01-28,,"Voluntary: Firm initiated","Press Release",https://www.accessdata.fda.gov/scripts/ires/?Product=119342
65475,10,"California Natural Lamb Meal & Rice Formula Puppy Food, packaged in 4-oz. (UPC 751485158815), 5-lb. (UPC 751485393261), and 15-lb. (UPC 751485393537), and 30-lb. (UPC 751485393520) bags. The firm name on the label is Natura Pet Products, Santa Clara, CA.",751485158815;751485393261;751485393520;751485393537,"All expiration dates prior to and including June 9, 2014.","Class I",Terminated,V-198-2016,2013-06-18,2016-01-27,2016-01-28,,"Voluntary: Firm initiated","Press Release",https://www.accessdata.fda.gov/scripts/ires/?Product=119343
65475,11,"California Natural Lamb Meal & Rice Formula Small Bites Adult Dog Food, packaged in 4-oz. (UPC 751485158945), 5-lb. (UPC 751485393292), and 15-lb. (UPC 751485393568) bags. The firm name on the label is Natura Pet Products, Santa Clara, CA.",751485158945;751485393292;751485393568,"All expiration dates prior to and including June 9, 2014.","Class I",Terminated,V-199-2016,2013-06-18,2016-01-27,2016-01-28,"56,043 bags","Voluntary: Firm initiated","Press Release",https://www.accessdata.fda.gov/scripts/ires/?Product=119344
65475,12,"California Natural Grain Free Kangaroo & Red Lentils Formula Adult Dog Food, packaged in 4-oz. (UPC 751485159874), 5-lb. (UPC 751485399423), 15-lb. (UPC 751485399416), 30-lb. (UPC 751485399409), and 30-lb. bilingual (UPC 751485125640) bags. Manufactured by Natura Pet Products, Inc., Fremont, NE.",751485125640;751485159874;751485399409;751485399416;751485399423,"All expiration dates prior to and including June 9, 2014.","Class I",Terminated,V-200-2016,2013-06-18,2016-01-27,2016-01-28,"11,732 bags","Voluntary: Firm initiated","Press Release",https://www.accessdata.fda.gov/scripts/ires/?Product=119398
65475,13,"California Natural Grain Free Lamb Meal Formula Adult Dog Food, packaged in 4-oz. (UPC 751485158976), 5-lb. (UPC 751485393674), 15-lb. (UPC 751485393667), 30-lb. (UPC 751485393650), and 30-lb. bilingual (UPC 751485125633) bags. The firm name on the label is Natura Pet Products, Davis, CA.",751485125633;751485158976;751485393650;751485393667;751485393674,"All expiration dates prior to and including June 9, 2014.","Class I",Terminated,V-201-2016,2013-06-18,2016-01-27,2016-01-28,"36,231 bags","Voluntary: Firm initiated","Press Release",https://www.accessdata.fda.gov/scripts/ires/?Product=119400
65475,14,"California Natural Grain Free Salmon Meal & Peas Formula Adult Dog Food, packaged in 4-oz. (UPC 751485158778), 5-lb. (UPC 751485393803), 15-lb. (UPC 751485393797), 30-lb. (UPC 751485393780), and 30-lb. bilingual (UPC 751485125657) bags. Manufactured by Natura Pet Products, Inc., Fremont, NE.",751485125657;751485158778;751485393780;751485393797;751485393803,"All expiration dates prior to and including June 9, 2014.","Class I",Terminated,V-202-2016,2013-06-18,2016-01-27,2016-01-28,"38,937 bags","Voluntary: Firm initiated","Press Release",https://www.accessdata.fda.gov/scripts/ires/?Product=119407
65475,15,"California Natural Grain Free Venison Meal Formula Adult Dog Food, packaged in 4-oz. (UPC 751485158983), 5-lb. (UPC 751485393728), 15-lb. (UPC 751485393711), 30-lb. (UPC 751485393704), and 30-lb. bilingual (UPC 751485125626) bags. The firm name on the label is Natura Pet Products, Davis, CA.",751485125626;751485158983;751485393704;751485393711;751485393728,"All expiration dates prior to and including June 9, 2014.","Class I",Terminated,V-203-2016,2013-06-18,2016-01-27,2016-01-28,"44,873 bags","Voluntary: Firm initiated","Press Release",https://www.accessdata.fda.gov/scripts/ires/?Product=119464
65475,16,"California Natural Lamb Meal & Rice Formula HealthBars-Large Bars for dogs, packaged in 4-lb. (UPC 751485393919), 26-oz. (UPC 751485393940), and 10-lb. (UPC 751485393964) bags. The firm name on the label is Natura Pet Products, Fremont, NE.",751485393919;751485393940;751485393964,"All expiration dates prior to and including June 9, 2014.","Class I",Terminated,V-204-2016,2013-06-18,2016-01-27,2016-01-28,"3354 bags","Voluntary: Firm initiated","Press Release",https://www.accessdata.fda.gov/scripts/ires/?Product=119465
65475,17,"California Natural Lamb Meal & Rice Formula HealthBars-Small Bars for dogs, packaged in 4-lb. (UPC 751485393926), 26-oz. (UPC 751485393957), and 10-lb. (UPC 751485393971) bags. The firm name on the label is Natura Pet Products, Fremont, NE.",751485393926;751485393957;751485393971,"All expiration dates prior to and including June 9, 2014.","Class I",Terminated,V-205-2016,2013-06-18,2016-01-27,2016-01-28,"3990 bags","Voluntary: Firm initiated","Press Release",https://www.accessdata.fda.gov/scripts/ires/?Product=119466
65475,18,"California Natural Salmon Meal Formula HealthBars for dogs, packaged in 10-oz. (UPC 751485394107) bags. The firm name on the label is Natura Pet Products, Davis, CA.",751485394107,"All expiration dates prior to and including June 9, 2014.","Class I",Terminated,V-206-2016,2013-06-18,2016-01-27,2016-01-28,"2,000 bags","Voluntary: Firm initiated","Press Release",https://www.accessdata.fda.gov/scripts/ires/?Product=119467
65475,19,"California Natural Rice & Chicken Meal Formula Low Fat Adult Dog Food, packaged in 4-oz. (UPC 751485158891), 5-lb. (UPC 751485823621), 15-lb. (UPC 751485823553), and 30-lb. (UPC 751485823546) bags. The firm name on the label is Natura Pet Products, Santa Clara, CA.",751485158891;751485823546;751485823553;751485823621,"All expiration dates prior to and including June 9, 2014.","Class I",Terminated,V-207-2016,2013-06-18,2016-01-27,2016-01-28,"25,964 bags","Voluntary: Firm initiated","Press Release",https://www.accessdata.fda.gov/scripts/ires/?Product=119468
65475,20,"California Natural Rice & Lamb Meal Formula Low Fat Adult Dog Food, packaged in 4-oz. (UPC 751485158822), 5-lb. (UPC 751485393353), 15-lb. (UPC 751485393551), and 30-lb. (UPC 751485393544) bags. The firm name on the label is Natura Pet Products, Santa Clara, CA.",751485158822;751485393353;751485393544;751485393551,"All expiration dates prior to and including June 9, 2014.","Class I",Terminated,V-208-2016,2013-06-18,2016-01-27,2016-01-28,"46,701 bags","Voluntary: Firm initiated","Press Release",https://www.accessdata.fda.gov/scripts/ires/?Product=119469
65475,21,"EVO Herring & Salmon Formula Cat & Kitten Food, packaged in 4-oz. (UPC 751485152516), 2.2- lb. (UPC 751485414126), 6.6-lb. (UPC 751485414119), and 15.4-lb. (UPC 751485414102) bags. Manufactured by: Natura Pet Products, Inc., Fremont, NE.",751485152516;751485414102;751485414119;751485414126,"All expiration dates prior to and including June 9, 2014.","Class I",Terminated,V-210-2016,2013-06-18,2016-01-27,2016-01-28,"55,413 bags","Voluntary: Firm initiated","Press Release",https://www.accessdata.fda.gov/scripts/ires/?Product=119623
65475,22,"EVO Wild Cravings Herring & Salmon Formula Savory Treats for Cats, packaged in 3-oz. bags, UPC 751485414805. The firm name on the label is Natura Pet Products, Davis, CA.",751485414805,"All expiration dates prior to and including June 9, 2014.","Class I",Terminated,V-211-2016,2013-06-18,2016-01-27,2016-01-28,"15,972 bags","Voluntary: Firm initiated","Press Release",https://www.accessdata.fda.gov/scripts/ires/?Product=119630
65475,23,"EVO Turkey & Chicken Formula Cat & Kitten Food, packaged in 4-oz. (UPC 751485152509), 2.2- lb. (UPC 751485414027), 6.6-lb. (UPC 751485414010), and 15.4-lb. (UPC 751485414003) bags. Manufactured by: Natura Pet Products, Inc., Fremont, NE.",751485152509;751485414003;751485414010;751485414027,"All expiration dates prior to and including June 9, 2014.","Class I",Terminated,V-212-2016,2013-06-18,2016-01-27,2016-01-28,"153,202 bags","Voluntary: Firm initiated","Press Release",https://www.accessdata.fda.gov/scripts/ires/?Product=119631
65475,24,"EVO Wild Cravings Turkey & Chicken Formula Savory Treats for Cats, packaged in 3-oz. bags, UPC 751485414706. The firm name on the label is Natura Pet Products, Davis, CA.",751485414706,"All expiration dates prior to and including June 9, 2014.","Class I",Terminated,V-213-2016,2013-06-18,2016-01-27,2016-01-28,"14,016 bags","Voluntary: Firm initiated","Press Release",https://www.accessdata.fda.gov/scripts/ires/?Product=119632
65475,25,"EVO Weight Management Adult Cat Food, packaged in 4-oz. (UPC 751485152523), 2.2- lb. (UPC 751485414072), 6.6-lb. (UPC 751485414065), and 15.4-lb. (UPC 751485414058) bags. Manufactured by: Natura Pet Products, Inc., Fremont, NE.",751485152523;751485414058;751485414065;751485414072,"All expiration dates prior to and including June 9, 2014.","Class I",Terminated,V-214-2016,2013-06-18,2016-01-27,2016-01-28,"47,358 bags","Voluntary: Firm initiated","Press Release",https://www.accessdata.fda.gov/scripts/ires/?Product=119633
65475,26,"EVO Wild Cravings Weight Management Savory Treats for Cats, packaged in 3-oz. bags, UPC 751485414751. The firm name on the label is Natura Pet Products, Davis, CA.",751485414751,"All expiration dates prior to and including June 9, 2014.","Class I",Terminated,V-215-2016,2013-06-18,2016-01-27,2016-01-28,"7,572 bags","Voluntary: Firm initiated","Press Release",https://www.accessdata.fda.gov/scripts/ires/?Product=119634
65475,27,"EVO Herring & Salmon Formula Adult Dog Food, packaged in 4-oz. (UPC 751485152066), 6.6-lb. (UPC 751485126821), 13.2-lb (UPC 751485126814), and 28.6-lb. (UPC 751485126807) bags, Manufactured by Natura Pet Products, Inc., Fremont, NE.",751485126807;751485126814;751485126821;751485152066,"All expiration dates prior to and including June 9, 2014.","Class I",Terminated,V-216-2016,2013-06-18,2016-01-27,2016-01-28,"34,860 bags","Voluntary: Firm initiated","Press Release",https://www.accessdata.fda.gov/scripts/ires/?Product=119635
65475,28,"EVO Wild Cravings, Herring Formula, treats for dogs, packaged in 10-oz bags, UPC 751485126609, Manufactured by Natura Pet Products, Davis, CA.",751485126609,"All expiration dates prior to and including June 9, 2014.","Class I",Terminated,V-217-2016,2013-06-18,2016-01-27,2016-01-28,"9390 bags","Voluntary: Firm initiated","Press Release",https://www.accessdata.fda.gov/scripts/ires/?Product=119636
65475,29,"EVO Turkey & Chicken Formula Dog Food, packaged in 4-oz. (UPC 751485152011); 6.6-lb. (UPC 751485126074), 13.2-lb (UPC 751485126067), and 28.6-lb. (UPC 751485126050) bags. Manufactured by Natura Pet Products, Inc., Fremont, NE.",751485126050;751485126067;751485126074;751485152011,"All expiration dates prior to and including June 9, 2014.","Class I",Terminated,V-218-2016,2013-06-18,2016-01-27,2016-01-28,"59,069 bags","Voluntary: Firm initiated","Press Release",https://www.accessdata.fda.gov/scripts/ires/?Product=119637
65475,30,"EVO Turkey & Chicken Formula Small Bites Dog Food, packaged in 4-oz. (UPC 751485152004); 2.2-lb. (UPC 751485126043), 6.6-lb. (UPC 751485126036), 13.2-lb (UPC 751485126012), and 28.6-lb. (UPC 751485126005) bags. Manufactured by Natura Pet Products, Inc., Fremont, NE.",751485126005;751485126012;751485126036;751485126043;751485152004,"All expiration dates prior to and including June 9, 2014.","Class I",Terminated,V-219-2016,2013-06-18,2016-01-27,2016-01-28,"114,450 bags","Voluntary: Firm initiated","Press Release",https://www.accessdata.fda.gov/scripts/ires/?Product=119638
65475,31,"EVO Senior Formula Dog Food, packaged in 4-oz. (UPC 751485152554); 6.6-lb. (UPC 751485126876), 13.2-lb (UPC 751485126869), and 28.6-lb. (UPC 751485126852) bags. Manufactured by Natura Pet Products, Inc., Fremont, NE.",751485126852;751485126869;751485126876;751485152554,"All expiration dates prior to and including June 9, 2014.","Class I",Terminated,V-220-2016,2013-06-18,2016-01-27,2016-01-28,"14,977 bags","Voluntary: Firm initiated","Press Release",https://www.accessdata.fda.gov/scripts/ires/?Product=119639
65475,32,"EVO Wild Cravings, Turkey & Chicken Formula, treats for dogs, packaged in 20-oz bags, UPC 751485126203 bags. Manufactured by Natura Pet Products, Davis, CA.",751485126203,"All expiration dates prior to and including June 9, 2014.","Class I",Terminated,V-221-2016,2013-06-18,2016-01-27,2016-01-28,"23,351 bags","Voluntary: Firm initiated","Press Release",https://www.accessdata.fda.gov/scripts/ires/?Product=119641
65475,33,"EVO Red Meat Formula Dog Food, packaged in 4-oz. (UPC 751485152042), 6.6-lb. (UPC 751485126777), 13.2-lb (UPC 751485126760), and 28.6-lb. (UPC 751485126753) bags. Manufactured by Natura Pet Products, Inc., Fremont, NE.",751485126753;751485126760;751485126777;751485152042,"All expiration dates prior to and including June 9, 2014.","Class I",Terminated,V-222-2016,2013-06-18,2016-01-27,2016-01-28,"49,606 bags","Voluntary: Firm initiated","Press Release",https://www.accessdata.fda.gov/scripts/ires/?Product=119642
65475,34,"EVO Wild Cravings Red Meat Formula Dog Treats, packaged in 20-oz. bags UPC 751485126500. Manufactured by Natura Pet Products, Davis, CA.",751485126500,"All expiration dates prior to and including June 9, 2014.","Class I",Terminated,V-223-2016,2013-06-18,2016-01-27,2016-01-28,"16,992 bags","Voluntary: Firm initiated","Press Release",https://www.accessdata.fda.gov/scripts/ires/?Product=119643
65475,35,"EVO Red Meat Formula Small Bites Dog Food, packaged in 4-oz. (UPC 751485152028), 2.2-lb. (UPC 751485126746); 6.6-lb. (UPC 751485126722), 13.2-lb (UPC 751485126715), and 28.6-lb. (UPC 751485126708) bags. Manufactured by Natura Pet Products, Inc., Fremont, NE.",751485126708;751485126715;751485126722;751485126746;751485152028,"All expiration dates prior to and including June 9, 2014.","Class I",Terminated,V-224-2016,2013-06-18,2016-01-27,2016-01-28,"66,155 bags","Voluntary: Firm initiated","Press Release",https://www.accessdata.fda.gov/scripts/ires/?Product=119644
65475,36,"EVO Weight Management Adult Dog Food, packaged in 4-oz. (UPC 751485152059); 10-oz. (UPC 751485126555), 6.6-lb. (UPC 751485126180), 13.2-lb (UPC 751485126173), and 28.6-lb. (UPC 751485126166) bags. Manufactured by Natura Pet Products, Inc., Fremont, NE",751485126166;751485126173;751485126180;751485126555;751485152059,"All expiration dates prior to and including June 9, 2014.","Class I",Terminated,V-225-2016,2013-06-18,2016-01-27,2016-01-28,"44,516 bags","Voluntary: Firm initiated","Press Release",https://www.accessdata.fda.gov/scripts/ires/?Product=119646
65475,37,"HealthWise Chicken Meal & Rice Formula Food for Adult Cats & Kittens, packaged in 4-oz. (UPC 75148154459), 5-lb. (UPC 751485707754) and 16.5-lb. (UPC 751485707709) bags. The firm name on the label is Natura Pet Products, Santa Clara, CA.",75148154459;751485707709;751485707754,"All expiration dates prior to and including June 9, 2014.","Class I",Terminated,V-226-2016,2013-06-18,2016-01-27,2016-01-28,"35,172 bags","Voluntary: Firm initiated","Press Release",https://www.accessdata.fda.gov/scripts/ires/?Product=119655
65475,38,"HealthWise Chicken Meal & Oatmeal Formula Adult Dog Food for Active Adult Dogs, packaged in 4-oz. (UPC 751485154404), 5-lb. (UPC 751485707020), 17.5-lb. (UPC 751485707013), and 35-lb. (UPC 751485707006) bags. The firm name on the label is Natura Pet Products, Santa Clara, CA.",751485154404;751485707006;751485707013;751485707020,"All expiration dates prior to and including June 9, 2014.","Class I",Terminated,V-227-2016,2013-06-18,2016-01-27,2016-01-28,"9,432 bags","Voluntary: Firm initiated","Press Release",https://www.accessdata.fda.gov/scripts/ires/?Product=119656
65475,39,"HealthWise Chicken Meal & Oatmeal Formula Adult Dog Food, packaged in 4-oz. (UPC 7514815154411), 5-lb. (UPC 751485707129), 17.5-lb. (UPC 751485707112) and 35-lb. (UPC 751485707105) bags. The firm name on the label is Natura Pet Products, Santa Clara, CA.",7514815154411;751485707105;751485707112;751485707129,"All expiration dates prior to and including June 9, 2014.","Class I",Terminated,V-228-2016,2013-06-18,2016-01-27,2016-01-28,"32,664 bags","Voluntary: Firm initiated","Press Release",https://www.accessdata.fda.gov/scripts/ires/?Product=119657
65475,40,"HealthWise Chicken Meal & Brown Rice Formula Natural Premium Puppy Food, packaged in 4-oz. (UPC 751485154435), 5-lb. (UPC 751485707327), 17.5-lb. (UPC 751485707310), and 35-lb. (UPC 751485707303) bags. The firm name on the label is Natura Pet Products, Santa Clara, CA.",751485154435;751485707303;751485707310;751485707327,"All expiration dates prior to and including June 9, 2014.","Class I",Terminated,V-229-2016,2013-06-18,2016-01-27,2016-01-28,"10,555 bags","Voluntary: Firm initiated","Press Release",https://www.accessdata.fda.gov/scripts/ires/?Product=119658
65475,41,"HealthWise Lamb Meal & Oatmeal Formula Natural Premium Adult Dog Food, packaged in 4-oz. (UPC 751485154442), 5-lb. (UPC 751485707426), 17.5-lb. (UPC 751485707419), and 35-lb. (UPC 751485707402) bags. The firm name on the label is Natura Pet Products, Santa Clara, CA.",751485154442;751485707402;751485707419;751485707426,"All expiration dates prior to and including June 9, 2014.","Class I",Terminated,V-230-2016,2013-06-18,2016-01-27,2016-01-28,"13,518 bags","Voluntary: Firm initiated","Press Release",https://www.accessdata.fda.gov/scripts/ires/?Product=119659
65475,42,"HealthWise Chicken Meal & Oatmeal Formula Weight Control Natural Premium Adult Dog Food, packaged in 4-oz. (UPC 751485154428), 5-lb. (UPC 751485707228), 17.5-lb. (UPC 751485707211), and 35-lb. (UPC 751485707204) bags. The firm name on the label is Natura Pet Products, Santa Clara, CA.",751485154428;751485707204;751485707211;751485707228,"All expiration dates prior to and including June 9, 2014.","Class I",Terminated,V-231-2016,2013-06-18,2016-01-27,2016-01-28,"11,426 bags","Voluntary: Firm initiated","Press Release",https://www.accessdata.fda.gov/scripts/ires/?Product=119660
65475,43,"HealthWise Chicken Meal & Rice Formula Food for Adult Cats & Kittens, packaged in 18.5-lb. (UPC 751485707808) bags. The firm name on the label is Natura Pet Products, Santa Clara, CA.",751485707808,"All expiration dates prior to and including June 9, 2014.","Class I",Terminated,V-232-2016,2013-06-18,2016-01-27,2016-01-28,"1,860 bags","Voluntary: Firm initiated","Press Release",https://www.accessdata.fda.gov/scripts/ires/?Product=119663
65475,44,"HealthWise Chicken Meal & Oatmeal Formula Adult Dog Food, packaged in 38.5-lb. (UPC 751485707044) bags. The firm name on the label is Natura Pet Products, Santa Clara, CA.",751485707044,"All expiration dates prior to and including June 9, 2014.","Class I",Terminated,V-233-2016,2013-06-18,2016-01-27,2016-01-28,"5,377 bags","Voluntary: Firm initiated","Press Release",https://www.accessdata.fda.gov/scripts/ires/?Product=119664
65475,45,"Innova Kitten Food, packaged 4-oz. (UPC 751485153162), 2.2-lb. (UPC 751485413723), and 6-lb. (UPC 751485413716) bags. Manufactured by Natura Pet Products, Inc., Fremont, NE.",751485153162;751485413716;751485413723,"All expiration dates prior to and including June 9, 2014.","Class I",Terminated,V-234-2016,2013-06-18,2016-01-27,2016-01-28,"26,598 bags","Voluntary: Firm initiated","Press Release",https://www.accessdata.fda.gov/scripts/ires/?Product=119665
65475,46,"Innova Cat Food, packaged in 4-oz. (UPC 751485159959), 2.2-lb. (UPC 751485413877), 6-lb. (UPC 751485413938), 6-lb. bilingual (UPC 751485125831) and 15-lb. (UPC 751485413921) bags. Manufactured by Natura Pet Products, Inc., Fremont, NE.",751485125831;751485159959;751485413877;751485413921;751485413938,"All expiration dates prior to and including June 9, 2014.","Class I",Terminated,V-235-2016,2013-06-18,2016-01-27,2016-01-28,"99,583 bags","Voluntary: Firm initiated","Press Release",https://www.accessdata.fda.gov/scripts/ires/?Product=119666
65475,47,"Innova Senior Cat Food, packaged in 4-oz. (UPC 751485159980), 2.2-lb. (UPC 751485416038), 6-lb. (UPC 751485416083), and 15-lb. (UPC 751485416076) bags. Manufactured by Natura Pet Products, Inc., Fremont, NE.",751485159980;751485416038;751485416076;751485416083,"All expiration dates prior to and including June 9, 2014.","Class I",Terminated,V-236-2016,2013-06-18,2016-01-27,2016-01-28,"41,225 bags","Voluntary: Firm initiated","Press Release",https://www.accessdata.fda.gov/scripts/ires/?Product=119667
65475,48,"Innova Cat Treats, packaged in 3-oz. bags, UPC 751485413013. Manufactured by Natura Pet Products, Inc., Fremont, NE.",751485413013,"All expiration dates prior to and including June 9, 2014.","Class I",Terminated,V-237-2016,2013-06-18,2016-01-27,2016-01-28,"30,228 bags","Voluntary: Firm initiated","Press Release",https://www.accessdata.fda.gov/scripts/ires/?Product=119668
65475,49,"Innova Prime Grain Free Chicken & Turkey Formula Adult Cat Food, packaged in 4-oz. (UPC 751485153155), 2-lb. (UPC 751485414041), 5-lb. (UPC 751485413990), and 12-lb. (UPC 751485413983) bags. Manufactured by Natura Pet Products, Inc., Fremont, NE.",751485153155;751485413983;751485413990;751485414041,"All expiration dates prior to and including June 9, 2014.","Class I",Terminated,V-238-2016,2013-06-18,2016-01-27,2016-01-28,"46,554 bags","Voluntary: Firm initiated","Press Release",https://www.accessdata.fda.gov/scripts/ires/?Product=119669
65475,50,"Innova Weight Management Adult Cat Food, packaged in 4-oz. (UPC 751485159881), 2.2-lb. (UPC 751485413914), 6-lb. (UPC 751485413907), and 15-lb. (UPC 751485413891) bags. Manufactured by Natura Pet Products, Inc., Fremont, NE.",751485159881;751485413891;751485413907;751485413914,"All expiration dates prior to and including June 9, 2014.","Class I",Terminated,V-239-2016,2013-06-18,2016-01-27,2016-01-28,"68,298 bags","Voluntary: Firm initiated","Press Release",https://www.accessdata.fda.gov/scripts/ires/?Product=119670
65475,51,"Innova Salmon & Herring Formula Adult Dog Food, packaged 4-oz. (UPC 751485123653), 5-lb. (UPC 751485123646), 12-lb. (UPC 751485123639) and 25-lb. (751485123622) bags. Manufactured by Natura Pet Products, Inc., Fremont, NE.",751485123639;751485123646;751485123653,"All expiration dates prior to and including June 9, 2014.","Class I",Terminated,V-240-2016,2013-06-18,2016-01-27,2016-01-28,"39,224 bags","Voluntary: Firm initiated","Press Release",https://www.accessdata.fda.gov/scripts/ires/?Product=119671
65475,52,"Innova Large Breed Adult Dog Food, packaged 4-oz. (UPC 751485153001), 15-lb. (UPC 751485127057), 30-lb. (751485127040), and 30-lb. bilingual (UPC 751485125541) bags. Manufactured by Natura Pet Products, Inc., Fremont, NE.",751485125541;751485127057;751485153001,"All expiration dates prior to and including June 9, 2014.","Class I",Terminated,V-241-2016,2013-06-18,2016-01-27,2016-01-28,"59,170 bags","Voluntary: Firm initiated","Press Release",https://www.accessdata.fda.gov/scripts/ires/?Product=119672
65475,53,"Innova Large Breed Senior Dog Food, 6+ Years - 60+ lbs., packaged 4-oz. (UPC 751485153018), 15-lb. (UPC 751485127156), and 30-lb. (751485127149) bags. Manufactured by Natura Pet Products, Inc., Fremont, NE.",751485127156;751485153018,"All expiration dates prior to and including June 9, 2014.","Class I",Terminated,V-242-2016,2013-06-18,2016-01-27,2016-01-28,"18,319 bags","Voluntary: Firm initiated","Press Release",https://www.accessdata.fda.gov/scripts/ires/?Product=119740
65475,54,"Innova Large Breed Puppy Food, packaged 4-oz. (UPC 751485153025), 2.2-lb. (UPC 751485127231), 6-lb. (UPC 751485127422), 15-lb. (UPC 751485127415), 30-lb. (UPC 751485127408), and 30-lb. bilingual (UPC 751485125534) bags. Manufactured by Natura Pet Products, Inc., Fremont, NE.",751485125534;751485127231;751485127408;751485127415;751485127422;751485153025,"All expiration dates prior to and including June 9, 2014.","Class I",Terminated,V-243-2016,2013-06-18,2016-01-27,2016-01-28,"56,174 bags","Voluntary: Firm initiated","Press Release",https://www.accessdata.fda.gov/scripts/ires/?Product=119741
65475,55,"Innova Adult Dog Food-Large Bites, packaged 4-oz. (UPC 751485159904), 2.2-lb. (UPC 751485123769), 6-lb. (UPC 751485123226), 15-lb. (UPC 751485123219), 30-lb. (751485123202), and 30-lb. bilingual (UPC 751485125527) bags. Manufactured by Natura Pet Products, Inc., Fremont, NE",751485123219;751485123226;751485123769;751485125527;751485159904,"All expiration dates prior to and including June 9, 2014.","Class I",Terminated,V-244-2016,2013-06-18,2016-01-27,2016-01-28,"124,803 bags","Voluntary: Firm initiated","Press Release",https://www.accessdata.fda.gov/scripts/ires/?Product=119742
65475,56,"Innova Adult Dog Food-Small Bites, packaged 4-oz. (UPC 751485159898), 2.2-lb. (UPC 751485123738), 6-lb. (UPC 751485123363), 6-lb. bilingual (UPC 751485125510), 15-lb. (UPC 751485123356), and 30-lb. (751485123677) bags. Manufactured by Natura Pet Products, Inc., Fremont, NE.",751485123356;751485123363;751485123738;751485125510;751485159898,"All expiration dates prior to and including June 9, 2014.","Class I",Terminated,V-245-2016,2013-06-18,2016-01-27,2016-01-28,"134,915 bags","Voluntary: Firm initiated","Press Release",https://www.accessdata.fda.gov/scripts/ires/?Product=119743
65475,57,"Innova Senior Dog Food, 8+ Years, packaged 4-oz. (UPC 751485159928), 6-lb. (UPC 751485123257), 15-lb. (UPC 751485123240), and 30-lb. (751485123233), and 30-lb. bilingual (UPC 751485125558) bags. Manufactured by Natura Pet Products, Inc., Fremont, NE.",751485123240;751485123257;751485125558;751485159928,"All expiration dates prior to and including June 9, 2014.","Class I",Terminated,V-246-2016,2013-06-18,2016-01-27,2016-01-28,"27,756 bags","Voluntary: Firm initiated","Press Release",https://www.accessdata.fda.gov/scripts/ires/?Product=119744
65475,58,"Innova Senior Plus Dog Food, 11+ Years, packaged 4-oz. (UPC 751485153100), 6-lb. (UPC 751485123288), 15-lb. (UPC 751485123271), and 30-lb. (751485123264) bags. Manufactured by Natura Pet Products, Inc., Fremont, NE.",751485123271;751485123288;751485153100,"All expiration dates prior to and including June 9, 2014.","Class I",Terminated,V-247-2016,2013-06-18,2016-01-27,2016-01-28,"46,975 bags","Voluntary: Firm initiated","Press Release",https://www.accessdata.fda.gov/scripts/ires/?Product=119745
65475,59,"Innova Puppy Food, packaged 4-oz. (UPC 751485159942), 2.2-lb. (UPC 751485123837), 6-lb. (UPC 751485123349), 15-lb. (UPC 751485123332), 15-lb. bilingual (UPC 751485125503), and 30-lb. (UPC 751485123325) bags. Manufactured by Natura Pet Products, Inc., Fremont, NE.",751485123325;751485123332;751485123349;751485123837;751485125503;751485159942,"All expiration dates prior to and including June 9, 2014.","Class I",Terminated,V-248-2016,2013-06-18,2016-01-27,2016-01-28,"62,142 bags","Voluntary: Firm initiated","Press Release",https://www.accessdata.fda.gov/scripts/ires/?Product=119746
65475,60,"Innova Prime Grain Free Beef & Lamb Meat Formula Adult Dog Food, packaged 4-oz. (UPC 751485153148), 5-lb. (UPC 751485127323), 12-lb. (UPC 751485127316), and 25-lb. (751485127309) bags. Manufactured by Natura Pet Products, Inc., Fremont, NE.",751485127316;751485127323;751485153148,"All expiration dates prior to and including June 9, 2014.","Class I",Terminated,V-249-2016,2013-06-18,2016-01-27,2016-01-28,"29,769 bags","Voluntary: Firm initiated","Press Release",https://www.accessdata.fda.gov/scripts/ires/?Product=119747
65475,61,"Innova Prime Grain Free Salmon & Herring Formula Adult Dog Food, packaged 4-oz. (UPC 751485153131), 5-lb. (UPC 751485127293), 12-lb. (UPC 751485127286), and 25-lb. (751485127279) bags. Manufactured by Natura Pet Products, Inc., Fremont, NE.",751485127286;751485127293;751485153131,"All expiration dates prior to and including June 9, 2014.","Class I",Terminated,V-250-2016,2013-06-18,2016-01-27,2016-01-28,"29,729 bags","Voluntary: Firm initiated","Press Release",https://www.accessdata.fda.gov/scripts/ires/?Product=119748
65475,62,"Innova Prime Grain Free Chicken & Turkey Formula Adult Dog Food, packaged 4-oz. (UPC 751485153124), 5-lb. (UPC 751485127262), 12-lb. (UPC 751485127255), and 25-lb. (UPC 751485127248) bags. Manufactured by Natura Pet Products, Inc., Fremont,",751485127248;751485127255;751485127262;751485153124,"All expiration dates prior to and including June 9, 2014.","Class I",Terminated,V-251-2016,2013-06-18,2016-01-27,2016-01-28,"54,336 bags","Voluntary: Firm initiated","Press Release",https://www.accessdata.fda.gov/scripts/ires/?Product=119749
65475,63,"Innova HealthBar-Baked Dog Treats, Large Bars, packaged in 4-lb (UPC 751485123912), 26-oz (UPC 751485123943), 10-lb (UPC 751485123967) and 26-oz (UPC 751485413051) bags. Manufactured by: Natura Pet Products, Inc., Fremont, NE.",751485123912;751485123943;751485123967;751485413051,"All expiration dates prior to and including June 9, 2014.","Class I",Terminated,V-252-2016,2013-06-18,2016-01-27,2016-01-28,"4,576 bags","Voluntary: Firm initiated","Press Release",https://www.accessdata.fda.gov/scripts/ires/?Product=119763
65475,64,"Innova HealthBar-Baked Dog Treats, Small Bars, packaged in 4-lb (UPC 751485123929), 26-oz (UPC 751485123950), 10-lb (UPC 751485123974) and 26-oz (UPC 751485413105) bags. Manufactured by: Natura Pet Products, Inc., Fremont, NE.",751485123929;751485123950;751485123974;751485413105,"All expiration dates prior to and including June 9, 2014.","Class I",Terminated,V-253-2016,2013-06-18,2016-01-27,2016-01-28,"8,972 bags","Voluntary: Firm initiated","Press Release",https://www.accessdata.fda.gov/scripts/ires/?Product=119764
65475,65,"Innova Weight Management Adult Dog Food, packaged 4-oz. (UPC 751485153117), 6-lb. (UPC 751485123318), 15-lb. (UPC 751485123301), 30-lb. (751485123295), and 30-lb. bilingual (UPC 751485125565) bags. Manufactured by Natura Pet Products, Inc., Fremont, NE.",751485123301;751485123318;751485125565;751485153117,"All expiration dates prior to and including June 9, 2014.","Class I",Terminated,V-254-2016,2013-06-18,2016-01-27,2016-01-28,"68,063 bags","Voluntary: Firm initiated","Press Release",https://www.accessdata.fda.gov/scripts/ires/?Product=119765
65475,66,"Karma Organic Food for Dogs, packaged in 4-oz. (UPC 751485150017) and 7-lb. (UPC 751485601021) bags. Manufactured in Fremont, NE, Natura Pet Products.",751485150017;751485601021,"All expiration dates prior to and including June 9, 2014.","Class I",Terminated,V-255-2016,2013-06-18,2016-01-27,2016-01-28,"10,830 bags","Voluntary: Firm initiated","Press Release",https://www.accessdata.fda.gov/scripts/ires/?Product=119767
65475,67,"Mother Nature, Beef Stew Recipe, Dog Biscuits, packaged in 4-lb. (UPC 751485701066), 20-lb (UPC 751485702063) and 20-oz. (UPC 751485700069) bags. Manufactured in Fremont, NE, Natura Pet Products.",751485700069;751485701066;751485702063,"All expiration dates prior to and including June 9, 2014.","Class I",Terminated,V-256-2016,2013-06-18,2016-01-27,2016-01-28,"992 bags","Voluntary: Firm initiated","Press Release",https://www.accessdata.fda.gov/scripts/ires/?Product=119768
65475,68,"Mother Nature, Buffalo Stew Recipe, Dog Biscuits, packaged in 4-lb. (UPC 751485701097), 20-lb (UPC 751485702094) and 20-oz. (UPC 751485700090) bags. Manufactured in Fremont, NE, Natura Pet Products.",751485700090;751485701097;751485702094,"All expiration dates prior to and including June 9, 2014.","Class I",Terminated,V-257-2016,2013-06-18,2016-01-27,2016-01-28,"1,252 bags","Voluntary: Firm initiated","Press Release",https://www.accessdata.fda.gov/scripts/ires/?Product=119769
65475,69,"Mother Nature, Carrot Cake Recipe, Dog Treats, packaged in 4-lb. (UPC 751485701028), 20-lb (UPC 751485702025) and 20-oz. (UPC 751485700021) bags. Manufactured in Fremont, NE, Natura Pet Products.",751485700021;751485701028;751485702025,"All expiration dates prior to and including June 9, 2014.","Class I",Terminated,V-258-2016,2013-06-18,2016-01-27,2016-01-28,"3,807 bags","Voluntary: Firm initiated","Press Release",https://www.accessdata.fda.gov/scripts/ires/?Product=119775
65475,70,"Mother Nature, Dott's Delights Large Dog Biscuits, packaged in 4-lb. (UPC 751485701523) and 17-lb. (UPC 751485702520) bags. Manufactured in Fremont, NE, Natura Pet Products.",751485701523;751485702520,"All expiration dates prior to and including June 9, 2014.","Class I",Terminated,V-259-2016,2013-06-18,2016-01-27,2016-01-28,"235 bags","Voluntary: Firm initiated","Press Release",https://www.accessdata.fda.gov/scripts/ires/?Product=119776
65475,71,"Mother Nature, Honey Glazed Chicken Recipe, Dog Treats, packaged in 4-lb. (UPC 751485701073), 20-lb. (UPC 751485702070) and 20-oz. (UPC 751485700076) bags. Manufactured by Natura Pet Products, Davis, CA.",751485700076;751485701073;751485702070,"All expiration dates prior to and including June 9, 2014.","Class I",Terminated,V-260-2016,2013-06-18,2016-01-27,2016-01-28,"3,299 bags","Voluntary: Firm initiated","Press Release",https://www.accessdata.fda.gov/scripts/ires/?Product=119777
65475,72,"Mother Nature, Moose's Munchies Small Biscuits, Dog Treats, packaged in 4-lb. (UPC 751485701530) and 20-lb. (UPC 751485702537) bags. Manufactured by Natura Pet Products, Davis, CA.",751485701530;751485702537,"All expiration dates prior to and including June 9, 2014.","Class I",Terminated,V-261-2016,2013-06-18,2016-01-27,2016-01-28,"102 bags","Voluntary: Firm initiated","Press Release",https://www.accessdata.fda.gov/scripts/ires/?Product=119778
65475,73,"Mother Nature, Scooter & Friends Mini Biscuits, Dog Biscuits, packaged in 4-lb. (UPC 751485701547), 20-lb. (UPC 751485702544) and 20-oz. (UPC 751485700540) bags. Manufactured by Natura Pet Products, Fremont, NE.",751485700540;751485701547;751485702544,"All expiration dates prior to and including June 9, 2014.","Class I",Terminated,V-262-2016,2013-06-18,2016-01-27,2016-01-28,"3,139 bags","Voluntary: Firm initiated","Press Release",https://www.accessdata.fda.gov/scripts/ires/?Product=119779
65475,74,"Mother Nature, Chicken & Turkey recipe, Dog Biscuits, packaged in 4-lb. (UPC 751485701042, 751485701059, 751485701080), 20-lb. (UPC 751485702049, 751485702056, 751485702087) and 20-oz. (UPC 751485700045, 751485700052, 751485700083) bags. Manufactured by Natura Pet Products, Fremont, NE.",751485700045;751485701042;751485702049,"All expiration dates prior to and including June 9, 2014.","Class I",Terminated,V-263-2016,2013-06-18,2016-01-27,2016-01-28,"8,439 bags","Voluntary: Firm initiated","Press Release",https://www.accessdata.fda.gov/scripts/ires/?Product=119780
65569,1,"Everpet Real Chicken Chicken Chips Dog Treats, packaged in flexible plastic bags, 3.5 oz. per bag, MADE IN CHINA DISTRIBUTED BY DOLGENCORP, INC. 100 MISSION RIDGE GOODLETTSVILLE, TN 37072 UPC 8 10633 01177 5",810633011775,"Lot #111108EVPRAW013 - Best Buy Date: 2/5/2013 and Lot #120752EVPRAW013 - Best Buy Date: 8/27/2014.","Class II",Terminated,V-036-2014,2013-05-23,2013-12-25,2014-02-27,"377,628/3.5 oz bags","Voluntary: Firm initiated",E-Mail,https://www.accessdata.fda.gov/scripts/ires/?Product=119602
65847,1,"DOG FOOD MAKING A DIFFERENCE, RAW FROZEN DOG FOOD, STEVE'S REAL FOOD, CHICKEN CANINE RECIPE, Net Wt. 5lbs. (2.3 kg), 8oz Patties, ""Use By""date of 11-7-13, UPC 6-91730-14202-5, Fortified with Raw Goat's Milk, Vegetarian Fed, Free Range, No Added Artibiotics or Hormones, Produce Grown without Pesticides, POUR AND SERVE NUGGETS, NATURALLY DELICIOUS RAW DOG FOOD, Feeding Guidelines, SAFE HANDLING Follow the same health standards and food handling techniques you would for your human family's raw meats and other foods. Keep Frozen.",691730142025,"LOT A220, MRF#: 81, UPC - 6-91730-14202-5","Class I",Terminated,V-011-2014,2013-07-26,2013-12-11,2015-12-23,"42 cases - 168 Bags","Voluntary: Firm initiated",Letter,https://www.accessdata.fda.gov/scripts/ires/?Product=120468
65870,1,"BARF World Brand Juicy Chicken Recipe 12 patties packed into a 6 lb bag. UPC 3752800101 Distributed by: BARF World Inc. 3840 Blackhawk Road, Suite 100 Danville, CA 94506",,"Lot T220, S220 Use by 8/7/13.","Class I",Terminated,V-063-2014,2013-08-01,2014-06-18,2014-06-10,"11 cases lot S220, 58 cases lot T220. 24 lb cases contains 4 x 6 lb bags.","Voluntary: Firm initiated",Letter,https://www.accessdata.fda.gov/scripts/ires/?Product=120620
65870,2,"BARF World Brand Juicy Lamb Recipe 12 patties packed into a 6 lb bag. UPC 3752800104 Distributed by: BARF World, Inc. 3840 Blackhawk Road, Suite 100 Danville, CA 94506",,"Lot S220 Use by 8/7/13.","Class I",Terminated,V-064-2014,2013-08-01,2014-06-18,2014-06-10,"14 cases (24 lb case contains 4 x 6 lb bags)","Voluntary: Firm initiated",Letter,https://www.accessdata.fda.gov/scripts/ires/?Product=120626
65870,3,"BARF World Brand Juicy Combination Recipe 12 patties packed into a 6 lb bag. UPC 3752800106 Distributed by: BARF World, Inc. 3840 Blackhawk Road, Suite 100 Danville, CA 94506",,"Lot S220 Use by 8/7/13.","Class I",Terminated,V-065-2014,2013-08-01,2014-06-18,2014-06-10,"9 cases, 24 lb. case contains 4 x 6 lb bags.","Voluntary: Firm initiated",Letter,https://www.accessdata.fda.gov/scripts/ires/?Product=120627
65871,1,"Dogswell Breathies Minis Chicken Breast Mint & Parsley, 5 oz. Packaged: plastic pouches. Ingredients: Chicken Breast, Vitamin E Supplement, Mint, Cinnamon Bark, Oyster Shell Flour (Source of Calcium Carbonate), Rosemary, Parsley, Chlorophyll.",,"UPC 884244112428 All Lots with Best Before dates 1/28/2015 and earlier.","Class III",Terminated,V-014-2014,2013-08-02,2013-12-25,2014-02-05,,"Voluntary: Firm initiated","Two or more of the following: Email, Fax, Letter, Press Release, Telephone, Visit",https://www.accessdata.fda.gov/scripts/ires/?Product=120621
65871,2,"Dogswell Breathies Chicken Breast with Mint & Parsley, 5oz, 15oz, 32oz. Packaged: plastic pouches. Ingredients: Chicken Breast, Vitamin E Supplement, Mint, Cinnamon Bark, Oyster Shell Flour (Source of Calcium Carbonate), Rosemary, Parsley, Chlorophyll",,"UPCs 884244112411, 884244115412, 884244118413 All Lots with Best Before dates 1/28/2015 and earlier.","Class III",Terminated,V-015-2014,2013-08-02,2013-12-25,2014-02-05,,"Voluntary: Firm initiated","Two or more of the following: Email, Fax, Letter, Press Release, Telephone, Visit",https://www.accessdata.fda.gov/scripts/ires/?Product=120622
65871,3,"Dogswell Breathies Duck Breast with Mint & Parsley, 5oz, 15oz. Packaged: plastic pouches. Ingredients: Duck Breast, Vitamin E Supplement, Mint, Cinnamon Bark, Oyster Shell Flour (Source of Calcium Carbonate), Rosemary, Parsley, Chlorophyll",,"UPCs 884244112435, 884244115436 All Lots with Best Before dates 1/28/2015 and earlier.","Class III",Terminated,V-016-2014,2013-08-02,2013-12-25,2014-02-05,,"Voluntary: Firm initiated","Two or more of the following: Email, Fax, Letter, Press Release, Telephone, Visit",https://www.accessdata.fda.gov/scripts/ires/?Product=120623
65871,4,"Catswell Breathies Chicken Breast with Mint & Parsley, 2oz. Packaged: plastic pouches. Ingredients:Chicken Breast, Flaxseed, Vitamin E Supplement, Mint, Cinnamon Bark, Oyster Shell Flour (Source of Calcium Carbonate), Rosemary, Parsley, Chlorophyll",,"UPC 884244000589 All Lots with Best Before dates 1/28/2015 and earlier.","Class III",Terminated,V-017-2014,2013-08-02,2013-12-25,2014-02-05,,"Voluntary: Firm initiated","Two or more of the following: Email, Fax, Letter, Press Release, Telephone, Visit",https://www.accessdata.fda.gov/scripts/ires/?Product=120624
65871,5,"Catswell Happy Hips Chicken Breast Glucosamine & Chondroitin, 2oz. Packaged: plastic pouches. Ingredients:Chicken Breast, Glucosamine Hydrochloride, Chondroitin Sulfate, Vitamin E Supplement",,"UPC 884244000565 All Lots with Best Before dates 1/28/2015 and earlier.","Class III",Terminated,V-018-2014,2013-08-02,2013-12-25,2014-02-05,,"Voluntary: Firm initiated","Two or more of the following: Email, Fax, Letter, Press Release, Telephone, Visit",https://www.accessdata.fda.gov/scripts/ires/?Product=120625
65871,6,"Catswell Vitakitty Chicken Breast with Flaxseed & Vitamin A, 2oz. Packaged: plastic pouches. Ingredients: Chicken Breast, Vitamin E Supplement, Flaxseed, Vitamin A Acetate.",,"UPC 884244000572 All Lots with Best Before dates 1/28/2015 and earlier.","Class III",Terminated,V-019-2014,2013-08-02,2013-12-25,2014-02-05,,"Voluntary: Firm initiated","Two or more of the following: Email, Fax, Letter, Press Release, Telephone, Visit",https://www.accessdata.fda.gov/scripts/ires/?Product=120629
65871,7,"Dogswell Happy Heart Chicken Breast with Flaxseed and Taurine, 5oz, 15oz. Packaged: plastic pouches. Ingredients: Chicken Breast, Vitamin E Supplement, Flaxseed, Taurine, Turmeric, Cinnamon, Dandelion Oil.",,"UPCs 884244112619, 884244115610 All Lots with Best Before dates 1/28/2015 and earlier.","Class III",Terminated,V-020-2014,2013-08-02,2013-12-25,2014-02-05,,"Voluntary: Firm initiated","Two or more of the following: Email, Fax, Letter, Press Release, Telephone, Visit",https://www.accessdata.fda.gov/scripts/ires/?Product=120630
65871,8,"Dogswell Happy Hips Chicken Breast Glucosamine & Chondroitin, 5oz, 15oz, 32oz. Packaged: plastic pouches. Ingredients: Chicken Breast, Vegetable Glycerin, Vitamin E Supplement, Glucosamine Hydrochloride, Chondroitin Sulfate.",,"UPCs 884244112114, 884244115115, 884244001005 All Lots with Best Before dates 1/28/2015 and earlier.","Class III",Terminated,V-021-2014,2013-08-02,2013-12-25,2014-02-05,,"Voluntary: Firm initiated","Two or more of the following: Email, Fax, Letter, Press Release, Telephone, Visit",https://www.accessdata.fda.gov/scripts/ires/?Product=120632
65871,9,"Dogswell Happy Hips Duck Breast Glucosamine & Chondroitin, 5oz, 15oz, 32oz. Packaged: plastic pouches. Ingredients: Duck Breast, Vegetable Glycerin, Vitamin E Supplement, Glucosamine Hydrochloride, Chondroitin Sulfate.",,"UPCs 884244112138, 884244115139, 884244118130. All Lots with Best Before dates 1/28/2015 and earlier.","Class III",Terminated,V-022-2014,2013-08-02,2013-12-25,2014-02-05,,"Voluntary: Firm initiated","Two or more of the following: Email, Fax, Letter, Press Release, Telephone, Visit",https://www.accessdata.fda.gov/scripts/ires/?Product=120634
65871,10,"Dogswell Mellow Mut Chicken Breast, 5oz. Packaged: plastic pouches. Ingredients: Chicken Breast, Vitamin E Supplement, Chamomile, Clover Lavender, Lemon Balm, Linden Flower, Oyster Shell Flour (Source of Calcium Carbonate).",,"UPC 884244112510. All Lots with Best Before dates 1/28/2015 and earlier.","Class III",Terminated,V-023-2014,2013-08-02,2013-12-25,2014-02-05,,"Voluntary: Firm initiated","Two or more of the following: Email, Fax, Letter, Press Release, Telephone, Visit",https://www.accessdata.fda.gov/scripts/ires/?Product=120635
65871,11,"Dogswell Mellow Mut Chicken Breast Chamomile & Lavender, 15oz. Packaged: plastic pouches. Ingredients: Chicken Breast, Vitamin E Supplement, Chamomile, Clover, Lavender, Lemon Balm, Linden Flower, Oyster Shell Flour (Source of Calcium Carbonate)",,"UPC 884244115511. All Lots with Best Before dates 1/28/2015 and earlier.","Class III",Terminated,V-024-2014,2013-08-02,2013-12-25,2014-02-05,,"Voluntary: Firm initiated","Two or more of the following: Email, Fax, Letter, Press Release, Telephone, Visit",https://www.accessdata.fda.gov/scripts/ires/?Product=120636
65871,12,"Dogswell Mellow Mut Chicken Breast Natural with Added Vitamin E, 32oz. Packaged: plastic pouches. Ingredients: Chicken Breast, Vitamin E Supplement, Chamomile, Clover, Lavender, Lemon Balm, Linden Flower, Oyster Shell Flour (Source of Calcium Carbonate).",,"UPC 884244118512. All Lots with Best Before dates 1/28/2015 and earlier.","Class III",Terminated,V-025-2014,2013-08-02,2013-12-25,2014-02-05,,"Voluntary: Firm initiated","Two or more of the following: Email, Fax, Letter, Press Release, Telephone, Visit",https://www.accessdata.fda.gov/scripts/ires/?Product=120637
65871,13,"Dogswell Shape Up Chicken Breast with L‐Carnitine, 5oz, 15oz. Packaged: plastic pouches. Ingredients: Chicken Breast, Vitamin E Supplement, L‐Carnitine, Dried Kelp, Dandelion Oil, Ginger, Turmeric.",,"UPCs 884244112817, 884244115818. All Lots with Best Before dates 1/28/2015 and earlier.","Class III",Terminated,V-026-2014,2013-08-02,2013-12-25,2014-02-05,,"Voluntary: Firm initiated","Two or more of the following: Email, Fax, Letter, Press Release, Telephone, Visit",https://www.accessdata.fda.gov/scripts/ires/?Product=120638
65871,14,"Dogswell Veggie Life Happy Hips with Glucosamine & Chondroitin Chicken & Apple, 5oz, 15oz. Packaged: plastic pouches. Ingredients: Chicken Breast, Apple, Vitamin E Supplement, Glucosamine Hydrochloride, Chondroitin Sulfate.",,"UPCs 884244005102, 884244135151. All Lots with Best Before dates 1/28/2015 and earlier.","Class III",Terminated,V-027-2014,2013-08-02,2013-12-25,2014-02-05,,"Voluntary: Firm initiated","Two or more of the following: Email, Fax, Letter, Press Release, Telephone, Visit",https://www.accessdata.fda.gov/scripts/ires/?Product=120639
65871,15,"Dogswell Veggie Life Happy Hips with Glucosamine & Chondroitin Chicken & Banana, 5oz, 15oz. Packaged: plastic pouches. Ingredients: Chicken Breast, Banana, Vitamin E Supplement, Glucosamine Hydrochloride, Chondroitin Sulfate.",,"UPCs 884244005089, 884244135144. All Lots with Best Before dates 1/28/2015 and earlier.","Class III",Terminated,V-028-2014,2013-08-02,2013-12-25,2014-02-05,,"Voluntary: Firm initiated","Two or more of the following: Email, Fax, Letter, Press Release, Telephone, Visit",https://www.accessdata.fda.gov/scripts/ires/?Product=120640
65871,16,"Dogswell Veggie Life Happy Hips with Glucosamine & Chondroitin Chicken & Sweet Potato, 5oz, 15oz. Packaged: plastic pouches. Ingredients: Chicken Breast, Sweet Potato, Vitamin E Supplement, Glucosamine Hydrochloride, Chondroitin Sulfate.",,"UPCs 884244005041, 884244135137. All Lots with Best Before dates 1/28/2015 and earlier.","Class III",Terminated,V-029-2014,2013-08-02,2013-12-25,2014-02-05,,"Voluntary: Firm initiated","Two or more of the following: Email, Fax, Letter, Press Release, Telephone, Visit",https://www.accessdata.fda.gov/scripts/ires/?Product=120641
65871,17,"Dogswell Veggie Life Vitality with Flaxseed & Vitamins Chicken & Apple, 5oz, 15oz. Packaged: plastic pouches. Ingredients: Chicken Breast, Apple, Vitamin E Supplement, Flaxseed, Vitamin A Acetate.",,"UPCs 884244005119, 884244135250. All Lots with Best Before dates 1/28/2015 and earlier.","Class III",Terminated,V-030-2014,2013-08-02,2013-12-25,2014-02-05,,"Voluntary: Firm initiated","Two or more of the following: Email, Fax, Letter, Press Release, Telephone, Visit",https://www.accessdata.fda.gov/scripts/ires/?Product=120642
65871,18,"Dogswell Veggie Life Vitality with Flaxseed & Vitamins Chicken & Banana, 5oz, 15oz. Packaged: plastic pouches. Ingredients: Chicken Breast, Banana, Vitamin E Supplement, Flaxseed, Vitamin A Acetate.",,"UPCs 884244005096, 884244135243. All Lots with Best Before dates 1/28/2015 and earlier.","Class III",Terminated,V-031-2014,2013-08-02,2013-12-25,2014-02-05,,"Voluntary: Firm initiated","Two or more of the following: Email, Fax, Letter, Press Release, Telephone, Visit",https://www.accessdata.fda.gov/scripts/ires/?Product=120643
65871,19,"Dogswell Veggie Life Vitality with Flaxseed & Vitamins Chicken & Sweet Potato, 5oz, 15oz. Packaged: plastic pouches. Ingredients: Chicken Breast, Sweet Potato, Vitamin E Supplement, Flaxseed, Vitamin A Acetate.",,"UPCs 884244005058, 884244135236. All Lots with Best Before dates 1/28/2015 and earlier.","Class III",Terminated,V-032-2014,2013-08-02,2013-12-25,2014-02-05,,"Voluntary: Firm initiated","Two or more of the following: Email, Fax, Letter, Press Release, Telephone, Visit",https://www.accessdata.fda.gov/scripts/ires/?Product=120644
65871,20,"Dogswell Vitality Minis Chicken Breast Flaxseed & Vitamins, 5oz, 15oz. Packaged: plastic pouches. Ingredients: Chicken Breast, Vegetable Glycerin, Vitamin E Supplement, Flaxseed, Vitamin A Acetate.",,"UPCs 884244112220, 884244115221. All Lots with Best Before dates 1/28/2015 and earlier.","Class III",Terminated,V-033-2014,2013-08-02,2013-12-25,2014-02-05,,"Voluntary: Firm initiated","Two or more of the following: Email, Fax, Letter, Press Release, Telephone, Visit",https://www.accessdata.fda.gov/scripts/ires/?Product=120645
65871,21,"Dogswell Vitality Chicken Breast with Flaxseed & Vitamins, 5oz, 15oz, 32oz. Packaged: plastic pouches. Ingredients: Chicken Breast, Vegetable Glycerin, Vitamin E Supplement, Flaxseed, Vitamin A Acetate.",,"UPCs 884244112213, 884244115214, 884244118215. All Lots with Best Before dates 1/28/2015 and earlier.","Class III",Terminated,V-034-2014,2013-08-02,2013-12-25,2014-02-05,,"Voluntary: Firm initiated","Two or more of the following: Email, Fax, Letter, Press Release, Telephone, Visit",https://www.accessdata.fda.gov/scripts/ires/?Product=120646
65871,22,"Dogswell Vitality Duck Breast with Flaxseed & Vitamins, 5oz, 15oz. Packaged: plastic pouches. Ingredients: Duck Breast, Vegetable Glycerin, Vitamin E Supplement, Flaxseed, Vitamin A Acetate.",,"UPCs 884244112237, 884244115238. All Lots with Best Before dates 1/28/2015 and earlier.","Class III",Terminated,V-035-2014,2013-08-02,2013-12-25,2014-02-05,,"Voluntary: Firm initiated","Two or more of the following: Email, Fax, Letter, Press Release, Telephone, Visit",https://www.accessdata.fda.gov/scripts/ires/?Product=120647
66009,1,"Eukanuba Dog Food Base Large Breed Mature Adult, 15 lb. (UPC: 19014270156), and 30 lb. (UPC: 19014270309) bags",19014270156;19014270309,"Lot Code: 31874177, Best by Date: 6Nov14.","Class I",Terminated,V-174-2015,2013-08-13,2014-11-12,2017-03-21,"211,161 bags total","Voluntary: Firm initiated","Two or more of the following: Email, Fax, Letter, Press Release, Telephone, Visit",https://www.accessdata.fda.gov/scripts/ires/?Product=121184
66009,2,"Eukanuba Dog Food Base Maintenance Mature Adult, 30 lb bag, UPC: 19014149308",19014149308,"Lot Code: 31954177, Best by Date: 14Nov14.","Class I",Terminated,V-175-2015,2013-08-13,2014-11-12,2017-03-21,,"Voluntary: Firm initiated","Two or more of the following: Email, Fax, Letter, Press Release, Telephone, Visit",https://www.accessdata.fda.gov/scripts/ires/?Product=121185
66009,3,"Eukanuba Dog Food Base Small Breed Adult, 4 lb (UPC: 19014039722) and 16 lb (UPC: 19014010516) bags",19014010516;19014039722,"Lot Code: 31904177, Best by Date: 9Nov14.","Class I",Terminated,V-176-2015,2013-08-13,2014-11-12,2017-03-21,,"Voluntary: Firm initiated","Two or more of the following: Email, Fax, Letter, Press Release, Telephone, Visit",https://www.accessdata.fda.gov/scripts/ires/?Product=121186
66009,4,"Eukanuba Dog Food Breed Specific Chihuahua Adult, 4 lb bags, UPC: 19014607037",19014607037,"Lot Code: 31884177, Best by Date: 7Nov14.","Class I",Terminated,V-177-2015,2013-08-13,2014-11-12,2017-03-21,,"Voluntary: Firm initiated","Two or more of the following: Email, Fax, Letter, Press Release, Telephone, Visit",https://www.accessdata.fda.gov/scripts/ires/?Product=121187
66009,5,"Eukanuba Dog Food Breed Specific Labrador Retriever Adult, 36 lb bags, UPC: 19014019564",19014019564,"Lot Code: 31954177, Best by Date: 14Nov14.","Class I",Terminated,V-178-2015,2013-08-13,2014-11-12,2017-03-21,,"Voluntary: Firm initiated","Two or more of the following: Email, Fax, Letter, Press Release, Telephone, Visit",https://www.accessdata.fda.gov/scripts/ires/?Product=121188
66009,6,"Eukanuba Dog Food Premium Performance 30/20 Adult, 33 lb bags, UPC: 19014609475",19014609475,"Lot Code: 31884177, Best by Date: 7Nov14.","Class I",Terminated,V-179-2015,2013-08-13,2014-11-12,2017-03-21,,"Voluntary: Firm initiated","Two or more of the following: Email, Fax, Letter, Press Release, Telephone, Visit",https://www.accessdata.fda.gov/scripts/ires/?Product=121189
66009,7,"Eukanuba Dog Food Professional Feeding Bag Small Breed Puppy, 44 lb bags, UPC: 19014113194",19014113194,"Lot Code: 31874177, Best by Date: 6Nov14.","Class I",Terminated,V-180-2015,2013-08-13,2014-11-12,2017-03-21,,"Voluntary: Firm initiated","Two or more of the following: Email, Fax, Letter, Press Release, Telephone, Visit",https://www.accessdata.fda.gov/scripts/ires/?Product=121190
66009,8,"Eukanuba Dog Food Weight Control Large Breed Adult, 30 lb bags, UPC: 19014269303",19014269303,"Lot Code: 31894177, Best by Date: 8Nov14, Lot Code: 31924177, Best by Date: 11Nov14.","Class I",Terminated,V-181-2015,2013-08-13,2014-11-12,2017-03-21,,"Voluntary: Firm initiated","Two or more of the following: Email, Fax, Letter, Press Release, Telephone, Visit",https://www.accessdata.fda.gov/scripts/ires/?Product=121191
66009,9,"Iams Dog Food Healthy Naturals Chicken Adult, 2.9 lb (UPC: 19014700165), 5 lb (UPC: 19014612635), 13.3 lb (UPC: 19014612017) and 25.7 lb bags (UPC: 19014700646)",19014612017;19014612635;19014700165;19014700646,"Lot Code: 31944177, Best by Date: 13Nov14 (2.9 lb.); Lot Code: 31904177, Best by date: 9Nov14 and Lot Code: 31914177, Best by Date: 10Nov14 (5 lb); Lot Code: 31884177, Best by Date: 7Nov14; Lot Code: 31904177, Best by Date: 9Nov14; Lot Code: 31924177, Best by Date: 11Nov14; Lot Code: 31934177, Best by Date: 12Nov14 and Lot Code: 31944177, Best by Date: 13Nov14 (13.3 lb) and Lot Code: 31884177, Best by Date: 7Nov14; Lot Code: 31894177, Best by Date: 8Nov14; Lot Code: 31904177, Best by Date: 9Nov14; Lot Code: 31914177, Best by Date: 10Nov14; and Lot Code: 31934177, Best by Date: 12Nov14 (25.7 lb).","Class I",Terminated,V-182-2015,2013-08-13,2014-11-12,2017-03-21,,"Voluntary: Firm initiated","Two or more of the following: Email, Fax, Letter, Press Release, Telephone, Visit",https://www.accessdata.fda.gov/scripts/ires/?Product=121192
66009,10,"Iams Dog Food Healthy Naturals Weight Control Adult, 13.3 lb bags, UPC: 19014612024",19014612024,"Lot Code: 31894177, Best by Date: 8Nov14","Class I",Terminated,V-183-2015,2013-08-13,2014-11-12,2017-03-21,,"Voluntary: Firm initiated","Two or more of the following: Email, Fax, Letter, Press Release, Telephone, Visit",https://www.accessdata.fda.gov/scripts/ires/?Product=121193
66009,11,"Iams Dog Food Premium Protection Chicken Adult, 12.1 lb bags, UPC: 19014611362",19014611362,"Lot Code: 31894177, Best by Date: 8Nov14.","Class I",Terminated,V-184-2015,2013-08-13,2014-11-12,2017-03-21,,"Voluntary: Firm initiated","Two or more of the following: Email, Fax, Letter, Press Release, Telephone, Visit",https://www.accessdata.fda.gov/scripts/ires/?Product=121194
66009,12,"Iams Dog Food ProActive Health Large Breed Senior Plus, 13.3 lb (UPC: 19014612000) and 26.2 lb bags (UPC: 19014700615)",19014612000;19014700615,"Lot Code: 31934177, Best by Date: 12Nov14 (both sizes)","Class I",Terminated,V-185-2015,2013-08-13,2014-11-12,2017-03-21,,"Voluntary: Firm initiated","Two or more of the following: Email, Fax, Letter, Press Release, Telephone, Visit",https://www.accessdata.fda.gov/scripts/ires/?Product=121195
66009,13,"Iams Dog Food ProActive Health Large Chunks Adult, 15 lb bags, UPC: 19014610815",19014610815,"Lot Code: 31944177, Best by Date: 13Nov14","Class I",Terminated,V-186-2015,2013-08-13,2014-11-12,2017-03-21,,"Voluntary: Firm initiated","Two or more of the following: Email, Fax, Letter, Press Release, Telephone, Visit",https://www.accessdata.fda.gov/scripts/ires/?Product=121196
66009,14,"Iams Dog Food ProActive Health Small Breed Adult, 3.1 lb (UPC: 19014700110), 13.3 lb (UPC: 19014610990) and 5 lb bags (UPC: 19014612055)",19014610990;19014612055;19014700110,"Lot Code: 31874177, Best by Date: 6Nov14 & Lot Code: 31894177, Best by Date: 8Nov14 (3.1 lb), Lot Code: 31874177, Best by Date: 6Nov14, Lot Code: 31894177, Best by Date: 8Nov14 & Lot Code: 31924177, Best by Date: 11Nov14: (5 lb), and Lot Code: 31874177, Best by Date: 6Nov14, Lot Code: 31894177, Best by Date: 8Nov14 and Lot Code: 31924177, Best bt Date: 11Nov14 (13.3 lb).","Class I",Terminated,V-187-2015,2013-08-13,2014-11-12,2017-03-21,,"Voluntary: Firm initiated","Two or more of the following: Email, Fax, Letter, Press Release, Telephone, Visit",https://www.accessdata.fda.gov/scripts/ires/?Product=121197
66009,15,"Iams Dog Food ProActive Health Small Breed Puppy, 5 lb bags UPC: 19014700943",19014700943,"Lot Code: 31904177, Best by Date: 9Nov14.","Class I",Terminated,V-188-2015,2013-08-13,2014-11-12,2017-03-21,,"Voluntary: Firm initiated","Two or more of the following: Email, Fax, Letter, Press Release, Telephone, Visit",https://www.accessdata.fda.gov/scripts/ires/?Product=121198
66009,16,"Iams Cat Food Healthy Naturals Chicken Adult, 5 lb (UPC: 19014612697) and 16 lb bags (UPC: 19014611881)",19014611881;19014612697,"Lot Code: 31874177, Best by Date: 6Nov14 & Lot Code: 31944177, Best by Date: 13Nov14 (5 lb) and Lot Code: 31874177, Best by Date: 6Nov14 & Lot Code: 31944177, Best by Date: 13Nov14 (16 lb).","Class I",Terminated,V-189-2015,2013-08-13,2014-11-12,2017-03-21,,"Voluntary: Firm initiated","Two or more of the following: Email, Fax, Letter, Press Release, Telephone, Visit",https://www.accessdata.fda.gov/scripts/ires/?Product=121199
66009,17,"Iams Cat Food Healthy Naturals Weight Control Adult, 5 lb bags, UPC: 19014612703",19014612703,"Lot Code: 31894177, Best by Date: 8Nov14.","Class I",Terminated,V-190-2015,2013-08-13,2014-11-12,2017-03-21,,"Voluntary: Firm initiated","Two or more of the following: Email, Fax, Letter, Press Release, Telephone, Visit",https://www.accessdata.fda.gov/scripts/ires/?Product=121200
66009,18,"Iams Cat Food ProActive Health Chicken Adult, 3.2 lb (UPC: 19014612659), 5.7 lb (UPC: 19014612499), 6.3 lb (UPC: 19014611621), 10.8 lb (UPC: 19014612086) and 17.4 lb bags (UPC: 19014611836)",19014611621;19014611836;19014612086;19014612499;19014612659,"Lot Code: 31904177, Best by Date: 9Nov14; Lot Code: 31924177, Best by Date: 11Nov14; Lot Code: 31934177, Best by Date: 12Nov14 & Lot Code: 31944177, Best by Date: 13Nov14 (3.2 lb); Lot Code: 31864177, Best by Date: 5Nov14; Lot Code: 31914177, Best by Date: 10Nov14; Lot Code: 31924177, Best by Date: 11Nov14 & Lot Code: 31944177, Best by Date: 13Nov14 (5.7 lb); Lot Code: 31944177, Best by Date: 13Nov14 (6.3 lb); Lot Code: 31864177, Best by Date: 5Nov14; Lot Code: 31904177, Best by Date: 9Nov14; Lot Code: 31914177, Best by Date: 10Nov14; Lot Code: 31924177, Best by Date: 11Nov14 & Lot Code: 31944177, Best by Date: 13Nov14 (10.8 lb) and Lot Code: 31864177, Best by Date: 5Nov14; Lot Code: 31914177, Best by Date: 10Nov14; Lot Code: 31924177, Best by Date: 11Nov14 & Lot Code: 31944177, Best by Date: 13Nov14 (17.4 lb).","Class I",Terminated,V-191-2015,2013-08-13,2014-11-12,2017-03-21,,"Voluntary: Firm initiated","Two or more of the following: Email, Fax, Letter, Press Release, Telephone, Visit",https://www.accessdata.fda.gov/scripts/ires/?Product=121201
66009,19,"Iams Cat Food ProActive Health Chicken Kitten, 3.2 lb (UPC: 19014612628), 5.7 lb (UPC: 19014612505), 17.4 lb bags (UPC: 19014611867)",19014611867;19014612505;19014612628,"Lot Code: 31904177, Best by Date: 9Nov14 & Lot Code: 31954177, Best by Date: 14Nov14 (3.2 lb) & Lot Code: 31904177, Best by Date: 9Nov14 and Lot Code: 31954177, Best By Date: 14Nov14 (5.7 lb) and Lot Code: 31904177, Best by Date: 9Nov14 (17.4 lb).","Class I",Terminated,V-192-2015,2013-08-13,2014-11-12,2017-03-21,,"Voluntary: Firm initiated","Two or more of the following: Email, Fax, Letter, Press Release, Telephone, Visit",https://www.accessdata.fda.gov/scripts/ires/?Product=121202
66009,20,"Iams Cat Food ProActive Health Digestive Care Adult, 3 lb (UPC: 19014700202), 5 lb (UPC: 19014612451) and 16 lb bags (UPC: 19014611904)",19014611904;19014612451;19014700202,"Lot Code: 31904177, Best by Date: 9Nov14 & Lot Code: 31954177, Best by Date: 14Nov14 (3 lb); Lot Code: 31904177, Best by Date: 9Nov14 & Lot Code: 31954177, Best by Date: 14Nov14 (5 lb) and Lot Code: 31904177, Best by Date: 9Nov14 and Lot Code: 31954177, Best by Date: 14Nov14 (16 lb).","Class I",Terminated,V-193-2015,2013-08-13,2014-11-12,2017-03-21,,"Voluntary: Firm initiated","Two or more of the following: Email, Fax, Letter, Press Release, Telephone, Visit",https://www.accessdata.fda.gov/scripts/ires/?Product=121203
66009,21,"Iams Cat Food ProActive Health Hairball Adult, 3.1 lb (UPC: 19014700219), 5 lb (UPC: 19014612420), 9.8 lb (UPC: 19014612161) and 16 lb bags (UPC: 19014611911)",19014611911;19014612161;19014612420;19014700219,"Lot Code: 31884177, Best by Date: 7Nov14, Lot Code: 31914177, Best by Date: 10Nov14 & Lot Code: 31954177, Best by Date: 14Nov14 (3.1 lbs); Lot Code: 31874177, Best by Date: 6Nov14, Lot Code: 31884177, Best by Date: 7Nov14, Lot Code: 31914177, Best by Date: 10Nov14, Lot Code: 31934177, Best by Date: 12Nov14, Lot Code: 31954177, Best by Date: 14Nov14 (5 lbs); Lot Code: 31894177, Best by Date: 8Nov14, and 31914177, Best by Date: 10Nov14 (9.8 lbs.); Lot Code: 31874177, Best by Date: 6Nov14 & Lot Code: 31954177, Best by Date: 14Nov14 (16 lb).","Class I",Terminated,V-194-2015,2013-08-13,2014-11-12,2017-03-21,,"Voluntary: Firm initiated","Two or more of the following: Email, Fax, Letter, Press Release, Telephone, Visit",https://www.accessdata.fda.gov/scripts/ires/?Product=121204
66009,22,"Iams Cat Food ProActive Health Hairball Mature Adult, 5 lb bags, UPC: 19014612604",19014612604,"Lot Code: 31954177, Best by Date: 14Nov14.","Class I",Terminated,V-195-2015,2013-08-13,2014-11-12,2017-03-21,,"Voluntary: Firm initiated","Two or more of the following: Email, Fax, Letter, Press Release, Telephone, Visit",https://www.accessdata.fda.gov/scripts/ires/?Product=121205
66009,23,"Iams Cat Food ProActive Health Weight Control & Hairball Adult, 2.9 lb, (UPCs: 19014700240 and 19014700257), 5 lb (UPC: 19014612789), 5.5 lb (UPC: 19014611652), 9.8 lb (UPC: 19014612130) and 16 lb bags (UPC: 19014612147)",19014611652;19014612130;19014612147;19014612789,"Lot Code: 31914177, Best by Date: 10Nov14, Lot Code: 31924177, Best by Date: 11Nov14, Lot Code: 31934177, Best by Date: 12Nov14, Lot Code: 31944177, Best by Date: 13Nov14 & Lot Code: 31954177, Best by Date: 14Nov14 (2.9 lbs); Lot Code: 31884177, Best by Date: 7Nov14, Lot Code: 31914177, Best by Date: 10Nov14, Lot Code: 31924177, Best by Date: 11Nov14, Lot Code: 31934177, Best by Date: 12Nov14 & Lot Code: 31954177, Best by Date: 14Nov14 (5 lbs); Lot Code: 31924177, Best by Date: 11Nov14 (5.5 lbs); Lot Code: 31884177, Best by Date: 7Nov14, Lot Code: 31914177, Best by Date: 10Nov14, Lot Code: 31924177, Best by Date: 11Nov14, Lot Code: 31934177, Best by Date: 12Nov14 & Lot Code: 31944177, Best by Date: 13Nov14 (9.8 lbs); Lot Code: 31884177, Best by Date: 7Nov14, Lot Code: 31914177, Best by Date: 10Nov14, Lot Code: 31924177, Best by Date: 11Nov14, Lot Code: 31934177, Best by Date: 12Nov14 and Lot Code: 31944177, Best by Date: 13Nov14 (16 lbs).","Class I",Terminated,V-196-2015,2013-08-13,2014-11-12,2017-03-21,,"Voluntary: Firm initiated","Two or more of the following: Email, Fax, Letter, Press Release, Telephone, Visit",https://www.accessdata.fda.gov/scripts/ires/?Product=121206
66009,24,"Iams Cat Food ProActive Health Weight Control Adult, 5 lb (UPC: 19014612680), 9.8 lb (UPC: 19014612123) and 16 lb bags (UPC: 19014612178)",19014612123;19014612178;19014612680,"Lot Code: 31874177, Best by Date: 6Nov14, Lot Code: 31934177, Best by Date: 12Nov14 (5 lbs); Lot Code: 31874177, Best by Date: 6Nov14 (9.8 lbs) and Lot Code: 31874177, Best by Date: 6Nov14 & Lot Code: 31934177, Best by Date: 12Nov14 (16 lbs).","Class I",Terminated,V-197-2015,2013-08-13,2014-11-12,2017-03-21,,"Voluntary: Firm initiated","Two or more of the following: Email, Fax, Letter, Press Release, Telephone, Visit",https://www.accessdata.fda.gov/scripts/ires/?Product=121207
66009,25,"Iams Cat Food Professional Feeding Bag Chicken Adult, 33 lb bags, UPC: 19014105458",19014105458,"Lot Code: 31914177, Best by Date: 10Nov14 and Lot Code: 31944177, Best by Date: 13Nov14.","Class I",Terminated,V-198-2015,2013-08-13,2014-11-12,2017-03-21,,"Voluntary: Firm initiated","Two or more of the following: Email, Fax, Letter, Press Release, Telephone, Visit",https://www.accessdata.fda.gov/scripts/ires/?Product=121208
66009,26,"Eukanuba Dog Food Base Maintenance Puppy, 5 lb. (UPC 19014039852), 16.5 lb. (UPC 19014042234), and 33 lb. (UPC 19014609468) bags",19014039852;19014042234;19014609468,"Lot Code: 31884177, Best by Date: 7Nov14","Class I",Terminated,V-199-2015,2013-08-13,2014-11-12,2017-03-21,,"Voluntary: Firm initiated","Two or more of the following: Email, Fax, Letter, Press Release, Telephone, Visit",https://www.accessdata.fda.gov/scripts/ires/?Product=130134
66009,27,"Eukanuba Dog Food Base Small Breed Puppy, 4 lb. (UPC 19014039678), 16 lb. (UPC 19014010509), and 40 lb. (UPC 19014011070) bags",19014010509;19014011070;19014039678,"Lot Code: 31874177, Best by Date: 6Nov14 (4 lb); Lot Code: 31944177, Best by Date 13Nov14 (16 lb) and Lot Code: 31874177, Best by Date 6Nov14 & Lot Code: 31944177, Best by Date 13Nov14 (40 lb).","Class I",Terminated,V-200-2015,2013-08-13,2014-11-12,2017-03-21,,"Voluntary: Firm initiated","Two or more of the following: Email, Fax, Letter, Press Release, Telephone, Visit",https://www.accessdata.fda.gov/scripts/ires/?Product=130135
66009,28,"Eukanuba Dog Food Breed Specific Boxer Adult, 36 lb. bags (UPC 19014019588)",19014019588,"Lot Code: 31944177, Best by Date: 13Nov14 and Lot Code: 31954177, Best by Date 14Nov14 .","Class I",Terminated,V-201-2015,2013-08-13,2014-11-12,2017-03-21,,"Voluntary: Firm initiated","Two or more of the following: Email, Fax, Letter, Press Release, Telephone, Visit",https://www.accessdata.fda.gov/scripts/ires/?Product=130136
66009,29,"Iams Dog Food ProActive Health Large Breed Mature Adult, 30 lb. bags (UPC 19014611331)",19014611331,"Lot Code: 31884177, Best by Date: 7Nov14.","Class I",Terminated,V-202-2015,2013-08-13,2014-11-12,2017-03-21,,"Voluntary: Firm initiated","Two or more of the following: Email, Fax, Letter, Press Release, Telephone, Visit",https://www.accessdata.fda.gov/scripts/ires/?Product=130137
66149,1,"Purina ONE beyond, White Meat Chicken & Barley, dry dog food, packaged in a 3.5 lb bag. UPC 1780012679.",,"Production Code: 31071083, Best By date: OCT 2014","Class I",Terminated,V-165-2015,2013-08-30,2014-10-22,2016-10-26,"29,610/3.5-lb bags","Voluntary: Firm initiated",E-Mail,https://www.accessdata.fda.gov/scripts/ires/?Product=121560
66429,1,"Cellulase Enzyme Blends, bulk, custom blended formulations identified as Feed Sources blend and P-one blend, packed in boxes or drums ranging from 1 kg to 25 kg, item # CELIND, labeled in part ***Manufactured by BIO-CAT, INC.9117 Three Notch Road Troy, Virginia 22974 Telephone (800) 545-9052 Fax (434) 589-3301 E-mail: info@bio-cat.com Website: www.bio-cat.com***",,"Lots: fsb-vw08 pob-tw31","Class II",Terminated,V-054-2014,2013-09-26,2014-03-05,2014-06-17,"57,000 kg total","Voluntary: Firm initiated",E-Mail,https://www.accessdata.fda.gov/scripts/ires/?Product=122382
66429,2,"Pectinase Enzyme Blends, bulk, custom blended formulations identified as Synerzyme-AE, Brizyme, EB-7 Multi-Enzyme Blend, Enzyme 7x, Pectinase 3,000 ENDO PG/GM, and Enzyme Blend Y2X, in boxes or drums ranging from 1 kg to 25 kg, item # PECCI, labeled in part ***Manufactured by BIO-CAT, INC.9117 Three Notch Road Troy, Virginia 22974 Telephone (800) 545-9052 Fax (434) 589-3301 E-mail: info@bio-cat.com Website: www.bio-cat.com***",,"Lots: BRI-XW16 EB7-XW08 E7X-TW03 PE003-UW21 EBY2X-UW22","Class II",Terminated,V-055-2014,2013-09-26,2014-03-05,2014-06-17,"57,000 kg total","Voluntary: Firm initiated",E-Mail,https://www.accessdata.fda.gov/scripts/ires/?Product=122383
66429,3,"Xylanase Enzyme Blends, bulk, custom blended formulations identified as Synerzyme-ae, Brizyme, Cellulase Special Blend OMRI, Xylanase amylase blend, Bio-Cat Ruminant Enzyme, Feed Blend ws, Alkacel 20x, BC-XR, Enzyme blend #2237, CHX blend, and EB-7 multi-enzyme blend, packed in boxes or drums ranging from 1 kg to 25 kg, item # XYXP, and labeled in part ***Manufactured by BIO-CAT, INC.9117 Three Notch Road Troy, Virginia 22974 Telephone (800) 545-9052 Fax (434) 589-3301 E-mail: info@bio-cat.com Website: www.bio-cat.com***",,"Lots: synae-vw18 bri-xw16 csbomri-xw20 xab-vw21 bcr-yw14 fbws-uw04 alc20-ww05 bcxr-tw04 eb2237-vw14 chxb-uw27 eb7-xw08","Class II",Terminated,V-056-2014,2013-09-26,2014-03-05,2014-06-17,"57,000 kg total","Voluntary: Firm initiated",E-Mail,https://www.accessdata.fda.gov/scripts/ires/?Product=122384
66776,1,"Bailey's Choice 100% Chicken Treat, Net wt. 5oz, Made in Waleska, GA .",,"Lot numbers: Jun 2 2013, Jun 3, 2013, Jun 15, 2013, Jul 8, 2013 and Jul 11, 2013","Class I",Terminated,V-067-2014,2013-10-28,2014-06-18,2017-02-27,"200 units","Voluntary: Firm initiated",Telephone,https://www.accessdata.fda.gov/scripts/ires/?Product=123383
66776,2,"Bailey's Choice 100% Chicken Breast Treat, Made in Waleska, GA",,"Lot number: Jun 4, 2013","Class I",Terminated,V-068-2014,2013-10-28,2014-06-18,2017-02-27,,"Voluntary: Firm initiated",Telephone,https://www.accessdata.fda.gov/scripts/ires/?Product=123384
66776,3,"Bailey's Choice 100% Teriyaki Chicken Treat, Made in Waleska, GA",,"Lot number: 132881","Class I",Terminated,V-069-2014,2013-10-28,2014-06-18,2017-02-27,,"Voluntary: Firm initiated",Telephone,https://www.accessdata.fda.gov/scripts/ires/?Product=123385
67366,1,"WHOLESOME NUTRITION PMI NUTRITION RED FLANNEL PET FOOD CAT FORMULA CAT FOOD NET WT. 20 LB (9.07 kg) Distributed exclusively through PMI Nutrition Dealers. made in the USA Manufactured for PMI Nutrition LLC Brentwood, Missouri 63144 800 332-4738 www.pminutrition.com UPC 7 42869 00058 5 Item Number: 0066520 9902 2890652",742869000585,"Best by 05 06 14, Lot #096 13 SM L2 1A","Class I",Terminated,V-250-2015,2014-01-26,2015-08-19,2015-10-19,"1,390/20 lb bags","Voluntary: Firm initiated","Press Release",https://www.accessdata.fda.gov/scripts/ires/?Product=125341
67417,1,"***Joint Support for Dogs***SYNOVIAL-FLEX SOFT CHEWS***TRP*Advanced Soft Chew Technology***Combining Glucosamine HCl, MSM, Creatine Monohydrate, Perna Canaliculus, Omega-3 Fatty Acids and Antioxidants in a Palatable Liver Flavored Chew***SOGEVAL***Shared solutions***Net Content: Contains 120 soft chews***",,"Model # FNGL9002120, Lot # 52070-1 exp 12/2015.","Class III",Terminated,V-057-2014,2014-01-29,2014-03-19,2014-08-04,77,"Voluntary: Firm initiated",E-Mail,https://www.accessdata.fda.gov/scripts/ires/?Product=125423
67583,1,"Hubbard Life Happy Hound 27/15 Dog Food, Complete and balanced nutrition for all life stages, NET WT 40 lb/18.14 KG Hubbard Feeds, Inc. P.O. Box 8500 Mankato, MN 56001-8500 www.hubbardlife.com",,"Lot Number: 096 13 SM L2 2A and 096 13 SM L2 1A","Class I",Terminated,V-125-2016,2014-02-04,2016-01-27,2016-08-25,"1,100/40 lb bags","Voluntary: Firm initiated","Press Release",https://www.accessdata.fda.gov/scripts/ires/?Product=125767
67583,2,"Hubbard Life Cat Stars Cat Food, Complete and balanced nutrition for all life stages, NET WT 15 lb/8.18 KG Hubbard Feeds, Inc. P.O. Box 8500 Mankato, MN 56001-8500 www.hubbardlife.com",,"Lot Number: 096 13 SM L2 1A","Class I",Terminated,V-126-2016,2014-02-04,2016-01-27,2016-08-25,"1,350/15 lb bags","Voluntary: Firm initiated","Press Release",https://www.accessdata.fda.gov/scripts/ires/?Product=125768
67583,3,"Hubbard Life Maintenance Dog Food, Complete and balanced nutrition for all life stages, Natural fiber for healthy digestive system. NET WT 40 lb/18.14 KG Hubbard Feeds, Inc. P.O. Box 8500 Mankato, MN 56001-8500 www.hubbardlife.com",,"Lot Number: 096 13 SM L2 2A","Class I",Terminated,V-127-2016,2014-02-04,2016-01-27,2016-08-25,"750/40 lb bags","Voluntary: Firm initiated","Press Release",https://www.accessdata.fda.gov/scripts/ires/?Product=125771
67583,4,"Joy Combo Cat Stars Cat Food MEAT, FISH & MILK FLAVOR NET WT. 15 LBS. (6.8 KG) & 40 LBS. (18.18 KG) paper bags. JOY PET FOODS PINCKNEYVILLE, IL 62274 800-245-4125 www.joypetfood.com",,"Lot Number: 096 13 SM L2 2A and 096 13 SM L2 1A","Class I",Terminated,V-128-2016,2014-02-04,2016-01-27,2016-08-25,"450/15lb. Bags + 560/40lb. Bags","Voluntary: Firm initiated","Press Release",https://www.accessdata.fda.gov/scripts/ires/?Product=125772
67583,5,"Quality Care Plus QC+ Adult 26/15 Real Chicken and Brown Rice Formula Dog Food ALIMENT FOUR CHIEN NET WT. 20 LBS (9.06 KG) & 40 LBS. (18.12 KG) paper bags. Distributed by: Quality Care Plus QC+ P. O. Box 369, St. Marys, OH 45885 USA 1-800-780-0874 www.QCPlus.com",,"Lot Number: 097 13 SM L2 2A and 097 13 SM L2 1A","Class I",Terminated,V-129-2016,2014-02-04,2016-01-27,2016-08-25,"377/20lb. Bags + 544/40 lb. Bags","Voluntary: Firm initiated","Press Release",https://www.accessdata.fda.gov/scripts/ires/?Product=125773
67969,1,"""ABADY HIGHEST QUALITY MAINTENANCE & GROWTH FORMULA FOR CATS"" packed in a cardboard retail box with white label with color printing attached to the exterior of the box. Lot code is stamped on the box. Product was provided in 3 pack sizes: NET WT. 2 lbs. (0.9 kgs.)***PRODUCT No. 201-02. NET WT. 5 lbs (2.27 kgs.)***PRODUCT No. 201-05. NET WT. 15 lbs (6.81 kgs.)***PRODUCT No. 201-15.",,14029/21,"Class I",Terminated,V-276-2016,2014-04-08,2016-02-03,2016-02-05,"8x2lb boxes, 21x5lb boxes, 6x15lb boxes","Voluntary: Firm initiated","Press Release",https://www.accessdata.fda.gov/scripts/ires/?Product=126681
68280,1,"HAPPY HIPS TILAPIA WITH GLUCOSAMINE & CHONDROITIN, 15 oz.",,"All Lot with Best Before date of December 26th, 2014 or earlier, based on last lot code produced. UPC 84244115184. Product Code 11518.","Class III",Terminated,V-070-2014,2014-04-18,2014-06-25,2014-06-17,unknown,"Voluntary: Firm initiated","Two or more of the following: Email, Fax, Letter, Press Release, Telephone, Visit",https://www.accessdata.fda.gov/scripts/ires/?Product=127264
68297,1,"RAW FOOD DIET BRAVO! BEEF BLEND FOR DOGS AND CATS (Made in New Zealand); 2 lb., 5 lb., and 10 lb. tubes. Product Numbers: 52-102, 52-105, 52-110",,"Best Used By Date: 10/10/15 or earlier","Class I",Terminated,V-082-2016,2014-05-14,2015-12-02,2016-06-15,,"Voluntary: Firm initiated","Press Release",https://www.accessdata.fda.gov/scripts/ires/?Product=127293
68297,2,"RAW FOOD DIET BRAVO! LAMB BLEND FOR DOGS AND CATS (Made in New Zealand); All 2lb., 5 lb., and 10 lb. tubes; Product numbers 42-102, 42-105, 42-110",,"Best Used By Date: 10/10/15 or earlier","Class I",Terminated,V-084-2016,2014-05-14,2015-12-02,2016-06-15,,"Voluntary: Firm initiated","Press Release",https://www.accessdata.fda.gov/scripts/ires/?Product=127295
68297,3,"RAW FOOD DIET BRAVO! LAMB BASIC FOR DOGS AND CATS (Made in New Zealand); 2 lb. tubes; Product numbers 42-202",,"Best Used By Date: 10/10/15 or earlier","Class I",Terminated,V-085-2016,2014-05-14,2015-12-02,2016-06-15,,"Voluntary: Firm initiated","Press Release",https://www.accessdata.fda.gov/scripts/ires/?Product=127296
68297,4,"RAW FOOD DIET BRAVO! BEEF & BEEF HEART FOR DOGS AND CATS (Made in New Zealand); 5 lb. tubes; Product numbers 53-130",,"Best Used By Date: 10/10/15 or earlier","Class I",Terminated,V-086-2016,2014-05-14,2015-12-02,2016-06-15,,"Voluntary: Firm initiated","Press Release",https://www.accessdata.fda.gov/scripts/ires/?Product=127298
68297,5,"RAW FOOD DIET BRAVO! 100% PURE & NATURAL PREMIUM GRASS-FED BUFFALO FOR DOGS AND CATS (Manufactured by: Bravo! Manchester, CT); NET WT 2LBS (32 OZ) .91KG (Tubes); Product Number: 72-222",,"Best Used By Date: 1/7/16","Class I",Terminated,V-087-2016,2014-05-14,2015-12-02,2016-06-15,,"Voluntary: Firm initiated","Press Release",https://www.accessdata.fda.gov/scripts/ires/?Product=127299
68297,6,"RAW FOOD DIET BRAVO! LAMB BLEND FOR DOGS AND CATS (Manufactured by: Bravo! Manchester, CT); 5 LBS (80 OZ) 2.3KG, Chub (tube); Product Number: 42-105",,"Best Used By Date: 2/11/16","Class I",Terminated,V-089-2016,2014-05-14,2015-12-02,2016-06-15,,"Voluntary: Firm initiated","Press Release",https://www.accessdata.fda.gov/scripts/ires/?Product=127301
68403,1,"PCI Brand Lamb Crunchys Dog Treats, 3 oz. Packaged in plastic bag/pouch with zip top. Product labeling in English and Spanish, reads in part:""***100% Natural Lamb Crunchys***PCI BRAND***MADE IN U.S.A NET WEIGHT 3 oz(85g)***PET CENTER, INC. 1-800-390-0575 www.petcenterinc.com***info@petcenterinc.com***"".",,"Item Number LAM-003. UPC# 727348200038). Date Code 122015","Class I",Terminated,V-078-2016,2014-05-28,2015-12-02,2015-12-23,"672 bags","Voluntary: Firm initiated","Press Release",https://www.accessdata.fda.gov/scripts/ires/?Product=127517
68413,1,"WHOLE PAWS (TM), MAINTENANCE FORMULA, CHICKEN AND BROWN RICE RECIPE, dog food, NET WT 6 LBS, UPC 0 99482 44710 6",099482447106,"Lot Number: BEST BY TD2 09 NOVEMBER 2014","Class I",Terminated,V-220-2015,2014-05-28,2015-02-04,2015-01-30,"2612 units","Voluntary: Firm initiated",E-Mail,https://www.accessdata.fda.gov/scripts/ires/?Product=127539
68425,1,"Hill's Science Diet Adult 1-6, Small & Toy Breeds, Premium Natural Dog Food, packaged in 15.5 lb (7.03 kg) bags. Manufactured by: Hill's Pet Nutrition, Inc., Topeka, KS.",,"SKU 9097 Best Before 082015M094","Class I",Terminated,V-249-2015,2014-05-30,2015-08-19,2015-08-10,"62 bags","Voluntary: Firm initiated",Telephone,https://www.accessdata.fda.gov/scripts/ires/?Product=127564
69103,1,"PEDIGREE Adult Complete Nutrition Dry Dog Food sold under the Pedigree brand in 15 and 55 lbs. bags.",,"1) 15 lbs. bags; UPC: 23100 10944; 2) 55 lbs. bags; UPC: 23100 10731","Class II",Terminated,V-152-2014,2014-08-21,2014-09-24,2016-03-08,"1) 15 lbs. bags: 72 bags; 2) 55 lbs. bags: 1,685 bags","Voluntary: Firm initiated",,https://www.accessdata.fda.gov/scripts/ires/?Product=129645
69353,1,"BRAVO! Raw Food Diet TURKEY BLEND FOR DOGS AND CATS; Product Number: 31-102; Size: 2 lb. (32 OZ) plastic tubes, UPC: 829546311025; Keep Frozen",829546311025,"Best used by date: 11-05-15","Class I",Terminated,V-289-2016,2014-09-25,2016-02-03,2016-06-07,,"Voluntary: Firm initiated","Two or more of the following: Email, Fax, Letter, Press Release, Telephone, Visit",https://www.accessdata.fda.gov/scripts/ires/?Product=130278
69353,2,"Bravo! Blends All Natural Chicken Blend diet for dogs & cats; Product Number: 21-102; Size: 2 lb. (32 OZ) plastic tubes - UPC: 829546211028 and Product Number: 21-105 Size: 5 lb. (80 OZ) 2.3KG plastic tubes - UPC: 829546211059; Keep Frozen.",829546211028;829546211059,"Best used by date: 08-11-16","Class I",Terminated,V-290-2016,2014-09-25,2016-02-03,2016-06-07,,"Voluntary: Firm initiated","Two or more of the following: Email, Fax, Letter, Press Release, Telephone, Visit",https://www.accessdata.fda.gov/scripts/ires/?Product=130280
69374,1,"Kong Jumbo Aussie Sticks Beef 1 Chew, UPC 0 39897 75559 5",039897755595,"Item No. 75559","Class III",Terminated,V-166-2015,2014-09-19,2014-10-22,2014-12-01,"17,569 units","Voluntary: Firm initiated",Letter,https://www.accessdata.fda.gov/scripts/ires/?Product=130359
69374,2,"Kong Jumbo Aussie Sticks Lamb 1 Chew, UPC 0 39897 75560 1",039897755601,"Item No. 75560","Class III",Terminated,V-167-2015,2014-09-19,2014-10-22,2014-12-01,"8,336 units","Voluntary: Firm initiated",Letter,https://www.accessdata.fda.gov/scripts/ires/?Product=130360
69598,1,"Simply Nourish Dog Treats Biscotti with Beef & Sweet Potato Net Wt. 4 oz. Distributed by: Simply Nourish Pet Food Company 19601 N. 27th Avenue, Phoenix, AZ USA 85027 Made in USA UPC 73725747061",73725747061,"Lot 021114 and Lot 021414 Exp 2/16","Class III",Terminated,V-209-2015,2014-10-01,2014-12-03,2017-07-12,"4,951 units","Voluntary: Firm initiated",Letter,https://www.accessdata.fda.gov/scripts/ires/?Product=131020
69811,1,"Pet Shoppe Chicken Jerky, in a 20 oz resealable plastic bag. Stored at room temperature. UPC Code: 049022575875",,"Lot # 13042301, Best By: 4/22/2015","Class III",Terminated,V-120-2016,2014-07-01,2015-12-30,2016-06-21,"30,352 bags","Voluntary: Firm initiated",E-Mail,https://www.accessdata.fda.gov/scripts/ires/?Product=131576
69843,1,"EVO Grain Free Turkey & Chicken Formula Cat & Kitten Food, packaged in 15.4 lbs. paper bags, UPC 5148 541400, Manufactured by Natura Pet Products, Inc., Fremont, NE;",5148541400,"(1) Lot 4300A700D2; (2) Lots 4301A700A4, 4301A700B4, and 4301A700C4; (3) Lot 4300A700D3;","Class I",Terminated,V-286-2016,2014-11-20,2016-02-03,2016-02-05,"2128 units","Voluntary: Firm initiated",Telephone,https://www.accessdata.fda.gov/scripts/ires/?Product=131681
69843,2,"California Natural Herring & Sweet Potato Formula, Adult Cat Food, packaged in 15 lbs paper boxes, UPC 5148 582357, Manufactured by Natura Pet Products, Inc., Fremont, NE.",5148582357,"Lot 4307A700D2;","Class I",Terminated,V-287-2016,2014-11-20,2016-02-03,2016-02-05,"126 units","Voluntary: Firm initiated",Telephone,https://www.accessdata.fda.gov/scripts/ires/?Product=131701
69853,1,"Rachael Ray Nutrish Natural Food For Cats Paw Lickin Chicken and Liver Net Wt. 2.8 oz.; on side of cup: Best Before (up to and including) Aug 17 2015; On bottom of cup: Distributed By: Ainsworth Pet Nutrition, Meadville, PA 16335 Product of Thailand. In plastic cup with foil seal",,"Best Buy dates up to and including: Aug 17 2015","Class I",Terminated,V-104-2016,2015-06-03,2015-12-09,2016-04-27,"2929 cases, 24 cups/cs.","Voluntary: Firm initiated",Letter,https://www.accessdata.fda.gov/scripts/ires/?Product=131708
69853,2,"Rachael Ray Nutrish Natural Food For Cats Ocean Fish & Chicken Catch-Iatore Net Wt. 2.8 oz.; on side of cup: Best Before (up to and including) DEC 1 2016; On bottom of cup: Distributed by: Ainsworth Pet Nutrition, Inc., Meadville, PA 16335; In plastic cup with foil seal",,"Best Buy dates up to and including: Dec 1 2016","Class I",Terminated,V-105-2016,2015-06-03,2015-12-09,2016-04-27,"12,284 cs, 24 cups/cs.","Voluntary: Firm initiated",Letter,https://www.accessdata.fda.gov/scripts/ires/?Product=137639
69853,3,"Rachael Ray Nutrish Natural Food For Cats; Ocean Fish-A-Licious; Net Wt. 2.8 oz.; on side of cup: Best Before (up to and including) DEC 1 2016; On bottom of cup: Distributed by: Ainsworth Pet Nutrition, Inc., Meadville, PA 16335; In plastic cup with foil seal",,"Best Buy dates up to and including: Dec 1 2016","Class I",Terminated,V-106-2016,2015-06-03,2015-12-09,2016-04-27,"13,654 cs; 24 cups/cs","Voluntary: Firm initiated",Letter,https://www.accessdata.fda.gov/scripts/ires/?Product=137640
69853,4,"Rachael Ray Nutrish Natural Food For Cats 12 Count 12 - 2.8 oz. cups Net Wt. 33.6 oz. Best Before (up to and including) DEC 1 2016 Distributed By: Ainsworth Pet Nutrition Inc., Meadville, PA 16335 Variety: Chicken Lovers Variety Pack; Ocean Lovers Variety Pack",,"Best Buy dates up to and including: Dec 1 2016","Class I",Terminated,V-107-2016,2015-06-03,2015-12-09,2016-04-27,"Ocean lover's - 18006 cs 12 units/cs; Chicken Lovers - 33,117 cs 12 units/cs","Voluntary: Firm initiated",Letter,https://www.accessdata.fda.gov/scripts/ires/?Product=137642
69853,5,"Rachael Ray Nutrish Natural Food For Cats; Lip Smackin' Sardine & Mackerel; Net Wt. 2.8 oz. cups; on side of cup: Best Before (up to and including) DEC 1 2016; On bottom of cup: Distributed by: Ainsworth Pet Nutrition, Inc., Meadville, PA 16335; In plastic cup with foil seal",,"Best Buy dates up to and including: Dec 1 2016","Class I",Terminated,V-108-2016,2015-06-03,2015-12-09,2016-04-27,"5140 cs, 24 cups/cs.","Voluntary: Firm initiated",Letter,https://www.accessdata.fda.gov/scripts/ires/?Product=137792
69853,6,"Rachael Ray Nutrish Natural Food For Cats; Tuna Purrfection; Net Wt. 2.8 oz. cups; on side of cup: Best Before (up to and including) DEC 1 2016; On bottom of cup: Distributed by: Ainsworth Pet Nutrition, Inc., Meadville, PA 16335; In plastic cup with foil seal",,"Best Buy dates up to and including: Dec 1 2016","Class I",Terminated,V-109-2016,2015-06-03,2015-12-09,2016-04-27,"46,186 cs, 24 cups/cs.","Voluntary: Firm initiated",Letter,https://www.accessdata.fda.gov/scripts/ires/?Product=137794
70196,1,"Jump Your Bones Roo Bites (Cubes) - Packaged in 80g/2.82 oz. including samples of .32 oz.plastic bags in a re-sealable container",,"No codes/lots #'s or Best By or Expiration date on the packages only UPC 63633010041","Class I",Terminated,V-293-2016,2014-12-31,2016-02-10,2016-09-28,"1,339 kilograms (to make 80 grams bags)","Voluntary: Firm initiated","Press Release",https://www.accessdata.fda.gov/scripts/ires/?Product=132476
70301,1,"Oma's Purr, Complete Feline Poultry Meal. Net Weight: 12 oz (340 g). and Net Weight: 2 lbs (907 g.). Product is sold in frozen in a plastic container.",,"Code # 1524. UPC Codes: 12 oz. #879384000179 and 2 lb. #879384000186","Class I",Terminated,V-060-2016,2015-01-16,2015-11-04,2015-10-26,"682 pounds","Voluntary: Firm initiated","Press Release",https://www.accessdata.fda.gov/scripts/ires/?Product=132922
70406,1,"Big Bark All Natural Beef Jerky Treat for Dogs, Guaranteed Analysis, Crude Protein 65%, Crude Fat 8.0%, Crude Fiber 2.0%, Moisture 10.0%, Ingredients: Dehydrated Beef Heart Made in USA Grill-Phoria LLC 1082 North Denver Ave, Loveland, Colorado 80537, Item #NS01701, 3.5 oz (99 g), 8 17894 01701 0",,"No lot codes are listed on the product. Product is packed in 3.5 oz resealable plastic pouches. It was manufactured and distributed from 9/20/14 through 1/02/15.","Class I",Terminated,V-296-2016,2015-01-30,2016-02-10,2016-06-14,"221 x 3.5 oz bags","Voluntary: Firm initiated","Press Release",https://www.accessdata.fda.gov/scripts/ires/?Product=133501
70504,1,"Nutrisca Chicken and Chick Pea Recipe Dry Dog Food, Net Wt. 4 lbs.",,"First five digits of Lot Codes: 4G29P, 4G31P, 4H01P, 4H04P, 4H05P, 4H06P. Best By Dates: Jul28 16, Jul 30 16, Jul 31 16, Aug 03 16, Aug 04 16, Aug 05 16.","Class I",Terminated,V-297-2016,2015-02-11,2016-02-10,2016-04-07,"17,376 units","Voluntary: Firm initiated",Letter,https://www.accessdata.fda.gov/scripts/ires/?Product=133921
70508,1,"Buster’s Natural Pet Supply Brand 6"" Beef Trachea, 12 pack in plastic pouch",,"Lot #54, 8501450; UPC #8501450","Class I",Terminated,V-307-2016,2015-01-12,2016-02-17,2017-01-04,"1500 units","Voluntary: Firm initiated",Other,https://www.accessdata.fda.gov/scripts/ires/?Product=133926
70734,1,"Primal Formula for Cats; Turkey - 93% Turkey, 7% produce and supplements. 1 oz. nuggets - Keep Frozen: Net wt. 3 lbs. (1.35 kg) Feline Turkey Formula Ingredients: Turkey, Turkey Necks, Turkey Hearts, Turkey Livers, Organic Collard Greens, Organic Squash, Organic Celery, Cranberries, Blueberries, Organic Pumpkin Seeds, Organic Sunflower Seeds, Minerals (Zinc Sulfate, Copper Carbonate, Selenium), Almonds, Organic Apple Cider Vinegar, Sardine Oil, Taurine, Organic Quinoa Sprout Powder, Dried Organic Kelp, Organic Cilantro, Organic Coconut Oil, Cod Liver Oil, Organic Ginger, Natural Vitamin E. Primal Pet Foods Inc.",,"Best By date 060815 B22 UPC 8 50334-00414 0.","Class I",Terminated,V-300-2016,2015-03-13,2016-02-17,2016-02-16,"52 cases (8 x 3 lb. bags per case) (1248 lbs.","Voluntary: Firm initiated","Press Release",https://www.accessdata.fda.gov/scripts/ires/?Product=134573
70996,1,"Nylabone Puppy Starter Kit Net Wt. 1.69 oz (48 g)Nylabone Products, PO Box 427 Neptune, NJ 07754-0427 UPC 0-1821481291-3",018214812913,"Lot #21935","Class I",Terminated,V-279-2016,2015-04-10,2016-02-03,2016-03-30,"2,513 eaches","Voluntary: Firm initiated",Telephone,https://www.accessdata.fda.gov/scripts/ires/?Product=135823
71258,1,"OC Raw Dog Turkey & Produce Raw Frozen Formulation 6.5 lbs./2.95 Kg and bulk bags Product is raw and frozen, and packaged in plastic bags.",,"lot 1511 USE BY 100815","Class I",Terminated,V-285-2016,2015-05-13,2016-02-03,2017-02-27,"2055 lbs (58 cases)","Voluntary: Firm initiated",E-Mail,https://www.accessdata.fda.gov/scripts/ires/?Product=137122
71506,1,"by Nature, Active Defense +, Grain Free, 95% Beef & Beef Liver, Made in New Zealand, Distributed By Kent Pet Group, Inc. 2905 N Hwy 61, Muscatine, IA 52761 USA, UPC 8-40673-10078-8",840673100788,7740,"Class II",Terminated,V-068-2016,2015-06-26,2015-11-18,2017-03-28,"281 cases","Voluntary: Firm initiated",Telephone,https://www.accessdata.fda.gov/scripts/ires/?Product=138009
71506,2,"by Nature, Active Defense +, Grain Free, 95% Beef, Beef Liver & Chicken, Made in New Zealand, Distributed By Kent Pet Group, Inc. 2905 N Hwy 61, Muscatine, IA 52761 USA, UPC 8-40673-10081-8",840673100818,7758,"Class II",Terminated,V-069-2016,2015-06-26,2015-11-18,2017-03-28,"219 cases","Voluntary: Firm initiated",Telephone,https://www.accessdata.fda.gov/scripts/ires/?Product=138012
71506,3,"by Nature, Active Defense +, Grain Free, 95% Chicken & Venison, Made in New Zealand, Distributed By Kent Pet Group, Inc. 2905 N Hwy 61, Muscatine, IA 52761 USA, UPC 8-40673-10084-9",840673100849,7594,"Class II",Terminated,V-070-2016,2015-06-26,2015-11-18,2017-03-28,"109 cases","Voluntary: Firm initiated",Telephone,https://www.accessdata.fda.gov/scripts/ires/?Product=138016
71520,1,"Boulder Dog Food Company, L.L.C. Chicken Sprinkles, 3 Ounces, Single packages, with each package 8” x 5”.",,"Lot # 998, Best By 05/04/16","Class I",Terminated,V-282-2016,2015-06-04,2016-02-03,2016-07-12,10,"Voluntary: Firm initiated",Telephone,https://www.accessdata.fda.gov/scripts/ires/?Product=138062
71520,2,"Boulder Dog Food Company,Gourmet Dog Treats Turkey Sprinkles Food Enhancer, Net Wt. 3 oz (85G), 100% Turkey",,"Best By date of 05/18/16, 05/28/2016 and 05/30/2016 , a Lot Number of 743 , and a UPC Code of 899883001224","Class I",Terminated,V-283-2016,2015-06-04,2016-02-03,2016-07-12,"24 bags","Voluntary: Firm initiated",Telephone,https://www.accessdata.fda.gov/scripts/ires/?Product=138363
71607,1,"Vital Essentials Frozen Beef Tripe Patties, 6 lb package (heat sealed bag), 4 per case, product code #3809, UPC 33211 00809. Vital Essentials Frozen Tripe Treat Nibblets, 3 lb package (heat sealed bag), 6 per case, product code #3904, UPC 33211 00904.",3321100809;3321100904,"Tripe Patties - lot# 10930, product code# 3809, Best by date 20160210. Tripe Nibblets lot# 10719, Product code# 3904, Best by date 12022015.","Class I",Terminated,V-294-2016,2015-06-19,2016-02-10,2016-12-19,"4848 lbs.","Voluntary: Firm initiated","Two or more of the following: Email, Fax, Letter, Press Release, Telephone, Visit",https://www.accessdata.fda.gov/scripts/ires/?Product=138376
71648,1,"Stella & Chewy's Freeze-¿Dried Chewy's Chicken Dinner for Dogs, 15 oz., UPC 186011000045. Frozen Chewy's Chicken Dinner Morsels for Dogs, 4 lb, UPC 186011001387. Frozen Chewy's Chicken Dinner Patties for Dogs, 6 lb, UPC 186011000120. Frozen Chewy's Chicken Dinner Patties for Dogs, 3 lb, UPC 186011000038. Carnivore Crunch Chicken Recipe, 3.25 oz, UPC 186011001080.",186011000038;186011000045;186011000120;186011001080;186011001387,"Lot 111-¿15, Use By 4/21/2016, 4/23/2016 and 4/26/2016. Lot 110-15, Use by 5/3/2016. Lot 114-15, Use By 4/26/2016.","Class I",Terminated,V-473-2016,2015-07-03,2016-08-10,2017-08-11,"Total for all product : 5045 cases and 12 pieces","Voluntary: Firm initiated","Two or more of the following: Email, Fax, Letter, Press Release, Telephone, Visit",https://www.accessdata.fda.gov/scripts/ires/?Product=138524
71648,2,"Stella & Chewy's Carnivore Crunch Turkey Recipe, 3.25 oz, UPC 186011001103.",186011001103,"Lot 111-¿15, Use By 5/3/2016 and 5/4/2016.","Class I",Terminated,V-474-2016,2015-07-03,2016-08-10,2017-08-11,"Total for all product : 5045 cases and 12 pieces","Voluntary: Firm initiated","Two or more of the following: Email, Fax, Letter, Press Release, Telephone, Visit",https://www.accessdata.fda.gov/scripts/ires/?Product=138533
71648,3,"Stella & Chewy's Frozen Duck Duck Goose Dinner Morsels for Dogs, 4 lb, UPC 186011001394.",186011001394,"Lot 111-¿15, Use By 4/21/2016.","Class I",Terminated,V-475-2016,2015-07-03,2016-08-10,2017-08-11,"Total for all product: 5045 cases and 12 pieces","Voluntary: Firm initiated","Two or more of the following: Email, Fax, Letter, Press Release, Telephone, Visit",https://www.accessdata.fda.gov/scripts/ires/?Product=138534
71648,4,"Stella & Chewy's Freeze-Dried Chick, Chick, Chicken Dinner for Cats, 12 oz, UPC 186011000434.",186011000434,"Lot 111-¿15, Use By 4/29/2016 and 5/3/2016. Lot 104-15, Use By 4/23/2016. Lot 109-15, Use By 4/29/2016.","Class I",Terminated,V-476-2016,2015-07-03,2016-08-10,2017-08-11,"Total for all product : 5045 cases and 12 pieces","Voluntary: Firm initiated","Two or more of the following: Email, Fax, Letter, Press Release, Telephone, Visit",https://www.accessdata.fda.gov/scripts/ires/?Product=138535
71648,5,"Stella & Chewy's Freeze-Dried Tummy Ticklin' Turkey Dinner for Cats, 12 oz, UPC 186011000663.",186011000663,"Lot 114-¿15, Use By 5/4/2016. Lot 115-15, Use By 5/4/2016.","Class I",Terminated,V-477-2016,2015-07-03,2016-08-10,2017-08-11,"Total for all product : 5045 cases and 12 pieces","Voluntary: Firm initiated","Two or more of the following: Email, Fax, Letter, Press Release, Telephone, Visit",https://www.accessdata.fda.gov/scripts/ires/?Product=138536
71648,6,"Stella & Chewy's Freeze-Dried Salmon & Chicken Dinner for Cats, 12 oz, UPC 186011000403.",186011000403,"Lot 107-¿15, Use By 4/23/2016.","Class I",Terminated,V-478-2016,2015-07-03,2016-08-10,2017-08-11,"Total for all product: 5045 cases and 12 pieces","Voluntary: Firm initiated","Two or more of the following: Email, Fax, Letter, Press Release, Telephone, Visit",https://www.accessdata.fda.gov/scripts/ires/?Product=138537
71648,7,"Stella & Chewy's Frozen Surf'N Turf Dinner Patties for Dogs, 6 lb, UPC 186011000533.",186011000533,"Lot 111-¿15, Use By 4/21/2016.","Class I",Terminated,V-479-2016,2015-07-03,2016-08-10,2017-08-11,"Total for all product : 5045 cases and 12 pieces","Voluntary: Firm initiated","Two or more of the following: Email, Fax, Letter, Press Release, Telephone, Visit",https://www.accessdata.fda.gov/scripts/ires/?Product=138538
71648,8,"Stella & Chewy's Freeze-Dried Tantalizing Turkey Meal Mixers, 18 oz, UPC 186011000229. Freeze-Dried Tantalizing Turkey Meal Mixers, 9 oz, UPC 186011000205.",186011000205;186011000229,"Lot 105-¿15, Use By 5/3/2016. Lot 113-¿15, Use By 5/3/2016.","Class I",Terminated,V-480-2016,2015-07-03,2016-08-10,2017-08-11,"Total for all product : 5045 cases and 12 pieces","Voluntary: Firm initiated","Two or more of the following: Email, Fax, Letter, Press Release, Telephone, Visit",https://www.accessdata.fda.gov/scripts/ires/?Product=138540
71703,1,"Dingo chip Twists ""Chicken in the Middle"" packed 6 per bag Net Wt. 3.9 oz. (UPC 615650300600) and 16 per bag Net Wt. 9.59 oz. (UPC 615650990429) for dogs. The responsible name on the label is United Pet Group, Inc. Cincinnati, OH. Product is made in China.",615650300600;615650990429,"6-pack: Best by Date 5/16/2017 16-pack: Best by Date 12/27/2015 & 5/16/2017","Class III",Terminated,V-261-2015,2015-07-17,2015-09-23,2017-03-02,"37,824 bags","Voluntary: Firm initiated",E-Mail,https://www.accessdata.fda.gov/scripts/ires/?Product=138791
71736,1,"Bravo Blends All Natural Chicken Blend diet for dogs & cats, Item #: 21¿-102, 2 lb (32 oz.) chub; UPC: 829546211028",829546211028,12-05-16,"Class I",Terminated,V-301-2016,2015-07-23,2016-02-17,2016-07-27,"105 cases","Voluntary: Firm initiated","Press Release",https://www.accessdata.fda.gov/scripts/ires/?Product=138878
71736,2,"Bravo Balance Chicken Dinner for dogs, Patties, Item #: 21¿401; 3 lb (48 oz.) bag UPC: 829546214012",829546214012,12-05-16,"Class I",Terminated,V-302-2016,2015-07-23,2016-02-17,2016-07-27,"42 cases","Voluntary: Firm initiated","Press Release",https://www.accessdata.fda.gov/scripts/ires/?Product=139097
71736,3,"Bravo Balance Chicken Dinner for dogs, Chub, Item Code: 21¿402, 2 lb., (32 oz.) UPC: 829546214029",829546214029,12-05-16,"Class I",Terminated,V-303-2016,2015-07-23,2016-02-17,2016-07-27,"48 cases","Voluntary: Firm initiated","Press Release",https://www.accessdata.fda.gov/scripts/ires/?Product=139098
71736,4,"Bravo Blend Chicken diet for dogs & cats, Patties, Item Number: 21¿508, 5 lb. (80 oz.) bag, UPC: 829546215088",829546215088,12-05-16,"Class I",Terminated,V-304-2016,2015-07-23,2016-02-17,2016-07-27,"124 cases","Voluntary: Firm initiated","Press Release",https://www.accessdata.fda.gov/scripts/ires/?Product=139099
71789,1,"Nature's Variety Instinct Raw Chicken Formula Bites Nutrition for Dogs, packaged in 4 lb. plastic bags Net Wt. 4.0 LB (1.8 kg), UPC 7 6994961143 1, 6 (4 lb. bags) per case (UPC 7 69949 71143 8) and 7 lb. plastic bags Net Wt. 7.0 LB (3.2 kg), UPC 7 69949 61144 8, 4 (7 lb. bags) per case (UPC 7 69949 71144 5) . The responsible firm name on the label is Nature's Variety, Saint Louis, MO 63146.",769949611431;769949611448;769949711438;769949711445,"Best By 04/27/16","Class I",Terminated,V-267-2016,2015-07-24,2016-02-03,2017-03-28,"3,978 - 4 lb. bags and 2,040 - 7 lb. bags","Voluntary: Firm initiated","Press Release",https://www.accessdata.fda.gov/scripts/ires/?Product=139104
71789,2,"Nature's Variety Instinct Raw Chicken Formula Patties Nutrition for Dogs, packaged in 6 lb. plastic bags Net Wt. 6.0 LB (2.7 kg), UPC 7 6994961148 6, 6 (6 lb. bags) per case (UPC 7 69949 71148 3). The responsible firm name on the label is Nature's Variety, Saint Louis, MO 63146.",769949611486;769949711483,"Best By 04/27/16","Class I",Terminated,V-268-2016,2015-07-24,2016-02-03,2017-03-28,"3,018 - 6 lb. bags","Voluntary: Firm initiated","Press Release",https://www.accessdata.fda.gov/scripts/ires/?Product=139144
71875,1,"The Natural Dog Company, 12” Tremenda Sticks, 12oz, Resealable plastic bags",,"All products not containing a lot number.","Class I",Terminated,V-284-2016,2015-07-20,2016-02-03,2016-06-14,"560 bags","Voluntary: Firm initiated","Press Release",https://www.accessdata.fda.gov/scripts/ires/?Product=139259
71927,1,"Frozen Raw Cat Food (10 lbs. chubs and 50 lbs. block). No UPC code. Product is used for captive wild cats. The affected products are sold in 50 pound blocks or 10 lbs. chubs (the net weight per case of 10 lbs. chubs is 60 lbs.). Each chub is packaged in a white plastic bag labeled as Cat Food. The 10 lbs. product is labeled in parts: ""***CAT FOOD***Northwest Farm Food***10 LBS. NET WEIGHT***INEDIBLE NOT FOR HUMAN CONSUMPTION DO NOT FEED TO CATTLE OR OTHER RUMINANTS***KEEP FROZEN***Crude Protein**Crude Fat***Crude Fiber***Moisture***Ingredients: Fish, Beef Liver, Beef, Chicken, Meat By-Products. Cooked Wheat, Cooked Barley, Mill run, Steamed Bone Meal, Vit E & Vit B-12. Use as supplement to your regular maintenance diet***"".",,"Jul12015B. The code is interpreted as manufacture date (07/01/15) and shift (B)","Class I",Terminated,V-295-2016,2015-08-10,2016-02-10,2016-03-01,"total about 4200 lbs. (700 lbs. of 50 blocks and 3000 lbs. of 10 lbs. chubs)","Voluntary: Firm initiated","Two or more of the following: Email, Fax, Letter, Press Release, Telephone, Visit",https://www.accessdata.fda.gov/scripts/ires/?Product=139394
72092,1,"Chicken and Vegetable, K-9, Dog Food, Frozen Raw Dog Food Patties.",,"No Code Information availible","Class I",Terminated,V-451-2016,2015-08-31,2016-06-22,2016-08-12,"182 Cases","Voluntary: Firm initiated",E-Mail,https://www.accessdata.fda.gov/scripts/ires/?Product=139843
72226,1,"Natpet, LLC dba I and Love and You cow-boom! strips-beef gullet, 2.0 oz poly bags with zipper, 5 beef gullet strips per bag, 6 bags per case.",,"lot numbers ending in 4T1 or 5T1, a best-by-year of 2016 or 2017 and UPC number 818336011344","Class I",Terminated,V-515-2016,2015-07-10,2016-09-21,2016-10-24,"8430 cases (6 bags per case)","Voluntary: Firm initiated",Letter,https://www.accessdata.fda.gov/scripts/ires/?Product=140277
72300,1,"OC Raw Dog Chicken, Fish & Produce Raw Frozen Canine Formulation 3lb Meat Rox UPC Code: 022099069171 4lb Sliders UPC Code: 095225852640 6.5lb Doggie Dozen Patty Bags UPC Code: 022099069225",,"Lot #1819 Use by Date 050516","Class I",Terminated,V-308-2016,2015-09-27,2016-02-17,2017-02-27,"640 lbs.","Voluntary: Firm initiated","Press Release",https://www.accessdata.fda.gov/scripts/ires/?Product=140517
72310,1,"Good 'n' Fun Beefhide Chicken Sticks Chicken Jerky, Item No. 82247, packaged in cases of 24 bags. Each bag contains 10 sticks - Net Wt. 2.8 oz. (80g), UPC 0 91093 82247 1. Made in Colombia. Distributed by Salix Animal Health, LLC, Deerfield, FL 33442.",091093822471,"Multiple lots: AO15007, AO15009, AO15010, AO15015, AO15020, and AO15030 All product with expiration dates: 02/2018, 03/2018, 04/2018, 05/2018, 06/2018, and 07/2018.","Class I",Terminated,V-452-2016,2015-09-30,2016-06-22,2017-03-02,"465,777 bags","Voluntary: Firm initiated","Press Release",https://www.accessdata.fda.gov/scripts/ires/?Product=140569
72467,1,"Welcome Home Duck Jerky, Item No. 10204, 10206, Sku No. 318384, 318385, Bag Wt. 14oz, 30 oz",,"UPC 784815102042","Class III",Terminated,V-402-2016,2015-10-16,2016-03-16,2016-03-04,"661 cases","Voluntary: Firm initiated",E-Mail,https://www.accessdata.fda.gov/scripts/ires/?Product=141156
72467,2,"Welcome Home Jerky Duck, Item No. 15104, 15106, Sku No. 328408, 328409, Bag Wt. 12oz, 25.5oz",,"UPC 784815104954, 784815104961","Class III",Terminated,V-404-2016,2015-10-16,2016-03-16,2016-03-04,"310 cases","Voluntary: Firm initiated",E-Mail,https://www.accessdata.fda.gov/scripts/ires/?Product=141158
72613,1,"Halo Spot's Stew Wholesome Turkey Recipe Sensitive Formula for Cats (Dry Cat Kibble)",,"3 lbs. All Lots with Best by Date of 09/04/2016 6 lbs. All Lots with Best by Date of 09/04/2016","Class II",Terminated,V-405-2016,2015-10-26,2016-03-16,2019-01-29,"1,080 bags (3 lbs.) and 6,983 bags (6 lbs.)","Voluntary: Firm initiated","Two or more of the following: Email, Fax, Letter, Press Release, Telephone, Visit",https://www.accessdata.fda.gov/scripts/ires/?Product=141667
72627,1,"Blue Kitty Yums Tasty Chicken Recipe, UPC: 859610007820",859610007820,"Best If Used By: April 24, 2016 and July 24, 2016.","Class II",Terminated,V-401-2016,2015-11-06,2016-03-16,2016-04-14,"2070 cases","Voluntary: Firm initiated","Press Release",https://www.accessdata.fda.gov/scripts/ires/?Product=141745
72743,1,"Blue Wilderness Wild Chews - Cub Size Wilderness Wild Chews Bones, UPC: 840243110087",840243110087,"Expiration Date: November 4, 2017; printed as exp 110417"" on a sticker affixed to the product","Class I",Terminated,V-441-2016,2015-11-25,2016-06-22,2016-06-13,"1440 bones were shipped to two PetSmart distribution centers, 240 bones were shipped to PetSmart stores. 11 bones were sold to customers","Voluntary: Firm initiated","Two or more of the following: Email, Fax, Letter, Press Release, Telephone, Visit",https://www.accessdata.fda.gov/scripts/ires/?Product=142062
72744,1,"Naturel Promise, Fresh Dental, Healthy Dental Chews For Dogs, Hip & Joint, Fortified with Glucosamine & Chondroitin, NET WT. 8 OZ (227 g), 28+ Healthy Dental Snacks, Natur¿l Promise, Troy, MO 63379",,"Lot # 3892907135, best by date July 13, 2017","Class III",Terminated,V-407-2016,2015-11-25,2016-04-06,2017-02-22,"1,148/12/8 OZ/bags/cases","Voluntary: Firm initiated",Telephone,https://www.accessdata.fda.gov/scripts/ires/?Product=142063
72833,1,"Bravo All Natural Chicken Blend diet for dogs & cats. 2lb (32 oz) chubS Item Number: 21-102 UPC: 829546211028",829546211028,"Best used by date of 11/13/16","Class I",Terminated,V-447-2016,2015-12-10,2016-06-22,2019-05-17,"201 cases","Voluntary: Firm initiated",Letter,https://www.accessdata.fda.gov/scripts/ires/?Product=142324
72833,2,"Bravo All Natural Chicken Blend diet for dogs & cats, 5 lb (90 oz) chubs Item Number: 21-¿105 UPC: 829546211059",829546211059,"Best used by date of 11/13/16","Class I",Terminated,V-448-2016,2015-12-10,2016-06-22,2019-05-17,"250 cases","Voluntary: Firm initiated",Letter,https://www.accessdata.fda.gov/scripts/ires/?Product=142325
72833,3,"Bravo All Natural Turkey Blend diet for dogs & cats, 5 lb bag of 8 oz patties Item Number: 31-¿508 UPC: 829546315085",829546315085,"Best used by date of 11/13/16","Class I",Terminated,V-449-2016,2015-12-10,2016-06-22,2019-05-17,"8 cases","Voluntary: Firm initiated",Letter,https://www.accessdata.fda.gov/scripts/ires/?Product=142326
72833,4,"Bravo Balance Turkey Dinner for dogs, 3 lb bag of 4 oz. patties Item Number: 31-¿401 UPC: 829546314019",829546314019,"Best used by date of 11/13/16","Class I",Terminated,V-450-2016,2015-12-10,2016-06-22,2019-05-17,"60 cases","Voluntary: Firm initiated",Letter,https://www.accessdata.fda.gov/scripts/ires/?Product=142327
72857,1,"Stella & Chewy's brand Stella's Super Beef Dinner Morsels for Dogs. Keep Frozen. Made with raw, grass-fed beef with no added hormones or antibiotics. Manufactured by: Stella & Chewy's LLC, 2842 South 5th Court, Milwaukee, WI 53207. Packaged in the following sizes and codes: Net Wt. 8.5 oz. (240g), UPC 186011 001554, and Net Wt. 4 lb. (1.81kg), UPC 186011 01370.",186011001554;18601101370,"8.5 oz. package: Lot #165-15, Use By 6-25-2016 4 lb. package: Lot #165-15, Use By 6-25-2016 and 6/26/2016","Class I",Terminated,V-470-2016,2015-12-11,2016-08-10,2016-12-19,"268 cases","Voluntary: Firm initiated",Telephone,https://www.accessdata.fda.gov/scripts/ires/?Product=142362
72857,2,"Stella & Chewy's brand chick chick chicken Dinner Morsels for Cats. Keep Frozen. Made with raw, cage-free chicken with and antibiotic-free. Net Wt. 1.25 lbs. (570g). UPC 186011 001448 Manufactured by: Stella & Chewy's LLC, 2842 South 5th Court, Milwaukee, WI 53207.",186011001448,"Lot #152-15 with Use By 7/2/2016, and Lot #160-15 with Use By 7/2/2016","Class I",Terminated,V-471-2016,2015-12-11,2016-08-10,2016-12-19,"634 cases","Voluntary: Firm initiated",Telephone,https://www.accessdata.fda.gov/scripts/ires/?Product=142379
72857,3,"Stella & Chewy's brand Duck Duck Goose Dinner Morsels for Cats. Keep Frozen. Made with raw, cage-free poultry with no added hormones and antibiotic-free. Net Wt. 1.25 lbs. (570g). UPC 186011-001455. Manufactured by: Stella & Chewy's LLC, 2842 South 5th Court, Milwaukee, WI 53207.",186011001455,"Lot #165-15, Use By 6/25/2016","Class I",Terminated,V-472-2016,2015-12-11,2016-08-10,2016-12-19,"368 cases","Voluntary: Firm initiated",Telephone,https://www.accessdata.fda.gov/scripts/ires/?Product=142380
72987,1,"BDN pet foods Chicken Supreme, packaged in 1 lb. and 5 lb. pouches and 10 lb. vacuum bags, BDN Pet Foods, Inc. 1121 Industrial Parkway Suite D Brick, NJ 08724 FOR INFO: Email info@bigdognatural.com CALL 732-785-2600 - TOLL FREE 877 K9 MEATS",,"all products shipped from 10/31/2015 to 11/13/2015","Class I",Terminated,V-0009-2017,2016-01-04,2016-11-02,2017-08-31,,"Voluntary: Firm initiated","Press Release",https://www.accessdata.fda.gov/scripts/ires/?Product=142631
72987,2,"BDN pet foods Fish Supreme, packaged in 1 lb. and 5 lb. pouches and 10 lb. vacuum bags, BDN Pet Foods, Inc. 1121 Industrial Parkway Suite D Brick, NJ 08724 FOR INFO: Email info@bigdognatural.com CALL 732-785-2600 - TOLL FREE 877 K9 MEATS",,"all products shipped from 10/31/2015 to 11/13/2015","Class I",Terminated,V-0010-2017,2016-01-04,2016-11-02,2017-08-31,,"Voluntary: Firm initiated","Press Release",https://www.accessdata.fda.gov/scripts/ires/?Product=142632
73066,1,"Vital Essentials Frozen Chicken Patties Entree for Dogs, Net Wt. 6 lbs. (2.72kg). Keep Frozen. UPC 33211-00807.",3321100807,"Lot # 11475, Best By date 20161108 (11/08/2016)","Class I",Terminated,V-530-2016,2016-01-12,2016-10-05,2017-11-17,"1872 lbs.","Voluntary: Firm initiated",Telephone,https://www.accessdata.fda.gov/scripts/ires/?Product=142951
73463,1,"Beneful Prepared Meals Simmered Beef Entree' canned wet dog food packaged in 10 oz. plastic tubs with UPC 17800-10963. Product is shipped 8 tubs per case. Manufactured by Nestle Purina PetCare Company, St. Louis, MO 63164.",1780010963,"5363 to 6054; Best Buy Jun 2017 to Aug 2017","Class II",Terminated,V-490-2016,2016-03-09,2016-09-07,2017-11-29,"39,529 cases","Voluntary: Firm initiated","Two or more of the following: Email, Fax, Letter, Press Release, Telephone, Visit",https://www.accessdata.fda.gov/scripts/ires/?Product=144232
73463,2,"Beneful Prepared Meals Simmered Chicken Medley canned wet dog food packaged in 10 oz. plastic tubs with US UPC 17800-10964 and Canada UPC 55800-10549. Product is shipped 8 tubs per case. Manufactured by Nestle Purina PetCare Company, St. Louis, MO 63164.",1780010964;5580010549,"5363 to 6054; Best Buy Jun 2017 to Aug 2017","Class II",Terminated,V-491-2016,2016-03-09,2016-09-07,2017-11-29,"67,850 cases","Voluntary: Firm initiated","Two or more of the following: Email, Fax, Letter, Press Release, Telephone, Visit",https://www.accessdata.fda.gov/scripts/ires/?Product=146495
73463,3,"Beneful Prepared Meals Chicken Stew canned wet dog food packaged in 10 oz. plastic tubs with US UPC 17800-12861 and Canada UPC 55800-11564. Product is shipped 8 tubs per case. Manufactured by Nestle Purina PetCare Company, St. Louis, MO 63164.",1780012861;5580011564,"5363 to 6054; Best Buy Jun 2017 to Aug 2017","Class II",Terminated,V-492-2016,2016-03-09,2016-09-07,2017-11-29,"61,497 cases","Voluntary: Firm initiated","Two or more of the following: Email, Fax, Letter, Press Release, Telephone, Visit",https://www.accessdata.fda.gov/scripts/ires/?Product=146498
73463,4,"Beneful Prepared Meals Beef Stew canned wet dog food packaged in 10 oz. plastic tubs with US UPC 17800-10965. Product is shipped 8 tubs per case. Manufactured by Nestle Purina PetCare Company, St. Louis, MO 63164.",1780010965,"5363 to 6054; Best Buy Jun 2017 to Aug 2017","Class II",Terminated,V-493-2016,2016-03-09,2016-09-07,2017-11-29,"120,868 cases","Voluntary: Firm initiated","Two or more of the following: Email, Fax, Letter, Press Release, Telephone, Visit",https://www.accessdata.fda.gov/scripts/ires/?Product=146500
73463,5,"Beneful Prepared Meals Roasted Chicken Recipe canned wet dog food packaged in 10 oz. plastic tubs with US UPC 17800-10764 and Canada UPC 55800 10554. Product is shipped 8 tubs per case. Manufactured by Nestle Purina PetCare Company, St. Louis, MO 63164.",1780010764;5580010554,"5363 to 6054; Best Buy Jun 2017 to Aug 2017","Class II",Terminated,V-494-2016,2016-03-09,2016-09-07,2017-11-29,"45,779 cases","Voluntary: Firm initiated","Two or more of the following: Email, Fax, Letter, Press Release, Telephone, Visit",https://www.accessdata.fda.gov/scripts/ires/?Product=146501
73463,6,"Beneful Prepared Meals Beef and Chicken Recipe canned wet dog food packaged in 10 oz. plastic tubs with US UPC 17800-12859. Product is shipped 8 tubs per case. Manufactured by Nestle Purina PetCare Company, St. Louis, MO 63164.",1780012859,"5363 to 6054; Best Buy Jun 2017 to Aug 2017","Class II",Terminated,V-495-2016,2016-03-09,2016-09-07,2017-11-29,"43,583 cases","Voluntary: Firm initiated","Two or more of the following: Email, Fax, Letter, Press Release, Telephone, Visit",https://www.accessdata.fda.gov/scripts/ires/?Product=146504
73463,7,"Beneful Prepared Meals Roasted Turkey Medley canned wet dog food packaged in 10 oz. plastic tubs with US UPC 17800-10968 and Canada UPC 55800-11562. Product is shipped 8 tubs per case. Manufactured by Nestle Purina PetCare Company, St. Louis, MO 63164.",1780010968;5580011562,"5363 to 6054; Best Buy Jun 2017 to Aug 2017","Class II",Terminated,V-496-2016,2016-03-09,2016-09-07,2017-11-29,"231,885 cases","Voluntary: Firm initiated","Two or more of the following: Email, Fax, Letter, Press Release, Telephone, Visit",https://www.accessdata.fda.gov/scripts/ires/?Product=146505
73463,8,"Beneful Chopped Blends Beef canned wet dog food packaged in 10 oz. plastic tubs with US UPC 17800-15494. Product is shipped 8 tubs per case. Manufactured by Nestle Purina PetCare Company, St. Louis, MO 63164.",1780015494,"5363 to 6054; Best Buy Jun 2017 to Aug 2017","Class II",Terminated,V-497-2016,2016-03-09,2016-09-07,2017-11-29,"51,454 cases","Voluntary: Firm initiated","Two or more of the following: Email, Fax, Letter, Press Release, Telephone, Visit",https://www.accessdata.fda.gov/scripts/ires/?Product=146506
73463,9,"Beneful Chopped Blends Chicken canned wet dog food packaged in 10 oz. plastic tubs with US UPC 17800-15496 and Canada UPC 55800-21254. Product is shipped 8 tubs per case. Manufactured by Nestle Purina PetCare Company, St. Louis, MO 63164.",1780015496;5580021254,"5363 to 6054; Best Buy Jun 2017 to Aug 2017","Class II",Terminated,V-498-2016,2016-03-09,2016-09-07,2017-11-29,"59,797 cases","Voluntary: Firm initiated","Two or more of the following: Email, Fax, Letter, Press Release, Telephone, Visit",https://www.accessdata.fda.gov/scripts/ires/?Product=146507
73463,10,"Beneful Chopped Blends Lamb canned wet dog food packaged in 10 oz. plastic tubs with US UPC 17800-15498 and Canada UPC 55800-21238. Product is shipped 8 tubs per case. Manufactured by Nestle Purina PetCare Company, St. Louis, MO 63164.",1780015498;5580021238,"5363 to 6054; Best Buy Jun 2017 to Aug 2017","Class II",Terminated,V-499-2016,2016-03-09,2016-09-07,2017-11-29,"39,984 cases","Voluntary: Firm initiated","Two or more of the following: Email, Fax, Letter, Press Release, Telephone, Visit",https://www.accessdata.fda.gov/scripts/ires/?Product=146526
73463,11,"Beneful Chopped Blends Chicken and Liver canned wet dog food packaged in 10 oz. plastic tubs with US UPC 17800-16960. Product is shipped 8 tubs per case. Manufactured by Nestle Purina PetCare Company, St. Louis, MO 63164.",1780016960,"5363 to 6054; Best Buy Jun 2017 to Aug 2017","Class II",Terminated,V-500-2016,2016-03-09,2016-09-07,2017-11-29,"30,385 cases","Voluntary: Firm initiated","Two or more of the following: Email, Fax, Letter, Press Release, Telephone, Visit",https://www.accessdata.fda.gov/scripts/ires/?Product=146528
73463,12,"Beneful Chopped Blends Salmon canned wet dog food packaged in 10 oz. plastic tubs with US UPC 17800-16962. Product is shipped 8 tubs per case. Manufactured by Nestle Purina PetCare Company, St. Louis, MO 63164.",1780016962,"5363 to 6054; Best Buy Jun 2017 to Aug 2017","Class II",Terminated,V-501-2016,2016-03-09,2016-09-07,2017-11-29,"9,805 cases","Voluntary: Firm initiated","Two or more of the following: Email, Fax, Letter, Press Release, Telephone, Visit",https://www.accessdata.fda.gov/scripts/ires/?Product=146529
73463,13,"Beneful Chopped Blends Turkey canned wet dog food packaged in 10 oz. plastic tubs with US UPC 17800-16966. Product is shipped 8 tubs per case. Manufactured by Nestle Purina PetCare Company, St. Louis, MO 63164.",1780016966,"5363 to 6054; Best Buy Jun 2017 to Aug 2017","Class II",Terminated,V-502-2016,2016-03-09,2016-09-07,2017-11-29,"15,781 cases","Voluntary: Firm initiated","Two or more of the following: Email, Fax, Letter, Press Release, Telephone, Visit",https://www.accessdata.fda.gov/scripts/ires/?Product=146530
73463,14,"Beneful Prepared Meals Savory Rice and Lamb Stew canned wet dog food packaged in 10 oz. plastic tubs with US UPC 17800-10967 and Canada UPC 55800 10556. Product is shipped 8 tubs per case. Manufactured by Nestle Purina PetCare Company, St. Louis, MO 63164.",1780010967;5580010556,"5363 to 6054; Best Buy Jun 2017 to Aug 2017","Class II",Terminated,V-503-2016,2016-03-09,2016-09-07,2017-11-29,"71,045 cases","Voluntary: Firm initiated","Two or more of the following: Email, Fax, Letter, Press Release, Telephone, Visit",https://www.accessdata.fda.gov/scripts/ires/?Product=146531
73463,15,"Beneful Prepared Meals Beef Stew canned wet dog food packaged in 10 oz. plastic tubs with Canada UPC 55800 11651. Product is shipped 8 tubs per case. Manufactured by Nestle Purina PetCare Company, St. Louis, MO 63164.",5580011651,"5363 to 6054; Best Buy Jun 2017 to Aug 2017","Class II",Terminated,V-504-2016,2016-03-09,2016-09-07,2017-11-29,"924 cases","Voluntary: Firm initiated","Two or more of the following: Email, Fax, Letter, Press Release, Telephone, Visit",https://www.accessdata.fda.gov/scripts/ires/?Product=146532
73463,16,"Beneful Prepared Meals Simmered Beef canned wet dog food packaged in 10 oz. plastic tubs with Canada UPC 55800 11649. Product is shipped 8 tubs per case. Manufactured by Nestle Purina PetCare Company, St. Louis, MO 63164.",5580011649,"5363 to 6054; Best Buy Jun 2017 to Aug 2017","Class II",Terminated,V-505-2016,2016-03-09,2016-09-07,2017-11-29,"8546 cases","Voluntary: Firm initiated","Two or more of the following: Email, Fax, Letter, Press Release, Telephone, Visit",https://www.accessdata.fda.gov/scripts/ires/?Product=146534
73463,17,"Beneful Prepared Meals 12-count variety pack containing wet dog food packaged in 10 oz. plastic tubs: 4 tubs savory rice and lamb stew, 4 tubs chicken stew, and 4 tubs beef stew with UPC 17800 - 16814. Product is shipped in cases of 12 packs. Manufactured by Nestle Purina PetCare Company, St. Louis, MO 63164.",1780016814,"5363 to 6054; Best Buy Jun 2017 to Aug 2017","Class II",Terminated,V-506-2016,2016-03-09,2016-09-07,2017-11-29,"13,104 cases","Voluntary: Firm initiated","Two or more of the following: Email, Fax, Letter, Press Release, Telephone, Visit",https://www.accessdata.fda.gov/scripts/ires/?Product=146535
73463,18,"Beneful Prepared Meals 6-count variety pack containing wet dog food packaged in 10 oz. plastic tubs: 2 tubs savory rice and lamb stew, 2 tubs chicken stew, and 2 tubs beef stew with UPC 17800 - 15030. Product is shipped in cases of 6 packs. Manufactured by Nestle Purina PetCare Company, St. Louis, MO 63164.",1780015030,"5363 to 6054; Best Buy Jun 2017 to Aug 2017","Class II",Terminated,V-507-2016,2016-03-09,2016-09-07,2017-11-29,"26130 cases","Voluntary: Firm initiated","Two or more of the following: Email, Fax, Letter, Press Release, Telephone, Visit",https://www.accessdata.fda.gov/scripts/ires/?Product=146537
73463,19,"Beneful Chopped Blends 6-count variety pack containing wet dog food packaged in 10 oz. plastic tubs: 2 tubs lamb, 2 tubs chicken, and 2 tubs beef with UPC 17800 - 16627. Product is shipped in cases of 6 packs. Manufactured by Nestle Purina PetCare Company, St. Louis, MO 63164.",1780016627,"5363 to 6054; Best Buy Jun 2017 to Aug 2017","Class II",Terminated,V-508-2016,2016-03-09,2016-09-07,2017-11-29,"1480 cases","Voluntary: Firm initiated","Two or more of the following: Email, Fax, Letter, Press Release, Telephone, Visit",https://www.accessdata.fda.gov/scripts/ires/?Product=146539
73463,20,"Pro Plan Savory Meals braised chicken canned wet dog food packaged in 10 oz. plastic tubs with UPC 38100-16148. Product is shipped 8 tubs per case. Manufactured by Nestle Purina PetCare Company, St. Louis, MO 63164.",3810016148,"5363 to 6054; Best Buy Jun 2017 to Aug 2017","Class II",Terminated,V-509-2016,2016-03-09,2016-09-07,2017-11-29,"902 cases","Voluntary: Firm initiated","Two or more of the following: Email, Fax, Letter, Press Release, Telephone, Visit",https://www.accessdata.fda.gov/scripts/ires/?Product=146547
73463,21,"Pro Plan Savory Meals braised pork canned wet dog food packaged in 10 oz. plastic tubs with UPC 38100-16151. Product is shipped 8 tubs per case. Manufactured by Nestle Purina PetCare Company, St. Louis, MO 63164.",3810016151,"5363 to 6054; Best Buy Jun 2017 to Aug 2017","Class II",Terminated,V-510-2016,2016-03-09,2016-09-07,2017-11-29,"832 cases","Voluntary: Firm initiated","Two or more of the following: Email, Fax, Letter, Press Release, Telephone, Visit",https://www.accessdata.fda.gov/scripts/ires/?Product=146549
73463,22,"Pro Plan Savory Meals braised turkey canned wet dog food packaged in 10 oz. plastic tubs with UPC 38100-16147. Product is shipped 8 tubs per case. Manufactured by Nestle Purina PetCare Company, St. Louis, MO 63164.",3810016147,"5363 to 6054; Best Buy Jun 2017 to Aug 2017","Class II",Terminated,V-511-2016,2016-03-09,2016-09-07,2017-11-29,"2989 cases","Voluntary: Firm initiated","Two or more of the following: Email, Fax, Letter, Press Release, Telephone, Visit",https://www.accessdata.fda.gov/scripts/ires/?Product=146550
73463,23,"Pro Plan Savory Meals grilled salmon canned wet dog food packaged in 10 oz. plastic tubs with UPC 38100-16155. Product is shipped 8 tubs per case. Manufactured by Nestle Purina PetCare Company, St. Louis, MO 63164.",3810016155,"5363 to 6054; Best Buy Jun 2017 to Aug 2017","Class II",Terminated,V-512-2016,2016-03-09,2016-09-07,2017-11-29,"1536 cases","Voluntary: Firm initiated","Two or more of the following: Email, Fax, Letter, Press Release, Telephone, Visit",https://www.accessdata.fda.gov/scripts/ires/?Product=146551
73463,24,"Pro Plan Savory Meals braised beef canned wet dog food packaged in 10 oz. plastic tubs with UPC 38100-16143. Product is shipped 8 tubs per case. Manufactured by Nestle Purina PetCare Company, St. Louis, MO 63164.",3810016143,"5363 to 6054; Best Buy Jun 2017 to Aug 2017","Class II",Terminated,V-513-2016,2016-03-09,2016-09-07,2017-11-29,"640 cases","Voluntary: Firm initiated","Two or more of the following: Email, Fax, Letter, Press Release, Telephone, Visit",https://www.accessdata.fda.gov/scripts/ires/?Product=146552
73534,1,"Fromm Family, 12 oz.(340 G), Grain Free, Gold Chicken Pate, Food For Dogs, can 12/case code 11893, individual can upc 0 72705 11892 2.",072705118922,"All Lot numbers and best before dates of the above referenced product codes","Class II",Terminated,V-519-2016,2016-03-14,2016-09-28,2016-12-12,"11,659 cases","Voluntary: Firm initiated",Letter,https://www.accessdata.fda.gov/scripts/ires/?Product=144418
73534,2,"Fromm Family, 12 oz (340 G), Grain Free, Gold Chicken & Duck Pate, Food for Dogs, can 12/case code 11895, individual can upc 0 72705 11894 6.",072705118946,"All Lot numbers and best before dates of the above referenced product codes","Class II",Terminated,V-520-2016,2016-03-14,2016-09-28,2016-12-12,"9,075 cases","Voluntary: Firm initiated",Letter,https://www.accessdata.fda.gov/scripts/ires/?Product=144419
73534,3,"Fromm Family, 12 oz. (340 G), Grain Free, Gold Salmon & Chicken Pate, Food For Dogs, can 12/case code 11891, individual can upc 0 72705 1189 08.",072705118908,"All Lot numbers and best before dates of the above referenced product codes","Class II",Terminated,V-521-2016,2016-03-14,2016-09-28,2016-12-12,"5,759 cases","Voluntary: Firm initiated",Letter,https://www.accessdata.fda.gov/scripts/ires/?Product=144420
73687,1,"MPF Classic Dry Custom Canine Premix, Product No. 4629, packaged in bulk 2000 lb totes. Manufactured for XF Enterprises, Inc., Hereford, TX 79045.",,P161401-07,"Class III",Terminated,V-523-2016,2016-03-30,2016-09-28,2017-01-04,"5 bulk totes (7975 lbs.)","Voluntary: Firm initiated","Two or more of the following: Email, Fax, Letter, Press Release, Telephone, Visit",https://www.accessdata.fda.gov/scripts/ires/?Product=144757
74256,1,"Blue Buffalo Life Protection Formula Fish & Sweet Potato Recipe for Dogs, 30 lb bag. UPC Code: 859610000326",,"Best by Date April 11, 2017 AH 2A 12:08 14:00","Class II",Terminated,V-518-2016,2016-05-26,2016-09-28,2017-02-13,,"Voluntary: Firm initiated","Two or more of the following: Email, Fax, Letter, Press Release, Telephone, Visit",https://www.accessdata.fda.gov/scripts/ires/?Product=146998
74518,1,"Frozen Rad Cat Raw Diet Grass-Fed Beef, 8 oz, UPC 851536001241. Frozen Rad Cat Raw Diet Grass-Fed Beef, 16oz, UPC 851536001258. Frozen Rad Cat Raw Diet Grass-Fed Beef, 24oz, UPC 851536001265. Frozen Rad Cat Raw Diet Grass-Fed Beef, 1oz samples.",851536001241;851536001258;851536001265,"Lot 62361, best by date 1/8/2017 Lot 62384, best by date 2/6/2017","Class I",Terminated,V-533-2016,2016-06-22,2016-10-12,2016-12-01,"7739 containers total and 3600/1 oz. sample cups","Voluntary: Firm initiated","Two or more of the following: Email, Fax, Letter, Press Release, Telephone, Visit",https://www.accessdata.fda.gov/scripts/ires/?Product=147812
74518,2,"Frozen Rad Cat Raw Diet Free-Range Chicken, 8 oz, UPC 851536001036. Frozen Rad Cat Raw Diet Free-Range Chicken, 16oz, UPC 851536001043. Frozen Rad Cat Raw Diet Free-Range Chicken, 24oz, UPC 851536001050. Frozen Rad Cat Raw Diet Free-Range Chicken, 1oz samples.",851536001036;851536001043;851536001050,"Lot code 62416, Best By Date: 03/14/2017","Class I",Terminated,V-534-2016,2016-06-22,2016-10-12,2016-12-01,"2833 containers total and 540/1 oz. sample cups","Voluntary: Firm initiated","Two or more of the following: Email, Fax, Letter, Press Release, Telephone, Visit",https://www.accessdata.fda.gov/scripts/ires/?Product=147813
74518,3,"Frozen Rad Cat Raw Diet Free-Range Turkey, 8 oz, UPC 851536001005. Frozen Rad Cat Raw Diet Free-Range Turkey, 16oz, UPC 851536001012. Frozen Rad Cat Raw Diet Free-Range Turkey, 24oz, UPC 851536001029.",851536001005;851536001012;851536001029,"Lot Code 62372, Best By Date: 01/21/2017","Class I",Terminated,V-535-2016,2016-06-22,2016-10-12,2016-12-01,"3989 containers total.","Voluntary: Firm initiated","Two or more of the following: Email, Fax, Letter, Press Release, Telephone, Visit",https://www.accessdata.fda.gov/scripts/ires/?Product=147814
75116,1,"New Zealand Venison & Apples Entr¿e, canned dog food, Addiction brand, net wt. 13.8 oz/390 g, UPC Code 8 885004 070462",,"Lot Number: 8936:01Dec2018 Expiration date: December 2018","Class II",Terminated,V-525-2016,2016-08-30,2016-10-05,2016-11-08,"347 cases of Venison & Apples Entree and 8 cases of Brushtail & Vegetables Entree","Voluntary: Firm initiated","Two or more of the following: Email, Fax, Letter, Press Release, Telephone, Visit",https://www.accessdata.fda.gov/scripts/ires/?Product=149388
75116,2,"New Zealand Brushtail & Vegetables Entr¿e, Canned Dog Food, net wt. 13.8 oz/390 g, UPC 8 885004 070028",8885004070028,"Lot Number: 8940:02 Dec2018 Expiration date: December 2018","Class II",Terminated,V-526-2016,2016-08-30,2016-10-05,2016-11-08,"will be provided","Voluntary: Firm initiated","Two or more of the following: Email, Fax, Letter, Press Release, Telephone, Visit",https://www.accessdata.fda.gov/scripts/ires/?Product=149389
75402,1,"CESAR Classics Filet Mignon Flavor, 100 g (3.5 oz) in plastic trays, 24 or 30 trays/case",,"631FKKC, 631GKKC, 632D14JC, 633B24JC, 634A14JC, 634A24JC, 634B14JC, 634B24JC, 634E14JC, 635A24JC, 635B14JC, 636D24JC, and 636E14JC; Best Before Dates 08/04/18 and 08/05/18. Best Before: 08/04/2016 and 08/05/2016","Class I",Terminated,V-0049-2017,2016-10-07,2016-12-28,2019-02-12,"54,255 cases","Voluntary: Firm initiated",Letter,https://www.accessdata.fda.gov/scripts/ires/?Product=150206
75457,1,"Darwin's Natural Selections brand, frozen, raw Turkey with Organic Vegetable Meals for Dogs, 2 lbs. packages",,"Lot # 3142070, manufacturing date: 7/20/16.","Class I",Terminated,V-0050-2017,2016-10-17,2016-12-28,2017-07-24,"1192 packages","Voluntary: Firm initiated",E-Mail,https://www.accessdata.fda.gov/scripts/ires/?Product=150427
75457,2,"Darwin's Natural Selections brand, frozen, raw Beef with Organic Vegetables Meals for Dogs, 2 lbs. packages",,"Lot # 3146070, manufacturing date: 7/21/16.","Class I",Terminated,V-0051-2017,2016-10-17,2016-12-28,2017-07-24,"2391 packages","Voluntary: Firm initiated",E-Mail,https://www.accessdata.fda.gov/scripts/ires/?Product=150428
75457,3,"ZooLogics brand, frozen, raw Turkey with Vegetable Meals for Dogs, 2 lbs. packages.",,"Lot # 3155070; manufacturing date 7/25/16.","Class I",Terminated,V-0052-2017,2016-10-17,2016-12-28,2017-07-24,"1337 units","Voluntary: Firm initiated",E-Mail,https://www.accessdata.fda.gov/scripts/ires/?Product=150429
75919,1,"Beef For Dogs, 100% Pure Natural Pet Food, Net Wt. 2 lbs., Blue Ridge Beef",,"UPC Code: 8542980011009, Lot #ga8516.","Class I",Terminated,V-0087-2017,2016-12-09,2017-04-26,2017-07-26,"70/30 lb. cases","Voluntary: Firm initiated","Press Release",https://www.accessdata.fda.gov/scripts/ires/?Product=151712
75919,2,"Kitten Grind, 100% Pure Natural Pet Food, Net Wt. 2 lbs., Blue Ridge Beef.",,"UPC Code: 854298001016, Lot #ga81216.","Class I",Terminated,V-0088-2017,2016-12-09,2017-04-26,2017-07-26,"70/30 lb. cases","Voluntary: Firm initiated","Press Release",https://www.accessdata.fda.gov/scripts/ires/?Product=151713
76151,1,"9Lives Meaty Pate Seafood Platter sold in 5.5 oz. cans with 4 cans per pack and 6 packs per case, lot numbers 6355803 and 6356803, Individual Unit UPC 7910000367, and Case UPC 7910003670; also sold in 24 cans per case with lot number 6356803, and Individual Unit/Case UPC 7910000402 9Lives product: Distributed By: Big Heart Brands, San Francisco, CA 94111",79100004029,"9Lives Meaty Pate Seafood Platter, sold in 5.5 oz. cans with 4 cans per pack and 6 packs per case, lot numbers 6355803 and 6356803, Individual Unit UPC 7910000367, and Case UPC 7910003670; also sold in 24 cans per case with lot number 6356803, and Individual Unit/Case UPC 7910000402","Class I",Terminated,V-0093-2017,2017-01-03,2017-04-26,2017-05-31,"1651 cases (break-down in document sent)","Voluntary: Firm initiated",Letter,https://www.accessdata.fda.gov/scripts/ires/?Product=152373
76151,2,"9Lives Meaty Pate with Ocean Whitefish, sold in 5.5 oz. cans with 24 cans per case, lot number 6358803, and Individual Unit/Case UPC 7910000420; Distributed By: Big Heart Brands, San Francisco, CA 94111",,"9Lives Meaty Pate with Ocean Whitefish, sold in 5.5 oz. cans with 24 cans per case, lot number 6358803, and Individual Unit/Case UPC 7910000420","Class I",Terminated,V-0094-2017,2017-01-03,2017-04-26,2017-05-31,"781 cases 24 cans/cs","Voluntary: Firm initiated",Letter,https://www.accessdata.fda.gov/scripts/ires/?Product=152395
76151,3,"Special Kitty Classic Tuna Dinner, sold in 13 oz. cans with 12 cans per case, lot number 6358803, and Individual Unit/Case UPC 8113112157; Distributed By: Wal-mart Stores, Inc., Bentonville, AR 72716",,"Special Kitty Classic Tuna Dinner, sold in 13 oz. cans with 12 cans per case, lot number 6358803, and Individual Unit/Case UPC 8113112157","Class I",Terminated,V-0095-2017,2017-01-03,2017-04-26,2017-05-31,"594 cases 24 cans/cs","Voluntary: Firm initiated",Letter,https://www.accessdata.fda.gov/scripts/ires/?Product=152397
76151,4,"9Lives Meaty Pate with Chicken and Tuna, sold in 13 oz. cans with 12 cans per case, lot number 6354803, Individual Unit UPC 7910052238, Case UPC 7910052228; also sold in 5.5 oz. cans with 24 cans per case, lot numbers 6356803 and 6357803, Individual Unit/Case UPC: 7910000324; also sold in 5.5 oz. cans with 4 cans per pack and 6 packs per case, lot number 6357803, Individual Unit UPC 7910000366, and Case UPC 7910003660. 9Lives products: Distributed By: Big Heart Brands, San Francisco, CA 94111",,"9Lives Meaty Pate with Chicken and Tuna, sold in 13 oz. cans with 12 cans per case, lot number 6354803, Individual Unit UPC 7910052238, Case UPC 7910052228; also sold in 5.5 oz. cans with 24 cans per case, lot numbers 6356803 and 6357803, Individual Unit/Case UPC: 7910000324; also sold in 5.5 oz. cans with 4 cans per pack and 6 packs per case, lot number 6357803, Individual Unit UPC 7910000366, and Case UPC 7910003660","Class I",Terminated,V-0096-2017,2017-01-03,2017-04-26,2017-05-31,"1362 cases","Voluntary: Firm initiated",Letter,https://www.accessdata.fda.gov/scripts/ires/?Product=152398
76151,5,"9Lives Meaty Pate Super Supper, sold in 5.5 oz. cans with 24 cans per case, lot number 6358803, Individual Unit/Case UPC 7910000327; also sold in 5.5 oz. cans with 4 cans per pack and 6 packs per case, lot numbers 6357803 and 6358803, Individual Unit UPC 7910000286, and Case UPC 7910002860; also sold in 13 oz. cans with 12 cans per case, lot numbers 6354803, 6355803, and 6364803, Individual Unit UPC 7910052239, and Case UPC 7910052229; also labeled as Special Kitty Super Supper and sold in 13 oz. cans with 12 cans per case, lot numbers 6354803 and 6355803, Individual Unit UPC 8113179041, and Case UPC 7910079041 9Lives products: Distributed By: Big Heart Brands, San Francisco, CA 94111",79100790419,"9Lives Meaty Pate Super Supper, sold in 5.5 oz. cans with 24 cans per case, lot number 6358803, Individual Unit/Case UPC 7910000327; also sold in 5.5 oz. cans with 4 cans per pack and 6 packs per case, lot numbers 6357803 and 6358803, Individual Unit UPC 7910000286, and Case UPC 7910002860; also sold in 13 oz. cans with 12 cans per case, lot numbers 6354803, 6355803. Individual Unit UPC 7910052239, and Case UPC 7910052229; also labeled as Special Kitty Super Supper and sold in 13 oz. cans with 12 cans per case, lot numbers 6354803 and 6355803, Individual Unit UPC 8113179041, and Case UPC 7910079041","Class I",Terminated,V-0097-2017,2017-01-03,2017-04-26,2017-05-31,"7756 cases","Voluntary: Firm initiated",Letter,https://www.accessdata.fda.gov/scripts/ires/?Product=152399
76151,6,"9Lives Meaty Pate with Chicken and Seafood, sold in 5.5 oz. cans with 4 cans per pack and 6 packs per case, lot number 6356803, Individual Unit UPC 7910000364, and Case UPC 7910003640 9Lives products: Distributed By: Big Heart Brands, San Francisco, CA 94111",79100036409,"9Lives Meaty Pate with Chicken and Seafood, sold in 5.5 oz. cans with 4 cans per pack and 6 packs per case, lot number 6356803, Individual Unit UPC 7910000364, and Case UPC 7910003640","Class I",Terminated,V-0098-2017,2017-01-03,2017-04-26,2017-05-31,"448 cases","Voluntary: Firm initiated",Letter,https://www.accessdata.fda.gov/scripts/ires/?Product=152409
76151,7,"9Lives Meaty Pate with Chicken Dinner, sold in 5.5 oz. cans with 24 cans per case, lot number 6356803, and Individual Unit/Case UPC 7910000410 Distributed By: Big Heart Brands, San Francisco, CA 94111;",,"9Lives Meaty Pate with Chicken Dinner, sold in 5.5 oz. cans with 24 cans per case, lot number 6356803, and Individual Unit/Case UPC 7910000410","Class I",Terminated,V-0099-2017,2017-01-03,2017-04-26,2017-05-31,"651 cases","Voluntary: Firm initiated",Letter,https://www.accessdata.fda.gov/scripts/ires/?Product=152410
76151,8,"9Lives Meaty Pate with Liver and Chicken, sold in 5.5 oz. cans with 4 cans per pack and 6 packs per case, lot number 6355803, and Individual Unit/Case UPC 7910000312 Distributed By: Big Heart Brands, San Francisco, CA 94111;",,"9Lives Meaty Pate with Liver and Chicken, sold in 5.5 oz. cans with 4 cans per pack and 6 packs per case, lot number 6355803, and Individual Unit/Case UPC 7910000312","Class I",Terminated,V-0100-2017,2017-01-03,2017-04-26,2017-05-31,"204 cases","Voluntary: Firm initiated",Letter,https://www.accessdata.fda.gov/scripts/ires/?Product=152411
76151,9,"EverPet Mixed Grill Dinner, sole in 13 oz. cans with 12 cans per case, lot number 6356803, and Individual Unit/Case UPC 7910053114 Distributed By: Dolgen Corp, LLC., 100 Mission Ridge, Goodlettsville, TN 37072; Also labeled as Special Kitty Mixed Grill Dinner, sold in 13 oz. cans in printed wrap with 12 cans per pack and one pack per case, lot numbers 6355803 and 6356803, and Individual Unit/Case UPC 8113109609; also sold in 13 oz. cans without printed wrap with 12 cans per case, lot number 6356803, and Individual Unit/Case UPC 8113112119 Distributed By: Wal-mart Stores, Inc., Bentonville, AR 72716",,"EverPet Mixed Grill Dinner, sole in 13 oz. cans with 12 cans per case, lot number 6356803, and Individual Unit/Case UPC 7910053114. Also labeled as Special Kitty Mixed Grill Dinner, sold in 13 oz. cans in printed wrap with 12 cans per pack and one pack per case, lot numbers 6355803 and 6356803, and Individual Unit/Case UPC 8113109609; also sold in 13 oz. cans without printed wrap with 12 cans per case, lot number 6356803, and Individual Unit/Case UPC 8113112119","Class I",Terminated,V-0102-2017,2017-01-03,2017-04-26,2017-05-31,"4875 cases","Voluntary: Firm initiated",Letter,https://www.accessdata.fda.gov/scripts/ires/?Product=152414
76151,10,"Special Kitty Beef and Liver Dinner, sold in 13 oz. can with 12 cans per case, lot number 6355803, and Individual Unit/Case UPC 8113112120 Distributed By: Wal-mart Stores, Inc., Bentonville, AR 72716;",,"Special Kitty Beef and Liver Dinner, sold in 13 oz. can with 12 cans per case, lot number 6355803, and Individual Unit/Case UPC 8113112120","Class I",Terminated,V-0103-2017,2017-01-03,2017-04-26,2017-05-31,"608 cases","Voluntary: Firm initiated",Letter,https://www.accessdata.fda.gov/scripts/ires/?Product=152415
76385,1,"Evanger's Hand Packed Hunk of Beef Au Jus; Grain and Gluten Free; NET WT 12 OZ; Manufactured in the USA by Evanger's Dog & Cat Food Co., Inc. Markham, IL 60428",,"All product manufactured between December 1, 2015 and January 14, 2017 and bearing expiration dates of December 2019 through January 2021 Second part of UPC Code: 20109","Class I",Terminated,V-0273-2017,2017-02-03,2017-08-09,2023-12-07,"3,165 cases (12 cans per case)","Voluntary: Firm initiated",Letter,https://www.accessdata.fda.gov/scripts/ires/?Product=153026
76385,2,"Evanger's Hand Packed Braised Beef Chunks with Gravy; NET WT 12 OZ; Manufactured in the USA by Evanger's Dog & Cat Food Co., Inc. Markham, IL 60428",,"All product manufactured between December 1, 2015 and January 14, 2017 and bearing expiration dates of December 2019 through January 2021 Second part of UPC Code: 20107","Class I",Terminated,V-0274-2017,2017-02-03,2017-08-09,2023-12-07,"1,719 cases (12 cans per case)","Voluntary: Firm initiated",Letter,https://www.accessdata.fda.gov/scripts/ires/?Product=154166
76403,1,"Doctors Fosters & Smith Chicken and Brown Rice Formula Adult Dog Food Net Wt. 12.7 oz. Distributed by Foster & Smith, Inc. Rhinelander, WI 54501-0100 UPC 8-25141-12020-8",825141120208,"BATCH ID 32CDS116","Class II",Terminated,V-0112-2017,2017-02-01,2017-05-31,2018-02-14,"910 cases","Voluntary: Firm initiated",Letter,https://www.accessdata.fda.gov/scripts/ires/?Product=153080
76403,2,"Blue Buffalo Homestyle Recipe Healthy Weight Chicken Dinner With Garden Vegetable , Net Wt. 12.5 oz. Distributed by Blue Buffalo Co., Ltd 11 River Rd. Wilson, CT 06897 UPC 8-40243-10017-0",840243100170,62HYCS1,"Class II",Terminated,V-0113-2017,2017-02-01,2017-05-31,2018-02-14,"2,535 cases","Voluntary: Firm initiated",Letter,https://www.accessdata.fda.gov/scripts/ires/?Product=153211
76403,3,"Companion with Chicken and Rice Dog Food Net Wt. 13.2 oz Distributed by Foodhold USA LLC Landover, MD 20785 UPC 6-88267-07501-8",688267075018,PCR1S1,"Class II",Terminated,V-0114-2017,2017-02-01,2017-05-31,2018-02-14,"644 cases","Voluntary: Firm initiated",Letter,https://www.accessdata.fda.gov/scripts/ires/?Product=153302
76403,4,"Companion with Turkey and Bacon Dog Food Net Wt. 13.2 oz Distributed by Foodhold USA LLC Landover, MD 20785 UPC 6-88267-00356-1",688267003561,PTB1S1,"Class II",Terminated,V-0115-2017,2017-02-01,2017-05-31,2018-02-14,"478 cases","Voluntary: Firm initiated",Letter,https://www.accessdata.fda.gov/scripts/ires/?Product=153303
76403,5,"Companion with Chicken, Lamb and Rice Dog Food Net Wt. 13.2 oz Distributed by Foodhold USA LLC Landover, MD 20785 UPC 6-88267-00360-8",688267003608,PCM1S1,"Class II",Terminated,V-0116-2017,2017-02-01,2017-05-31,2018-02-14,"814 cases","Voluntary: Firm initiated",Letter,https://www.accessdata.fda.gov/scripts/ires/?Product=153304
76403,6,"Always Save Fish Flavor Cat Food Net Wt. 13.2 oz. Proudly Distributed By: Associated Wholesale Grocers, Inc. Kansas City, Kansas 66106 UPC 0-70038-32970-1",070038329701,"RLC7 16JJJS1","Class II",Terminated,V-0117-2017,2017-02-01,2017-05-31,2018-02-14,"405 cases","Voluntary: Firm initiated",Letter,https://www.accessdata.fda.gov/scripts/ires/?Product=153305
76403,7,"Always Save Chicken Flavor Cat Food Net Wt. 13.2 oz Proudly Distributed By: Associated Wholesale Grocers, Inc. Kansas City, Kansas 66106 UPC 0-70038-32972-5",070038329725,"RLF7 16JJJS1","Class II",Terminated,V-0118-2017,2017-02-01,2017-05-31,2018-02-14,"402 cases","Voluntary: Firm initiated",Letter,https://www.accessdata.fda.gov/scripts/ires/?Product=153306
76403,8,"Home 360 Pet Dog Food with Turkey & Bacon Net Wt. 13.2 oz Proudly Distributed By: DZA Brands LLC 2110 Executive Drive, Salisbury, NC 28147 UPC 7-25439-96016-8",725439960168,PTB1S1,"Class II",Terminated,V-0119-2017,2017-02-01,2017-05-31,2018-02-14,"1162 cases","Voluntary: Firm initiated",Letter,https://www.accessdata.fda.gov/scripts/ires/?Product=153308
76403,9,"Sprout Ultra High Performance Cat Food Country Chicken Dinner Net Wt. 13.2 oz Distributed By: Mills Fleet Farm PO Box 1199, Appleton, WI 54912 UPC 0-88302-42230-0",088302422300,CCF1S1,"Class II",Terminated,V-0120-2017,2017-02-01,2017-05-31,2018-02-14,"432 Cases","Voluntary: Firm initiated",Letter,https://www.accessdata.fda.gov/scripts/ires/?Product=153309
76403,10,"Sprout Ultra High Performance Dog Food with Beef, Bacon & Cheese Net Wt. 13.2 oz. Distributed By: Mills Fleet Farm PO Box 1199, Appleton, WI 54912 UPC 0-01304-50491-1",001304504911,PBB1S1,"Class II",Terminated,V-0121-2017,2017-02-01,2017-05-31,2018-02-14,"122 cases","Voluntary: Firm initiated",Letter,https://www.accessdata.fda.gov/scripts/ires/?Product=153310
76403,11,"Grreat Choice with Chicken and Rice Classic Ground Dog Food Net Wt 13.2 oz Dist. by: Pacific Coast Distributing, Inc. 19601 N. 27th Avenue Phoenix, AZ USA 85027 UPC 7-37257-26116-7",737257261167,PCR1S1,"Class II",Terminated,V-0122-2017,2017-02-01,2017-05-31,2018-02-14,"242 cans","Voluntary: Firm initiated",Letter,https://www.accessdata.fda.gov/scripts/ires/?Product=153311
76403,12,"Cat Cuisine Turkey & Giblets Dinner Cat Food Net Wt. 13.2 oz Distributed by: Save-A-Lot Food Stores, LTD Earth City, MO 63045 UPC 7-37257-26116-7 Net Wt. 13.2 oz. Distributed By: Mills Fleet Farm PO Box 1199, Appleton, WI 54912 UPC 0-51933-46489-6",051933464896;737257261167,FTG151,"Class II",Terminated,V-0123-2017,2017-02-01,2017-05-31,2018-02-14,"461 cases","Voluntary: Firm initiated",Letter,https://www.accessdata.fda.gov/scripts/ires/?Product=153312
76403,13,"Triumph Premium Cat Food Ocean Fish Formula Net Wt. 13.2 oz UPC 0-73657-00289-5",073657002895,TOF1S1,"Class II",Terminated,V-0124-2017,2017-02-01,2017-05-31,2018-02-14,"785 cases","Voluntary: Firm initiated",Letter,https://www.accessdata.fda.gov/scripts/ires/?Product=153313
76403,14,"4Health Chicken & Rice Formula For Dogs Net Wt. 13.2 oz. Distributed by: Tractor Supply Company 200 Powell Place Brentwood, TN 37027 UPC 7-49394-01849-8",749394018498,UDC1S1,"Class II",Terminated,V-0125-2017,2017-02-01,2017-05-31,2018-02-14,"3454 cases","Voluntary: Firm initiated",Letter,https://www.accessdata.fda.gov/scripts/ires/?Product=153314
76403,15,"4Health Turkey & Salmon Dinner for Cats Net Wt. 13.2 oz. Distributed by: Tractor Supply Company 200 Powell Place Brentwood, TN 37027 UPC 7-49394-04303-2",749394043032,UCTSS1,"Class II",Terminated,V-0126-2017,2017-02-01,2017-05-31,2018-02-14,"1602 cases","Voluntary: Firm initiated",Letter,https://www.accessdata.fda.gov/scripts/ires/?Product=153315
76403,16,"4Health Lamb and Rice Formula Net Wt. 13.2 oz. Distributed by: Tractor Supply Company 200 Powell Place Brentwood, TN 37027 UPC 0-49394-01850-4",049394018504,UDL1S1,"Class II",Terminated,V-0127-2017,2017-02-01,2017-05-31,2018-02-14,"4064 cases","Voluntary: Firm initiated",Letter,https://www.accessdata.fda.gov/scripts/ires/?Product=153316
76403,17,"Wellness Beef & Chicken Formula Net Wt. 12.5 oz. Old Mother Hubbard, Inc. Tewksbury, MA 01876 UPC 0-76344-08821-9",076344088219,7WBCS1,"Class II",Terminated,V-0128-2017,2017-02-01,2017-05-31,2018-02-14,"955 cases","Voluntary: Firm initiated",Letter,https://www.accessdata.fda.gov/scripts/ires/?Product=153324
76403,18,"Wellness Beef & Salmon Formula Net Wt. 12.5 oz. Old Mother Hubbard, Inc. Tewksbury, MA 01876 UPC 0-76344-09122-6",076344091226,7WBSS1,"Class II",Terminated,V-0129-2017,2017-02-01,2017-05-31,2018-02-14,"1851 cases","Voluntary: Firm initiated",Letter,https://www.accessdata.fda.gov/scripts/ires/?Product=153326
76403,19,"Wellness Chicken Formula Net Wt. 12.5 oz. Old Mother Hubbard, Inc. Tewksbury, MA 01876 UPC 0-76344-08822-6",076344088226,7WCCS1,"Class II",Terminated,V-0130-2017,2017-02-01,2017-05-31,2018-02-14,"23706 Cases","Voluntary: Firm initiated",Letter,https://www.accessdata.fda.gov/scripts/ires/?Product=153327
76403,20,"Wellness Chicken & Herring Formula Net Wt. 12.5 oz. Old Mother Hubbard, Inc. Tewksbury, MA 01876 UPC 0-76344-08820-2",076344088202,7WCHS1,"Class II",Terminated,V-0131-2017,2017-02-01,2017-05-31,2018-02-14,"10242 cases","Voluntary: Firm initiated",Letter,https://www.accessdata.fda.gov/scripts/ires/?Product=153328
76403,21,"Wellness Chicken & & Lobster Formula Net Wt. 12.5 oz Old Mother Hubbard, Inc. Tewksbury, MA 01876 UPC 0-76344-08869-1",076344088691,7WCLS1,"Class II",Terminated,V-0132-2017,2017-02-01,2017-05-31,2018-02-14,"849 cases","Voluntary: Firm initiated",Letter,https://www.accessdata.fda.gov/scripts/ires/?Product=153330
76403,22,"Wellness Turkey Formula Net Wt. 12.5 oz Old Mother Hubbard, Inc. Tewksbury, MA 01876 UPC 0-76344-08823-3",076344088233,7WTKS1,"Class II",Terminated,V-0133-2017,2017-02-01,2017-05-31,2018-02-14,"24534 cases","Voluntary: Firm initiated",Letter,https://www.accessdata.fda.gov/scripts/ires/?Product=153332
76403,23,"Wellness Turkey & Salmon Formula Net Wt. 12.5 oz Old Mother Hubbard, Inc. Tewksbury, MA 01876 UPC 0-76344-08819-6",076344088196,7WTSS1,"Class II",Terminated,V-0134-2017,2017-02-01,2017-05-31,2018-02-14,"6793 cases","Voluntary: Firm initiated",Letter,https://www.accessdata.fda.gov/scripts/ires/?Product=153333
76453,1,"Blue Homestyle Recipe¿ Healthy Weight Chicken Dinner with Garden Vegetables; 12.5 oz. Can, UPC Code: 840243100170",,"August 3, 2019","Class II",Terminated,V-0152-2017,2017-02-13,2017-05-31,2017-09-11,,"Voluntary: Firm initiated","Two or more of the following: Email, Fax, Letter, Press Release, Telephone, Visit",https://www.accessdata.fda.gov/scripts/ires/?Product=153307
76616,1,"Wellness Chicken & Herring Formula, Natural Food for Cats, Net Wt. 12.5 oz (354g); UPC: 0 76344 08820 2",076344088202,"Best By: 08/04/2019","Class II",Terminated,V-0135-2017,2017-02-10,2017-05-31,2017-07-03,"68,991 cases (total for all products)","Voluntary: Firm initiated",Letter,https://www.accessdata.fda.gov/scripts/ires/?Product=153678
76616,2,"Wellness Canned Chicken Formula, Natural Food for Cats, Net WT. 12.5 oz (354 g)0 76344 08822 6",,"Best By: 08/03/2019 & 08/04/2019","Class II",Terminated,V-0136-2017,2017-02-10,2017-05-31,2017-07-03,"68,991 cases (total for all products)","Voluntary: Firm initiated",Letter,https://www.accessdata.fda.gov/scripts/ires/?Product=153679
76616,3,"Wellness Chicken & Lobster Formula, Natural Food for Cats, Net Wt. 12.5 oz (354g); UPC: 0 76344 08869 1",076344088691,"Best By: 08/04/2019","Class II",Terminated,V-0137-2017,2017-02-10,2017-05-31,2017-07-03,"68,991 cases (total for all products)","Voluntary: Firm initiated",Letter,https://www.accessdata.fda.gov/scripts/ires/?Product=153680
76616,4,"Wellness Turkey & Salmon Formula, Natural Food for Cats, Net Wt. 12.5 oz (354g); UPC: 0 76344 08819 6",076344088196,"Best By: 08/05/2019","Class II",Terminated,V-0138-2017,2017-02-10,2017-05-31,2017-07-03,"68,991 cases (total for all products)","Voluntary: Firm initiated",Letter,https://www.accessdata.fda.gov/scripts/ires/?Product=153681
76616,5,"Wellness Turkey Formula, Natural Food for Cats, Net Wt. 12.5 oz (354g); UPC: 0 76344 08823 3",076344088233,"Best By: 08/04/2019 & 08/05/2019","Class II",Terminated,V-0139-2017,2017-02-10,2017-05-31,2017-07-03,"68,991 cases (total for all products)","Voluntary: Firm initiated",Letter,https://www.accessdata.fda.gov/scripts/ires/?Product=153682
76616,6,"Wellness Beef & Chicken Formula, Natural Food for Cats, Net Wt. 12.5 oz (354g); UPC: 0 76344 08821 9",076344088219,"Best By: 08/05/2019","Class II",Terminated,V-0140-2017,2017-02-10,2017-05-31,2017-07-03,"68,991 cases (total for all products)","Voluntary: Firm initiated",Letter,https://www.accessdata.fda.gov/scripts/ires/?Product=153683
76616,7,"Wellness Beef & Salmon Formula, Natural Food for Cats, Net Wt. 12.5 oz (354g); UPC: 0 76344 09122 6",076344091226,"Best By: 08/05/2019","Class II",Terminated,V-0141-2017,2017-02-10,2017-05-31,2017-07-03,"68,991 cases (total for all products)","Voluntary: Firm initiated",Letter,https://www.accessdata.fda.gov/scripts/ires/?Product=153684
76706,1,"BLUE Wilderness Rocky Mountain Recipe Red Meat Dinner Wet Food for Adult Dogs 12.5 oz can UPC# 840243101153",840243101153,"Best Buy Date June 7, 2019 (found on the bottom of the can)","Class I",Terminated,V-0106-2017,2017-03-17,2017-04-26,2017-09-07,"8887 cases (12 per case) total 106,644 cans","Voluntary: Firm initiated","Two or more of the following: Email, Fax, Letter, Press Release, Telephone, Visit",https://www.accessdata.fda.gov/scripts/ires/?Product=154133
76755,1,"WELLNESS***ninety-five percent***BEEF***ALL NATURAL GRAIN FREE NOTHING ARTIFICIAL ***Packed with super premium real beef. As a mixer or topper, it's simply delicious!***FOOD FOR DOGS***NET WT 13.2 oz (374 G)can ***Old Mother Hubbard, Inc. ***Enhancing Pets Lives Since 1926***Tewksbury, MA 01824-4125 ***MADE IN USA***INGREDIENTS: BEEF, WATER SUFFICIENT FOR PROCESSING, NATURAL FLAVORS, CASSIA GUM, CARRAGEENAN UPC Codes: Can: 076344894506 Case: 076344894001",,"Best By: 02 FEB 19, 29 AUG 19, 30 AUG 19","Class I",Terminated,V-0107-2017,2017-03-17,2017-04-26,2017-11-17,"16,161 cases (12 cans per case)","Voluntary: Firm initiated","Two or more of the following: Email, Fax, Letter, Press Release, Telephone, Visit",https://www.accessdata.fda.gov/scripts/ires/?Product=154096
76781,1,"Barnsdale Farms, HoundsTooth and Mac's Choice Brand Pig Ears, individually shrink-wrapped, 6-pack, 12-pack, 25-pack and 100-pack plastic bags",,"lot 84","Class I",Terminated,V-0271-2017,2017-03-20,2017-07-26,2019-05-29,"891,439 pcs","Voluntary: Firm initiated","Two or more of the following: Email, Fax, Letter, Press Release, Telephone, Visit",https://www.accessdata.fda.gov/scripts/ires/?Product=154174
77207,1,"Chicken blend for dogs and cats, Smallbatch brand, frozen, Net wt. 2 lbs. UPC 7 05105 97097 4. The label is read in parts: ""***smallbatch***chicken blend for dogs and cats***NET WEIGHT 32oz (2 lbs.)***ingredients: skinless chicken necks, chicken, chicken backs, chicken gizzards, chicken livers, chicken hearts***NOT FOR HUMAN CONSUMPTION. PERISHABLE, KEEP FROZEN***Smallbatch Pets, Inc. Portland, OR 97213***888-507-2712***"".",705105970974,"Lot D032, Best by 2/1/2018 Lot E058, Best by 2/27/2018","Class I",Terminated,V-0275-2017,2017-05-03,2017-08-09,2017-11-15,"282 cases (15/2 lb. packages)","Voluntary: Firm initiated","Two or more of the following: Email, Fax, Letter, Press Release, Telephone, Visit",https://www.accessdata.fda.gov/scripts/ires/?Product=155432
77441,1,"Companion, Skin & Coat Chicken Flavored Chews, Distributed by: Foodhold USA LLC Landover, MD 20785, packaged in 2 count roll packages",,"All codes beginning with AH, AV, A, AI, AO, or AB and expiration dates between 6/1/2019 and 5/31/2020","Class II",Terminated,V-0157-2017,2017-06-05,2017-07-19,2018-02-02,Unknown,"Voluntary: Firm initiated",Telephone,https://www.accessdata.fda.gov/scripts/ires/?Product=156063
77441,2,"Good 'n' Fun, Triple Flavor Chews, United Pet Group, a Division of Spectrum Brands, Blacksburg, VA, packaged in 2 count 7'' rolls, UPC 0 91093 82243 3;",091093822433,"All codes beginning with AH, AV, A, AI, AO, AB and expiration dates between 6/1/2019 and 5/31/2020","Class II",Terminated,V-0158-2017,2017-06-05,2017-07-19,2018-02-02,Unknown,"Voluntary: Firm initiated",Telephone,https://www.accessdata.fda.gov/scripts/ires/?Product=156332
77441,3,"Good 'n' Fun, Beefhide Chicken Sticks, United Pet Group, a Division of Spectrum Brands, Blacksburg, VA, 10 count stick packages, UPC 0 91093 82247 1;",091093822471,"All codes beginning with AH, AV, A, AI, AO, AB and expiration dates between 6/1/2019 and 5/31/2020","Class II",Terminated,V-0159-2017,2017-06-05,2017-07-19,2018-02-02,Unknown,"Voluntary: Firm initiated",Telephone,https://www.accessdata.fda.gov/scripts/ires/?Product=156334
77441,4,"Good 'n' Fun, Triple Flavor Chews, United Pet Group, a Division of Spectrum Brands, Blacksburg, VA, packaged in the following ways 1) 3 count 4'' bones, UPC 0 91093 82247 1; 2) 1 count 8'' bone, UPC 0 91093 82257 0;",091093822471;091093822570,"All codes beginning with AH, AV, A, AI, AO, AB and expiration dates between 6/1/2019 and 5/31/2020","Class II",Terminated,V-0160-2017,2017-06-05,2017-07-19,2018-02-02,Unknown,"Voluntary: Firm initiated",Telephone,https://www.accessdata.fda.gov/scripts/ires/?Product=156339
77441,5,"Good 'n' Fun, Pro Dips, Beef Flavored Liver Flavored, United Pet Group, a Division of Spectrum Brands, Blacksburg, VA, packaged in the following ways 1) 5 count 4'' bones, UPC 0 91093 55001 5; 2) 2 count 7'' bone, UPC 0 91093 55001 5;",091093550015,"All codes beginning with AH, AV, A, AI, AO, AB and expiration dates between 6/1/2019 and 5/31/2020","Class II",Terminated,V-0161-2017,2017-06-05,2017-07-19,2018-02-02,Unknown,"Voluntary: Firm initiated",Telephone,https://www.accessdata.fda.gov/scripts/ires/?Product=156341
77441,6,"Good 'n' Fun, Pro Dips, Peanut Butter Flavored, United Pet Group, a Division of Spectrum Brands, Blacksburg, VA, packaged in the following ways 1) 5 count 4'' bones, UPC 0 91093 55007 7; 2) 2 count 7'' bone, UPC 0 91093 55008 4;",091093550077;091093550084,"All codes beginning with AH, AV, A, AI, AO, AB and expiration dates between 6/1/2019 and 5/31/2020","Class II",Terminated,V-0162-2017,2017-06-05,2017-07-19,2018-02-02,Unknown,"Voluntary: Firm initiated",Telephone,https://www.accessdata.fda.gov/scripts/ires/?Product=156342
77441,7,"Good 'n' Fun, Beefy Ribs, Beef Flavored, United Pet Group, a Division of Spectrum Brands, Blacksburg, VA, packaged in the following ways 1) 5 count, UPC 0 91093 64208 6; 2) 24 count, UPC 0 91093 82365 2;",091093642086;091093823652,"All codes beginning with AH, AV, A, AI, AO, AB and expiration dates between 6/1/2019 and 5/31/2020","Class II",Terminated,V-0163-2017,2017-06-05,2017-07-19,2018-02-02,Unknown,"Voluntary: Firm initiated",Telephone,https://www.accessdata.fda.gov/scripts/ires/?Product=156345
77441,8,"Good 'n' Fun, Beefy sticks, Beef Flavored, United Pet Group, a Division of Spectrum Brands, Blacksburg, VA, packaged in 100 count packages, UPC 0 91093 93924 7;",091093939247,"All codes beginning with AH, AV, A, AI, AO, AB and expiration dates between 6/1/2019 and 5/31/2020","Class II",Terminated,V-0164-2017,2017-06-05,2017-07-19,2018-02-02,Unknown,"Voluntary: Firm initiated",Telephone,https://www.accessdata.fda.gov/scripts/ires/?Product=156347
77441,9,"Good 'n' Fun, Chew Bone, United Pet Group, a Division of Spectrum Brands, Blacksburg, VA, packaged in 1) 1 count 7'' packages, UPC 0 91093 14215 9; 2) 1 count 4'' packages, UPC 0 91093 14152 7; 3) 1 count 15'' packages, UPC 0 91093 14283 8;",091093141527;091093142159;091093142838,"All codes beginning with AH, AV, A, AI, AO, AB and expiration dates between 6/1/2019 and 5/31/2020","Class II",Terminated,V-0165-2017,2017-06-05,2017-07-19,2018-02-02,Unknown,"Voluntary: Firm initiated",Telephone,https://www.accessdata.fda.gov/scripts/ires/?Product=156357
77441,10,"Good 'n' Fun, Beef Bone, United Pet Group, a Division of Spectrum Brands, Blacksburg, VA, packaged in 1) 1 count 9'' packages, UPC 0 91093 25288 9; 2) 1 count 4'' packages, UPC 0 91093 25162 2;",091093251622;091093252889,"All codes beginning with AH, AV, A, AI, AO, AB and expiration dates between 6/1/2019 and 5/31/2020","Class II",Terminated,V-0166-2017,2017-06-05,2017-07-19,2018-02-02,Unknown,"Voluntary: Firm initiated",Telephone,https://www.accessdata.fda.gov/scripts/ires/?Product=156359
77441,11,"Good 'n' Fun, Chew Roll, United Pet Group, a Division of Spectrum Brands, Blacksburg, VA, packaged in 1 count 10'' packages, UPC 0 91093 14377 4;",091093143774,"All codes beginning with AH, AV, A, AI, AO, AB and expiration dates between 6/1/2019 and 5/31/2020","Class II",Terminated,V-0167-2017,2017-06-05,2017-07-19,2018-02-02,Unknown,"Voluntary: Firm initiated",Telephone,https://www.accessdata.fda.gov/scripts/ires/?Product=156361
77441,12,"Good 'n' Fun, Chicken Chew Roll, United Pet Group, a Division of Spectrum Brands, Blacksburg, VA, packaged in 1 count 10'' packages, UPC 0 91093 27150 7;",091093271507,"All codes beginning with AH, AV, A, AI, AO, AB and expiration dates between 6/1/2019 and 5/31/2020","Class II",Terminated,V-0168-2017,2017-06-05,2017-07-19,2018-02-02,Unknown,"Voluntary: Firm initiated",Telephone,https://www.accessdata.fda.gov/scripts/ires/?Product=156362
77441,13,"Good 'n' Fun, Natural Chew Ring, United Pet Group, a Division of Spectrum Brands, Blacksburg, VA, packaged in 1 count 6'' packages, UPC 0 91093 14359 0;",091093143590,"All codes beginning with AH, AV, A, AI, AO, AB and expiration dates between 6/1/2019 and 5/31/2020","Class II",Terminated,V-0169-2017,2017-06-05,2017-07-19,2018-02-02,Unknown,"Voluntary: Firm initiated",Telephone,https://www.accessdata.fda.gov/scripts/ires/?Product=156363
77441,14,"Good 'n' Fun, Chew Bones, United Pet Group, a Division of Spectrum Brands, Blacksburg, VA, packaged in 8 count 4'' bone packages, UPC 0 91093 80206 0;",091093802060,"All codes beginning with AH, AV, A, AI, AO, AB and expiration dates between 6/1/2019 and 5/31/2020","Class II",Terminated,V-0170-2017,2017-06-05,2017-07-19,2018-02-02,Unknown,"Voluntary: Firm initiated",Telephone,https://www.accessdata.fda.gov/scripts/ires/?Product=156375
77441,15,"Good 'n' Fun, Beef bone, United Pet Group, a Division of Spectrum Brands, Blacksburg, VA, packaged in 1 count 10'' roll packages, UPC 0 91093 80206 0;",091093802060,"All codes beginning with AH, AV, A, AI, AO, AB and expiration dates between 6/1/2019 and 5/31/2020","Class II",Terminated,V-0171-2017,2017-06-05,2017-07-19,2018-02-02,Unknown,"Voluntary: Firm initiated",Telephone,https://www.accessdata.fda.gov/scripts/ires/?Product=156376
77441,16,"Good 'n' Fun, Chew Chips, United Pet Group, a Division of Spectrum Brands, Blacksburg, VA, packaged in 1 lb packages, UPC 0 91093 96270 9;",091093962709,"All codes beginning with AH, AV, A, AI, AO, AB and expiration dates between 6/1/2019 and 5/31/2020","Class II",Terminated,V-0172-2017,2017-06-05,2017-07-19,2018-02-02,Unknown,"Voluntary: Firm initiated",Telephone,https://www.accessdata.fda.gov/scripts/ires/?Product=156378
77441,17,"Good 'n' Fit, Skin & Coat Chews Beef Flavored, United Pet Group, a Division of Spectrum Brands, Blacksburg, VA, packaged in 1) 5 count 4'' bone packages, UPC 0 91093 31224 8; 2) 1 count 7'' bone packages UPC 0 91093 31222 4; 3) 1 count 9'' bones UPC 0 91093 31223 1;",091093312224;091093312231;091093312248,"All codes beginning with AH, AV, A, AI, AO, AB and expiration dates between 6/1/2019 and 5/31/2020","Class II",Terminated,V-0173-2017,2017-06-05,2017-07-19,2018-02-02,Unknown,"Voluntary: Firm initiated",Telephone,https://www.accessdata.fda.gov/scripts/ires/?Product=156401
77441,18,"Good 'n' Fit, Skin & Coat Beef Flavored Chips, United Pet Group, a Division of Spectrum Brands, Blacksburg, VA, packaged in 4 oz packages, UPC 0 91093 31227 9;",091093312279,"All codes beginning with AH, AV, A, AI, AO, AB and expiration dates between 6/1/2019 and 5/31/2020","Class II",Terminated,V-0174-2017,2017-06-05,2017-07-19,2018-02-02,Unknown,"Voluntary: Firm initiated",Telephone,https://www.accessdata.fda.gov/scripts/ires/?Product=156403
77441,19,"Good 'n' Fit, Skin & Coat Beef Flavored Crunchy Sticks, United Pet Group, a Division of Spectrum Brands, Blacksburg, VA, packaged in 20 count packages, UPC 0 91093 31230 9;",091093312309,"All codes beginning with AH, AV, A, AI, AO, AB and expiration dates between 6/1/2019 and 5/31/2020","Class II",Terminated,V-0175-2017,2017-06-05,2017-07-19,2018-02-02,Unknown,"Voluntary: Firm initiated",Telephone,https://www.accessdata.fda.gov/scripts/ires/?Product=156404
77441,20,"Good 'n' Fit, Skin & Coat Chews, United Pet Group, a Division of Spectrum Brands, Blacksburg, VA, packaged in 7 count 5'' roll packages, UPC 0 91093 31126 5;",091093311265,"All codes beginning with AH, AV, A, AI, AO, AB and expiration dates between 6/1/2019 and 5/31/2020","Class II",Terminated,V-0176-2017,2017-06-05,2017-07-19,2018-02-02,Unknown,"Voluntary: Firm initiated",Telephone,https://www.accessdata.fda.gov/scripts/ires/?Product=156405
77441,21,"Good 'n' Fit, Skin & Coat Chews Chips, United Pet Group, a Division of Spectrum Brands, Blacksburg, VA, packaged in 4 oz packages, UPC 0 91093 31117 3;",091093311173,"All codes beginning with AH, AV, A, AI, AO, AB and expiration dates between 6/1/2019 and 5/31/2020","Class II",Terminated,V-0177-2017,2017-06-05,2017-07-19,2018-02-02,Unknown,"Voluntary: Firm initiated",Telephone,https://www.accessdata.fda.gov/scripts/ires/?Product=156409
77441,22,"Healthy Hide, Skin & Coat Bone Artificial Chicken Flavor, United Pet Group, a Division of Spectrum Brands, Blacksburg, VA, packaged in 1 count 7'' bone packages, UPC 0 91093 31339 9;",091093313399,"All codes beginning with AH, AV, A, AI, AO, AB and expiration dates between 6/1/2019 and 5/31/2020","Class II",Terminated,V-0178-2017,2017-06-05,2017-07-19,2018-02-02,Unknown,"Voluntary: Firm initiated",Telephone,https://www.accessdata.fda.gov/scripts/ires/?Product=156410
77441,23,"Healthy Hide, Dental Rolls, United Pet Group, a Division of Spectrum Brands, Blacksburg, VA, packaged in 2 count 5'' rolls packages, UPC 0 91093 31339 9;",091093313399,"All codes beginning with AH, AV, A, AI, AO, AB and expiration dates between 6/1/2019 and 5/31/2020","Class II",Terminated,V-0179-2017,2017-06-05,2017-07-19,2018-02-02,Unknown,"Voluntary: Firm initiated",Telephone,https://www.accessdata.fda.gov/scripts/ires/?Product=156411
77441,24,"Digest-eeze, Natural Savory Beefhide, Manufactured by: Salix Animal Health, LLC Deerfield Beach, FL, packaged in 1) 8 count 4'' bone packages, UPC 0 91093 28723 2; 2) 5 count 6'' bone packages, UPC 0 91093 28724 9; 3) 1 count 7'' bone packages, UPC 0 91093 28714 0; 4) 1 count 9'' bone packages, UPC 0 91093 28715 7;",091093287140;091093287157;091093287232;091093287249,"All codes beginning with AH, AV, A, AI, AO, AB and expiration dates between 6/1/2019 and 5/31/2020","Class II",Terminated,V-0180-2017,2017-06-05,2017-07-19,2018-02-02,Unknown,"Voluntary: Firm initiated",Telephone,https://www.accessdata.fda.gov/scripts/ires/?Product=156413
77441,25,"Digest-eeze, Natural Savory Beefhide, Manufactured by: Salix Animal Health, LLC Deerfield Beach, FL, packaged in 1) 5 count 5'' roll packages, UPC 0 91093 28713 3; 2) 14 count 5'' roll packages, UPC 0 91093 98713 2; 3) 3 count 8'' roll packages, UPC 0 91093 28718 8; 4) 10 count 8'' roll packages, UPC 0 91093 28722 5;",091093287133;091093287188;091093287225;091093987132,"All codes beginning with AH, AV, A, AI, AO, AB and expiration dates between 6/1/2019 and 5/31/2020","Class II",Terminated,V-0181-2017,2017-06-05,2017-07-19,2018-02-02,Unknown,"Voluntary: Firm initiated",Telephone,https://www.accessdata.fda.gov/scripts/ires/?Product=156415
77441,26,"Digest-eeze, Natural Savory Beefhide, Manufactured by: Salix Animal Health, LLC Deerfield Beach, FL, packaged in 3.5 oz packages of chips, UPC 0 91093 28716 4;",091093287164,"All codes beginning with AH, AV, A, AI, AO, AB and expiration dates between 6/1/2019 and 5/31/2020","Class II",Terminated,V-0182-2017,2017-06-05,2017-07-19,2018-02-02,Unknown,"Voluntary: Firm initiated",Telephone,https://www.accessdata.fda.gov/scripts/ires/?Product=156418
77441,27,"Digest-eeze, Natural Savory Beefhide, Manufactured by: Salix Animal Health, LLC Deerfield Beach, FL, packaged in 8 count 8'' ring packages, UPC 0 91093 28719 5;",091093287195,"All codes beginning with AH, AV, A, AI, AO, AB and expiration dates between 6/1/2019 and 5/31/2020","Class II",Terminated,V-0183-2017,2017-06-05,2017-07-19,2018-02-02,Unknown,"Voluntary: Firm initiated",Telephone,https://www.accessdata.fda.gov/scripts/ires/?Product=156421
77441,28,"American Beefhide, Chew Bone, Manufactured by: Salix Animal Health, LLC Deerfield Beach, FL, packaged in 1) 5 count 4'' bone packages; 2) 1 count 7'' bone packages; 3) 1 count 6'' bone packages; 4) 1 count 8'' bone packages; 5) 1 count 9'' bone packages; 6) 1 count 7'' bone packages;",,"All codes beginning with AH and expiration dates between 6/1/2019 and 5/31/2020","Class II",Terminated,V-0187-2017,2017-06-05,2017-07-19,2018-02-02,Unknown,"Voluntary: Firm initiated",Telephone,https://www.accessdata.fda.gov/scripts/ires/?Product=156428
77441,29,"American Beefhide, Beef Bone Beef Flavored, Manufactured by: Salix Animal Health, LLC Deerfield Beach, FL, packaged in 1) 4 count 5'' bone packages; 2) 1 count 7'' bone packages;",,"All codes beginning with AH and expiration dates between 6/1/2019 and 5/31/2020","Class II",Terminated,V-0188-2017,2017-06-05,2017-07-19,2018-02-02,Unknown,"Voluntary: Firm initiated",Telephone,https://www.accessdata.fda.gov/scripts/ires/?Product=156430
77441,30,"American Beefhide, Bone Chicken Flavored, Manufactured by: Salix Animal Health, LLC Deerfield Beach, FL, packaged in 1 count 6'' bone packages;",,"All codes beginning with AH and expiration dates between 6/1/2019 and 5/31/2020","Class II",Terminated,V-0189-2017,2017-06-05,2017-07-19,2018-02-02,Unknown,"Voluntary: Firm initiated",Telephone,https://www.accessdata.fda.gov/scripts/ires/?Product=156433
77441,31,"Companion, Natural Rawhide Chews, Distributed by: Foodhold USA LLC Landover, MD 20785, packaged in 1) 4 count 4'' bone packages, UPC 41520022042; 2) 8 count small bone packages, UPC 41520022066; 3) 4 count 6'' bone packages, UPC 41520022073; 4) 2 count 6'' bone packages, UPC 41520866370; 5) 1 count 7'' bone packages, UPC 41520316240; 6) 1 count 10'' bone packages, UPC 41520022271; 7) 1 count 14'' bone packages, UPC 41520879738",41520022042;41520022066;41520022073;41520022271;41520316240;41520866370;41520879738,"All codes beginning with AH, AV, A, AI, AO, or AB and expiration dates between 6/1/2019 and 5/31/2020","Class II",Terminated,V-0190-2017,2017-06-05,2017-07-19,2018-02-02,Unknown,"Voluntary: Firm initiated",Telephone,https://www.accessdata.fda.gov/scripts/ires/?Product=156609
77441,32,"Companion, Natural Rawhide Rolls, Distributed by: Foodhold USA LLC Landover, MD 20785, packaged in 1) 4 count 8'' roll packages, UPC 41520022158; 2) 2 count 8'' roll packages, UPC 41520022172;",41520022158;41520022172,"All codes beginning with AH, AV, A, AI, AO, or AB and expiration dates between 6/1/2019 and 5/31/2020","Class II",Terminated,V-0191-2017,2017-06-05,2017-07-19,2018-02-02,Unknown,"Voluntary: Firm initiated",Telephone,https://www.accessdata.fda.gov/scripts/ires/?Product=156610
77441,33,"Companion, Rawhide Chew Chips, Distributed by: Foodhold USA LLC Landover, MD 20785, packaged in 1) 4 oz packages, UPC 41520022189; 2) 1 lb packages, UPC 41520316479; 3) 2 lb packages, UPC 41520879318;",41520022189;41520316479;41520879318,"All codes beginning with AH, AV, A, AI, AO, or AB and expiration dates between 6/1/2019 and 5/31/2020","Class II",Terminated,V-0192-2017,2017-06-05,2017-07-19,2018-02-02,Unknown,"Voluntary: Firm initiated",Telephone,https://www.accessdata.fda.gov/scripts/ires/?Product=156611
77441,34,"Companion, Chicken Flavored Rawhide Chew Chips, Distributed by: Foodhold USA LLC Landover, MD 20785, packaged in 4 oz packages, UPC 41520022196;",41520022196,"All codes beginning with AH, AV, A, AI, AO, or AB and expiration dates between 6/1/2019 and 5/31/2020","Class II",Terminated,V-0193-2017,2017-06-05,2017-07-19,2018-02-02,Unknown,"Voluntary: Firm initiated",Telephone,https://www.accessdata.fda.gov/scripts/ires/?Product=156615
77441,35,"Companion, Peanut Butter Rawhide Chews, Distributed by: Foodhold USA LLC Landover, MD 20785, packaged in 2 count 8'' rolls packages, UPC 41520022165;",41520022165,"All codes beginning with AH, AV, A, AI, AO, or AB and expiration dates between 6/1/2019 and 5/31/2020","Class II",Terminated,V-0194-2017,2017-06-05,2017-07-19,2018-02-02,Unknown,"Voluntary: Firm initiated",Telephone,https://www.accessdata.fda.gov/scripts/ires/?Product=156616
77441,36,"Companion, Peanut Butter Rawhide Chews, Distributed by: Foodhold USA LLC Landover, MD 20785, packaged in 1) 4 count 7'' bone packages, UPC 41520022059; 2) 1 count 9'' bone packages, UPC 41520022301;",41520022059;41520022301,"All codes beginning with AH, AV, A, AI, AO, or AB and expiration dates between 6/1/2019 and 5/31/2020","Class II",Terminated,V-0196-2017,2017-06-05,2017-07-19,2018-02-02,Unknown,"Voluntary: Firm initiated",Telephone,https://www.accessdata.fda.gov/scripts/ires/?Product=156617
77441,37,"Companion, Peanut Butter Rawhide Chews, Distributed by: Foodhold USA LLC Landover, MD 20785, packaged in 1) 4 count 7'' bone packages, UPC 41520022059; 2) 1 count 9'' bone packages, UPC 41520022301;",41520022059;41520022301,"All codes beginning with AH, AV, A, AI, AO, or AB and expiration dates between 6/1/2019 and 5/31/2020","Class II",Terminated,V-0196-2017,2017-06-05,2017-07-19,2018-02-02,Unknown,"Voluntary: Firm initiated",Telephone,https://www.accessdata.fda.gov/scripts/ires/?Product=156618
77441,38,"Dentahex, Oral Care Chews Petite, Manufactured For Vetoquinol USA Inc. Ft. Worth, TX USA 76137, packaged in 30 count packages, UPC 17030030167;",17030030167,"All codes with expiration dates between 6/1/2021 and 5/31/2022","Class II",Terminated,V-0197-2017,2017-06-05,2017-07-19,2018-02-02,Unknown,"Voluntary: Firm initiated",Telephone,https://www.accessdata.fda.gov/scripts/ires/?Product=156622
77441,39,"Dentahex, Oral Care Chews Small Dogs, Manufactured For Vetoquinol USA Inc. Ft. Worth, TX USA 76137, packaged in 30 count packages, UPC 17030030174;",17030030174,"All codes with expiration dates between 6/1/2021 and 5/31/2022","Class II",Terminated,V-0198-2017,2017-06-05,2017-07-19,2018-02-02,Unknown,"Voluntary: Firm initiated",Telephone,https://www.accessdata.fda.gov/scripts/ires/?Product=156624
77441,40,"Dentahex, Oral Care Chews Medium Dogs, Manufactured For Vetoquinol USA Inc. Ft. Worth, TX USA 76137, packaged in 30 count packages, UPC 17030030181;",17030030181,"All codes with expiration dates between 6/1/2021 and 5/31/2022","Class II",Terminated,V-0199-2017,2017-06-05,2017-07-19,2018-02-02,Unknown,"Voluntary: Firm initiated",Telephone,https://www.accessdata.fda.gov/scripts/ires/?Product=156630
77441,41,"Dentahex, Oral Care Chews Large Dogs, Manufactured For Vetoquinol USA Inc. Ft. Worth, TX USA 76137, packaged in 30 count packages, UPC 17030030198;",17030030198,"All codes with expiration dates between 6/1/2021 and 5/31/2022","Class II",Terminated,V-0200-2017,2017-06-05,2017-07-19,2018-02-02,Unknown,"Voluntary: Firm initiated",Telephone,https://www.accessdata.fda.gov/scripts/ires/?Product=156631
77441,42,"Dentley's, Natural Flavor Rawhide Knotted Bones, Pacific Coast Distributing, Inc. Phoenix, AZ USA 85027, packaged in 1) 16 count 3'' bone packages, UPC 737257218536; 2) 4 count 4'' bone packages, UPC 737257218604; 3) 8 count 7'' bone packages, UPC 737257218567; 4) 1 count 7'' bone packages, UPC 737257218598; 5) 1 count 10'' bone packages, UPC 737257218345; 6) 1 count 16 - 18'' bone packages, UPC 737257218574; 7) 1 count bone packages, UPC 737257576544;",737257218345;737257218536;737257218567;737257218574;737257218598;737257218604;737257576544,"All codes beginning with AH, AV, A, AI, AO, or AB and expiration dates between 6/1/2019 and 5/31/2020","Class II",Terminated,V-0201-2017,2017-06-05,2017-07-19,2018-02-02,Unknown,"Voluntary: Firm initiated",Telephone,https://www.accessdata.fda.gov/scripts/ires/?Product=156639
77441,43,"Dentley's, Natural Flavor Rawhide Rolls, Pacific Coast Distributing, Inc. Phoenix, AZ USA 85027, packaged in 1) 6 count 5'' retriever stick packages, UPC 737257248258; 2) 1 count 10'' roll packages, UPC 737257218093;",737257218093;737257248258,"All codes beginning with AH, AV, A, AI, AO, or AB and expiration dates between 6/1/2019 and 5/31/2020","Class II",Terminated,V-0202-2017,2017-06-05,2017-07-19,2018-02-02,Unknown,"Voluntary: Firm initiated",Telephone,https://www.accessdata.fda.gov/scripts/ires/?Product=156640
77441,44,"Dentley's, Assorted Flavors, Beef Chicken, Rawhide Rolls, Pacific Coast Distributing, Inc. Phoenix, AZ USA 85027, packaged in 1) 3 count 10'' roll packages, UPC 737257218543; 2) 10 count 10'' roll packages, UPC 737257284203;",737257218543;737257284203,"All codes beginning with AH, AV, A, AI, AO, or AB and expiration dates between 6/1/2019 and 5/31/2020","Class II",Terminated,V-0203-2017,2017-06-05,2017-07-19,2018-02-02,Unknown,"Voluntary: Firm initiated",Telephone,https://www.accessdata.fda.gov/scripts/ires/?Product=156641
77441,45,"Dentley's, Assorted Flavors Beef Chicken Peanut Butter Granulated Rawhide Munchy Logs, Pacific Coast Distributing, Inc. Phoenix, AZ USA 85027, packaged in 25 count 5'' roll packages, UPC 737257218314;",737257218314,"All codes beginning with AH, AV, A, AI, AO, or AB and expiration dates between 6/1/2019 and 5/31/2020","Class II",Terminated,V-0204-2017,2017-06-05,2017-07-19,2018-02-02,Unknown,"Voluntary: Firm initiated",Telephone,https://www.accessdata.fda.gov/scripts/ires/?Product=156642
77441,46,"Dentley's, Assorted Flavors, Beef Chicken, Rawhide Knotted Bones, Pacific Coast Distributing, Inc. Phoenix, AZ USA 85027, packaged in 1) 16 count 3'' bone packages, UPC 737257218413; 2) 10 count 7'' bone packages, UPC 737257218338; 3) 4 count 10'' bone packages, UPC 737257218321; 4) 4 count 10'' bone packages, UPC 737257218352;",737257218321;737257218338;737257218352;737257218413,"All codes beginning with AH, AV, A, AI, AO, or AB and expiration dates between 6/1/2019 and 5/31/2020","Class II",Terminated,V-0205-2017,2017-06-05,2017-07-19,2018-02-02,Unknown,"Voluntary: Firm initiated",Telephone,https://www.accessdata.fda.gov/scripts/ires/?Product=156643
77441,47,"Dentley's, Natural Flavor, Rawhide Curls, Pacific Coast Distributing, Inc. Phoenix, AZ USA 85027, packaged in 1) 12 count 4'' curl packages, UPC 737257218307; 2) 12 count 4'' curl packages, UPC 737257218390;",737257218307;737257218390,"All codes beginning with AH, AV, A, AI, AO, or AB and expiration dates between 6/1/2019 and 5/31/2020","Class II",Terminated,V-0206-2017,2017-06-05,2017-07-19,2018-02-02,Unknown,"Voluntary: Firm initiated",Telephone,https://www.accessdata.fda.gov/scripts/ires/?Product=156644
77441,48,"Dentley's, Peanut Butter Flavor Rawhide Knotted Bones, Pacific Coast Distributing, Inc. Phoenix, AZ USA 85027, packaged in 1 count 7'' bone packages, UPC 737257218987;",737257218987,"All codes beginning with AH, AV A, AI, AO, or AB and expiration dates between 6/1/2019 and 5/31/2020","Class II",Terminated,V-0207-2017,2017-06-05,2017-07-19,2018-02-02,Unknown,"Voluntary: Firm initiated",Telephone,https://www.accessdata.fda.gov/scripts/ires/?Product=156645
77441,49,"Dentley's, Beef Flavor, Rawhide Munchy Strip, Pacific Coast Distributing, Inc. Phoenix, AZ USA 85027, packaged in 50 count 6'' strip packages, UPC 737257219410;",737257219410,"All codes beginning with AH, AV, A, AI, AO, or AB and expiration dates between 6/1/2019 and 5/31/2020","Class II",Terminated,V-0208-2017,2017-06-05,2017-07-19,2018-02-02,Unknown,"Voluntary: Firm initiated",Telephone,https://www.accessdata.fda.gov/scripts/ires/?Product=156646
77441,50,"Dentley's, Peanut Butter Flavor, Rawhide Munchy Strip, Pacific Coast Distributing, Inc. Phoenix, AZ USA 85027, packaged in 50 count 6'' strip packages, UPC 737257282964;",737257282964,"All codes beginning with AH, AV, A, AI, AO, or AB and expiration dates between 6/1/2019 and 5/31/2020","Class II",Terminated,V-0209-2017,2017-06-05,2017-07-19,2018-02-02,Unknown,"Voluntary: Firm initiated",Telephone,https://www.accessdata.fda.gov/scripts/ires/?Product=156647
77441,51,"Dentley's, Natural Flavor, Bully Sticks, Pacific Coast Distributing, Inc. Phoenix, AZ USA 85027, packaged in 6 count 6'' pizzle packages, UPC 737257531604;",737257531604,"All codes beginning with AH, AV, A, AI, AO, or AB and expiration dates between 6/1/2019 and 5/31/2020","Class II",Terminated,V-0210-2017,2017-06-05,2017-07-19,2018-02-02,Unknown,"Voluntary: Firm initiated",Telephone,https://www.accessdata.fda.gov/scripts/ires/?Product=156648
77441,52,"Dentley's, Natural Flavor, Rawhide Munchy Strip, Pacific Coast Distributing, Inc. Phoenix, AZ USA 85027, packaged in 50 count strip packages, UPC 737257576407;",737257576407,"All codes beginning with AH, AV, A, AI, AO, or AB and expiration dates between 6/1/2019 and 5/31/2020","Class II",Terminated,V-0211-2017,2017-06-05,2017-07-19,2018-02-02,Unknown,"Voluntary: Firm initiated",Telephone,https://www.accessdata.fda.gov/scripts/ires/?Product=156649
77441,53,"Dentley's, Chicken Flavor, Rawhide Munchy Strip, Pacific Coast Distributing, Inc. Phoenix, AZ USA 85027, packaged in 50 count strip packages, UPC 737257576414;",737257576414,"All codes beginning with AH, AV, A, AI, AO, or AB and expiration dates between 6/1/2019 and 5/31/2020","Class II",Terminated,V-0212-2017,2017-06-05,2017-07-19,2018-02-02,,"Voluntary: Firm initiated",Telephone,https://www.accessdata.fda.gov/scripts/ires/?Product=156650
77441,54,"Enzadent, Oral Care Chews Petite Dogs, Manufactured for Vetoquinol USA Inc. Ft. Worth, TX USA 76137, packaged in 30 count packages, UPC 17030030167;",17030030167,"All codes with expiration dates between 6/1/2021 and 5/31/2022","Class II",Terminated,V-0213-2017,2017-06-05,2017-07-19,2018-02-02,Unknown,"Voluntary: Firm initiated",Telephone,https://www.accessdata.fda.gov/scripts/ires/?Product=156678
77441,55,"Enzadent, Oral Care Chews Small Dogs, Manufactured for Vetoquinol USA Inc. Ft. Worth, TX USA 76137, packaged in 30 count packages, UPC 17030030174;",17030030174,"All codes with expiration dates between 6/1/2021 and 5/31/2022","Class II",Terminated,V-0214-2017,2017-06-05,2017-07-19,2018-02-02,Unknown,"Voluntary: Firm initiated",Telephone,https://www.accessdata.fda.gov/scripts/ires/?Product=156679
77441,56,"Enzadent, Oral Care Chews Medium Dogs, Manufactured for Vetoquinol USA Inc. Ft. Worth, TX USA 76137, packaged in 30 count packages, UPC 17030030181;",17030030181,"All codes with expiration dates between 6/1/2021 and 5/31/2022","Class II",Terminated,V-0215-2017,2017-06-05,2017-07-19,2018-02-02,Unknown,"Voluntary: Firm initiated",Telephone,https://www.accessdata.fda.gov/scripts/ires/?Product=156680
77441,57,"Enzadent, Oral Care Chews Large Dogs, Manufactured for Vetoquinol USA Inc. Ft. Worth, TX USA 76137, packaged in 30 count packages, UPC 17030030198;",17030030198,"All codes with expiration dates between 6/1/2021 and 5/31/2022","Class II",Terminated,V-0216-2017,2017-06-05,2017-07-19,2018-02-02,Unknown,"Voluntary: Firm initiated",Telephone,https://www.accessdata.fda.gov/scripts/ires/?Product=156681
77441,58,"Exer-Hides, Natural Beefhide Bones, Distributed by Wal-Mart Stores, Inc. Bentonville, AR 72716, packaged in 3 count packages 9'' bone packages, UPC 681131439190;",681131439190,"All codes beginning with AH, AV A, AI, AO, or AB and expiration dates between 6/1/2019 and 5/31/2020","Class II",Terminated,V-0217-2017,2017-06-05,2017-07-19,2018-02-02,Unknown,"Voluntary: Firm initiated",Telephone,https://www.accessdata.fda.gov/scripts/ires/?Product=156683
77441,59,"Exer-Hides, Chicken Flavor Beefhide Bones, Distributed by Wal-Mart Stores, Inc. Bentonville, AR 72716, packaged in 3 count packages 9'' bone packages, UPC 681131439206;",681131439206,"All codes beginning with AH, AV A, AI, AO, or AB and expiration dates between 6/1/2019 and 5/31/2020","Class II",Terminated,V-0218-2017,2017-06-05,2017-07-19,2018-02-02,Unknown,"Voluntary: Firm initiated",Telephone,https://www.accessdata.fda.gov/scripts/ires/?Product=156685
77441,60,"Essential Everyday, Natural Rawhide Premium Dog Bones, Distributed by Supervalu Inc Eden Prairie, MN 55344 USA, packaged in 1) 4 count 4'' bone packages, UPC 41303043585; 2) 1 lb small bone packages, UPC 41303043615; 3) 2 count 6'' bone packages, UPC 41303043783; 4) 1 count 9'' bone packages, UPC 41303043578; 5) 1 count 11'' bone packages, UPC 41303043813;",41303043578;41303043585;41303043615;41303043783;41303043813,"All codes beginning with AH, AV A, AI, AO, or AB and expiration dates between 6/1/2019 and 5/31/2020","Class II",Terminated,V-0219-2017,2017-06-05,2017-07-19,2018-02-02,Unknown,"Voluntary: Firm initiated",Telephone,https://www.accessdata.fda.gov/scripts/ires/?Product=156687
77441,61,"Essential Everyday, Retriever Rolls Natural Rawhide Chews, Distributed by Supervalu Inc Eden Prairie, MN 55344 USA, packaged in 1) 1 lb 8'' roll packages, UPC 41303043608; 2) 2 count 8'' roll packages, UPC 41303043806;",41303043608;41303043806,"All codes beginning with AH, AV A, AI, AO, or AB and expiration dates between 6/1/2019 and 5/31/2020","Class II",Terminated,V-0220-2017,2017-06-05,2017-07-19,2018-02-02,Unknown,"Voluntary: Firm initiated",Telephone,https://www.accessdata.fda.gov/scripts/ires/?Product=156688
77441,62,"Essential Everyday, Dental Rolls Daily Oral Care, Distributed by Supervalu Inc Eden Prairie, MN 55344 USA, packaged in 7 count 5'' bone packages, UPC 41303062302;",41303062302,"All codes beginning with AH, AV A, AI, AO, or AB and expiration dates between 6/1/2019 and 5/31/2020","Class II",Terminated,V-0221-2017,2017-06-05,2017-07-19,2018-02-02,Unknown,"Voluntary: Firm initiated",Telephone,https://www.accessdata.fda.gov/scripts/ires/?Product=156689
77441,63,"Essential Everyday, Skin & Coat Premium Beef Flavor Chews, Distributed by Supervalu Inc Eden Prairie, MN 55344 USA, packaged in 20 count crunchy stick packages, UPC 41303043639;",41303043639,"All codes beginning with AH, AV A, AI, AO, or AB and expiration dates between 6/1/2019 and 5/31/2020","Class II",Terminated,V-0222-2017,2017-06-05,2017-07-19,2018-02-02,Unknown,"Voluntary: Firm initiated",Telephone,https://www.accessdata.fda.gov/scripts/ires/?Product=156695
77441,64,"Essential Everyday, Skin & Coat Premium Rawhide Chews, Distributed by Supervalu Inc Eden Prairie, MN 55344 USA, packaged in 1) 2 count 8'' roll packages, UPC 41303043646; 2) 2 count 8'' roll packages, UPC 41303043653;",41303043646;41303043653,"All codes beginning with AH, AV A, AI, AO, or AB and expiration dates between 6/1/2019 and 5/31/2020","Class II",Terminated,V-0223-2017,2017-06-05,2017-07-19,2018-02-02,Unknown,"Voluntary: Firm initiated",Telephone,https://www.accessdata.fda.gov/scripts/ires/?Product=156697
77441,65,"Essential Everyday, Natural Rawhide Flip Chip Premium Dog Chews, Distributed by Supervalu Inc Eden Prairie, MN 55344 USA, packaged in 1lb packages, UPC 41303043820;",41303043820,"All codes beginning with AH, AV A, AI, AO, or AB and expiration dates between 6/1/2019 and 5/31/2020","Class II",Terminated,V-0224-2017,2017-06-05,2017-07-19,2018-02-02,Unknown,"Voluntary: Firm initiated",Telephone,https://www.accessdata.fda.gov/scripts/ires/?Product=156698
77441,66,"Essential Everyday, Beef Basted Rawhide Flip Chip Premium Dog Chews, Distributed by Supervalu Inc Eden Prairie, MN 55344 USA, packaged in 1 lb packages, UPC 41303043837;",41303043837,"All codes beginning with AH, AV A, AI, AO, or AB and expiration dates between 6/1/2019 and 5/31/2020","Class II",Terminated,V-0225-2017,2017-06-05,2017-07-19,2018-02-02,Unknown,"Voluntary: Firm initiated",Telephone,https://www.accessdata.fda.gov/scripts/ires/?Product=156706
77441,67,"Essential Everyday, Triple-Flavor Chews Beef Hide, Premium Chicken & Artificial Bacon Flavor, Distributed by Supervalu Inc Eden Prairie, MN 55344 USA, packaged in 1 count 4'' curl packages, UPC 41303043707;",41303043707,"All codes beginning with AH, AV A, AI, AO, or AB and expiration dates between 6/1/2019 and 5/31/2020","Class II",Terminated,V-0226-2017,2017-06-05,2017-07-19,2018-02-02,Unknown,"Voluntary: Firm initiated",Telephone,https://www.accessdata.fda.gov/scripts/ires/?Product=156707
77441,68,"Good Lovin', Beef Flavor Butcher's Block Rawhide Bone, Distributed by: International Pet Supplies and Distribution, Inc. San Diego, CA, packaged in 1) 3 count 5'' bone packages, UPC 800443969823; 2) 3 count 9'' bone packages, UPC 800443969809;",800443969809;800443969823,"All codes beginning with AH, AV A, AI, AO, or AB and expiration dates between 6/1/2019 and 5/31/2020","Class II",Terminated,V-0227-2017,2017-06-05,2017-07-19,2018-02-02,Unknown,"Voluntary: Firm initiated",Telephone,https://www.accessdata.fda.gov/scripts/ires/?Product=156711
77441,69,"Good Lovin', Chicken Flavor Rawhide Bone, Distributed by: International Pet Supplies and Distribution, Inc. San Diego, CA, packaged in 3 count 5'' bone packages, UPC 800443157213;",800443157213,"All codes beginning with AH, AV A, AI, AO, or AB and expiration dates between 6/1/2019 and 5/31/2020","Class II",Terminated,V-0228-2017,2017-06-05,2017-07-19,2018-02-02,Unknown,"Voluntary: Firm initiated",Telephone,https://www.accessdata.fda.gov/scripts/ires/?Product=156712
77441,70,"Good Lovin', Hand Wrapped Jerky Rolls with Beef, Distributed by: International Pet Supplies and Distribution, Inc. San Diego, CA, packaged in 2 count 7'' wrap packages, UPC 800443969847;",800443969847,"All codes beginning with AH, AV A, AI, AO, or AB and expiration dates between 6/1/2019 and 5/31/2020","Class II",Terminated,V-0229-2017,2017-06-05,2017-07-19,2018-02-02,Unknown,"Voluntary: Firm initiated",Telephone,https://www.accessdata.fda.gov/scripts/ires/?Product=156713
77441,71,"Hill Country Fare, Rawhide For Dogs, Distributed by: H-E-B San Antonio, TX 78204, packaged in 1) 5 count 4'' bone packages, UPC 41220780280; 2) 1 lb 4'' bone packages, UPC 41220928873; 3) 3 count 4'' bone packages, UPC 41220780259; 4) 4 count 4'' bone packages, UPC 41220928859; 5) 1 count 9'' bone packages, UPC 41220780266; 6) 3 count 9'' bone packages, UPC 41220928866; 7) 2 count 8'' bone packages, UPC 41220985494; 8) 1 count 11'' bone packages, UPC 41220780273;",41220780259;41220780266;41220780273;41220780280;41220928859;41220928866;41220928873;41220985494,"All codes beginning with AH, AV, A, AI, AO, or AB and expiration dates between 6/1/2019 and 5/31/2020","Class II",Terminated,V-0230-2017,2017-06-05,2017-07-19,2018-02-02,Unknown,"Voluntary: Firm initiated",Telephone,https://www.accessdata.fda.gov/scripts/ires/?Product=156714
77441,72,"Hill Country Fare, Rawhide For Dogs Beef Basted Retriever Rolls, Distributed by: H-E-B San Antonio, TX 78204, packaged in 1) 2 count 8'' roll packages, UPC 41220844449; 2) 4 count 4'' roll packages, UPC 41220905560",41220844449;41220905560,"All codes beginning with AH, AV A, AI, AO, or AB and expiration dates between 6/1/2019 and 5/31/2020","Class II",Terminated,V-0231-2017,2017-06-05,2017-07-19,2018-02-02,Unknown,"Voluntary: Firm initiated",Telephone,https://www.accessdata.fda.gov/scripts/ires/?Product=156715
77441,73,"Hill Country Fare, Rawhide For Dogs Chicken Basted Retriever Rolls, Distributed by: H-E-B San Antonio, TX 78204, packaged in 2 count 8'' roll packages, UPC 41220844432;",41220844432,"All codes beginning with AH, AV A, AI, AO, or AB and expiration dates between 6/1/2019 and 5/31/2020","Class II",Terminated,V-0232-2017,2017-06-05,2017-07-19,2018-02-02,,"Voluntary: Firm initiated",Telephone,https://www.accessdata.fda.gov/scripts/ires/?Product=156717
77441,74,"Hill Country Fare, Rawhide For Dogs Beef Basted Bones, Distributed by: H-E-B San Antonio, TX 78204, packaged in 4 count 4'' bone packages, UPC 41220905560",41220905560,"All codes beginning with AH, AV A, AI, AO, or AB and expiration dates between 6/1/2019 and 5/31/2020","Class II",Terminated,V-0233-2017,2017-06-05,2017-07-19,2018-02-02,Unknown,"Voluntary: Firm initiated",Telephone,https://www.accessdata.fda.gov/scripts/ires/?Product=156718
77441,75,"Hill Country Fare, Rawhide For Dogs Chicken Basted Bones, Distributed by: H-E-B San Antonio, TX 78204, packaged in 4 count 4'' bone packages, UPC 41220905577",41220905577,"All codes beginning with AH, AV A, AI, AO, or AB and expiration dates between 6/1/2019 and 5/31/2020","Class II",Terminated,V-0234-2017,2017-06-05,2017-07-19,2018-02-02,Unknown,"Voluntary: Firm initiated",Telephone,https://www.accessdata.fda.gov/scripts/ires/?Product=156719
77441,76,"Hill Country Fare, Rawhide For Dogs All Natural Dog Chews, Distributed by: H-E-B San Antonio, TX 78204, packaged in 1) 4 count 10'' roll packages, UPC 41220780211; 2) 4 count 10'' roll packages, UPC 41220928842;",41220780211;41220928842,"All codes beginning with AH, AV A, AI, AO, or AB and expiration dates between 6/1/2019 and 5/31/2020","Class II",Terminated,V-0235-2017,2017-06-05,2017-07-19,2018-02-02,Unknown,"Voluntary: Firm initiated",Telephone,https://www.accessdata.fda.gov/scripts/ires/?Product=156723
77441,77,"Hill Country Fare, Rawhide For Dogs Natural Chips, Distributed by: H-E-B San Antonio, TX 78204, packaged in 1.5 lb packages, UPC 41220928897;",41220928897,"All codes beginning with AH, AV A, AI, AO, or AB and expiration dates between 6/1/2019 and 5/31/2020","Class II",Terminated,V-0236-2017,2017-06-05,2017-07-19,2018-02-02,Unknown,"Voluntary: Firm initiated",Telephone,https://www.accessdata.fda.gov/scripts/ires/?Product=156725
77441,78,"Hill Country Fare, Rawhide For Dogs Chicken Chips, Distributed by: H-E-B San Antonio, TX 78204, packaged in 1.5 lb packages, UPC 41220928903;",41220928903,"All codes beginning with AH, AV A, AI, AO, or AB and expiration dates between 6/1/2019 and 5/31/2020","Class II",Terminated,V-0237-2017,2017-06-05,2017-07-19,2018-02-02,Unknown,"Voluntary: Firm initiated",Telephone,https://www.accessdata.fda.gov/scripts/ires/?Product=156726
77441,79,"Hill Country Fare, Rawhide For Dogs Beef Basted Ribs, Distributed by: H-E-B San Antonio, TX 78204, packaged in 1.5 lb packages, UPC 41220928927;",41220928927,"All codes beginning with AH, AV A, AI, AO, or AB and expiration dates between 6/1/2019 and 5/31/2020","Class II",Terminated,V-0238-2017,2017-06-05,2017-07-19,2018-02-02,Unknown,"Voluntary: Firm initiated",Telephone,https://www.accessdata.fda.gov/scripts/ires/?Product=156727
77441,80,"Hill Country Fare, Rawhide For Dogs Beef Chips, Distributed by: H-E-B San Antonio, TX 78204, packaged in 1.5 lb packages, UPC 41220928910;",41220928910,"All codes beginning with AH, AV A, AI, AO, or AB and expiration dates between 6/1/2019 and 5/31/2020","Class II",Terminated,V-0239-2017,2017-06-05,2017-07-19,2018-02-02,Unknown,"Voluntary: Firm initiated",Telephone,https://www.accessdata.fda.gov/scripts/ires/?Product=156729
77441,81,"PetCo, Granulated Rawhide, Ribs Natural Flavored Dog Chews Beef, Distributed by: International Pet Supplies and Distribution, Inc. San Diego, CA 92121, packaged in 1 lb packages, UPC 800443126219;",800443126219,"All codes beginning with AH, AV A, AI, AO, or AB and expiration dates between 6/1/2019 and 5/31/2020","Class II",Terminated,V-0240-2017,2017-06-05,2017-07-19,2018-02-02,Unknown,"Voluntary: Firm initiated",Telephone,https://www.accessdata.fda.gov/scripts/ires/?Product=156730
77441,82,"PetCo, Classic Rawhide, Knot Bones, Natural Flavored Dog Chews Beef, Distributed by: International Pet Supplies and Distribution, Inc. San Diego, CA 92121, packaged in 2 count 7'' bone packages, UPC 800443065051;",800443065051,"All codes beginning with AH, AV A, AI, AO, or AB and expiration dates between 6/1/2019 and 5/31/2020","Class II",Terminated,V-0241-2017,2017-06-05,2017-07-19,2018-02-02,Unknown,"Voluntary: Firm initiated",Telephone,https://www.accessdata.fda.gov/scripts/ires/?Product=156731
77441,83,"Priority, Rawhide Retriever Rolls Beef Basted, Distributed by: Lucerne North America LLC Pleasanton, CA 94566-0009, packaged in 1) 2 count 4'' rolls packages, UPC 21130422142; 2) 2 count 10'' rolls packages, UPC 21130420933; 3) 2 count 10'' rolls packages, UPC 21130420568;",21130420568;21130420933;21130422142,"All codes beginning with AH, AV A, AI, AO, or AB and expiration dates between 6/1/2019 and 5/31/2020","Class II",Terminated,V-0242-2017,2017-06-05,2017-07-19,2018-02-02,Unknown,"Voluntary: Firm initiated",Telephone,https://www.accessdata.fda.gov/scripts/ires/?Product=156732
77441,84,"Priority, Knotted Rawhide Bones Natural, Distributed by: Lucerne North America LLC Pleasanton, CA 94566-0009, packaged in 1) 1 lb packages, UPC 21130420766; 2) 4 count 4'' bones packages, UPC 21130420773; 3) 8 count 5'' bones packages, UPC 21130420537; 4) 2 count 6'' bones packages, UPC 21130420926; 5) 1 count 9'' bones packages, UPC 21130420513; 6) 1 count 11'' bones packages, UPC 21130420135;",21130420135;21130420513;21130420537;21130420766;21130420773;21130420926,"All codes beginning with AH, AV A, AI, AO, or AB and expiration dates between 6/1/2019 and 5/31/2020","Class II",Terminated,V-0244-2017,2017-06-05,2017-07-19,2018-02-02,Unknown,"Voluntary: Firm initiated",Telephone,https://www.accessdata.fda.gov/scripts/ires/?Product=156734
77441,85,"Priority, Knotted Rawhide Bone Beef Basted, Distributed by: Lucerne North America LLC Pleasanton, CA 94566-0009, packaged in 1 count 9'' bone packages, UPC 21130420520;",21130420520,"All codes beginning with AH, AV A, AI, AO, or AB and expiration dates between 6/1/2019 and 5/31/2020","Class II",Terminated,V-0245-2017,2017-06-05,2017-07-19,2018-02-02,Unknown,"Voluntary: Firm initiated",Telephone,https://www.accessdata.fda.gov/scripts/ires/?Product=156736
77441,86,"Priority, Large Rawhide Ring, Distributed by: Lucerne North America LLC Pleasanton, CA 94566-0009, packaged in 1 count packages, UPC 21130422104;",21130422104,"All codes beginning with AH, AV A, AI, AO, or AB and expiration dates between 6/1/2019 and 5/31/2020","Class II",Terminated,V-0246-2017,2017-06-05,2017-07-19,2018-02-02,Unknown,"Voluntary: Firm initiated",Telephone,https://www.accessdata.fda.gov/scripts/ires/?Product=156737
77441,87,"Priority, Medium Assorted Rawhide Natural, Distributed by: Lucerne North America LLC Pleasanton, CA 94566-0009, packaged in 4 count packages, UPC 21130420506;",21130420506,"All codes beginning with AH, AV A, AI, AO, or AB and expiration dates between 6/1/2019 and 5/31/2020","Class II",Terminated,V-0247-2017,2017-06-05,2017-07-19,2018-02-02,Unknown,"Voluntary: Firm initiated",Telephone,https://www.accessdata.fda.gov/scripts/ires/?Product=156738
77441,88,"Priority, Rawhide Chew Flip Chips Natural, Distributed by: Lucerne North America LLC Pleasanton, CA 94566-0009, packaged in 1) 3 OZ packages, UPC 21130422098; 2) 1 lb packages, UPC 21130420759",21130420759;21130422098,"All codes beginning with AH, AV A, AI, AO, or AB and expiration dates between 6/1/2019 and 5/31/2020","Class II",Terminated,V-0248-2017,2017-06-05,2017-07-19,2018-02-02,Unknown,"Voluntary: Firm initiated",Telephone,https://www.accessdata.fda.gov/scripts/ires/?Product=156740
77441,89,"Priority, Rawhide Chips Beef Basted, Distributed by: Lucerne North America LLC Pleasanton, CA 94566-0009, packaged in 1 lb packages, UPC 21130420964;",21130420964,"All codes beginning with AH, AV A, AI, AO, or AB and expiration dates between 6/1/2019 and 5/31/2020","Class II",Terminated,V-0249-2017,2017-06-05,2017-07-19,2018-02-02,Unknown,"Voluntary: Firm initiated",Telephone,https://www.accessdata.fda.gov/scripts/ires/?Product=156741
77441,90,"yourpet, Beef Basted Beefhide Chips, Distributed by: Harris Teeter Matthews, NC, packaged in 1 lb packages, UPC 72036250407;",72036250407,"All codes beginning with AH, AV A, AI, AO, or AB and expiration dates between 6/1/2019 and 5/31/2020","Class II",Terminated,V-0250-2017,2017-06-05,2017-07-19,2018-02-02,Unknown,"Voluntary: Firm initiated",Telephone,https://www.accessdata.fda.gov/scripts/ires/?Product=156865
77441,91,"yourpet, Beef Basted Beefhide Rolls, Distributed by: Harris Teeter Matthews, NC, packaged in 2 count 7'' roll packages, UPC 72036977175;",72036977175,"All codes beginning with AH, AV A, AI, AO, or AB and expiration dates between 6/1/2019 and 5/31/2020","Class II",Terminated,V-0251-2017,2017-06-05,2017-07-19,2018-02-02,Unknown,"Voluntary: Firm initiated",Telephone,https://www.accessdata.fda.gov/scripts/ires/?Product=156866
77441,92,"yourpet, Natural Beefhide Chips, Distributed by: Harris Teeter Matthews, NC, packaged in 1) 1 lb packages, UPC 72036977964; 2) 2 lb packages, UPC 72036981318;",72036977964;72036981318,"All codes beginning with AH, AV A, AI, AO, or AB and expiration dates between 6/1/2019 and 5/31/2020","Class II",Terminated,V-0252-2017,2017-06-05,2017-07-19,2018-02-02,Unknown,"Voluntary: Firm initiated",Telephone,https://www.accessdata.fda.gov/scripts/ires/?Product=156868
77441,93,"yourpet, Natural Beefhide Bones, Distributed by: Harris Teeter Matthews, NC, packaged in 1) 1 count 4'' bone packages, UPC 72036977083; 2) 2 count 6'' bone packages, UPC 72036981356; 3) 1 count 7'' bone packages, UPC 72036977090; 4) 1 count 9'' bone packages, UPC 72036977106; 5) 4 count 9'' bone packages, UPC 72036981325; 7) 2 count 11'' bone packages, UPC 72036977182; 8) 6 count 4'' bone packages, UPC 72036977885; 9) 3 count 6'' bone packages, UPC 72036977908; 10) 1 count medium bone packages, UPC 72036977939;",72036977083;72036977090;72036977106;72036977182;72036977885;72036977908;72036977939;72036981325;72036981356,"All codes beginning with AH, AV A, AI, AO, or AB and expiration dates between 6/1/2019 and 5/31/2020","Class II",Terminated,V-0253-2017,2017-06-05,2017-07-19,2018-02-02,Unknown,"Voluntary: Firm initiated",Telephone,https://www.accessdata.fda.gov/scripts/ires/?Product=156869
77441,94,"yourpet, Natural Beefhide Rolls, Distributed by: Harris Teeter Matthews, NC, packaged in 1) 3 count 5'' roll packages, UPC 72036981363; 2) 2 count 10'' roll packages, UPC 72036977151;",72036977151;72036981363,"All codes beginning with AH, AV A, AI, AO, or AB and expiration dates between 6/1/2019 and 5/31/2020","Class II",Terminated,V-0254-2017,2017-06-05,2017-07-19,2018-02-02,Unknown,"Voluntary: Firm initiated",Telephone,https://www.accessdata.fda.gov/scripts/ires/?Product=156880
77441,95,"yourpet, Beef Basted Beefhide Bones, Distributed by: Harris Teeter Matthews, NC, packaged in 1) 1 count 4'' bone packages, UPC 72036977120; 2) 6 count 4'' bone packages, UPC 72036977892; 3) 1 count 7'' bone packages, UPC 72036977137; 4) 1 count 9'' bone packages, UPC 72036977144;",72036977120;72036977137;72036977144;72036977892,"All codes beginning with AH, AV A, AI, AO, or AB and expiration dates between 6/1/2019 and 5/31/2020","Class II",Terminated,V-0255-2017,2017-06-05,2017-07-19,2018-02-02,Unknown,"Voluntary: Firm initiated",Telephone,https://www.accessdata.fda.gov/scripts/ires/?Product=156881
77441,96,"yourpet, Natural Beefhide Ring, Distributed by: Harris Teeter Matthews, NC, packaged in 1 count 5.5'' ring packages, UPC 72036977113;",72036977113,"All codes beginning with AH, AV A, AI, AO, or AB and expiration dates between 6/1/2019 and 5/31/2020","Class II",Terminated,V-0256-2017,2017-06-05,2017-07-19,2018-02-02,Unknown,"Voluntary: Firm initiated",Telephone,https://www.accessdata.fda.gov/scripts/ires/?Product=156882
77441,97,"yourpet, Chicken Basted Beefhide Basted Chips, Distributed by: Harris Teeter Matthews, NC, packaged in 1 lb packages, UPC 72036977229;",72036977229,"All codes beginning with AH, AV A, AI, AO, or AB and expiration dates between 6/1/2019 and 5/31/2020","Class II",Terminated,V-0257-2017,2017-06-05,2017-07-19,2018-02-02,Unknown,"Voluntary: Firm initiated",Telephone,https://www.accessdata.fda.gov/scripts/ires/?Product=156886
77441,98,"Pet Pride, Chicken Flavored Beefhide Small Bones for Dogs, Distributed by: The Kroger Company, Cincinnati, OH, packaged in 1) 7 OZ 4'' bone packages, UPC 11110884343; 2) 1 count 4'' bone packages, UPC 11110830647; 3) 2 count 7'' bone packages, UPC 11110824639; 4) 1 count 7'' bone packages, UPC 11110830654; 5) 2 count 9'' bone packages, UPC 11110824677;",11110824639;11110824677;11110830647;11110830654;11110884343,"All codes beginning with AH, AV A, AI, AO, or AB and expiration dates between 6/1/2019 and 5/31/2020","Class II",Terminated,V-0258-2017,2017-06-05,2017-07-19,2018-02-02,Unknown,"Voluntary: Firm initiated",Telephone,https://www.accessdata.fda.gov/scripts/ires/?Product=156899
77441,99,"Pet Pride, Premium Beefhide Rolls for Dogs, Distributed by: The Kroger Company, Cincinnati, OH, packaged in 1) 2 count 8'' bone packages, UPC 11110824707; 2) 1 count 10'' bone packages, UPC 11110830623;",11110824707;11110830623,"All codes beginning with AH, AV A, AI, AO, or AB and expiration dates between 6/1/2019 and 5/31/2020","Class II",Terminated,V-0259-2017,2017-06-05,2017-07-19,2018-02-02,Unknown,"Voluntary: Firm initiated",Telephone,https://www.accessdata.fda.gov/scripts/ires/?Product=156900
77441,100,"Pet Pride, Chicken Beefhide Rolls for Dogs, Distributed by: The Kroger Company, Cincinnati, OH, packaged in 1) 2 count 8'' bone packages, UPC 11110824707; 2) 1 count 10'' bone packages, UPC 11110830623;",11110824707;11110830623,"All codes beginning with AH, AV A, AI, AO, or AB and expiration dates between 6/1/2019 and 5/31/2020","Class II",Terminated,V-0260-2017,2017-06-05,2017-07-19,2018-02-02,Unknown,"Voluntary: Firm initiated",Telephone,https://www.accessdata.fda.gov/scripts/ires/?Product=156907
77441,101,"Pet Pride, Premium Beefhide Mini Curls for Dogs, Distributed by: The Kroger Company, Cincinnati, OH, packaged in 10 count curls packages, UPC 11110854315;",11110854315,"All codes beginning with AH, AV A, AI, AO, or AB and expiration dates between 6/1/2019 and 5/31/2020","Class II",Terminated,V-0261-2017,2017-06-05,2017-07-19,2018-02-02,Unknown,"Voluntary: Firm initiated",Telephone,https://www.accessdata.fda.gov/scripts/ires/?Product=156908
77441,102,"Pet Pride, Rawhide Ring for Dogs, Distributed by: The Kroger Company, Cincinnati, OH, packaged in 1) 1 count ring packages, UPC 11110830432; 2) 1 count ring packages, UPC 11110830609;",11110830432;11110830609,"All codes beginning with AH, AV A, AI, AO, or AB and expiration dates between 6/1/2019 and 5/31/2020","Class II",Terminated,V-0262-2017,2017-06-05,2017-07-19,2018-02-02,Unknown,"Voluntary: Firm initiated",Telephone,https://www.accessdata.fda.gov/scripts/ires/?Product=156909
77441,103,"Pet Pride, Dental Care Rolls, Distributed by: The Kroger Company, Cincinnati, OH, packaged in 1 lb 5'' roll packages, UPC 11110804099;",11110804099,"All codes beginning with AH, AV A, AI, AO, or AB and expiration dates between 6/1/2019 and 5/31/2020","Class II",Terminated,V-0263-2017,2017-06-05,2017-07-19,2018-02-02,Unknown,"Voluntary: Firm initiated",Telephone,https://www.accessdata.fda.gov/scripts/ires/?Product=156911
77441,104,"Pet Pride, Rawhide Bone for Dog, Distributed by: The Kroger Company, Cincinnati, OH, packaged in 1) 7 oz 4'' bone packages, UPC 11110884350; 2) 1 count 4'' bone packages, UPC 11110830173; 3) 1 lb 4'' bone packages, UPC 11110880574; 4) 2 count 4'' bone packages, UPC 11110824585; 5) 1 lb 6'' bone packages, UPC 11110880543; 6) 2 count 7'' bone packages, UPC 11110824622; 7) 1 count 7'' bone packages, UPC 11110830180; 8) 2 count 9'' bone packages, UPC 11110824660; 9) 1 count 11'' bone packages, UPC 11110824691; 10) 1 count 15'' bone packages, UPC 11110830272;",11110824585;11110824622;11110824660;11110824691;11110830173;11110830180;11110830272;11110880543;11110880574;11110884350,"All codes beginning with AH, AV A, AI, AO, or AB and expiration dates between 6/1/2019 and 5/31/2020","Class II",Terminated,V-0264-2017,2017-06-05,2017-07-19,2018-02-02,Unknown,"Voluntary: Firm initiated",Telephone,https://www.accessdata.fda.gov/scripts/ires/?Product=156916
77441,105,"Pet Pride, Beef Flavored Basted Rawhide Bone for Dog, Distributed by: The Kroger Company, Cincinnati, OH, packaged in 1) 1 lb 4'' bone packages, UPC 11110880581; 2) 1 count 4'' bone packages, UPC 11110830579; 3) 2 count 7'' bone packages, UPC 11110824646;",11110824646;11110830579;11110880581,"All codes beginning with AH, AV A, AI, AO, or AB and expiration dates between 6/1/2019 and 5/31/2020","Class II",Terminated,V-0265-2017,2017-06-05,2017-07-19,2018-02-02,Unknown,"Voluntary: Firm initiated",Telephone,https://www.accessdata.fda.gov/scripts/ires/?Product=156917
77441,106,"Pet Pride, Beef Flavored Beefhide Chips for Dog, Distributed by: The Kroger Company, Cincinnati, OH, packaged in 1 lb chip packages, UPC 11110882097;",11110882097,"All codes beginning with AH, AV A, AI, AO, or AB and expiration dates between 6/1/2019 and 5/31/2020","Class II",Terminated,V-0266-2017,2017-06-05,2017-07-19,2018-02-02,Unknown,"Voluntary: Firm initiated",Telephone,https://www.accessdata.fda.gov/scripts/ires/?Product=156918
77441,107,"Pet Pride, Chicken Flavor Basted Chips for Dog, Distributed by: The Kroger Company, Cincinnati, OH, packaged in 1) 1 lb chip packages, UPC 11110882080; 2) 6 oz chip packages, UPC 11110884039;",11110882080;11110884039,"All codes beginning with AH, AV A, AI, AO, or AB and expiration dates between 6/1/2019 and 5/31/2020","Class II",Terminated,V-0267-2017,2017-06-05,2017-07-19,2018-02-02,Unknown,"Voluntary: Firm initiated",Telephone,https://www.accessdata.fda.gov/scripts/ires/?Product=156920
77441,108,"Pet Pride, Premium Beefhide Chips for Dog, Distributed by: The Kroger Company, Cincinnati, OH, packaged in 1 lb chip packages, UPC 11110882073;",11110882073,"All codes beginning with AH, AV A, AI, AO, or AB and expiration dates between 6/1/2019 and 5/31/2020","Class II",Terminated,V-0268-2017,2017-06-05,2017-07-19,2018-02-02,Unknown,"Voluntary: Firm initiated",Telephone,https://www.accessdata.fda.gov/scripts/ires/?Product=156921
77441,109,"Luvsome, Premium Beefhide Chips for Dog, Distributed by: The Kroger Company, Cincinnati, OH, packaged in 1 lb chip packages, UPC 11110882073;",11110882073,"All codes beginning with AH, AV A, AI, AO, or AB and expiration dates between 6/1/2019 and 5/31/2020","Class II",Terminated,V-0269-2017,2017-06-05,2017-07-19,2018-02-02,Unknown,"Voluntary: Firm initiated",Telephone,https://www.accessdata.fda.gov/scripts/ires/?Product=156922
77441,110,"Dentley's, Peanut Butter Flavor Rawhide Rolls, Pacific Coast Distributing, Inc. Phoenix, AZ USA 85027, packaged in 1) 1 count 10'' roll packages, UPC 737257282988; 2) 2 count 10'' roll packages, UPC 737257282971",737257282971;737257282988,"All codes beginning with AH, AV A, AI, AO, or AB and expiration dates between 6/1/2019 and 5/31/2020","Class II",Terminated,V-0270-2017,2017-06-05,2017-07-19,2018-02-02,Unknown,"Voluntary: Firm initiated",Telephone,https://www.accessdata.fda.gov/scripts/ires/?Product=156986
77476,1,"Loving Pets, 5 oz. Barksters Sweet Potato and Chicken UPC 842982057005",842982057005,"Lot 021619 EXP 02/2019","Class I",Terminated,V-0007-2018,2017-06-07,2017-09-27,2020-12-09,"1571 units","Voluntary: Firm initiated",Telephone,https://www.accessdata.fda.gov/scripts/ires/?Product=156107
77476,2,"Loving Pets, 5 oz. Barksters Brown Rice and Chicken UPC 842982057050",842982057050,"Lot 021419 EXP 02/2019","Class I",Terminated,V-0008-2018,2017-06-07,2017-09-27,2020-12-09,"3391 units","Voluntary: Firm initiated",Telephone,https://www.accessdata.fda.gov/scripts/ires/?Product=156108
77476,3,"Loving Pets, Puffsters Snack Chips 4 oz. Apple and Chicken UPC 842982051003",842982051003,"Lot 051219 EXP 05/2019, Lot 112118 EXP 11/2018, Lot 112918 EXP 11/2018, Lot 012719 EXP 01/2019, Lot 012519 EXP 01/2019, Lot 013019 EXP 01/2019","Class I",Terminated,V-0009-2018,2017-06-07,2017-09-27,2020-12-09,"17098 units","Voluntary: Firm initiated",Telephone,https://www.accessdata.fda.gov/scripts/ires/?Product=156119
77476,4,"Loving Pets, Puffsters Snack Chips 4 oz. Banana and Chicken UPC 842982051102",842982051102,"Lot 112218 EXP 11/2018, Lot 112818 EXP 11/2018 , Lot 112918 EXP 11/2018, Lot 013119 EXP 01/2019","Class I",Terminated,V-0010-2018,2017-06-07,2017-09-27,2020-12-09,"9839 units","Voluntary: Firm initiated",Telephone,https://www.accessdata.fda.gov/scripts/ires/?Product=156120
77476,5,"Loving Pets, Puffsters Snack Chips 4 oz. Sweet Potato and Chicken UPC 842982051201",842982051201,"Lot 112818 EXP 11/2018, Lot 020119 EXP 02/2019","Class I",Terminated,V-0011-2018,2017-06-07,2017-09-27,2020-12-09,"7515 units","Voluntary: Firm initiated",Telephone,https://www.accessdata.fda.gov/scripts/ires/?Product=156121
77476,6,"Loving Pets, Whole Hearted, 2.4 oz. Apple and Chicken Puff Treats UPC 800443220696",800443220696,"Lot 121418 EXP 12/2018, Lot 121918 EXP 12/2018, Lot 122318 EXP 12/2018, Lot 010419 EXP 01/2019, Lot 010619 EXP 01/2019, Lot 010519 EXP 01/2019","Class I",Terminated,V-0012-2018,2017-06-07,2017-09-27,2020-12-09,"22020 units","Voluntary: Firm initiated",Telephone,https://www.accessdata.fda.gov/scripts/ires/?Product=156125
77476,7,"Loving Pets, Puffsters 4 oz. Cranberry and Chicken UPC 842982051300",842982051300,"Lot 020319 EXP 02/2019, Lot 112918 EXP 11/2018, Lot 020219 EXP 02/2019","Class I",Terminated,V-0013-2018,2017-06-07,2017-09-27,2020-12-09,"3643 units","Voluntary: Firm initiated",Telephone,https://www.accessdata.fda.gov/scripts/ires/?Product=157020
77574,1,"ALL LIVING THINGS apple slice treats NET WT 1oz (28.3 g) UPC 7 37257 32119 9 Dist. by/par: Pacific Coast Distributing, Inc. 19601 N. 27th Ave. Phoenix, AZ USA 85027",737257321199,"LOT 103435, Best if used by: 4/28/2019 & LOT 103118, Best if used by: 4/13/2019","Class I",Terminated,V-0014-2018,2017-06-15,2017-09-27,2018-02-15,"274/cs/24/1 oz bags","Voluntary: Firm initiated","Press Release",https://www.accessdata.fda.gov/scripts/ires/?Product=156585
78090,1,"Natural Selections Duck Meals for Cats, frozen, packaged in 2 lb. net weight flexible film, partitioned into 4 quadrants. Darwin s Natural Pet Products, Seattle WA. The label is read in parts: ""***DARWIN'S Natural Pet Products ***Natural Selections**DUCK MEALS FOR CATS***Net Wt. 2 lbs.***Darwin 's Natural Pet Products, Seattle WA***""",,"mfg. Date: 06/01/17 Lot No. 38277","Class I",Terminated,V-0031-2018,2017-09-08,2017-10-18,2018-03-21,"1560/2 lbs. packages","Voluntary: Firm initiated",E-Mail,https://www.accessdata.fda.gov/scripts/ires/?Product=158642
78676,1,"Natural Selections Chicken with Organic Vegetables Meals for Dogs, packaged in 2 lb. net weight flexible film, partitioned into 4 quadrants.",,"Lot #40727, manufacture date 09/26/17","Class I",Terminated,V-0072-2018,2017-12-04,2017-12-20,2018-04-02,"total 6,306 packages","Voluntary: Firm initiated",E-Mail,https://www.accessdata.fda.gov/scripts/ires/?Product=160100
78676,2,"Natural Selections Duck With Organic Vegetables Meals for Dogs, packaged in 2 lb. net weight flexible film, partitioned into 4 quadrants.",,"Lot #40487, manufacture date 09/29/17","Class I",Terminated,V-0073-2018,2017-12-04,2017-12-20,2018-04-02,"3,924 packages","Voluntary: Firm initiated",E-Mail,https://www.accessdata.fda.gov/scripts/ires/?Product=160101
78676,3,"Natural Selections Turkey With Organic Vegetables Meals for Dogs, packaged in 2 lb. net weight flexible film, partitioned into 4 quadrants.",,"Lot #39937, manufacture date 08/24/17. Lot #40507, manufacture date 09/20/17.","Class I",Terminated,V-0074-2018,2017-12-04,2017-12-20,2018-04-02,"total 7123 packages","Voluntary: Firm initiated",E-Mail,https://www.accessdata.fda.gov/scripts/ires/?Product=160102
79151,1,"Raws for Paws Ground Turkey Food for Pets, packaged in 1 lb. or 5 lbs. chubs in the following package configurations: 1. Product Code 9900008, 4 - 5 lb. Ground Turkey chubs Net Wt. 20.00 lbs. 9.07 KG; 2. Product Code 9900009, 10 - 1 lbs. Ground Turkey chubs, Net Wt. 10.00 lb. 4.54 KG 3. Product Code 9900014, 5 - 1 lb. chubs of each Turkey, Chicken, and Beef, Net Wt. 15.00 lb 6.80 KG. 4. Product Code 9900015, 4 - 5 lb. chubs. 1 Turkey, 1 Chicken, and 2 Beef, Net Wt. 20.00 lbs. 9.07 KG; Keep Frozen. Not intended for human consumption. 2700 26th Ave. S, Minneapolis, MN 55406",,"Product Codes 9900008 and 9900009: MANFU DATE: 10/12/17. Product Code: 9900014 and 9900015: MANFU DATE: between 10/12/2017 and 2/2/18.","Class I",Terminated,V-0081-2018,2018-02-05,2018-03-07,2018-05-04,"3925 lbs. of Turkey Chubs","Voluntary: Firm initiated",Letter,https://www.accessdata.fda.gov/scripts/ires/?Product=161447
79164,1,"Redbarn, 5 Inch Bully Sticks, Premium Dog Chews, 1 Count, Redbarn Pet Products, LLC Great Bend Kansas, UPC 785184205006; No packaging: the label is a tag on the stick.",785184205006,"All lot codes ending in ""BC""","Class I",Terminated,V-0018-2019,2018-02-06,2018-05-23,2019-05-17,"354 cases","Voluntary: Firm initiated",Telephone,https://www.accessdata.fda.gov/scripts/ires/?Product=161499
79164,2,"Redbarn, 7 Inch Bully Sticks, Premium Dog Chews, 1 Count, Redbarn Pet Products, LLC Great Bend Kansas, UPC 785184207000; No packaging: the label is a tag on the stick",785184207000,"All lot codes ending in ""BC""","Class I",Terminated,V-0019-2019,2018-02-06,2018-05-23,2019-05-17,"5,110 cases","Voluntary: Firm initiated",Telephone,https://www.accessdata.fda.gov/scripts/ires/?Product=162467
79164,3,"petco PRIME CUTS, 7'' Bully Stick, Net Wt. .74 OZ (20 g), Distributed by: International Pet Supplies and Distribution, Inc. San Diego, CA 92121, 800443104798; No packaging: the label is a tag on the stick.",,"All lot codes ending in ""BC""","Class I",Terminated,V-0020-2019,2018-02-06,2018-05-23,2019-05-17,"367 cases","Voluntary: Firm initiated",Telephone,https://www.accessdata.fda.gov/scripts/ires/?Product=162633
79164,4,"Time for Joy Holiday, bully stick chew for dogs, Net Wt. .49 OZ (13.9 g), 800443287781; No packaging: the label is a tag on the stick.",,"All lot codes ending in ""BC""","Class I",Terminated,V-0021-2019,2018-02-06,2018-05-23,2019-05-17,"699 cases","Voluntary: Firm initiated",Telephone,https://www.accessdata.fda.gov/scripts/ires/?Product=162634
79164,5,"petco, PRIME CUTS, 3 pk, 7'' Steer Stick Net Wt. 1 OZ (28 g), 800443120446; No packaging: the label is a tag on a stick.",,"All lot codes ending in ""BC""","Class I",Terminated,V-0022-2019,2018-02-06,2018-05-23,2019-05-17,"342 cases","Voluntary: Firm initiated",Telephone,https://www.accessdata.fda.gov/scripts/ires/?Product=162635
79164,6,"Redbarn 7 Inch Bully Sticks, Premium Dog Chews, 6 Count, Redbarn Pet Products, LLC Great Bend Kansas Net Wt. 4.2 OZ (119 g), 785184207161; Packaged in plastic bags.",,"All lot codes ending in ""BC""","Class I",Terminated,V-0023-2019,2018-02-06,2018-05-23,2019-05-17,"2,852 cases","Voluntary: Firm initiated",Telephone,https://www.accessdata.fda.gov/scripts/ires/?Product=162636
79164,7,"Redbarn 9 in Bully Sticks, Premium Dog Chews, 1 Count, Redbarn Pet Products, LLC Great Bend Kansas UPC 785184209004; No packaging: the label is a tag on the stick.",785184209004,"All lot codes ending in ""BC""","Class I",Terminated,V-0024-2019,2018-02-06,2018-05-23,2019-05-17,"501 cases","Voluntary: Firm initiated",Telephone,https://www.accessdata.fda.gov/scripts/ires/?Product=162637
79164,8,"Redbarn 30 in Bully Sticks, Premium Dog Chews, 1 Count, Redbarn Pet Products, LLC Great Bend Kansas UPC 785184230015; No packaging: the label is a tag on the stick.",785184230015,"All lot codes ending in ""BC""","Class I",Terminated,V-0025-2019,2018-02-06,2018-05-23,2019-05-17,"28 cases","Voluntary: Firm initiated",Telephone,https://www.accessdata.fda.gov/scripts/ires/?Product=162638
79164,9,"Redbarn 36 in Bully Sticks, Premium Dog Chews, 1 Count, Redbarn Pet Products, LLC Great Bend Kansas UPC 785184236017; No packaging: the label is a tag on the stick.",785184236017,"All lot codes ending in ""BC""","Class I",Terminated,V-0026-2019,2018-02-06,2018-05-23,2019-05-17,"836 cases","Voluntary: Firm initiated",Telephone,https://www.accessdata.fda.gov/scripts/ires/?Product=162639
79164,10,"Redbarn, Steer Sticks, Premium Dog Chews, 6 Count, Redbarn Pet Products, LLC Great Bend Kansas Net Wt. 0.8 OZ (23 g) UPC 785184245026; Packaged in plastic bags.",785184245026,"All lot codes ending in ""BC""","Class I",Terminated,V-0027-2019,2018-02-06,2018-05-23,2019-05-17,"30 cases","Voluntary: Firm initiated",Telephone,https://www.accessdata.fda.gov/scripts/ires/?Product=162641
79164,11,"Redbarn, 5 in Steer Sticks, 10 Count, Redbarn Pet Products, LLC Great Bend Kansas Net Wt. 1.1 OZ (31 g) UPC 785184245101; Packaged in plastic bags.",785184245101,"All lot codes ending in ""BC""","Class I",Terminated,V-0028-2019,2018-02-06,2018-05-23,2019-05-17,"56 cases","Voluntary: Firm initiated",Telephone,https://www.accessdata.fda.gov/scripts/ires/?Product=162642
79164,12,"Redbarn, 7 in Steer Sticks, 1 Count, Redbarn Pet Products, LLC Great Bend Kansas; UPC 785184247006; No packaging: the label is a tag on the stick.",785184247006,"All lot codes ending in ""BC""","Class I",Terminated,V-0029-2019,2018-02-06,2018-05-23,2019-05-17,"3,820 cases","Voluntary: Firm initiated",Telephone,https://www.accessdata.fda.gov/scripts/ires/?Product=162643
79164,13,"Redbarn, 7 in Steer Sticks, 3 Count, Redbarn Pet Products, LLC Great Bend Kansas; Net Wt. 2.4 OZ (68 g); UPC 785184251058; Packaged in plastic bags.",785184251058,"All lot codes ending in ""BC""","Class I",Terminated,V-0030-2019,2018-02-06,2018-05-23,2019-05-17,"236 case","Voluntary: Firm initiated",Telephone,https://www.accessdata.fda.gov/scripts/ires/?Product=162644
79164,14,"Redbarn 9'' Bully 1-Lb. Redbarn Pet Products, LLC Great Bend Kansas; UPC 785184290095; Packaged in plastic bags.",785184290095,"All lot codes ending in ""BC""","Class I",Terminated,V-0031-2019,2018-02-06,2018-05-23,2019-05-17,"96 cases","Voluntary: Firm initiated",Telephone,https://www.accessdata.fda.gov/scripts/ires/?Product=162645
79164,15,"Chewy Louie 7in Bully Stick Premium Dog Chew Redbarn Pet Products, LLC Great Bend Kansas; Net Wt. 0.63 oz (17 g) UPC 785184807019; Packaged in plastic bags.",785184807019,"All lot codes ending in ""BC""","Class I",Terminated,V-0032-2019,2018-02-06,2018-05-23,2019-05-17,"947 cases","Voluntary: Firm initiated",Telephone,https://www.accessdata.fda.gov/scripts/ires/?Product=162662
79164,16,"Dentley 7 in Bully Stick, 1 stick / 7in / Net Wt 0.49 oz (13.9 g) UPC 737257479852; No packaging: the label is a tag on the stick.",737257479852,"All lot codes ending in ""BC""","Class I",Terminated,V-0033-2019,2018-02-06,2018-05-23,2019-05-17,"46 cases","Voluntary: Firm initiated",Telephone,https://www.accessdata.fda.gov/scripts/ires/?Product=162663
79164,17,"Good Lovin' Dog Chews Traditional Beef Steer Chews, Net Wt. 1.05 Oz (29.8 g) 10 Count, UPC 800443272732; Packaged in plastic bags",800443272732,"All lot codes ending in ""BC""","Class I",Terminated,V-0034-2019,2018-02-06,2018-05-23,2019-05-17,"289 cases","Voluntary: Firm initiated",Telephone,https://www.accessdata.fda.gov/scripts/ires/?Product=162664
79164,18,"Good Lovin' Dog Chews Traditional Beef Bully Sticks, Net Wt. 2.4 Oz (68 g) 6 Count, UPC 800443272862; Packaged in plastic bags.",800443272862,"All lot codes ending in ""BC""","Class I",Terminated,V-0035-2019,2018-02-06,2018-05-23,2019-05-17,"1,040 cases","Voluntary: Firm initiated",Telephone,https://www.accessdata.fda.gov/scripts/ires/?Product=162665
79164,19,"Good Lovin' 7 Inch Dog Chews Traditional Beef Bully Sticks, Net Wt. .49 Oz (13.9 g) 1 Count, UPC 800443272893; No packaging: the label is a tag on the stick.",800443272893,"All lot codes ending in ""BC""","Class I",Terminated,V-0036-2019,2018-02-06,2018-05-23,2019-05-17,"820 cases","Voluntary: Firm initiated",Telephone,https://www.accessdata.fda.gov/scripts/ires/?Product=162666
79164,20,"Good Lovin' 5 Inch Dog Chews Traditional Beef Bully Sticks, Net Wt. .38 Oz (10.8 g) 1 Count, UPC 800443272947; No packaging: the label is a tag on the stick.",800443272947,"All lot codes ending in ""BC""","Class I",Terminated,V-0037-2019,2018-02-06,2018-05-23,2019-05-17,"623 cases","Voluntary: Firm initiated",Telephone,https://www.accessdata.fda.gov/scripts/ires/?Product=162667
79164,21,"Good Lovin' XL Dog Chews Traditional Beef Bully Sticks, Net Wt. 1.7 Oz (48.2 g) 1 Count, UPC 800443273012; No packaging: the label is a tag on the stick.",800443273012,"All lot codes ending in ""BC""","Class I",Terminated,V-0038-2019,2018-02-06,2018-05-23,2019-05-17,"139 cases","Voluntary: Firm initiated",Telephone,https://www.accessdata.fda.gov/scripts/ires/?Product=162668
79164,22,"Dog Chew 7'' Bully Stick, 1 Count, UPC 785184207017; No packaging: the label is a tag on the stick.",785184207017,"All lot codes ending in ""BC""","Class I",Terminated,V-0039-2019,2018-02-06,2018-05-23,2019-05-17,"74 cases","Voluntary: Firm initiated",Telephone,https://www.accessdata.fda.gov/scripts/ires/?Product=162669
79164,23,"Dog Chew 7'' Bully Stick, 6 Count, UPC 785184207062; Packaged in plastic bags; No packaging: the label is a tag on the stick.",785184207062,"All lot codes ending in ""BC""","Class I",Terminated,V-0040-2019,2018-02-06,2018-05-23,2019-05-17,"180 cases","Voluntary: Firm initiated",Telephone,https://www.accessdata.fda.gov/scripts/ires/?Product=162738
79164,24,"Dog Chew 36'' Bully Stick, 1 Count, UPC 785184236116; No packaging: the label is a tag on the stick.",785184236116,"All lot codes ending in ""BC""","Class I",Terminated,V-0041-2019,2018-02-06,2018-05-23,2019-05-17,"36 cases","Voluntary: Firm initiated",Telephone,https://www.accessdata.fda.gov/scripts/ires/?Product=162739
79173,1,"Smokehouse Brand Beefy Munchies, Real flavors of Beef, slow roasted to perfection. Beef Lungs dog treats, Made in the USA. Ingredient: Beef Lungs UPC 7 7856585795 7 4 oz. All packaging configurations: 4 oz. Beefy Munchies / vinyl bag with header card - UPC - 0 78565 85795 7; 8 oz. Beefy Munchies / vinyl bag with header card - UPC - 0 78565 85793 3; 16 oz. Beefy Munchies / vinyl bag with header card - 16 oz. beefy Munchies / vinyl bag with label 6 oz. Beefy Bites / plastic tube with label Smokehouse Pet Products, Inc. 11850 Sheldon Street Sun Valley, CA 91352",7785658579574,"Lot 449294, Use by 10-25-19 Expansion 2-15-18 - includes all lots","Class I",Terminated,V-0250-2018,2018-02-06,2018-04-11,2018-07-05,"350 x 4 oz. bags - expansion amount not yet provided","Voluntary: Firm initiated",Telephone,https://www.accessdata.fda.gov/scripts/ires/?Product=161510
79188,1,"ZooLogics Chicken Meals for Dogs, Darwin's Natural Pet Products, each package contains 4 /8 oz. quadrants, Net wt: 2 lbs. No UPC.",,"Lot # 41567, manufacture date 11/2/2017","Class I",Terminated,V-0075-2018,2018-02-10,2018-03-07,2018-04-02,"4974 packages","Voluntary: Firm initiated",E-Mail,https://www.accessdata.fda.gov/scripts/ires/?Product=161557
79188,2,"ZooLogics Duck Meals for Dogs, Darwin's Natural Pet Products, each package contains 4 /8 oz. quadrants, Net wt: 2 lbs. No UPC.",,"Lot # 41957, manufacture date 11/16/2017.","Class I",Terminated,V-0076-2018,2018-02-10,2018-03-07,2018-04-02,"3678 packages","Voluntary: Firm initiated",E-Mail,https://www.accessdata.fda.gov/scripts/ires/?Product=161558
79291,1,"Gravy Train With Lamb & Rice Chunks, packaged in metal cans with Net WT 13.2 OZ; UPC: 7910005430 on flat case and 7910052543 on cans; Distributed by: Big Heart Pet Brands, San Francisco, CA 94111",,"Best By range 10 25 19 thru 02 09 2021; Code range: 6299 through 8040, each with the suffix plant number 803","Class III",Terminated,V-0057-2018,2018-02-12,2018-03-07,2020-12-07,"172,767 cs 12 cans/cs","Voluntary: Firm initiated","Two or more of the following: Email, Fax, Letter, Press Release, Telephone, Visit",https://www.accessdata.fda.gov/scripts/ires/?Product=161825
79291,2,"Gravy Train; With T-Bone Flavor Chunks; packaged in metal cans with Net WT 13.2 OZ; UPC: 7910005410 on flat case and 7910052541 on cans; Distributed by: Big Heart Pet Brands, San Francisco, CA 94111",,"Best By range 10 25 19 thru 02 09 2021; Code range: 6299 through 8040, each with the suffix plant number 803","Class III",Terminated,V-0058-2018,2018-02-12,2018-03-07,2020-12-07,"981,091 cs 12 cans/cs","Voluntary: Firm initiated","Two or more of the following: Email, Fax, Letter, Press Release, Telephone, Visit",https://www.accessdata.fda.gov/scripts/ires/?Product=161827
79291,3,"Gravy Train With Beef Chunks; packaged in metal cans with Net WT 22 OZ and UPC: 7910051647 on flat case and 7910051647 on cans; or with Net WT 13.5 OZ and UPC: 7910052457 on flat case and 79100034417 on cans; and Gravy Train Chunks In Gravy With Beef Chunks; packaged in metal cans with Net WT 13.2 OZ; UPC: 7910052879 on flat case and 7910034417 on cans; Distributed by: Big Heart Pet Brands, San Francisco, CA 94111;",,"Best By range 10 25 19 thru 02 09 2021; Code range: 6299 through 8040, each with the suffix plant number 803","Class III",Terminated,V-0059-2018,2018-02-12,2018-03-07,2020-12-07,"4,136,951 cs, 12 cans/cs.","Voluntary: Firm initiated","Two or more of the following: Email, Fax, Letter, Press Release, Telephone, Visit",https://www.accessdata.fda.gov/scripts/ires/?Product=161836
79291,4,"Gravy Train With Chicken Chunks; packaged in metal cans; Net WT 22 OZ with UPC: 7910051645 on flat case and 7910051645 on cans; and Net WT 13.2 OZ with UPC: 7910052458 on flat case and 7910034418 on cans; Distributed by: Big Heart Pet Brands, San Francisco, CA 94111",,"Best By range 10 25 19 thru 02 09 2021; Code range: 6299 through 8040, each with the suffix plant number 803","Class III",Terminated,V-0060-2018,2018-02-12,2018-03-07,2020-12-07,"881,890 cs, 12 cans/cs.","Voluntary: Firm initiated","Two or more of the following: Email, Fax, Letter, Press Release, Telephone, Visit",https://www.accessdata.fda.gov/scripts/ires/?Product=161838
79291,5,"Gravy Train With Strips In Gravy; packaged in metal cans with Net WT 13.2 OZ; UPC: 7910005420 on flat case and 7910052542 on cans; Distributed by: Big Heart Pet Brands, San Francisco, CA 94111",,"Best By range 10 25 19 thru 02 09 2021; Code range: 6299 through 8040, each with the suffix plant number 803","Class III",Terminated,V-0061-2018,2018-02-12,2018-03-07,2020-12-07,"169,843 cs, 12 cans/cs.","Voluntary: Firm initiated","Two or more of the following: Email, Fax, Letter, Press Release, Telephone, Visit",https://www.accessdata.fda.gov/scripts/ires/?Product=161843
79291,6,"Ol' Roy Dog Food Strips in Gravy With Turkey & Bacon; packaged in metal cans with Net Wt 13.2 OZ; UPC: 7910017570 on flat case and 8113117570 on cans; Distributed by: Wal-Mart Stores, Bentonville, AR 72712",,"Code range: 6299 through 8040, each with the suffix plant number 803; Best By range 10 25 19 thru 02 09 2021;","Class III",Terminated,V-0062-2018,2018-02-12,2018-03-07,2020-12-07,"107,003 cs, 12 cans/cs.","Voluntary: Firm initiated","Two or more of the following: Email, Fax, Letter, Press Release, Telephone, Visit",https://www.accessdata.fda.gov/scripts/ires/?Product=161968
79291,7,"Kibbles 'n Bits brand Dog Food; Chef's Choice Homestyle Tender Slices With Real Beef, Chicken & Vegetables in Gravy; packaged in metal cans with Net Wt. 13.2 OZ; UPC: 7910052489A on flat case and 7910010380 on cans; Distr. by: Big Heart Pet Brands, San Francisco CA 94111",,"Code range: 6299 through 8040, each with the suffix plant number 803; Best By range 10 25 19 thru 02 09 2021;","Class III",Terminated,V-0063-2018,2018-02-12,2018-03-07,2020-12-07,"3180 cs, 12 cans/cs","Voluntary: Firm initiated","Two or more of the following: Email, Fax, Letter, Press Release, Telephone, Visit",https://www.accessdata.fda.gov/scripts/ires/?Product=161970
79291,8,"Kibbles 'n Bits brand Dog Food; Chef's Choice Bistro Tender Cuts With Real Turkey, Bacon & Vegetables; packages in metal cans with Net Wt. 13.2 OZ; UPC: 7910052488A on flat case and 7910010378 on cans; Distr. by: Big Heart Pet Brands, San Francisco CA 94111",,"Code range: 6299 through 8040, each with the suffix plant number 803; Best By range 10 25 19 thru 02 09 2021;","Class III",Terminated,V-0064-2018,2018-02-12,2018-03-07,2020-12-07,"2732 cs, 12 cans/cs.","Voluntary: Firm initiated","Two or more of the following: Email, Fax, Letter, Press Release, Telephone, Visit",https://www.accessdata.fda.gov/scripts/ires/?Product=161971
79291,9,"Kibbles 'n Bits brand Dog Food; Chef's Choice Bistro Tender Cuts With Real Beef & Vegetables In Gravy; packaged in metal cans with Net Wt. 13.2 OZ; UPC: 7910052486A on flat case and 7910010375 on cans; Distr. by: Big Heart Pet Brands, San Francisco CA 94111",,"Code range: 6299 through 8040, each with the suffix plant number 803; Best By range 10 25 19 thru 02 09 2021;","Class III",Terminated,V-0065-2018,2018-02-12,2018-03-07,2020-12-07,"4148 cs, 12 cans/cs.","Voluntary: Firm initiated","Two or more of the following: Email, Fax, Letter, Press Release, Telephone, Visit",https://www.accessdata.fda.gov/scripts/ires/?Product=161972
79291,10,"Skippy Premium Chunks in gravy; Chunky Stew; packaged in metal cans with Net Wt. 13.2 OZ; UPC: 7910052469 on flat case and 7910050249 on cans; Distr. by: Big Heart Pet Brands, San Francisco CA 94111",,"Code range: 6299 through 8040, each with the suffix plant number 803; Best By range 10 25 19 thru 02 09 2021;","Class III",Terminated,V-0066-2018,2018-02-12,2018-03-07,2020-12-07,"26,880 cs, 12 cans/cs.","Voluntary: Firm initiated","Two or more of the following: Email, Fax, Letter, Press Release, Telephone, Visit",https://www.accessdata.fda.gov/scripts/ires/?Product=161980
79291,11,"Skippy Premium Chunks in gravy; With Beef; packaged in metal cans with Net Wt. 13.2 OZ; UPC: 7910052508 on flat case and 7910050250 on cans; Distr. by: Big Heart Pet Brands, San Francisco CA 94111",,"Code range: 6299 through 8040, each with the suffix plant number 803; Best By range 10 25 19 thru 02 09 2021;","Class III",Terminated,V-0067-2018,2018-02-12,2018-03-07,2020-12-07,"28,231 cs, 12 cans/cs.","Voluntary: Firm initiated","Two or more of the following: Email, Fax, Letter, Press Release, Telephone, Visit",https://www.accessdata.fda.gov/scripts/ires/?Product=161981
79291,12,"Skippy Premium Strips in Gravy; With Beef; packaged in metal cans with Net Wt. 13.2 OZ; UPC: 7910052509 on flat case and 7910050245 on cans; Distr. by: Big Heart Pet Brands, San Francisco CA 94111",,"Code range: 6299 through 8040, each with the suffix plant number 803; Best By range 10 25 19 thru 02 09 2021;","Class III",Terminated,V-0068-2018,2018-02-12,2018-03-07,2020-12-07,"7,471 cs, 12 cans/cs","Voluntary: Firm initiated","Two or more of the following: Email, Fax, Letter, Press Release, Telephone, Visit",https://www.accessdata.fda.gov/scripts/ires/?Product=161983
79291,13,"Kibbles 'n Bits 12 Can Variety Pack; Chef's Choice Bistro, containing 4 cans of Hearty Cuts with Real Beef, Chicken & Vegetables In Gravy; Chef's Choice Homestyle, 4 cans of Meatballs & Pasta Dinner with Real Beef in Tomato Sauce; Chef's Choice Bistro, and 4 cans of Bistro Tender Cuts With Real Turkey, Bacon & Vegetables in Gravy; packaged in metal cans with 12 - 13.2 OZ Cans per case; Total Net Wt 9 LB 14 OZ; Variety Pack paper box UPC: 7910027750; Distr By: Big Heart Pet Brands, San Francisco, CA 94111. These packages are not meant for individual can sales and are sold as a 12 can Variety Pack.",,"Code range: 6299 through 8040, each with the suffix plant number 803; Best By range 10 25 19 thru 02 09 2021;","Class III",Terminated,V-0069-2018,2018-02-12,2018-03-07,2020-12-07,"343,676 packs.","Voluntary: Firm initiated","Two or more of the following: Email, Fax, Letter, Press Release, Telephone, Visit",https://www.accessdata.fda.gov/scripts/ires/?Product=161989
79291,14,"Kibbles 'n Bits 12 Can Variety Pack; containing 4 cans of Chef's Choice Bistro, Hearty Cuts with Real Beef, Chicken & Vegetables In Gravy; 4 cans of Chef's Choice Homestyle, Meatballs & Pasta Dinner with Real Beef in Tomato Sauce; and 4 cans of Chef's Choice Bistro, Bistro Tender Cuts With Real Turkey, Bacon & Vegetables in Gravy; packaged in metal cans with 12 - 13.2 OZ Cans per case; Total Net Wt 9 LB 14 OZ; Variety Pack paper box UPC: 7910027750; Distr By: Big Heart Pet Brands, San Francisco, CA 94111. These packages are not meant for individual can sales and are sold as a 12 can Variety Pack.",,"Code range: 6299 through 8040, each with the suffix plant number 803; Best By range 10 25 19 thru 02 09 2021;","Class III",Terminated,V-0070-2018,2018-02-12,2018-03-07,2020-12-07,"451,348 packs.","Voluntary: Firm initiated","Two or more of the following: Email, Fax, Letter, Press Release, Telephone, Visit",https://www.accessdata.fda.gov/scripts/ires/?Product=162007
79291,15,"Kibbles 'n Bits 12 Can Variety Pack; containing 6 cans of Chef's Choice American Grill, Burger Dinner With Real Bacon & Cheese Bits In Gravy; and 6 cans of Chef's Choice Bistro, Tender Cuts With Real Turkey, Bacon & Vegetables In Gravy; packages in metal cans with 12 - 13.2 OZ cans per case; Total Net Wt 9 LB 14 OZ; Variety Pack paper box UPC: 7910027685; Distr By: Big Heart Pet Brands, San Francisco, CA 94111. These packages are not meant for individual can sales and are sold as a 12 can Variety Pack.",,"Code range: 6299 through 8040, each with the suffix plant number 803; Best By range 10 25 19 thru 02 09 2021;","Class III",Terminated,V-0071-2018,2018-02-12,2018-03-07,2020-12-07,"203,331 packs","Voluntary: Firm initiated","Two or more of the following: Email, Fax, Letter, Press Release, Telephone, Visit",https://www.accessdata.fda.gov/scripts/ires/?Product=162011
79323,1,"Raw Diet for Dogs Chicken & Salmon Recipe, Northwest Natural brand, frozen product, Net wt. 5 lbs. UPC 0 87316 38440 6",087316384406,"15 082218 The code is interpreted as follows: -15 is the batch number made on 12-22-2016. -082218 is the expiration date 8-22-2018.","Class I",Terminated,V-0042-2019,2018-02-21,2018-03-21,2018-11-07,"94 cases","Voluntary: Firm initiated",Telephone,https://www.accessdata.fda.gov/scripts/ires/?Product=161967
79388,1,"Product label: Blue Ridge Beef Kitten Grind for Cats; Ingredients: Ground Beef; Keep Frozen until Ready for Use; Manufactured by Blue Ridge Beef; Statesville, NC; Net Wt. 2 lbs. Case Label: Blue Ridge Beef; Kitten Grind; Lot # GA 1102; M.F.D. 11/02/17",,"Lot #: GA1102 UPC: 854298001016","Class I",Terminated,V-0085-2018,2018-02-28,2018-03-21,2025-12-18,"600 lbs of kitten grind total; 20/30lb cases; 15-2 lb. tubes of kitten grind per case","Voluntary: Firm initiated","Two or more of the following: Email, Fax, Letter, Press Release, Telephone, Visit",https://www.accessdata.fda.gov/scripts/ires/?Product=162194
79388,2,"Blue Ridge Beef BRB Complete; Net Wt. 2 lbs. (.91kg); Keep Frozen Until Ready for Use; Manufactured by Blue Ridge Beef; Statesville, NC Case Label: Blue Ridge Beef; Kitten Grind; Lot # GA 1102; M.F.D. 11/02/17",,"Lot #: GA0131 UPC: 854298001177","Class I",Terminated,V-0086-2018,2018-02-28,2018-03-21,2025-12-18,"56 cases","Voluntary: Firm initiated","Two or more of the following: Email, Fax, Letter, Press Release, Telephone, Visit",https://www.accessdata.fda.gov/scripts/ires/?Product=162815
79414,1,"Raw Frozen Dog Food Turkey Canine Recipe, Steve's Real Food brand, packaged in a flexible printed plastic bag. Net wt. 5 lb. UPC 6 91730 15303 8. The product label is read in parts ""***STEVE'S REAL FOOD***RAW FROZEN DOG FOOD***TURKEY CANINE RECIPE***Distributed by: Steve's Real Food, Inc. Aumsville, OR***.",691730153038,"Lot E 178. Best by date 9/27/18","Class I",Terminated,V-0015-2019,2018-03-02,2018-04-04,2018-10-25,"52 cases (6/5 lbs. bags per case)","Voluntary: Firm initiated","Press Release",https://www.accessdata.fda.gov/scripts/ires/?Product=162254
79434,1,"Tucker's Pork-Bison Formula, Raw Frozen, Complete & Balanced Formula, Dog Food for all life stages. 2 - 2-1/2 LB Pouches, Net Weight 5 LB (2.268 KG). UPC code 072635520017. Keep Frozen, Raw Basics, LLC, 10,000 80th Ave., Pleasant Prairie, WI 53158",,"Best By: 04/17/19 Lot: 27717","Class I",Terminated,V-0090-2018,2018-03-06,2018-04-04,2019-07-01,"108 - 5 lb. boxes","Voluntary: Firm initiated",E-Mail,https://www.accessdata.fda.gov/scripts/ires/?Product=162313
79586,1,"Rad Cat Raw Diet Free-Range Chicken. Product has the following UPCs: UPC 851536001036 - 8 oz. tub UPC 851536001043 - 16 oz. tub UPC 851536001050 - 24 oz. tub",8515360010368;85153600104316;85153600105024,"Lot 62762, BB Date: 10/19/18","Class I",Terminated,V-0088-2018,2018-03-20,2018-04-11,2018-06-20,"789/8 oz. pkgs; 660/16 oz. pkgs; 1860/24 oz. pkgs.","Voluntary: Firm initiated","Two or more of the following: Email, Fax, Letter, Press Release, Telephone, Visit",https://www.accessdata.fda.gov/scripts/ires/?Product=162710
79586,2,"Rad Cat Raw Diet Free-Range Turkey. Product has the following UPCs: UPC 851536001005 - 8 oz. tub UPC 851536001012 - 16 oz. tub UPC 851536001029 - 24 oz. tub",8515360010058;85153600101216;85153600102924,"Lot 62926, BB Date: 05/03/19","Class I",Terminated,V-0089-2018,2018-03-20,2018-04-11,2018-06-20,"1277/8 oz. pkgs; 2232/16 oz. pkgs; 1200/24 oz. pkgs.","Voluntary: Firm initiated","Two or more of the following: Email, Fax, Letter, Press Release, Telephone, Visit",https://www.accessdata.fda.gov/scripts/ires/?Product=162711
79596,1,"Milo's Kitchen home-style dog treats Grilled Burger Bites with Sweet Potato and Bacon 15 oz. bag UPC 079100521265 DISTRIBUTED FOR: Milo's Kitchen, LLC A subsidiary of Del Monte Foods San Francisco, CA 94111",079100521265,"Lot #7147 Best If Used By Nov 19 2018","Class I",Terminated,V-0091-2018,2018-03-22,2018-04-11,2020-07-09,"3,161cs/4/15 oz bags","Voluntary: Firm initiated","Two or more of the following: Email, Fax, Letter, Press Release, Telephone, Visit",https://www.accessdata.fda.gov/scripts/ires/?Product=162743
79596,2,"Milos Kitchen Steak HOMESTYLE DOG TREATS Grillers/Steak Grillers Recipe with Angus Steak 10 oz. bag UPC 079100527762, 18 oz. bag UPC 079100518227 & 22 oz. bag, UPC 079100518234, DISTRIBUTED BY: Milo's Kitchen, LLC San Francisco, CA 94111",079100518227;079100518234;079100527762,"10 oz. bag, Lot Code 7305, Best If Used By 4/26/2019; 18 oz. bag, Lot Code 7143, Best If Used By 11/15/2018 & Lot Code, 7305, Best If Used By 4/26/2019 and 22 oz. bag, Lot Code 7305, Best If Used By 4/26/2019.","Class I",Terminated,V-0092-2018,2018-03-22,2018-04-11,2020-07-09,"1,489cs/5/10/oz bags, 8,638cs/4/ 18oz bags & 1,156cs/4/22oz bags","Voluntary: Firm initiated","Two or more of the following: Email, Fax, Letter, Press Release, Telephone, Visit",https://www.accessdata.fda.gov/scripts/ires/?Product=162745
79623,1,"Natural Selections Chicken with Organic Vegetables Meals for Dogs, Net wt. 2 lbs. ZooLogics Chicken with Vegetables Meals for Dogs, Net wt., 2 lbs. The Natural Selections brand label is read in parts: ""***DARWIN'S Natural Pet Products *** Natural Selections *** CHICKEN MEALS FOR DOGS *** CHICKEN with Organic Vegetables Meals for Dogs***"". The ZooLogics brand label is read in parts: ""***DARWIN'S Natural Pet Products *** ZooLogics *** CHICKEN MEALS FOR DOGS *** CHICKEN with Vegetables Meals for Dogs***"".",,"Natural Selections brand: Lot #43887, manufacture date 1/30/2018. ZooLogics brand: Lot #44037, manufacture date 2/7/2018.","Class I",Terminated,V-0093-2018,2018-03-26,2018-04-18,2018-06-05,"Natural Selections = 2422 pkgs; ZooLogics = 2226 pkgs.","Voluntary: Firm initiated","Two or more of the following: Email, Fax, Letter, Press Release, Telephone, Visit",https://www.accessdata.fda.gov/scripts/ires/?Product=162844
79623,2,"Natural Selections Duck with Organic Vegetables Meals for Dogs, Net wt. 2 lbs. The label is read in parts: ""***DARWIN'S Natural Pet Products *** Natural Selections *** DUCK MEALS FOR DOGS *** DUCK with Organic Vegetables Meals for Dogs***"".",,"Lot #44147, manufacture date 2/5/2018","Class I",Terminated,V-0094-2018,2018-03-26,2018-04-18,2018-06-05,"2,157 packages.","Voluntary: Firm initiated","Two or more of the following: Email, Fax, Letter, Press Release, Telephone, Visit",https://www.accessdata.fda.gov/scripts/ires/?Product=162845
79623,3,"ZooLogics Turkey with Vegetables Meals for Dogs, Net wt. 2 lbs. The ZooLogics brand label is read in parts: ""***DARWIN'S Natural Pet Products *** ZooLogics *** TURKEY MEALS FOR DOGS *** TURKEY WITH VEGETABLES Meals for Dogs***"".",,"Lot #44127, manufacture date 2/4/2018","Class I",Terminated,V-0095-2018,2018-03-26,2018-04-18,2018-06-05,"1,543 packages","Voluntary: Firm initiated","Two or more of the following: Email, Fax, Letter, Press Release, Telephone, Visit",https://www.accessdata.fda.gov/scripts/ires/?Product=162846
79827,1,"TruDog Boost Me, Mighty Meaty Beef Booster, Freeze-Dried Raw Super Boost for Dogs. Net Wt. 3.5 oz. (99g), UPC 852990005028. TruPet LLC, 100 Techne Center Drive, Suite 210, Milford, Ohio 45150",852990005028,"Lot: 20190531 13815 (stamped on back of package)","Class I",Terminated,V-0276-2018,2018-04-03,2018-06-27,2020-04-30,"14400 packages","Voluntary: Firm initiated",E-Mail,https://www.accessdata.fda.gov/scripts/ires/?Product=163611
79829,1,"K9 Natural, New Zealand Cage-Free Chicken Feast, Net Weight 1 KG/2.2 LB and 5 KG/11 LB",,"Pack size 1 KG/2.2 LB: Lot #170517 Expiration Date 17 NOV 2018; Pack size 5 KG/11 LB: Lot #150517 Expiration Date 15 NOV 2018; Lot #160517 Expiration Date 16 NOV 2018; Lot # 170517 Expiration Date 17 NOV 2018","Class I",Terminated,V-0277-2018,2018-04-13,2018-06-27,2019-02-11,"1528 units/304 cartons","Voluntary: Firm initiated","Two or more of the following: Email, Fax, Letter, Press Release, Telephone, Visit",https://www.accessdata.fda.gov/scripts/ires/?Product=163623
79897,1,"Vital Essentials Freeze-Dried Beef Toppers. Purely raw, Instinctively healthy. Entr¿e for Dogs and Cats. Packaged in poly bags, Net Wt. 6 oz. (170 g) UPC 033211006059. Product #3605",033211006059,"lot codes 20190601 13815, 20190604 13815, and 20190620 13815","Class I",Terminated,V-0097-2018,2018-04-16,2018-05-02,2018-12-19,"302 cases (1812 units)","Voluntary: Firm initiated","Two or more of the following: Email, Fax, Letter, Press Release, Telephone, Visit",https://www.accessdata.fda.gov/scripts/ires/?Product=163829
79897,2,"Vital Essentials Frozen Beef Entr¿e For Dogs. Purely raw, Instinctively healthy. Packaged in chubs, Net Wt. 5 lbs. (2.27kg) UPC 033211008817, Product # 3881",033211008817,"Lot code 20181227 13816","Class I",Terminated,V-0098-2018,2018-04-16,2018-05-02,2018-12-19,"295 cases (1475 units)","Voluntary: Firm initiated","Two or more of the following: Email, Fax, Letter, Press Release, Telephone, Visit",https://www.accessdata.fda.gov/scripts/ires/?Product=163831
79913,1,"OC Raw Dog Freeze Dried Sardines packaged in 3.2 oz. poly printed bags UPC No. 095225853043",,"Lot Codes: 17219, 17266, 17268, 18021, 18047, 18059 Product Code: OCRDFDSAR","Class I",Terminated,V-0283-2018,2018-04-20,2018-08-15,2018-12-11,"544 cases","Voluntary: Firm initiated","Press Release",https://www.accessdata.fda.gov/scripts/ires/?Product=163924
79914,1,"OC Raw Dog Chicken, Fish & Produce Meaty Rox packages in 3 lb. Bags, UPC 022099069171",022099069171,"Lot #3652, with Use By date 10/11/18","Class I",Terminated,V-0272-2018,2018-04-20,2018-06-27,2018-12-10,,"Voluntary: Firm initiated","Press Release",https://www.accessdata.fda.gov/scripts/ires/?Product=163927
79914,2,"OC Raw Dog Chicken, Fish & Produce Slider packages in 4 lb. Bags, UPC 095225852640",095225852640,"Lot #3652 with Use By date 10/11/18","Class I",Terminated,V-0273-2018,2018-04-20,2018-06-27,2018-12-10,,"Voluntary: Firm initiated","Press Release",https://www.accessdata.fda.gov/scripts/ires/?Product=163928
79914,3,"OC Raw Dog Chicken, Fish & Produce Doggie Dozen Patty packages in 6.5 lb. Bags, UPC 022099069225",022099069225,"Lot #3652 with Use By date 10/11/18","Class I",Terminated,V-0274-2018,2018-04-20,2018-06-27,2018-12-10,,"Voluntary: Firm initiated","Press Release",https://www.accessdata.fda.gov/scripts/ires/?Product=163929
79914,4,"OC Raw Dog Chicken, Fish & Produce Meaty Rox packaged in 7 lb. Bags, UPC 095225852756",095225852756,"Lot #3652 with Use By date 10/11/18","Class I",Terminated,V-0275-2018,2018-04-20,2018-06-27,2018-12-10,,"Voluntary: Firm initiated","Press Release",https://www.accessdata.fda.gov/scripts/ires/?Product=163930
80013,1,"TruDog, Treat Me Crunchy Beef Delight, Freeze-Dried Raw Super Treats for Dogs. Net Wt. 2.5 oz. (71g), UPC 52990-00522. TruPet, LLC, 100 Techne Center Drive, Suite 210, Milford, OH 45150.",5299000522,"20190514 13753","Class I",Terminated,V-0046-2019,2018-02-23,2018-11-07,2020-04-24,"6,000 units","Voluntary: Firm initiated",E-Mail,https://www.accessdata.fda.gov/scripts/ires/?Product=164213
80152,1,"Merrick Backcountry Great Plains Real Beef Jerky 4.5 oz. packaged in a plastic pouch 6 per case",,"5/1/2017 - 9/1/2019; UPC 022808786160","Class II",Terminated,V-0105-2019,2018-05-23,2019-02-20,2019-05-28,,"Voluntary: Firm initiated","Two or more of the following: Email, Fax, Letter, Press Release, Telephone, Visit",https://www.accessdata.fda.gov/scripts/ires/?Product=164690
80273,1,"dave's DOG FOOD 95% premium beef in a 13 oz. can, UPC # of 6 85038-11167 8",,"Lot Code: P7SLBF81211A BEST BY: 8/2020","Class II",Terminated,V-0110-2019,2018-06-12,2019-02-06,2019-02-22,"564 cases","Voluntary: Firm initiated","Press Release",https://www.accessdata.fda.gov/scripts/ires/?Product=165014
80455,1,"Rad Cat Raw Diet Free-Range Chicken Recipe, packaged in plastic tubs. Product has the following UPCs: UPC 8 51536 00103 6 - 8oz tub, UPC 8 51536 00104 3 - 16oz tub, UPC 8 51536 00105 0 - 24oz tub",851536001036;851536001043;851536001050,"Lot 63057 BB Date: 10/9/2019; Lot 63069 BB Date: 10/23/2019; Lot 63076 BB Date: 10/31/2019","Class I",Terminated,V-0279-2018,2018-07-06,2018-07-25,2018-09-20,"Lot 63057: 1272 (8 oz.), 900 (16 oz), 2340 (24 oz.); Lot 63069: 1565 (8oz), 1260 (16 oz), 1080 (24 oz); Lot 63076: 837 (8oz), 1380 (16oz), 1800 (24oz)","Voluntary: Firm initiated","Two or more of the following: Email, Fax, Letter, Press Release, Telephone, Visit",https://www.accessdata.fda.gov/scripts/ires/?Product=165522
80455,2,"Rad Cat Raw Diet Pasture-Raised Venison Recipe, packaged in plastic tubs. Product has the following UPCs: UPC 8 51536 00121 0 - 8oz tub, UPC 8 51536 00122 7 - 16oz tub, UPC 8 51536 00123 4 - 24oz tub; 1oz Samples",851536001210;851536001227;851536001234,"Lot 63063 BB Date: 10/15/2019","Class I",Terminated,V-0280-2018,2018-07-06,2018-07-25,2018-09-20,"758 (8 oz), 600 (16 oz), 3120 (24 oz), 540 (1 oz samples)","Voluntary: Firm initiated","Two or more of the following: Email, Fax, Letter, Press Release, Telephone, Visit",https://www.accessdata.fda.gov/scripts/ires/?Product=165523
80683,1,"Ground Lamb Dog Food packaged in clear plastic containers",,"All products with lot numbers that end in 022718 through 072018.","Class I",Terminated,V-0050-2019,2018-07-30,2018-10-31,2019-12-20,,"Voluntary: Firm initiated",E-Mail,https://www.accessdata.fda.gov/scripts/ires/?Product=166150
80683,2,"Ground Lamb Dog Food packaged in clear plastic containers",,"All products with lot numbers that end in 022718 through 072018.","Class I",Terminated,V-0050-2019,2018-07-30,2018-10-31,2019-12-20,,"Voluntary: Firm initiated",E-Mail,https://www.accessdata.fda.gov/scripts/ires/?Product=166151
80683,3,"Turkey Veggie Mix Dog Food packaged in clear plastic containers",,"All products with lot numbers that end in 022718 through 072018.","Class I",Terminated,V-0051-2019,2018-07-30,2018-10-31,2019-12-20,,"Voluntary: Firm initiated",E-Mail,https://www.accessdata.fda.gov/scripts/ires/?Product=166520
80683,4,"Lamb Veggie Mix Dog Food packaged in clear plastic containers",,"All products with lot numbers that end in 022718 through 072018.","Class I",Terminated,V-0052-2019,2018-07-30,2018-10-31,2019-12-20,,"Voluntary: Firm initiated",E-Mail,https://www.accessdata.fda.gov/scripts/ires/?Product=166533
80683,5,"Beef Veggie Mix Dog Food packaged in clear plastic containers",,"All products with lot numbers that end in 022718 through 072018.","Class I",Terminated,V-0053-2019,2018-07-30,2018-10-31,2019-12-20,,"Voluntary: Firm initiated",E-Mail,https://www.accessdata.fda.gov/scripts/ires/?Product=167080
80683,6,"Ground beef Dog Food packaged in clear plastic containers",,"All products with lot numbers that end in 022718 through 072018.","Class I",Terminated,V-0054-2019,2018-07-30,2018-10-31,2019-12-20,,"Voluntary: Firm initiated",E-Mail,https://www.accessdata.fda.gov/scripts/ires/?Product=167081
80683,7,"Sliced Beef Heart Dog Food packaged in clear plastic containers",,"All products with lot numbers that end in 022718 through 072018.","Class I",Terminated,V-0055-2019,2018-07-30,2018-10-31,2019-12-20,,"Voluntary: Firm initiated",E-Mail,https://www.accessdata.fda.gov/scripts/ires/?Product=167082
80683,8,"Ground Beef Heart Dog Food packaged in clear plastic containers",,"All products with lot numbers that end in 022718 through 072018.","Class I",Terminated,V-0056-2019,2018-07-30,2018-10-31,2019-12-20,,"Voluntary: Firm initiated",E-Mail,https://www.accessdata.fda.gov/scripts/ires/?Product=167083
80683,9,"Kim's Special Beef Organ Dog Food packaged in clear plastic containers",,"All products with lot numbers that end in 022718 through 072018.","Class I",Terminated,V-0057-2019,2018-07-30,2018-10-31,2019-12-20,,"Voluntary: Firm initiated",E-Mail,https://www.accessdata.fda.gov/scripts/ires/?Product=167084
80683,10,"Ground Chicken Dog Food packaged in clear plastic containers",,"All products with lot numbers that end in 022718 through 072018.","Class I",Terminated,V-0058-2019,2018-07-30,2018-10-31,2019-12-20,,"Voluntary: Firm initiated",E-Mail,https://www.accessdata.fda.gov/scripts/ires/?Product=167085
80683,11,"Chicken Mix Patties Dog Food packaged in clear plastic containers",,"All products with lot numbers that end in 022718 through 072018.","Class I",Terminated,V-0059-2019,2018-07-30,2018-10-31,2019-12-20,,"Voluntary: Firm initiated",E-Mail,https://www.accessdata.fda.gov/scripts/ires/?Product=167086
80683,12,"Duck Veggie Mix Dog Food packaged in clear plastic containers",,"All products with lot numbers that end in 022718 through 072018.","Class I",Terminated,V-0060-2019,2018-07-30,2018-10-31,2019-12-20,,"Voluntary: Firm initiated",E-Mail,https://www.accessdata.fda.gov/scripts/ires/?Product=167087
80683,13,"Ground Duck Dog Food packaged in clear plastic containers",,"All products with lot numbers that end in 022718 through 072018.","Class I",Terminated,V-0061-2019,2018-07-30,2018-10-31,2019-12-20,,"Voluntary: Firm initiated",E-Mail,https://www.accessdata.fda.gov/scripts/ires/?Product=167088
80683,14,"Ground Rabbit Dog Food packaged in clear plastic containers",,"All products with lot numbers that end in 022718 through 072018.","Class I",Terminated,V-0062-2019,2018-07-30,2018-10-31,2019-12-20,,"Voluntary: Firm initiated",E-Mail,https://www.accessdata.fda.gov/scripts/ires/?Product=167089
80683,15,"Rabbit Veggie Mix Dog Food packaged in clear plastic containers",,"All products with lot numbers that end in 022718 through 072018.","Class I",Terminated,V-0063-2019,2018-07-30,2018-10-31,2019-12-20,,"Voluntary: Firm initiated",E-Mail,https://www.accessdata.fda.gov/scripts/ires/?Product=167090
80683,16,"Ground Beef Pancreas Dog Food packaged in clear plastic containers",,"All products with lot numbers that end in 022718 through 072018.","Class I",Terminated,V-0064-2019,2018-07-30,2018-10-31,2019-12-20,,"Voluntary: Firm initiated",E-Mail,https://www.accessdata.fda.gov/scripts/ires/?Product=167091
80683,17,"Beef Liver Chunks Dog Food packaged in clear plastic containers",,"All products with lot numbers that end in 022718 through 072018.","Class I",Terminated,V-0065-2019,2018-07-30,2018-10-31,2019-12-20,,"Voluntary: Firm initiated",E-Mail,https://www.accessdata.fda.gov/scripts/ires/?Product=167092
80683,18,"Beef Sweet Breads Dog Food packaged in clear plastic containers",,"All products with lot numbers that end in 022718 through 072018.","Class I",Terminated,V-0066-2019,2018-07-30,2018-10-31,2019-12-20,,"Voluntary: Firm initiated",E-Mail,https://www.accessdata.fda.gov/scripts/ires/?Product=167093
80683,19,"Ground Pork Dog Food packaged in clear plastic containers",,"All products with lot numbers that end in 022718 through 072018.","Class I",Terminated,V-0067-2019,2018-07-30,2018-10-31,2019-12-20,,"Voluntary: Firm initiated",E-Mail,https://www.accessdata.fda.gov/scripts/ires/?Product=167094
80683,20,"Pork Veggie Mix Dog Food packaged in clear plastic containers",,"All products with lot numbers that end in 022718 through 072018.","Class I",Terminated,V-0068-2019,2018-07-30,2018-10-31,2019-12-20,,"Voluntary: Firm initiated",E-Mail,https://www.accessdata.fda.gov/scripts/ires/?Product=167095
80683,21,"Shelby's Pork Organ Mix Dog Food packaged in clear plastic containers",,"All products with lot numbers that end in 022718 through 072018.","Class I",Terminated,V-0069-2019,2018-07-30,2018-10-31,2019-12-20,,"Voluntary: Firm initiated",E-Mail,https://www.accessdata.fda.gov/scripts/ires/?Product=167096
80683,22,"Tripe Dog Food packaged in clear plastic containers",,"All products with lot numbers that end in 022718 through 072018.","Class I",Terminated,V-0070-2019,2018-07-30,2018-10-31,2019-12-20,,"Voluntary: Firm initiated",E-Mail,https://www.accessdata.fda.gov/scripts/ires/?Product=167097
80683,23,"Pat's Cat Beef cat food packaged in clear plastic containers",,"All products with lot numbers that end in 022718 through 072018.","Class I",Terminated,V-0071-2019,2018-07-30,2018-10-31,2019-12-20,,"Voluntary: Firm initiated",E-Mail,https://www.accessdata.fda.gov/scripts/ires/?Product=167098
80683,24,"Pat's Cat Rabbit cat food packaged in clear plastic containers",,"All products with lot numbers that end in 022718 through 072018.","Class I",Terminated,V-0072-2019,2018-07-30,2018-10-31,2019-12-20,,"Voluntary: Firm initiated",E-Mail,https://www.accessdata.fda.gov/scripts/ires/?Product=167099
80683,25,"Pat's Cat Duck cat food packaged in clear plastic containers",,"All products with lot numbers that end in 022718 through 072018.","Class I",Terminated,V-0073-2019,2018-07-30,2018-10-31,2019-12-20,,"Voluntary: Firm initiated",E-Mail,https://www.accessdata.fda.gov/scripts/ires/?Product=167100
80683,26,"Ground Pollock Dog Food packaged in clear plastic containers",,"All products with lot numbers that end in 022718 through 072018.","Class I",Terminated,V-0074-2019,2018-07-30,2018-10-31,2019-12-20,,"Voluntary: Firm initiated",E-Mail,https://www.accessdata.fda.gov/scripts/ires/?Product=167101
80683,27,"Chicken Veggie Mix Dog Food packaged in clear plastic containers",,"All products with lot numbers that end in 022718 through 072018.","Class I",Terminated,V-0075-2019,2018-07-30,2018-10-31,2019-12-20,,"Voluntary: Firm initiated",E-Mail,https://www.accessdata.fda.gov/scripts/ires/?Product=168623
80683,28,"Pat's Cat Chicken cat food packaged in clear plastic containers",,"All products with lot numbers that end in 022718 through 072018.","Class I",Terminated,V-0076-2019,2018-07-30,2018-10-31,2019-12-20,,"Voluntary: Firm initiated",E-Mail,https://www.accessdata.fda.gov/scripts/ires/?Product=168626
80683,29,"Pat's Cat Turkey cat food packaged in clear plastic containers",,"All products with lot numbers that end in 022718 through 072018.","Class I",Terminated,V-0077-2019,2018-07-30,2018-10-31,2019-12-20,,"Voluntary: Firm initiated",E-Mail,https://www.accessdata.fda.gov/scripts/ires/?Product=168627
80859,1,"Rad Cat Raw Diet Free-Range Chicken, packaged in plastic tubs including 8 oz tubs with UPC 851536001036, 16 oz tubs with UPC 851536001043, 24 oz tubs with UPC 851536001050, and 1 oz samples",851536001036;851536001043;851536001050,"Lot Number 62763 through and including Lot Number 63101. These Lots have Best By (BB) dates of 10/19/18 through 12/3/19.","Class I",Terminated,V-0005-2019,2018-08-21,2018-09-12,2018-11-20,"71683/8 oz pkgs; 76563/16 oz. pkgs.; 211464/24 oz. pkgs; 15288/1 oz sample pkgs.","Voluntary: Firm initiated","Two or more of the following: Email, Fax, Letter, Press Release, Telephone, Visit",https://www.accessdata.fda.gov/scripts/ires/?Product=166733
80859,2,"Rad Cat Raw Diet Free-Range Turkey Recipe, packaged in plastic tubs including 8 oz tubs with UPC 8515360010005, 16 oz tubs with UPC 851536001012, 24 oz tubs with UPC 851536001029, and 1 oz samples.",8515360010005;851536001012;851536001029,"Lot Number 62763 through and including Lot Number 63101. These Lots have Best By (BB) dates of 10/19/18 through 12/3/19.","Class I",Terminated,V-0006-2019,2018-08-21,2018-09-12,2018-11-20,"57576/8 oz pkgs; 70048/16 oz. pkgs.; 198249/24 oz. pkgs; 16178/1 oz sample pkgs.","Voluntary: Firm initiated","Two or more of the following: Email, Fax, Letter, Press Release, Telephone, Visit",https://www.accessdata.fda.gov/scripts/ires/?Product=167042
80859,3,"Rad Cat Raw Diet Grass-Fed Beef Recipe, packaged in plastic tubs including 8 oz tubs with UPC 851536001241, 16 oz tubs with UPC 851536001258, 24 oz tubs with UPC 851536001265, and 1 oz samples.",851536001241;851536001258;851536001265,"Lot Number 62763 through and including Lot Number 63101. These Lots have Best By (BB) dates of 10/19/18 through 12/3/19.","Class I",Terminated,V-0007-2019,2018-08-21,2018-09-12,2018-11-20,"20685/8 oz pkgs; 15266/16 oz. pkgs.; 31359/24 oz. pkgs; 15662/1 oz sample pkgs.","Voluntary: Firm initiated","Two or more of the following: Email, Fax, Letter, Press Release, Telephone, Visit",https://www.accessdata.fda.gov/scripts/ires/?Product=167043
80859,4,"Rad Cat Raw Diet Pasture-Raised Lamb Recipe, packaged in plastic tubs including 8 oz tubs with UPC 851536001067, 16 oz tubs with UPC 851536001074, 24 oz tubs with UPC 851536001081, and 1 oz samples.",851536001067;851536001074;851536001081,"Lot Number 62763 through and including Lot Number 63101. These Lots have Best By (BB) dates of 10/19/18 through 12/3/19.","Class I",Terminated,V-0008-2019,2018-08-21,2018-09-12,2018-11-20,"24092/8 oz pkgs; 14927/16 oz. pkgs.; 30951/24 oz. pkgs; 15750/1 oz sample pkgs.","Voluntary: Firm initiated","Two or more of the following: Email, Fax, Letter, Press Release, Telephone, Visit",https://www.accessdata.fda.gov/scripts/ires/?Product=167044
80859,5,"Rad Cat Raw Diet Natural Pork Recipe, packaged in plastic tubs including 8 oz tubs with UPC 851536001296, 16 oz tubs with UPC 851536001289, 24 oz tubs with UPC 851536001272, and 1 oz samples.",851536001272;851536001289;851536001296,"Lot Number 62763 through and including Lot Number 63101. These Lots have Best By (BB) dates of 10/19/18 through 12/3/19.","Class I",Terminated,V-0009-2019,2018-08-21,2018-09-12,2018-11-20,"14511/8 oz pkgs; 13979/16 oz. pkgs.; 28680/24 oz. pkgs; 15750/1 oz sample pkgs.","Voluntary: Firm initiated","Two or more of the following: Email, Fax, Letter, Press Release, Telephone, Visit",https://www.accessdata.fda.gov/scripts/ires/?Product=167045
80859,6,"Rad Cat Raw Diet Pasture-Raised Venison Recipe, packaged in plastic tubs including 8 oz tubs with UPC 851536001210, 16 oz tubs with UPC 851536001227, 24 oz tubs with UPC 851536001234, and 1 oz samples.",851536001210;851536001227;851536001234,"Lot Number 62763 through and including Lot Number 63101. These Lots have Best By (BB) dates of 10/19/18 through 12/3/19.","Class I",Terminated,V-0010-2019,2018-08-21,2018-09-12,2018-11-20,"38297/8 oz pkgs; 37375/16 oz. pkgs.; 101067/24 oz. pkgs; 14130/1 oz sample pkgs.","Voluntary: Firm initiated","Two or more of the following: Email, Fax, Letter, Press Release, Telephone, Visit",https://www.accessdata.fda.gov/scripts/ires/?Product=167046
80942,1,"Ground frozen dog food packaged in 2-pound bags, labeled in part, ""PERFORMANCE DOG FOOD"". Please note that there are no code dates on the bags, only on the 40-pound case boxes.",,"071418 Please note that there are no code dates on the individual bags of product, only on the 40-pound case boxes.","Class I",Terminated,V-0017-2019,2018-08-31,2018-10-10,2019-02-11,"15,000 pounds","Voluntary: Firm initiated",Telephone,https://www.accessdata.fda.gov/scripts/ires/?Product=167067
80983,1,"Raw Frozen Pet Food Turducken Recipe for cats and dogs, packaged in 5 lb bags with UPC 6-91730-15304-5",691730153045,"Lot J155; Best By 6/4/19","Class I",Terminated,V-0002-2019,2018-09-07,2018-09-26,2020-08-26,"52 Cases","Voluntary: Firm initiated","Press Release",https://www.accessdata.fda.gov/scripts/ires/?Product=167172
80983,2,"Super Premium Food for Your Feline, Quest Cat Food, Emu Diet, packages in 2 lb bags with UPC 6-91730-17103-2",691730171032,"Lot B138; Best By 8/18/19","Class I",Terminated,V-0003-2019,2018-09-07,2018-09-26,2020-08-26,"69 Cases","Voluntary: Firm initiated","Press Release",https://www.accessdata.fda.gov/scripts/ires/?Product=167173
80983,3,"Super Premium Food For Your Feline, Quest Cat Food, Beef Diet, packages in 2 lb bags with UPC 6-91730-17101-8",691730171018,"Lot A138; Best By 8/18/19","Class I",Terminated,V-0004-2019,2018-09-07,2018-09-26,2020-08-26,"67 Cases","Voluntary: Firm initiated","Press Release",https://www.accessdata.fda.gov/scripts/ires/?Product=167174
81499,1,"Natural Life Chicken & Potato Dry Dog Food packaged Net Wt. 17.5 lbs packaged in paper bags, UPC: 0-12344-08175-1",012344081751,"Best By Date code of December 5, 2019 through August 10, 2020","Class I",Terminated,V-0108-2019,2018-11-02,2018-12-19,2019-04-09,"4,390 cases","Voluntary: Firm initiated",Telephone,https://www.accessdata.fda.gov/scripts/ires/?Product=168849
81499,2,"Nutrisca Chicken and Chickpea Dry Dog Food packaged in the following sizes 1) 4 lbs paper bags, UPC: 8-84244-12495-7; 2) 15 lbs paper bags, UPC: 8-84244-12795-8; 3) 28 lbs, UPC: 8-84244-12895-5",884244124957;884244127958;884244128955,"Best By Date code of February 25, 2020 through September 13, 2020.","Class I",Terminated,V-0109-2019,2018-11-02,2018-12-19,2019-04-09,"14,994 cases","Voluntary: Firm initiated",Telephone,https://www.accessdata.fda.gov/scripts/ires/?Product=168850
81526,1,"3lb ELM CHICKEN AND CHICKPEA RECIPE - UPC (0-70155-22507-8)",,"Lot Codes: TD2 26 FEB 2019 TE1 30 APR 2019 TD1 5 SEP 2019 TD2 5 SEP 2019","Class I",Terminated,V-0219-2019,2018-11-06,2019-07-03,2020-12-07,"319 - 3 lb bags","Voluntary: Firm initiated",Telephone,https://www.accessdata.fda.gov/scripts/ires/?Product=168909
81526,2,"28lb ELM CHICKEN AND CHICKPEA RECIPE - UPC (0-70155-22513-9)",,"Lot Codes: TB3 6 APR 2019 TA1 2 JULY 2019 TI1 2 JULY 2019","Class I",Terminated,V-0220-2019,2018-11-06,2019-07-03,2020-12-07,"1,308 - 28 lb bags","Voluntary: Firm initiated",Telephone,https://www.accessdata.fda.gov/scripts/ires/?Product=169446
81543,1,"Orlando Grain Free, Chicken & Chickpea Super Food Recipe Dog Food, 10 lbs Bag, UPC 20735302",,"TI1 3 Mar 2019 TB2 21 Mar 2019 TB3 21 Mar 2019 TA2 19 Apr 2019 TB1 15 May 2019 TB2 15 May 2019 Best Buy Dates 03/03/2019 / 03/ 21/2019","Class I",Terminated,V-0009-2020,2018-11-06,2019-05-29,2021-01-15,"5000 Retail Units","Voluntary: Firm initiated","Two or more of the following: Email, Fax, Letter, Press Release, Telephone, Visit",https://www.accessdata.fda.gov/scripts/ires/?Product=168936
81617,1,"Evolve Puppy Formula Natural Dog Food NET WT. 28 lbs UPC: 0-73657-00863-7",073657008637,"Best Buy Date Code of November 1, 2018 through November 8, 2019.","Class I",Terminated,V-0119-2019,2018-11-19,2019-01-02,2020-07-17,"24,248 lbs","Voluntary: Firm initiated",Telephone,https://www.accessdata.fda.gov/scripts/ires/?Product=169099
81617,2,"Evolve Puppy Formula Natural Dog Food NET WT. 14 lbs UPC: 0-73657-00862-0",073657008620,"Best Buy Date Code of November 1, 2018 through November 8, 2019.","Class I",Terminated,V-0120-2019,2018-11-19,2019-01-02,2020-07-17,"11,620 lbs","Voluntary: Firm initiated",Telephone,https://www.accessdata.fda.gov/scripts/ires/?Product=169100
81617,3,"Sportsman's Pride Large Breed Puppy Formula NET WT. 40 lbs. UPC 0-70155-10566-0 and 0-70155-10564-0",070155105660,"Best Buy Date Code of November 1, 2018 through November 8, 2019.","Class I",Terminated,V-0121-2019,2018-11-19,2019-01-02,2020-07-17,"60,560 lbs","Voluntary: Firm initiated",Telephone,https://www.accessdata.fda.gov/scripts/ires/?Product=169102
81617,4,"Triumph Super Premium Dog Food Chicken & Rice Recipe NET WT. 30 LBS UPC 0-73657-00875-0",073657008750,"Best Buy Date Code of November 1, 2018 through November 8, 2019.","Class I",Terminated,V-0122-2019,2018-11-19,2019-01-02,2020-07-17,"30,480 lbs","Voluntary: Firm initiated",Telephone,https://www.accessdata.fda.gov/scripts/ires/?Product=169103
81617,5,"Triumph Super Premium Dog Food Chicken & Rice Recipe NET WT. 3.5 LBS UPC 0-73657-00873-6",073657008736,"Best Buy Date Code of November 1, 2018 through November 8, 2019.","Class I",Terminated,V-0123-2019,2018-11-19,2019-01-02,2020-07-17,"3,608 lbs","Voluntary: Firm initiated",Telephone,https://www.accessdata.fda.gov/scripts/ires/?Product=169105
81617,6,"Triumph Super Premium Dog Food Chicken & Rice Recipe NET WT. 16 LBS UPC 0-73657-00874-3",073657008743,"Best Buy Date Code of November 1, 2018 through November 8, 2019.","Class I",Terminated,V-0124-2019,2018-11-19,2019-01-02,2020-07-17,"2,608 lbs","Voluntary: Firm initiated",Telephone,https://www.accessdata.fda.gov/scripts/ires/?Product=169106
81654,1,"ANF Lamb and Rice Formula Adult Dry Dog Food: 7.5 Kilogram bags - UPC:9097203300 Made in the USA",,"Lot Code and Best By Date TA2 20 Nov 2019 = 7.5 kg bag","Class I",Terminated,V-0007-2020,2018-11-20,2019-06-12,2019-11-15,833,"Voluntary: Firm initiated",Letter,https://www.accessdata.fda.gov/scripts/ires/?Product=169278
81654,2,"ANF Lamb and Rice Formula Adult Dry Dog Food: 3 Kilograms - UPC: 9097231622 and Made in the USA",,"Lot Code and Best By Date TE1 23 Nov 2019 = 4 x 3kg package","Class II",Terminated,V-0008-2020,2018-11-20,2019-06-12,2019-11-15,,"Voluntary: Firm initiated",Letter,https://www.accessdata.fda.gov/scripts/ires/?Product=174049
81713,1,"Cow Pie Fresh Frozen Meats Whole Food Nutrition for Dogs and Cats, net wt. 2 lbs. The product label is read in parts: ""***COW PIE *** Fresh Frozen Meats Whole Food Nutrition for Dogs and Cats ***Columbia River Natural pet foods***P.O.Box 758 Camas, WA***Ingredients: Beef Green Tripe, Beef Heart, Beef Muscle Meat, Beef Kidney***FEED RAW ONLY DO NOT COOK. Do not microwave***FOR ANIMAL CONSUMPTION ONLY***"".",,"81917 and 72618","Class I",Terminated,V-0010-2020,2018-12-04,2019-06-12,2019-10-05,"1194 pkgs. total (933 pkg from lot # 81917 and 261 pkg from lot # 72681)","Voluntary: Firm initiated","Two or more of the following: Email, Fax, Letter, Press Release, Telephone, Visit",https://www.accessdata.fda.gov/scripts/ires/?Product=169605
81713,2,"Chicken & Vegetables Fresh Frozen Meats Whole Food Nutrition for Dogs and Cats, net wt. 2 lbs. The product label is read in parts: ""***CHICKEN & VEGETABLES *** Fresh Frozen Meats Whole Food Nutrition for Dogs and Cats ***Columbia River Natural pet foods***P.O.Box 758 Camas, WA***Ingredients: Ground Chicken Backs, Chicken Necks, Chicken Heart, Chicken Liver, Cabbage, Broccoli, Squash, Carrots, Parsley, Spinach, Sprouts & Kale***FEED RAW ONLY DO NOT COOK. Do not microwave***FOR ANIMAL CONSUMPTION ONLY***"".",,111518,"Class I",Terminated,V-0011-2020,2018-12-04,2019-06-12,2019-10-05,"166 packages","Voluntary: Firm initiated","Two or more of the following: Email, Fax, Letter, Press Release, Telephone, Visit",https://www.accessdata.fda.gov/scripts/ires/?Product=170170
81726,1,"Abound Chicken & Brown Rice Recipe Net Wt 14 lb with UPC 11110-83573",1111083573,"Best Buy Date Code of November 1, 2018 through November 16, 2019.","Class I",Terminated,V-0116-2019,2018-11-19,2019-01-02,2019-09-30,"233,520 lbs","Voluntary: Firm initiated",Other,https://www.accessdata.fda.gov/scripts/ires/?Product=169631
81726,2,"Abound Chicken & Brown Rice Recipe Net Wt 4 lb with UPC 11110-83556",1111083556,"Best Buy Date Code of November 1, 2018 through November 16, 2019.","Class I",Terminated,V-0117-2019,2018-11-19,2019-01-02,2019-09-30,"127,232 lbs","Voluntary: Firm initiated",Other,https://www.accessdata.fda.gov/scripts/ires/?Product=169798
81726,3,"Abound Chicken & Brown Rice Recipe Net Wt 24 lb with UPC 11110-89076",1111089076,"Best Buy Date Code of November 1, 2018 through November 16, 2019.","Class I",Terminated,V-0118-2019,2018-11-19,2019-01-02,2019-09-30,,"Voluntary: Firm initiated",Other,https://www.accessdata.fda.gov/scripts/ires/?Product=169799
81739,1,"Real Beef Bone Bone Chews, Net Wt. 12 oz, Omaha Steaks International Inc., Omaha, NE. Packaged in plastic bags",,"Production date codes: 18 216, 18 220, 18 271, 18 281, 18 285","Class II",Terminated,V-0141-2019,2018-12-10,2019-05-22,2019-05-30,"4,586 packages","Voluntary: Firm initiated",Letter,https://www.accessdata.fda.gov/scripts/ires/?Product=169661
81822,1,"Old Glory Dog Food Hearty Turkey & Cheese Flavor 12.75 lbs UPC 0-70155-14297-9",070155142979,"TC3 29 October 2018, TA1 30 October 2018, TA2 30 October 2018, TC1 30 October 2018, TC2 30 October 2018, TC3 30 October 2018","Class II",Terminated,V-0207-2019,2018-12-18,2019-06-05,2020-07-17,,"Voluntary: Firm initiated",,https://www.accessdata.fda.gov/scripts/ires/?Product=169999
82018,1,"Hill's Prescription Diet, Urinary Care, Chicken & Vegetable Stew, 3384, Net Wt. 12.5 oz (354 g), Manufactured by: Hill's Pet Nutrition, Topeka, KS; packaged in cans, 12 cans per tray",,"102020T10, 102020T25, 092020T29","Class I",Terminated,V-0014-2020,2019-01-30,2019-07-24,2021-12-21,,"Voluntary: Firm initiated",Telephone,https://www.accessdata.fda.gov/scripts/ires/?Product=170571
82018,2,"Hill's Prescription Diet, Digestive Care, Chicken & Vegetable Stew, Manufactured by: Hill's Pet Nutrition, Topeka, KS packaged in the following cans in the following sizes: 1) SKU 3389, Net Wt. 12.5 oz (354 g), 12 cans per tray; 2) SKU 3390, Net Wt. 5.5 oz (156 g), 24 cans per tray;",,"SKU 3389: 092020T28, 102020T04, 102020T10, 102020T19, 102020T20, 102020T21, 102020T24, 102020T25, 112020T04, 112020T05, 112020T10, and 112020T11 SKU 3390: 102020T11, 112020T23, and 122020T07","Class I",Terminated,V-0015-2020,2019-01-30,2019-07-24,2021-12-21,,"Voluntary: Firm initiated",Telephone,https://www.accessdata.fda.gov/scripts/ires/?Product=170732
82018,3,"Hill's Science Diet, Small & Toy Breed, Chicken & Barley Entr¿e, Adult 7+, 4969, Net Wt. 5.8 oz (164 g), Manufactured by: Hill's Pet Nutrition, Topeka, KS; packaged in cans, 24 cans per tray",,102020T18,"Class I",Terminated,V-0016-2020,2019-01-30,2019-07-24,2021-12-21,,"Voluntary: Firm initiated",Telephone,https://www.accessdata.fda.gov/scripts/ires/?Product=170733
82018,4,"Hill's Prescription Diet, Aging Care, g/d, Turkey Flavor, 7006, Net Wt. 13 oz (370 g), Manufactured by: Hill's Pet Nutrition, Topeka, KS; packaged in cans, 12 cans per tray",,"092020T22, 112020T19, 112020T20","Class I",Terminated,V-0017-2020,2019-01-30,2019-07-24,2021-12-21,,"Voluntary: Firm initiated",Telephone,https://www.accessdata.fda.gov/scripts/ires/?Product=170738
82018,5,"Hill's Prescription Diet, Digestive Care, i/d, with Turkey, 7008, Net Wt. 13 oz (370 g), Manufactured by: Hill's Pet Nutrition, Topeka, KS; packaged in cans, 12 cans per tray",,"092020T21, 092020T30, 102020T07, 102020T11, 112020T22, 112020T23, 102020T18, 102020T19, 112020T08, 112020T09, and 112020T18","Class I",Terminated,V-0018-2020,2019-01-30,2019-07-24,2021-12-21,,"Voluntary: Firm initiated",Telephone,https://www.accessdata.fda.gov/scripts/ires/?Product=170741
82018,6,"Hill's Prescription Diet, Joint Care, j/d, with Lamb, 7009, Net Wt. 13 oz (370 g), Manufactured by: Hill's Pet Nutrition, Topeka, KS; packaged in cans, 12 cans per tray",,112020T20,"Class I",Terminated,V-0019-2020,2019-01-30,2019-07-24,2021-12-21,,"Voluntary: Firm initiated",Telephone,https://www.accessdata.fda.gov/scripts/ires/?Product=170762
82018,7,"Hill's Prescription Diet, Kidney Care, k/d, with Chicken, 7010, Net Wt. 13 oz (370 g), Manufactured by: Hill's Pet Nutrition, Topeka, KS; packaged in cans, 12 cans per tray",,"102020T10, 102020T11","Class I",Terminated,V-0020-2020,2019-01-30,2019-07-24,2021-12-21,,"Voluntary: Firm initiated",Telephone,https://www.accessdata.fda.gov/scripts/ires/?Product=170765
82018,8,"Hill's Prescription Diet, Digestive/Weight Glucose Management, w/d, Chicken Flavor, 7017, Net Wt. 13 oz (370 g), Manufactured by: Hill's Pet Nutrition, Topeka, KS; packaged in cans, 12 cans per tray",,"092020T30, 102020T11, 102020T12, 102020T24, 102020T25, 112020T09, and 112020T10","Class I",Terminated,V-0021-2020,2019-01-30,2019-07-24,2021-12-21,,"Voluntary: Firm initiated",Telephone,https://www.accessdata.fda.gov/scripts/ires/?Product=170770
82018,9,"Hill's Prescription Diet, Skin/Food Sensitivities, z/d, Original Flavor, Manufactured by: Hill's Pet Nutrition, packaged in the following ways: 1) SKU 5403, Net Wt. 5.5 oz (156 g), packaged in cans, 24 cans per tray; 2) SKU 7018, Net Wt. 13 oz (370 g), packaged in cans, 12 cans per tray;",,"SKU 5403: 102020T17, 112020T22; SKU 7018: 102020T04, 112020T22","Class I",Terminated,V-0022-2020,2019-01-30,2019-07-24,2021-12-21,,"Voluntary: Firm initiated",Telephone,https://www.accessdata.fda.gov/scripts/ires/?Product=170773
82018,10,"Hill's Science Diet, Chicken & Barley Entr¿e, Puppy <1, 7036, Net Wt. 13 oz (370 g), Manufactured by: Hill's Pet Nutrition, packaged in cans, 12 cans per tray;",,102020T12,"Class I",Terminated,V-0023-2020,2019-01-30,2019-07-24,2021-12-21,,"Voluntary: Firm initiated",Telephone,https://www.accessdata.fda.gov/scripts/ires/?Product=170777
82018,11,"Hill's Science Diet, Turkey & Barley Entr¿e, Adult 1 - 6, 7038, Net Wt. 13 oz (370 g), Manufactured by: Hill's Pet Nutrition, packaged in cans, 12 cans per tray;",,102020T06,"Class I",Terminated,V-0024-2020,2019-01-30,2019-07-24,2021-12-21,,"Voluntary: Firm initiated",Telephone,https://www.accessdata.fda.gov/scripts/ires/?Product=170779
82018,12,"Hill's Science Diet, Chicken & Beef Entr¿e, Adult 1 - 6, 7040, Net Wt. 13 oz (370 g), Manufactured by: Hill's Pet Nutrition, packaged in cans, 12 cans per tray;",,"102020T13, 112020T10, 112020T11","Class I",Terminated,V-0025-2020,2019-01-30,2019-07-24,2021-12-21,,"Voluntary: Firm initiated",Telephone,https://www.accessdata.fda.gov/scripts/ires/?Product=170780
82018,13,"Hill's Science Diet, Light, With Liver, Adult 1 - 6, 7048, Net Wt. 13 oz (370 g), Manufactured by: Hill's Pet Nutrition, packaged in cans, 12 cans per tray;",,112020T19,"Class I",Terminated,V-0026-2020,2019-01-30,2019-07-24,2021-12-21,,"Voluntary: Firm initiated",Telephone,https://www.accessdata.fda.gov/scripts/ires/?Product=170781
82018,14,"Hill's Science Diet, Chicken & Barley Entr¿e, Adult 7+, 7055, Net Wt. 13 oz (370 g), Manufactured by: Hill's Pet Nutrition, packaged in cans, 12 cans per tray;",,"092020T31, 102020T13, 112020T03 and 112020T31","Class I",Terminated,V-0027-2020,2019-01-30,2019-07-24,2021-12-21,,"Voluntary: Firm initiated",Telephone,https://www.accessdata.fda.gov/scripts/ires/?Product=170782
82018,15,"Hill's Science Diet, Beef & Barley Entr¿e, Adult 7+, 7056, Net Wt. 13 oz (370 g), Manufactured by: Hill's Pet Nutrition, packaged in cans, 12 cans per tray;",,"092020T31, 102020T28, 112020T20, 112020T24, 102020T21 and 112020T03","Class I",Terminated,V-0028-2020,2019-01-30,2019-07-24,2021-12-21,,"Voluntary: Firm initiated",Telephone,https://www.accessdata.fda.gov/scripts/ires/?Product=170783
82018,16,"Hill's Science Diet, Turkey & Barley Entr¿e, Adult 7+, 7057, Net Wt. 13 oz (370 g), Manufactured by: Hill's Pet Nutrition, packaged in cans, 12 cans per tray;",,112020T19,"Class I",Terminated,V-0029-2020,2019-01-30,2019-07-24,2021-12-21,,"Voluntary: Firm initiated",Telephone,https://www.accessdata.fda.gov/scripts/ires/?Product=170784
82018,17,"Hill's Prescription Diet, Metabolic + Mobility, Weight + Joint Care, Vegetable & Tuna Stew, 10086, Net Wt. 12.5 oz (354 g), Manufactured by: Hill's Pet Nutrition, packaged in cans, 12 cans per tray;",,"102020T05, 102020T26","Class I",Terminated,V-0030-2020,2019-01-30,2019-07-24,2021-12-21,,"Voluntary: Firm initiated",Telephone,https://www.accessdata.fda.gov/scripts/ires/?Product=170785
82018,18,"Hill's Prescription Diet, Digestive/Weight/Glucose Management, w/d, Vegetable & Chicken Stew, 10129, Net Wt. 12.5 oz (354 g), Manufactured by: Hill's Pet Nutrition, packaged in cans, 12 cans per tray;",,"102020T04, 102020T21, 112020T05, 112020T11","Class I",Terminated,V-0031-2020,2019-01-30,2019-07-24,2021-12-21,,"Voluntary: Firm initiated",Telephone,https://www.accessdata.fda.gov/scripts/ires/?Product=170786
82018,19,"Hill's Prescription Diet, Digestive Care, i/d, Low Fat, Rice Vegetable & Chicken Stew, 10423, Net Wt. 12.5 oz (354 g), Manufactured by: Hill's Pet Nutrition, packaged in cans, 12 cans per tray;",,"102020T17, 102020T19, 102020T28, 112020T04","Class I",Terminated,V-0032-2020,2019-01-30,2019-07-24,2021-12-21,,"Voluntary: Firm initiated",Telephone,https://www.accessdata.fda.gov/scripts/ires/?Product=170787
82018,20,"Hill's Science Diet, Healthy Cuisine, Braised Beef, Carrots & Peas Stew, Adult 7+, 10452, Net Wt. 12.5 oz (354 g), Manufactured by: Hill's Pet Nutrition, packaged in cans, 12 cans per tray;",,"102020T14, 102020T21, 102020T28","Class I",Terminated,V-0033-2020,2019-01-30,2019-07-24,2021-12-21,,"Voluntary: Firm initiated",Telephone,https://www.accessdata.fda.gov/scripts/ires/?Product=170788
82018,21,"Hill's Prescription Diet, Derm Defense, Environmental Sensitivities, Chicken & Vegetable Stew, 10509, Net Wt. 12.5 oz (354 g), Manufactured by: Hill's Pet Nutrition, packaged in cans, 12 cans per tray;",,102020T05,"Class I",Terminated,V-0034-2020,2019-01-30,2019-07-24,2021-12-21,,"Voluntary: Firm initiated",Telephone,https://www.accessdata.fda.gov/scripts/ires/?Product=170789
82018,22,"Hill's Science Diet, Youthful Vitality, Adult 7+, Chicken & Vegetable Stew, 10763, Net Wt. 12.5 oz (354 g), Manufactured by: Hill's Pet Nutrition, packaged in cans, 12 cans per tray;",,"102020T04, 102020T05, 112020T11","Class I",Terminated,V-0035-2020,2019-01-30,2019-07-24,2021-12-21,,"Voluntary: Firm initiated",Telephone,https://www.accessdata.fda.gov/scripts/ires/?Product=170790
82018,23,"Hill's Science Diet, Chicken & Barley Entr¿e, Adult 1 - 6, 7037, Net Wt. 13 oz (370 g), Manufactured by: Hill's Pet Nutrition, packaged in cans, 12 cans per tray",,"092020T22, 102020T13, 102020T14, 112020T23, 112020T24","Class II",Terminated,V-0036-2020,2019-01-30,2019-07-24,2021-12-21,,"Voluntary: Firm initiated",Telephone,https://www.accessdata.fda.gov/scripts/ires/?Product=171249
82018,24,"Hill's Prescription Diet, Kidney Care, k/d, with Lamb, 2697, Net Wt. 13 oz (370 g), Manufactured by: Hill's Pet Nutrition, packaged in cans, 12 cans per tray",,102020T25,"Class II",Terminated,V-0037-2020,2019-01-30,2019-07-24,2021-12-21,,"Voluntary: Firm initiated",Telephone,https://www.accessdata.fda.gov/scripts/ires/?Product=171765
82018,25,"Hill's Science Diet, Perfect Weight, Adult, Chicken & Vegetable Entr¿e, 2975, Net Wt. 12.8 oz (363 g), Manufactured by: Hill's Pet Nutrition, packaged in cans, 12 cans per tray",,092020T28,"Class II",Terminated,V-0038-2020,2019-01-30,2019-07-24,2021-12-21,,"Voluntary: Firm initiated",Telephone,https://www.accessdata.fda.gov/scripts/ires/?Product=171766
82018,26,"Hill's Prescription Diet, Urinary Care, c/d, multicare, Chicken & Vegetable Stew, 3388, Net Wt. 5.5 oz (156 g), Manufactured by: Hill's Pet Nutrition, packaged in cans, 24 cans per tray",,102020T18,"Class II",Terminated,V-0039-2020,2019-01-30,2019-07-24,2021-12-21,,"Voluntary: Firm initiated",Telephone,https://www.accessdata.fda.gov/scripts/ires/?Product=171767
82018,27,"Hill's Prescription Diet, Weight Reduction, r/d, Original, 7014, Net Wt. 12.3 oz (350 g), Manufactured by: Hill's Pet Nutrition, packaged in cans, 12 cans per tray",,"092020T28, 102020T27, 102020T28","Class II",Terminated,V-0040-2020,2019-01-30,2019-07-24,2021-12-21,,"Voluntary: Firm initiated",Telephone,https://www.accessdata.fda.gov/scripts/ires/?Product=171769
82018,28,"Hill's Science Diet, Beef & Barley Entr¿e, Adult 1 - 6, 7039, Net Wt. 13 oz (370 g), Manufactured by: Hill's Pet Nutrition, packaged in cans, 12 cans per tray",,"092020T31, 102020T21","Class II",Terminated,V-0041-2020,2019-01-30,2019-07-24,2021-12-21,,"Voluntary: Firm initiated",Telephone,https://www.accessdata.fda.gov/scripts/ires/?Product=171775
82018,29,"Hill's Prescription Diet, Digestive Care, i/d, Low Fat, Rice, Vegetable, & Chicken Stew, 3391, Net Wt. 5.5 oz (156 g), Manufactured by: Hill's Pet Nutrition, packaged in cans, 24 cans per tray",,092020T27,"Class II",Terminated,V-0042-2020,2019-01-30,2019-07-24,2021-12-21,,"Voluntary: Firm initiated",Telephone,https://www.accessdata.fda.gov/scripts/ires/?Product=171778
82018,30,"Hill's Science Diet, Healthy Cuisine, Braised Beef, Carrots & Peas Stew, Adult 1 - 6, Premium Dog Food, 10451, Net Wt. 12.5 oz (354 g), Manufactured by: Hill's Pet Nutrition, packaged in cans, 12 cans per tray",,102020T28,"Class II",Terminated,V-0043-2020,2019-01-30,2019-07-24,2021-12-21,,"Voluntary: Firm initiated",Telephone,https://www.accessdata.fda.gov/scripts/ires/?Product=171779
82018,31,"Hill's Science Diet, Healthy Cuisine, Roasted Chicken, Carrots & Spinach Stew, Adult 7+, Premium Dog Food, 10449, Net Wt. 12.5 oz (354 g), Manufactured by: Hill's Pet Nutrition, packaged in cans, 12 cans per tray",,092020T28,"Class II",Terminated,V-0044-2020,2019-01-30,2019-07-24,2021-12-21,,"Voluntary: Firm initiated",Telephone,https://www.accessdata.fda.gov/scripts/ires/?Product=171820
82087,1,"DSM vitamin premix : Brand name: 2217 Canned Canine PMX Product Code: NP15268025, net weight: 25 Kg per package, package type: Woven polyethylene bag",,"NP15268025 Lot numbers 9100058130 and 9100058131","Class I",Terminated,V-0006-2020,2019-01-30,2019-06-19,2021-12-14,"Lot 9100058130 was 1,500 Kg and lot 9100058131 was 1,000Kg","Voluntary: Firm initiated",Telephone,https://www.accessdata.fda.gov/scripts/ires/?Product=171929
82268,1,"Natural Selections Chicken and Vegetable Meals for Dogs, frozen, raw dog meals, packaged in 2 lbs. thermo-formed sealed plastic package, divided into 8 oz. portions.",,"Lot # 5309, manufactured on 10/19/18 (listed as 5309(11)181019 on label). Lot # 5375, manufactured on 11/6/18 (listed as 5375(11)181106 on label).","Class I",Terminated,V-0128-2019,2019-02-07,2019-04-10,2019-09-30,"2,337 units (Lot # 5309) and 6,662 units (Lot # 5375)","Voluntary: Firm initiated",E-Mail,https://www.accessdata.fda.gov/scripts/ires/?Product=171245
82268,2,"Natural Selections Turkey and Vegetable Meals for Dogs, frozen, raw dog meals, packaged in 2 lbs. thermo-formed sealed plastic package, divided into 8 oz. portions.",,"Lot # 5339, manufactured on 10/26/18 (listed as 5339(11)181026 on label).","Class I",Terminated,V-0129-2019,2019-02-07,2019-04-10,2019-09-30,"2,740 units","Voluntary: Firm initiated",E-Mail,https://www.accessdata.fda.gov/scripts/ires/?Product=171246
82482,1,"Muse by Purina Natural Chicken Recipe Plus Essential Nutrients in gravy Adult Cat Food in 3 oz (85 g) cans.",,"80941162 L1MX1","Class II",Terminated,V-0218-2019,2019-03-29,2019-07-31,2019-07-25,"123,252 cans","Voluntary: Firm initiated","Press Release",https://www.accessdata.fda.gov/scripts/ires/?Product=171682
82895,1,"G & C Raw brand Ground Turkey dog food, 5 lb plastic bags",,WWP042519,"Class I",Terminated,V-0342-2020,2019-05-20,2019-10-30,2021-01-15,"10/5 lb bags","Voluntary: Firm initiated",E-Mail,https://www.accessdata.fda.gov/scripts/ires/?Product=173066
82895,2,"G & C Raw brand Turkey Veggie Fruit Mix dog food, 2 lb plastic container with lid",,WWP042519,"Class I",Terminated,V-0343-2020,2019-05-20,2019-10-30,2021-01-15,"300/2 lb containers","Voluntary: Firm initiated",E-Mail,https://www.accessdata.fda.gov/scripts/ires/?Product=173068
83165,1,"EXTENDED PHASE 1 PAC 500, bulk",,L0005877146,"Class I",Terminated,V-0201-2020,2019-06-17,2019-09-18,2019-12-20,"25080 lbs.","Voluntary: Firm initiated","Two or more of the following: Email, Fax, Letter, Press Release, Telephone, Visit",https://www.accessdata.fda.gov/scripts/ires/?Product=173899
83165,2,"PRESTART A550 PAC CRUMBLE, bulk",,L0005882349,"Class I",Terminated,V-0203-2020,2019-06-17,2019-09-18,2019-12-20,"23620 lbs.","Voluntary: Firm initiated","Two or more of the following: Email, Fax, Letter, Press Release, Telephone, Visit",https://www.accessdata.fda.gov/scripts/ires/?Product=173901
83165,3,"PRESTART A550 PAC, 50 lb & bulk",,"L0005879657; L0005882362; L0005886142","Class I",Terminated,V-0204-2020,2019-06-17,2019-09-18,2019-12-20,"70161 lbs.","Voluntary: Firm initiated","Two or more of the following: Email, Fax, Letter, Press Release, Telephone, Visit",https://www.accessdata.fda.gov/scripts/ires/?Product=173902
83165,4,"COOPER PRE-11 PELLET NON-MED, 50 lb & bulk",,"L0005894567; L0005894568","Class I",Terminated,V-0213-2020,2019-06-17,2019-09-18,2019-12-20,"37550 lbs.","Voluntary: Firm initiated","Two or more of the following: Email, Fax, Letter, Press Release, Telephone, Visit",https://www.accessdata.fda.gov/scripts/ires/?Product=173912
83261,1,"Pig ears - pet treat. unpackaged. sold from self-serve bulk bins",,"PLU 15033","Class I",Terminated,V-0005-2020,2019-06-25,2019-09-04,2020-05-11,"1,608,800 individual bulk pig ears","Voluntary: Firm initiated",Other,https://www.accessdata.fda.gov/scripts/ires/?Product=174422
83272,1,"Texas Tripe Boneless Beef Blend Dog Food Keep Frozen in 2lb and 5 lb bags packaged in 20 lb case and 40 lb case",,"19148,19149,19150,19151,19154,19155,19156,19157,19158,19161,19162,19163,19164,19165,19168,19169,19170,19171,19172,19175,19176,19177,19178,19179, 19181 and 19182","Class I",Terminated,V-0357-2020,2019-07-03,2019-11-06,2020-04-02,Unknown,"Voluntary: Firm initiated",E-Mail,https://www.accessdata.fda.gov/scripts/ires/?Product=174513
83272,2,"Texas Tripe Beef Blend Dog Food Keep Frozen in 2lb and 5 lb bags packaged in 20 lb case",,"19148,19149,19150,19151,19154,19155,19156,19157,19158,19161,19162,19163,19164,19165,19168,19169,19170,19171,19172,19175,19176,19177,19178,19179, 19181 and 19182","Class I",Terminated,V-0358-2020,2019-07-03,2019-11-06,2020-04-02,Unknown,"Voluntary: Firm initiated",E-Mail,https://www.accessdata.fda.gov/scripts/ires/?Product=174514
83272,3,"Texas Tripe Coarse Ground Beef with Bone Dog Food Keep Frozen in 2lb and 5 lb bags packaged in 20 lb case",,"19148,19149,19150,19151,19154,19155,19156,19157,19158,19161,19162,19163,19164,19165,19168,19169,19170,19171,19172,19175,19176,19177,19178,19179, 19181 and 19182","Class I",Terminated,V-0359-2020,2019-07-03,2019-11-06,2020-04-02,Unknown,"Voluntary: Firm initiated",E-Mail,https://www.accessdata.fda.gov/scripts/ires/?Product=174515
83272,4,"Texas Tripe Shepherd's Blend Dog Food Keep Frozen in 2lb and 5 lb bags packaged in 20 lb case",,"19148,19149,19150,19151,19154,19155,19156,19157,19158,19161,19162,19163,19164,19165,19168,19169,19170,19171,19172,19175,19176,19177,19178,19179, 19181 and 19182","Class I",Terminated,V-0360-2020,2019-07-03,2019-11-06,2020-04-02,Unknown,"Voluntary: Firm initiated",E-Mail,https://www.accessdata.fda.gov/scripts/ires/?Product=174516
83272,5,"Texas Tripe Wolf Run Dog Food Keep Frozen in 2lb and 5 lb bags.",,"19148,19149,19150,19151,19154,19155,19156,19157,19158,19161,19162,19163,19164,19165,19168,19169,19170,19171,19172,19175,19176,19177,19178,19179, 19181 and 19182","Class I",Terminated,V-0361-2020,2019-07-03,2019-11-06,2020-04-02,Unknown,"Voluntary: Firm initiated",E-Mail,https://www.accessdata.fda.gov/scripts/ires/?Product=174517
83272,6,"Texas Tripe Wolf Run Plus Dog Food Keep Frozen in 2lb and 5 lb bags.",,"19148,19149,19150,19151,19154,19155,19156,19157,19158,19161,19162,19163,19164,19165,19168,19169,19170,19171,19172,19175,19176,19177,19178,19179, 19181 and 19182","Class I",Terminated,V-0362-2020,2019-07-03,2019-11-06,2020-04-02,Unknown,"Voluntary: Firm initiated",E-Mail,https://www.accessdata.fda.gov/scripts/ires/?Product=174518
83272,7,"Texas Tripe All Star Bully Blend Dog Food Keep Frozen in 2lb and 5 lb bags packaged in 20 lb case",,"19148,19149,19150,19151,19154,19155,19156,19157,19158,19161,19162,19163,19164,19165,19168,19169,19170,19171,19172,19175,19176,19177,19178,19179, 19181 and 19182","Class I",Terminated,V-0363-2020,2019-07-03,2019-11-06,2020-04-02,Unknown,"Voluntary: Firm initiated",E-Mail,https://www.accessdata.fda.gov/scripts/ires/?Product=174519
83272,8,"Texas Tripe Senior Pro Dog Food Keep Frozen in 2lb and 5 lb bags packaged in 20 lb case",,"19148,19149,19150,19151,19154,19155,19156,19157,19158,19161,19162,19163,19164,19165,19168,19169,19170,19171,19172,19175,19176,19177,19178,19179, 19181 and 19182","Class I",Terminated,V-0364-2020,2019-07-03,2019-11-06,2020-04-02,Unknown,"Voluntary: Firm initiated",E-Mail,https://www.accessdata.fda.gov/scripts/ires/?Product=174520
83272,9,"Texas Tripe Ground Chicken with Bone Dog Food Keep Frozen in 2lb and 5 lb bags packaged in 20 lb case",,"19148,19149,19150,19151,19154,19155,19156,19157,19158,19161,19162,19163,19164,19165,19168,19169,19170,19171,19172,19175,19176,19177,19178,19179, 19181 and 19182","Class I",Terminated,V-0366-2020,2019-07-03,2019-11-06,2020-04-02,Unknown,"Voluntary: Firm initiated",E-Mail,https://www.accessdata.fda.gov/scripts/ires/?Product=174522
83272,10,"Texas Tripe Ground Turkey Necks Dog Food Keep Frozen in 2lb and 5 lb bags packaged in 20 lb case",,"19148,19149,19150,19151,19154,19155,19156,19157,19158,19161,19162,19163,19164,19165,19168,19169,19170,19171,19172,19175,19176,19177,19178,19179, 19181 and 19182","Class I",Terminated,V-0367-2020,2019-07-03,2019-11-06,2020-04-02,Unknown,"Voluntary: Firm initiated",E-Mail,https://www.accessdata.fda.gov/scripts/ires/?Product=174523
83272,11,"Texas Tripe Turkey Blend Dog Food Keep Frozen in 2lb and 5 lb bags packaged in 20 lb case",,"19148,19149,19150,19151,19154,19155,19156,19157,19158,19161,19162,19163,19164,19165,19168,19169,19170,19171,19172,19175,19176,19177,19178,19179, 19181 and 19182","Class I",Terminated,V-0368-2020,2019-07-03,2019-11-06,2020-04-02,Unknown,"Voluntary: Firm initiated",E-Mail,https://www.accessdata.fda.gov/scripts/ires/?Product=174524
83272,12,"Texas Tripe Chicken/Pork/Salmon with Eggs Keep Frozen Dog Food in 2lb and 5 lb bags.",,"19148,19149,19150,19151,19154,19155,19156,19157,19158,19161,19162,19163,19164,19165,19168,19169,19170,19171,19172,19175,19176,19177,19178,19179, 19181 and 19182","Class I",Terminated,V-0369-2020,2019-07-03,2019-11-06,2020-04-02,Unknown,"Voluntary: Firm initiated",E-Mail,https://www.accessdata.fda.gov/scripts/ires/?Product=174525
83272,13,"Texas Tripe Green Tripe Dog Food Keep Frozen in 2lb and 5 lb bags.",,"19148,19149,19150,19151,19154,19155,19156,19157,19158,19161,19162,19163,19164,19165,19168,19169,19170,19171,19172,19175,19176,19177,19178,19179, 19181 and 19182","Class I",Terminated,V-0370-2020,2019-07-03,2019-11-06,2020-04-02,Unknown,"Voluntary: Firm initiated",E-Mail,https://www.accessdata.fda.gov/scripts/ires/?Product=174526
83272,14,"Texas Tripe Chicken Tripe Complete Dog Food Keep Frozen in 2lb and 5 lb bags packaged in 20 lb case",,"19148,19149,19150,19151,19154,19155,19156,19157,19158,19161,19162,19163,19164,19165,19168,19169,19170,19171,19172,19175,19176,19177,19178,19179, 19181 and 19182","Class I",Terminated,V-0371-2020,2019-07-03,2019-11-06,2020-04-02,Unknown,"Voluntary: Firm initiated",E-Mail,https://www.accessdata.fda.gov/scripts/ires/?Product=174527
83272,15,"Texas Tripe Pork Blend Dog Food Keep Frozen in 2lb and 5 lb bags packaged in 20 lb case",,"19148,19149,19150,19151,19154,19155,19156,19157,19158,19161,19162,19163,19164,19165,19168,19169,19170,19171,19172,19175,19176,19177,19178,19179, 19181 and 19182","Class I",Terminated,V-0372-2020,2019-07-03,2019-11-06,2020-04-02,Unknown,"Voluntary: Firm initiated",E-Mail,https://www.accessdata.fda.gov/scripts/ires/?Product=174528
83272,16,"Texas Tripe Beginners Choice Dog Food Keep Frozen in 2lb and 5 lb bags packaged in 20 lb case",,"19148,19149,19150,19151,19154,19155,19156,19157,19158,19161,19162,19163,19164,19165,19168,19169,19170,19171,19172,19175,19176,19177,19178,19179, 19181 and 19182","Class I",Terminated,V-0373-2020,2019-07-03,2019-11-06,2020-04-02,Unknown,"Voluntary: Firm initiated",E-Mail,https://www.accessdata.fda.gov/scripts/ires/?Product=174529
83272,17,"Texas Tripe Goat Tripe Complete Dog Food Keep Frozen in 2lb and 5 lb bags packaged in 20 lb case",,"19148,19149,19150,19151,19154,19155,19156,19157,19158,19161,19162,19163,19164,19165,19168,19169,19170,19171,19172,19175,19176,19177,19178,19179, 19181 and 19182","Class I",Terminated,V-0374-2020,2019-07-03,2019-11-06,2020-04-02,Unknown,"Voluntary: Firm initiated",E-Mail,https://www.accessdata.fda.gov/scripts/ires/?Product=174530
83272,18,"Texas Tripe Turkey Pork Blend Dog Food Keep Frozen in 2lb and 5 lb bags packaged in 20 lb case",,"19148,19149,19150,19151,19154,19155,19156,19157,19158,19161,19162,19163,19164,19165,19168,19169,19170,19171,19172,19175,19176,19177,19178,19179, 19181 and 19182","Class I",Terminated,V-0375-2020,2019-07-03,2019-11-06,2020-04-02,Unknown,"Voluntary: Firm initiated",E-Mail,https://www.accessdata.fda.gov/scripts/ires/?Product=174531
83272,19,"Texas Tripe Beef Tripe with Ground Rabbit Dog Food Keep Frozen in 2lb and 5 lb bags packaged in 20 lb case",,"19148,19149,19150,19151,19154,19155,19156,19157,19158,19161,19162,19163,19164,19165,19168,19169,19170,19171,19172,19175,19176,19177,19178,19179, 19181 and 19182","Class I",Terminated,V-0376-2020,2019-07-03,2019-11-06,2020-04-02,Unknown,"Voluntary: Firm initiated",E-Mail,https://www.accessdata.fda.gov/scripts/ires/?Product=174532
83272,20,"Texas Tripe Phat Katz Dog Food Keep Frozen in 2lb and 5 lb bags packaged in 20 lb case and 40 lb case",,"19148,19149,19150,19151,19154,19155,19156,19157,19158,19161,19162,19163,19164,19165,19168,19169,19170,19171,19172,19175,19176,19177,19178,19179, 19181 and 19182","Class I",Terminated,V-0377-2020,2019-07-03,2019-11-06,2020-04-02,Unknown,"Voluntary: Firm initiated",E-Mail,https://www.accessdata.fda.gov/scripts/ires/?Product=175673
83272,21,"Texas Tripe Duck-Rabbit Dog Food Keep Frozen in 2lb and 5 lb bags packaged in 20 lb case and 40 lb case",,"19148,19149,19150,19151,19154,19155,19156,19157,19158,19161,19162,19163,19164,19165,19168,19169,19170,19171,19172,19175,19176,19177,19178,19179, 19181 and 19182","Class I",Terminated,V-0378-2020,2019-07-03,2019-11-06,2020-04-02,Unknown,"Voluntary: Firm initiated",E-Mail,https://www.accessdata.fda.gov/scripts/ires/?Product=175674
83272,22,"Texas Tripe Boneless Chicken Blend Dog Food Keep Frozen in 2lb and 5 lb bags packaged in 20 lb case and 40 lb case",,"19148,19149,19150,19151,19154,19155,19156,19157,19158,19161,19162,19163,19164,19165,19168,19169,19170,19171,19172,19175,19176,19177,19178,19179, 19181 and 19182","Class I",Terminated,V-0379-2020,2019-07-03,2019-11-06,2020-04-02,Unknown,"Voluntary: Firm initiated",E-Mail,https://www.accessdata.fda.gov/scripts/ires/?Product=175675
83404,1,"Pig Ears, sold in bulk and individually wrapped",,"Product with UPC, may or may not be branded: 038538484108 Exp Nov 2021 (individually shrink-wrapped) 742174994166 Exp Nov 2021 (Branded 8-pack) 742174995163 Exp Nov 2021 (Branded 8-pack) 742174935107 (individually shrink-wrapped) Bulk unwrapped product with no UPC, may or may not be branded: Item 99510 Item 99530 Note that there is a discrepancy for code 038538484106. The firm provided 038538484108 in their RFR, and 0385384810 in their 7/26/2019 and 7/30/2019 press releases. Firm confirmed correct code is 038538484108 and will issue press later on 8/2/2019.","Class I",Terminated,V-0004-2020,2019-07-21,2019-08-28,2021-02-03,"1,800,344","Voluntary: Firm initiated",E-Mail,https://www.accessdata.fda.gov/scripts/ires/?Product=175082
83405,1,"K9 Kraving Dog Food Beef and Vegetable Raw Dog Food, Net Wt. 1 lb (454 g), Boesl Packing Company, Inc. Baltimore, MD.",,"Lot # 14993","Class I",Terminated,V-0345-2020,2019-07-22,2019-11-13,2020-01-23,"5 cases (each case consists of 30 1# packages)","Voluntary: Firm initiated",Telephone,https://www.accessdata.fda.gov/scripts/ires/?Product=175083
83458,1,"Chicken Dinner for Dogs, frozen, packaged in 1 lbs. (453g). UPC 8 34242 00100 2. The label is read in parts: ""*** Chicken Dinner For Dogs *** This formula is intended for rotational or supplemental feeding ***Net Wt. 16 oz. *** INGREDIENTS: Organic chicken, organic millet, organic oats, organic carrots, organic zucchini, organic kale, organic beets, organic ground flaxseed, organic died kelp, organic wheatgrass, organic garlic powder, organic lecithin ***FEEDING INSTRUCTIONS: For best results feed organic chicken dinner 3-4 days a week in rotation with other Raw Advantage products. Feed approx. 1/4 lb. product per 10 lbs of your pet weight per day. Present portion fully thawed *** Raw Advantage, Inc. Kettle Falls, WA 99141***"".",834242001002,"manufactured 201916","Class I",Terminated,V-0338-2020,2019-07-29,2019-11-27,2020-01-23,"181 packages","Voluntary: Firm initiated","Two or more of the following: Email, Fax, Letter, Press Release, Telephone, Visit",https://www.accessdata.fda.gov/scripts/ires/?Product=175290
83570,1,"Non-irradiated, bulk and packaged ""Chef Toby Pig Ears"" Bulk pig ears in large bags have no lot codes, unknown weight. Packaged pig ears with the Chef Toby brand logo, unknown weights, with lot codes 428590, 074599, 1106709, 210393, 424223, 428590, 1234750, 278989, 1124053, 215812, 217664, 225979, 327901, 050273, 087148, 226884, 230273, 331199, 431724, 222999, 444525, 224208, 578867, 224970, 225399, 226340, 334498, 052248, 1168723, 224897, 585246, 867680, 880207, and 881224.",,"Bulk pig ears have no lot codes. Packaged pig ears with the Chef Toby brand logo with lot codes 428590, 074599, 1106709, 210393, 424223, 428590, 1234750, 278989, 1124053, 215812, 217664, 225979, 327901, 050273, 087148, 226884, 230273, 331199, 431724, 222999, 444525, 224208, 578867, 224970, 225399, 226340, 334498, 052248, 1168723, 224897, 585246, 867680, 880207, and 881224.","Class I",Ongoing,V-0219-2020,2019-08-16,2019-10-09,,"""Chef Toby"" total:238,500 ears in 795 bags","Voluntary: Firm initiated","Two or more of the following: Email, Fax, Letter, Press Release, Telephone, Visit",https://www.accessdata.fda.gov/scripts/ires/?Product=175753
83570,2,"30 Packs of ""Berkley & Jensen"" irradiated pig ears purchased at BJ's Wholesale Club stores since 9/1/2018.",,"All 30 Packs of ""Berkley & Jensen"" irradiated pig ears purchased at BJ's Wholesale Club stores since 9/1/2018. The U.S. Food and Drug Administration (""FDA""), together with the Centers for Disease Control and Prevention (""CDC"") and State partners, is investigating a link between pig ear pet treats and human cases of salmonellosis. This recall is being expanded after Rhode Island Department of Health testing found Salmonella in ""Berkley & Jensen"" brand pig ear pet treats.","Class I",Ongoing,V-0220-2020,2019-08-16,2019-10-09,,"""Berkley & Jensen total: 36,384 30-count bags","Voluntary: Firm initiated","Two or more of the following: Email, Fax, Letter, Press Release, Telephone, Visit",https://www.accessdata.fda.gov/scripts/ires/?Product=175970
83589,1,"""Premium Thick Cut USA-Baked Pig Ears, 7ct"", packaged in plastic bags sold through the firm's website (lot 1759T1); USA Pig Ears by Best Bully Sticks (8 pack) Thick-Cut UPC: X001768PNB, lots 1129T1 & 1549T1; USA Pig Ears by Best Bully Sticks (20 pack) Thick-Cut UPC: X000RBC5VF, lots 1129T1; 1339T1, 2179T1.",,"7-pack: 1759T1 8-pack: 1129T1 & 1549T1; best by 4/22/2021 20-pack: 1129T1, 1139T1, and 2179T1; best by 8/5/2021","Class I",Completed,V-0235-2020,2019-08-17,2019-10-09,,"7-pack: 200 bags; 8-pack 480 bags; 20-pack 1589 bags.","Voluntary: Firm initiated",Telephone,https://www.accessdata.fda.gov/scripts/ires/?Product=175803
83630,1,"Brutus & Barnaby PIG EARS, 100% Natural Pig Ears, Healthy Treat for Dogs 8 count, 12 count, 25 count and 100 count",,"No code information on label.","Class I",Terminated,V-0236-2020,2019-08-22,2019-10-09,2020-04-03,"180 bags/8 counts; 17,677 bags/12 counts; 5281 bags/25 counts; 325 bags/100 counts","Voluntary: Firm initiated","Two or more of the following: Email, Fax, Letter, Press Release, Telephone, Visit",https://www.accessdata.fda.gov/scripts/ires/?Product=175968
83683,1,"""Performance Dog"" raw frozen dog food. Approximately 8,000 pounds (200 boxes) of ""Performance Dog"" frozen raw dog food, lot code ""072219"". The product is packaged in 2-lb bags, 20 bags to a box. The boxes are labeled with lot codes, but the individual bags are not.",,072219,"Class I",Terminated,V-0347-2020,2019-08-26,2019-11-20,2022-06-28,"Approximately 8,000 pounds in 4,000, 2-lb bags","Voluntary: Firm initiated","Two or more of the following: Email, Fax, Letter, Press Release, Telephone, Visit",https://www.accessdata.fda.gov/scripts/ires/?Product=176125
83713,1,"Woody's Pet Food Deli, Raw Chicken, Homemade Cat and Dog Food, with supplements, Net wt. 15 oz",,"1521 Expiration Date: 08/17/20","Class I",Terminated,V-0340-2020,2019-08-30,2019-11-13,2020-01-24,85lbs,"Voluntary: Firm initiated",Telephone,https://www.accessdata.fda.gov/scripts/ires/?Product=176197
83755,1,"Big Dan's Trucking & Pet Food, Inedible Ground Beef, Raw Product, Keep Frozen, Net Wt. 1 lb. (454 g)",,None,"Class I",Terminated,V-0320-2020,2019-09-09,2019-10-23,2020-02-25,"2,018 lbs.","Voluntary: Firm initiated",Telephone,https://www.accessdata.fda.gov/scripts/ires/?Product=176279
83998,1,"Made in South America brand single pig ears sold in bulk containers.",,"Batch: 3188 (428590-C), 3188 (428590-D), 3188 (428590-B), 3248 (206228-A), 3248 (206228-B), 3248 (221911-C), 3248 (1079789-A), 3248 (419489-B), & 3248 (419486-A) SKU: 819895022444 Packer/Manufacturer Number: 11300253442","Class I",Terminated,V-0339-2020,2019-10-11,2019-10-30,2020-04-17,"62,000 units.","Voluntary: Firm initiated",E-Mail,https://www.accessdata.fda.gov/scripts/ires/?Product=176941
84267,1,"Raw, frozen, pet food; Quest Cat Food Prey Model Beef Diet, packaged in a flexible, printed, plastic bag. Net wt. 2 lbs (907 g), 10 bags/case. Distributed by Steve's Real Food, Inc., Aumsville, OR 97086.",,"Lot #N218, Use By: 11/06/20 - code printed on front of bag, right side below zipper. UPC 6 91730 17101 8.","Class I",Terminated,V-0346-2020,2019-11-08,2019-12-18,2022-04-24,"1 lot: 740 bags/74 cases","Voluntary: Firm initiated",E-Mail,https://www.accessdata.fda.gov/scripts/ires/?Product=177860
84423,1,"Special Kitty Mix Grilled Dinner Pate",,"UPC Code for the case - 6 8113107896 9 UPC Code for the can - 6 8113107896 2 Lot # 9263803","Class I",Terminated,V-0380-2020,2019-12-04,2019-12-25,2020-06-10,"4,401","Voluntary: Firm initiated",Telephone,https://www.accessdata.fda.gov/scripts/ires/?Product=178270
84423,2,"Special Kitty Surf & Turf Variety Pack Pate",,"UPC Code for the case - 6 8113107923 5 UPC Code for the can - 6 8113107923 5 Lot #9266803 | UPC Code for the case - 6 8113107923 5 UPC Code for the can - 6 8113107923 5 Lot # 9267803 | UPC Code for the case - 6 8113107923 5 UPC Code for the can - 6 8113107923 5 Lot # 9287803","Class I",Terminated,V-0383-2020,2019-12-04,2019-12-25,2020-06-10,"7,069","Voluntary: Firm initiated",Telephone,https://www.accessdata.fda.gov/scripts/ires/?Product=178275
84423,3,"Special Kitty Surf & Turf Variety Pack Pate",,"UPC Code for the case - 6 8113107923 5 UPC Code for the can - 6 8113107923 5 Lot #9266803 | UPC Code for the case - 6 8113107923 5 UPC Code for the can - 6 8113107923 5 Lot # 9267803 | UPC Code for the case - 6 8113107923 5 UPC Code for the can - 6 8113107923 5 Lot # 9287803","Class I",Terminated,V-0383-2020,2019-12-04,2019-12-25,2020-06-10,"7,069","Voluntary: Firm initiated",Telephone,https://www.accessdata.fda.gov/scripts/ires/?Product=178276
84423,4,"Special Kitty Surf & Turf Variety Pack Pate",,"UPC Code for the case - 6 8113107923 5 UPC Code for the can - 6 8113107923 5 Lot #9266803 | UPC Code for the case - 6 8113107923 5 UPC Code for the can - 6 8113107923 5 Lot # 9267803 | UPC Code for the case - 6 8113107923 5 UPC Code for the can - 6 8113107923 5 Lot # 9287803","Class I",Terminated,V-0383-2020,2019-12-04,2019-12-25,2020-06-10,"7,069","Voluntary: Firm initiated",Telephone,https://www.accessdata.fda.gov/scripts/ires/?Product=178277
85945,1,"Tasty Hemp Oil Tasty Drops hemp oil extract, Cats, 1 fl oz, 200mg CBD",,"FG003156, FG003325","Class I",Terminated,V-0450-2020,2020-06-18,2020-07-15,2021-08-31,"150 units","Voluntary: Firm initiated",Telephone,https://www.accessdata.fda.gov/scripts/ires/?Product=182223
85945,2,"Tasty Hemp Oil Tasty Drops hemp oil extract, Dogs, 1 fl oz, 200mg CBD",,"FG003286, FG003324","Class I",Terminated,V-0451-2020,2020-06-18,2020-07-15,2021-08-31,600,"Voluntary: Firm initiated",Telephone,https://www.accessdata.fda.gov/scripts/ires/?Product=182224
85945,3,"Purfurred CBD for Dogs hemp oil, Dogs, 1 fl oz, 200mg CBD",,FG003188,"Class I",Terminated,V-0452-2020,2020-06-18,2020-07-15,2021-08-31,"3 units","Voluntary: Firm initiated",Telephone,https://www.accessdata.fda.gov/scripts/ires/?Product=182225
85945,4,"Made by Hemp Wellness Drops, Dogs, 1 fl oz, 200mg",,FG003179,"Class I",Terminated,V-0453-2020,2020-06-18,2020-07-15,2021-08-31,"150 units","Voluntary: Firm initiated",Telephone,https://www.accessdata.fda.gov/scripts/ires/?Product=182226
85945,5,"Made by Hemp Wellness Drops, Cats, 1 fl oz, 200mg",,FG003178,"Class I",Terminated,V-0454-2020,2020-06-18,2020-07-15,2021-08-31,"105 units","Voluntary: Firm initiated",Telephone,https://www.accessdata.fda.gov/scripts/ires/?Product=182227
85945,6,"Herbal Renewals Companion Hemp Extract, hemp oil, Cats, 1 fl oz, 200mg",,FG003213,"Class I",Terminated,V-0455-2020,2020-06-18,2020-07-15,2021-08-31,"10 units","Voluntary: Firm initiated",Telephone,https://www.accessdata.fda.gov/scripts/ires/?Product=182228
85945,7,"Herbal Renewals Companion Hemp Extract, hemp oil, Pets, 1 fl oz, 200mg",,"FG003223, FG003310","Class I",Terminated,V-0456-2020,2020-06-18,2020-07-15,2021-08-31,"75 units","Voluntary: Firm initiated",Telephone,https://www.accessdata.fda.gov/scripts/ires/?Product=182229
85945,8,"Barkley's Bistro Hemp Oil for Dogs, 1 fl oz, 200mg CBD",,FG003145,"Class I",Terminated,V-0457-2020,2020-06-18,2020-07-15,2021-08-31,"50 units","Voluntary: Firm initiated",Telephone,https://www.accessdata.fda.gov/scripts/ires/?Product=182230
85945,9,"A Clean Choice CBD, hemp oil, Cats, 1 fl oz, 200mg and 500mg",,"200mg - FG003117; 500mg - FG003118","Class I",Terminated,V-0458-2020,2020-06-18,2020-07-15,2021-08-31,"300 units","Voluntary: Firm initiated",Telephone,https://www.accessdata.fda.gov/scripts/ires/?Product=182231
85945,10,"A Clean Choice CBD, hemp oil, Dogs, 1 fl oz, 200mg and 500mg",,"200mg - FG003116; 500mg - FG003115","Class I",Terminated,V-0459-2020,2020-06-18,2020-07-15,2021-08-31,"700 units","Voluntary: Firm initiated",Telephone,https://www.accessdata.fda.gov/scripts/ires/?Product=182232
85945,11,"BC Hemp Co. CBD Oil, Pet, 1 fl oz, 200mg CBD",,FG003165,"Class I",Terminated,V-0460-2020,2020-06-18,2020-07-15,2021-08-31,"50 units","Voluntary: Firm initiated",Telephone,https://www.accessdata.fda.gov/scripts/ires/?Product=182233
85945,12,"CBD Boost Shop CBD Oil for Dogs, 1 fl oz, 200mg CBD",,FG003270,"Class I",Terminated,V-0461-2020,2020-06-18,2020-07-15,2021-08-31,"6 units","Voluntary: Firm initiated",Telephone,https://www.accessdata.fda.gov/scripts/ires/?Product=182234
85945,13,"Acadia Farms Harmony, hemp oil, Pets, 1 fl oz, 200mg",,FG003176,"Class I",Terminated,V-0462-2020,2020-06-18,2020-07-15,2021-08-31,"100 units","Voluntary: Firm initiated",Telephone,https://www.accessdata.fda.gov/scripts/ires/?Product=182235
85961,1,"Ultra Premium Chicken and Liver Pate Formula in a 5.5 oz. metal can (24 cans per case).",,"Lot: 9217803 Product Number: 2363353227 Catalog Number: 2363357227 Best By: 08 04 2021","Class I",Terminated,V-0449-2020,2020-07-02,2020-07-22,2020-09-14,"7,758 cases","Voluntary: Firm initiated","Two or more of the following: Email, Fax, Letter, Press Release, Telephone, Visit",https://www.accessdata.fda.gov/scripts/ires/?Product=182348
86321,1,"Nature's Menu brand Super Premium Dog Food with a Blend of Real Chicken & Quail in a 3 lb. and 13.5 lb. bags.",,"3 lb. bag lot codes: TE1 20/April /2020, TE1 21/April/2020, TE1 22/April/2020, TE2 20/April /2020, TE2 21/April/2020, TE2 22/April/2020, TE3 20/April/2020, TE3 21/April/2020, & TE3 22/April/2020. UPC: 7015514363 13.5 lb. bag lot codes: TB1 20/April /2020, TB1 21/April/2020, TB1 22/April/2020, TB2 20/April /2020, TB2 21/April/2020, TB2 22/April/2020, TB3 20/April/2020, TB3 21/April/2020, & TB3 22/April/2020. UPC: 7015514365","Class I",Terminated,V-0478-2020,2020-08-24,2020-09-09,2021-04-12,,"Voluntary: Firm initiated",Telephone,https://www.accessdata.fda.gov/scripts/ires/?Product=183345
86357,1,"Heartland Farms brand Grill Favorites for Adult Dogs in 14 lb. and 31 lb. bags.",,"14 lb. bags lot code: TB 2 4/April/2020 & TB 1 4/April/2020 UPC: 7015514299 31 lb. bags lot code: TA 2 4/April/2020 & TA 3 4/April/2020 UPC: 7015514301","Class I",Terminated,V-0479-2020,2020-08-31,2020-09-16,2021-04-12,"8,818 total bags.","Voluntary: Firm initiated",E-Mail,https://www.accessdata.fda.gov/scripts/ires/?Product=183475
86357,2,"Family Pet brand Meaty Cuts Beef, Chicken and Cheese Flavors Premium Dog Food in 4 lb., 14 lb., and 28 lb. bags.",,"4 lb. bags lot code: TD 1 5/April/2020 & TD 3 4/April/2020 UPC: 3225120694 14 lb. bags lot code: TB 1 4/April/2020, TB 2 4/April/2020, & TB 3 3/April/2020 UPC: 3225118078 28 lb. bags lot code: TB 3 3/April/2020 UPC: 3225120694","Class I",Terminated,V-0480-2020,2020-08-31,2020-09-16,2021-04-12,"6,826 total bags.","Voluntary: Firm initiated",E-Mail,https://www.accessdata.fda.gov/scripts/ires/?Product=183476
86357,3,"Paws Happy Life brand Butcher's Choice Dog Food in 16 lb. bags.",,"16 lb. bags lot code: TA 1 4/April/2020, TA 2 4/April/2020 UPC: 3680035763","Class I",Terminated,V-0481-2020,2020-08-31,2020-09-16,2021-04-12,"9,834 bags.","Voluntary: Firm initiated",E-Mail,https://www.accessdata.fda.gov/scripts/ires/?Product=183477
86475,1,"Billy + Margot Wild Kangaroo + Superfoods Recipe Multiple Protein Sources Net Wt 4 lb (1.8 kg) packaged in plastic bags",,"lot code V 07 Feb 2022","Class I",Terminated,V-0002-2021,2020-09-22,2020-10-14,2020-12-07,"1080 bags","Voluntary: Firm initiated","Two or more of the following: Email, Fax, Letter, Press Release, Telephone, Visit",https://www.accessdata.fda.gov/scripts/ires/?Product=183803
86569,1,"Champ brand Mini Chunk Dog Food Beef and Chicken Flavor in 12 lb. bags. UPC: 7328315416",,"Lot: TC2 3/APRIL/2020 Best By: 03 April 2021","Class I",Terminated,V-0004-2021,2020-10-07,2020-10-21,2021-04-12,"2,912 units.","Voluntary: Firm initiated",E-Mail,https://www.accessdata.fda.gov/scripts/ires/?Product=184045
86569,2,"Field Trial brand Complete Nutrition Dog Food in 16 lb. bags. UPC: 7015514530",,"Lot: TC2 4/APRIL/2020 Best By: 04 April 2021","Class I",Terminated,V-0005-2021,2020-10-07,2020-10-21,2021-04-12,"180 units.","Voluntary: Firm initiated",E-Mail,https://www.accessdata.fda.gov/scripts/ires/?Product=184046
86569,3,"Good Dog Brand HI Energy Formula in 50 lb. bags. UPC: 5216624165",,"Lot: TA1 5/APRIL/2020 Best By: 05 April 2021","Class I",Terminated,V-0006-2021,2020-10-07,2020-10-21,2021-04-12,"240 units.","Voluntary: Firm initiated",E-Mail,https://www.accessdata.fda.gov/scripts/ires/?Product=184047
86569,4,"Hunters Special brand Dog Food HI Energy Formula in 50 lb. bags. UPC: 7015510145",,"Lots: TA1 5/APRIL/2020, TA2 5/APRIL/2020, & TA3 5/APRIL/2020 Best By: 05 April 2021","Class I",Terminated,V-0007-2021,2020-10-07,2020-10-21,2021-04-12,"688 units.","Voluntary: Firm initiated",E-Mail,https://www.accessdata.fda.gov/scripts/ires/?Product=184048
86569,5,"Hunter s Special brand Dog Food Maintenance Formula in 50 lb. bags. UPC: 7015510135",,"Lots: TB3 4/APRIL/2020 & TB1 5/APRIL/2020 Best By: 04 April 2021 & 05 April 2021","Class I",Terminated,V-0008-2021,2020-10-07,2020-10-21,2021-04-12,"1,656 units.","Voluntary: Firm initiated",E-Mail,https://www.accessdata.fda.gov/scripts/ires/?Product=184049
86569,6,"Hunter s Special brand Farm & Ranch Recipe Super Chunks Dog Food in 50 lb. bags. UPC: 7015510182",,"Lots: TC2 5/APRIL/2020 & TC3 5/APRIL/2020 Best By: 05 April 2021","Class I",Terminated,V-0009-2021,2020-10-07,2020-10-21,2021-04-12,"789 units.","Voluntary: Firm initiated",E-Mail,https://www.accessdata.fda.gov/scripts/ires/?Product=184050
86569,7,"Paws Happy Life brand Nutritionally Complete Dog Food in 17 lb. bags. UPC: 3680042561",,"Lot: TC2 4/APRIL/2020 Best By: 04 April 2021","Class I",Terminated,V-0011-2021,2020-10-07,2020-10-21,2021-04-12,"660 units.","Voluntary: Firm initiated",E-Mail,https://www.accessdata.fda.gov/scripts/ires/?Product=184053
86569,8,"Pet Expert Always Fit Formula in 50 lb. bags. UPC: 5208887976",,"Lot: TC2 5/APRIL/2020 Best By: 05 April 2021","Class I",Terminated,V-0012-2021,2020-10-07,2020-10-21,2021-04-12,"789 units.","Voluntary: Firm initiated",E-Mail,https://www.accessdata.fda.gov/scripts/ires/?Product=184054
86569,9,"Principle brand Super Premium Natural Dog Breeder Pack in 40 lb. bags. UPC: 580179586032",580179586032,"Lot: TA3 4/APRIL/2020 & TA1 5/APRIL/2020 Best By: 04 April 2021 & 05 April 2021","Class I",Terminated,V-0013-2021,2020-10-07,2020-10-21,2021-04-12,"420 units.","Voluntary: Firm initiated",E-Mail,https://www.accessdata.fda.gov/scripts/ires/?Product=184055
86569,10,"Retriever brand Bites and Bones Adult Complete Nutrition Savory Chicken Flavor in 52 lb. bags. UPC: 4939422642",,"Lot: TC3 4/APRIL/2020 & TC1 5/APRIL/2020 Best By: 04 April 2021 & 05 April 2021","Class I",Terminated,V-0014-2021,2020-10-07,2020-10-21,2021-04-12,"3,612 units.","Voluntary: Firm initiated",E-Mail,https://www.accessdata.fda.gov/scripts/ires/?Product=184056
86569,11,"River Bend brand Dog Food Basic Nutrition in 40 lb. and 50 lb. bags. No UPC on bags.",,"40 lb. lot: TC1 5/APRIL/2020 Best By: 05 April 2021 50 lb. lot: TC1 5/APRIL/2020 Best By: 05 April 2021","Class I",Terminated,V-0015-2021,2020-10-07,2020-10-21,2021-04-12,"945 total units.","Voluntary: Firm initiated",E-Mail,https://www.accessdata.fda.gov/scripts/ires/?Product=184057
86569,12,"River Bend brand Dog Food Select in 50 lb. bags. No UPC on bags.",,"50 lb. lot: TB3 4/APRIL/2020 Best By: 04 April 2021","Class I",Terminated,V-0016-2021,2020-10-07,2020-10-21,2021-04-12,"40 units.","Voluntary: Firm initiated",E-Mail,https://www.accessdata.fda.gov/scripts/ires/?Product=184058
86569,13,"Sportsman's Pride brand Maintenance Adult Formula Dog Food in 20 lb. & 50 lb. bags. 20 lb. UPC: 7015510082 50 lb. UPC: 7015510110",701551008250,"20 lb. lot: TB1 5/APRIL/2020 Best By: 05 April 2021 50 lb. lot: TB1 5/APRIL/2020 Best By: 05 April 2021","Class I",Terminated,V-0017-2021,2020-10-07,2020-10-21,2021-04-12,"146 total units.","Voluntary: Firm initiated",E-Mail,https://www.accessdata.fda.gov/scripts/ires/?Product=184059
86569,14,"Sprout brand Bites & Bones in 40 lb. bags. UPC: 7015505091",,"Lot: TC2 4/APRIL/2020 Best By: 04 April 2021","Class I",Terminated,V-0018-2021,2020-10-07,2020-10-21,2021-04-12,"913 units.","Voluntary: Firm initiated",E-Mail,https://www.accessdata.fda.gov/scripts/ires/?Product=184060
86569,15,"Sprout brand Puppy in 20 lb. bags. UPC: 7015505095",,"Lot: TA3 4/APRIL/2020 & TA1 5/APRIL/2020 Best By: 04 April 2021 & 05 April 2021","Class I",Terminated,V-0021-2021,2020-10-07,2020-10-21,2021-04-12,"300 units.","Voluntary: Firm initiated",E-Mail,https://www.accessdata.fda.gov/scripts/ires/?Product=184063
86569,16,"Thrifty brand Adult Dog Food in 12 lb. bags. UPC: 7015513096",,"Lots: TI1 3/APRIL/2020, TI2 3/APRIL/2020, TI3 3/APRIL/2020, & TA2 4/APRIL/2020 Best By: 03 April 2021 & 04 April 2021","Class I",Terminated,V-0022-2021,2020-10-07,2020-10-21,2021-04-12,"7,739 units.","Voluntary: Firm initiated",E-Mail,https://www.accessdata.fda.gov/scripts/ires/?Product=184064
86569,17,"Top Runner brand Premium Dog Food in 50 lb. bags. UPC: 3540650070",,"Lot: TB1 3/APRIL/2020 Best By: 03 April 2021","Class I",Terminated,V-0023-2021,2020-10-07,2020-10-21,2021-04-12,"42 units.","Voluntary: Firm initiated",E-Mail,https://www.accessdata.fda.gov/scripts/ires/?Product=184065
86569,18,"Whiskers & Tails brand Adult Recipe Complete Dog Food in 17 lb. bags. UPC: 2114003022",,"Lot: TC2 4/APRIL/2020 Best By: 04 April 2021","Class I",Terminated,V-0024-2021,2020-10-07,2020-10-21,2021-04-12,"140 units.","Voluntary: Firm initiated",E-Mail,https://www.accessdata.fda.gov/scripts/ires/?Product=184066
86616,1,"Stella & Chewy's Raw Blend, Kibble + Wholesome Grains Red Meat Recipe, with Pumpkin & Quinoa. UPC 8 10027 37021 1. Net Wt. 22 lbs. (10kg) Manufactured by Stella & Chewy's LLC, 111 W Oakview Parkway, Oak Creek, WI 53154.",810027370211,"20083 1PR00271 47 Best if Used Before Feb 22, 2022","Class I",Terminated,V-0025-2021,2020-10-14,2020-10-28,2021-01-20,"266 bags","Voluntary: Firm initiated",Telephone,https://www.accessdata.fda.gov/scripts/ires/?Product=184199
86625,1,"Dr. Siegel's S. A. F. E. Petfood, Ground Beef 70% Lean / 30% Fat Net Wt.: 2 lb 18841",,20157,"Class I",Terminated,V-0028-2021,2020-10-20,2020-11-04,2020-12-11,,"Voluntary: Firm initiated","Two or more of the following: Email, Fax, Letter, Press Release, Telephone, Visit",https://www.accessdata.fda.gov/scripts/ires/?Product=184208
86625,2,"Dr. Siegel's S. A. F. E. Petfood, Ground Beef 85% Lean / 15% Fat Net Wt.: 2 lb 18851",,20157,"Class I",Terminated,V-0029-2021,2020-10-20,2020-11-04,2020-12-11,,"Voluntary: Firm initiated","Two or more of the following: Email, Fax, Letter, Press Release, Telephone, Visit",https://www.accessdata.fda.gov/scripts/ires/?Product=184209
86729,1,"Frozen Food for Dogs Beef, 20 units per case packaged in the following sized individual bags: 1. Beef 06, 13.50 oz., Case item 760308, Net Weight 16.87 lbs. 2. Beef 07, 15.52 oz., Case item 760309, Net Weight 19.38 lbs. 3. Beef 08, 17.83 oz., Case item 760303, Net Weight 22.29 lbs.",,"1. Case Code 20200812, Individual bags BEEF-A-06 422503 2025 thru BEEF-A-06 422504 0042 2. Case Code 20200813, Individual bags BEEF-A-07 422603 0750 thru BEEF-A-07 422603 0956, and BEEF-A-07 422603 2208 thru BEEF-A-07 422603 2239. 3. Case Codes: 20200812 and 20200813. Individual Bags BEEF-A-08 422504 2025 thru BEEF-A-08 422503 0044, BEEF-A-08 422602 0750 thru BEEF-A-08 422602 1025, BEEF-A-08 422604 0750 thru BEF-A-08 422604 1023, BEEF-A-08 422602 2155 thru BEEF-A-08 422602 2230, and BEEF-A-08 422604 2155 thru BEEF-A-08 422604 2230","Class II",Terminated,V-0030-2021,2020-11-07,2020-11-25,2020-12-30,"34,189.84 lbs.","Voluntary: Firm initiated",Telephone,https://www.accessdata.fda.gov/scripts/ires/?Product=184401
86747,1,"Albright's Raw Dog Food Chicken Recipe For Dogs. Sold individually as a 2lb chub or 16 chubs in a case. UPC code on 2lb chub 855404008134 UPC code on 32lb case 108554048131 Sold Frozen.",,"Lot C000185, BEST BY 19 MAY 2021","Class I",Terminated,V-0032-2021,2020-11-13,2020-11-25,2020-12-15,"61 cases","Voluntary: Firm initiated","Press Release",https://www.accessdata.fda.gov/scripts/ires/?Product=184447
86854,1,"12 Jumbo Bully Stick 8-pack / 12-pack , 8 oz. , Poly (plastic) bag 12 Standard Bully Stick 8 oz. Poly (plastic) bag",,"Chewy.com "" 12 Jumbo Bully Stick 8 Pack "" UPC: 840139199493 "" BB Date: 10/18/2022 "" Lot Code: WO125317 Amazon.com "" 12 Standard 8 oz Pack "" UPC: 84013905142 "" BB Date: 10/25/2022 "" Lot Code: WO125367 BestBullySticks.com "" 12 Jumbo Bully Stick 12 Pack "" UPC: 840139116742 "" BB Date: 10/18/2022 "" Lot Code: WO125216","Class I",Terminated,V-0036-2021,2020-11-20,2020-12-02,2021-10-06,"12 Jumbo Bully Stick 12-pack: 160 bags, 12 Jumbo Bully Stick 8-pack : 200 bags,"" 12 Standard Bully Stick 8 oz. pack: 4,500 bags","Voluntary: Firm initiated","Two or more of the following: Email, Fax, Letter, Press Release, Telephone, Visit",https://www.accessdata.fda.gov/scripts/ires/?Product=184689
86854,2,"Natural Cow Ears 12-pack (Chewy.com) 12-pack , Poly (plastic) bag",,"Chewy.com "" Natural Cow Ear 12 Pack "" UPC: 840139120251 "" BB Date: 11/08/2022 "" Lot Code: WO125540","Class I",Terminated,V-0037-2021,2020-11-20,2020-12-02,2021-10-06,"Natural Cow Ears 12-pack: 240 bags","Voluntary: Firm initiated","Two or more of the following: Email, Fax, Letter, Press Release, Telephone, Visit",https://www.accessdata.fda.gov/scripts/ires/?Product=184720
86870,1,"Authority Savory Blends Chicken Formula Cat Food, Adult Ages 1-7, UPC 7 37257 83108 3.5 lb. bag, and UPC 7 37257 83107 7 lb. bag",737257831077;737257831083,"All lot codes","Class II",Terminated,V-0034-2021,2020-11-11,2020-12-16,2022-04-01,"12,984 bags","Voluntary: Firm initiated",Other,https://www.accessdata.fda.gov/scripts/ires/?Product=184729
86870,2,"Authority Savory Blends Turkey Formula Cat Food, Adult Ages 1-7, UPC 7 37257 83105 3.5 lb. bag, and UPC 7 37257 85016 7 lb. bag",737257831053;737257850167,"All lot codes","Class II",Terminated,V-0035-2021,2020-11-11,2020-12-16,2022-04-01,"13,074 bags","Voluntary: Firm initiated",Other,https://www.accessdata.fda.gov/scripts/ires/?Product=184730
87068,1,"Sportmix Premium Energy Plus Targeted Nutrition for Dogs UPC 034846700916 packaged in 50 pound bag and Sportmix Premium Energy Plus Targeted Nutrition for Dogs UPC 034846700725 packaged in 44 pound bag",034846700725;034846700916,"Lot # 01022021L2 05, 01022021L3 05, 01102021L2 05, 01102021L3 05, 01172021L2 05, 01172021L3 05, 01242021L2 05, 01252021L2 05, 01252021L3 05, 01312021L2 05, 01312021L3 05, 02072021L2 05, 02072021L3 05, 02082021L3 05, 02082021L3 05, 02132021L3 05, 02142021L2 05, 02192021L2 05, 02192021L2 05, 02202021L2 05, 02202021L3 05, 02202021L3 05, 02272021L2 05, 02282021L2 05, 02282021L3 05, 02282021L3 05, 03042021L2 05, 03042021L2 05, 03052021L2 05, 03052021L3 05, 03102021L2 05, 03112021L2 05, 03182021L2 05, 03182021L3 05, 03252021L2 05, 03252021L3 05, 04022021L2 05, 04022021L3 05, 04092021L2 05, 04092021L3 05, 04152021L2 05, 04152021L3 05, 04162021L2 05, 04222021L2 05, 04232021L2 05, 04302021L2 05, 04302021L3 05, 05062021L2 05, 05122021L3 05, 05122021L3 05, 05132021L2 05, 05132021L3 05, 05202021L2 05, 05202021L3 05, 05262021L3 05, 05262021L3 05, 05272021L2 05, 06042021L2 05, 06042021L3 05, 06102021L2 05, 06102021L3 05, 06112021L2 05, 06112021L3 05, 06182021L2 05, 06182021L3 05, 06182021L2 05, 06272021L2 05, 07032021L3 05, 07082021L2 05, 07082021L3 05, 07082021L3 05, 07142021L2 05, 07152021L2 05, 07152021L3 05, 07222021L3 05, 07222021L3 05, 07232021L2 05, 07282021L2 05, 07282021L2 05, 07292021L2 05, 07292021L3 05, 08052021L2 05, 08052021L3 05, 08052021L2 05, 08062021L3 05, 08112021L2 05, 08122021L2 05, 08122021L3 05, 08182021L3 05, 08192021L2 05, 08192021L3 05, 08262021L2 05, 08262021L3 05, 09042021L2 05, 09042021L3 05, 09112021L2 05, 09112021L3 05, 09182021L2 05, 09182021L3 05, 09182021L3 05, 09192021L2 05, 09252021L3 05, 09262021L2 05, 09262021L3 05, 10012021L2 05, 10012021L3 05, 10072021L3 05, 10082021L2 05, 10082021L3 05, 10152021L2 05, 10152021L3 05, 10222021L2 05, 10222021L3 05, 10282021L2 05, 10282021L2 05, 10292021L2 05, 10292021L3 05, 11062021L2 05, 11062021L3 05, 11132021L2 05, 11132021L3 05, 11202021L2 05, 11202021L3 05, 11272021L2 05, 11272021L3 05, 11272021L2 05, 12032021L2 05, 12032021L3 05, 12102021L2 05, 12102021L3 05, 12122021L2 05, 12122021L3 05, 12122021L3 05,","Class I",Terminated,V-0039-2021,2020-12-30,2021-01-27,2021-10-25,"22,497,832 pounds (11248.916 tons)","Voluntary: Firm initiated","Two or more of the following: Email, Fax, Letter, Press Release, Telephone, Visit",https://www.accessdata.fda.gov/scripts/ires/?Product=185155
87068,2,"Sportmix Premium High Energy Targeted Nutrition for Dogs UPC 034846700435 packaged in 50 pound bag and Sportmix Premium High Energy Targeted Nutrition for Dogs UPC 034846700473 packaged in 44 pound bag",034846700435;034846700473,"Lot # 01022021L2 05, 01022021L3 05, 01022021L3 05, 01102021L2 05, 01102021L3 05, 01182021L3 05, 01182021L3 05, 01242021L3 05, 02072021L2 05, 02072021L3 05, 02072021L3 05, 02142021L2 05, 02142021L3 05, 02202021L2 05, 02202021L3 05, 02282021L3 05, 03052021L2 05, 03052021L3 05, 03112021L2 05, 03182021L2 05, 03182021L3 05, 03252021L2 05, 03252021L3 05, 04022021L2 05, 04022021L3 05, 04082021L3 05, 04162021L2 05, 04162021L3 05, 04232021L3 05, 04302021L2 05, 04302021L3 05, 05062021L3 05, 05132021L2 05, 05132021L3 05, 05202021L3 05, 05272021L3 05, 06052021L2 05, 06052021L3 05, 06112021L3 05, 06192021L3 05, 06262021L2 05, 07022021L2 05, 07022021L3 05, 07022021L2 05, 07022021L3 05, 07082021L2 05, 07082021L3 05, 07152021L3 05, 07152021L3 05, 07222021L2 05, 07222021L3 05, 07292021L2 05, 07292021L3 05, 08062021L2 05, 08062021L3 05, 08132021L2 05, 08132021L3 05, 08192021L3 05, 08262021L3 05, 08262021L3 05, 09042021L3 05, 09042021L3 05, 09112021L3 05, 09192021L2 05, 09192021L3 05, 09262021L3 05, 10012021L2 05, 10012021L3 05, 10082021L2 05, 10162021L2 05, 10162021L3 05, 10222021L3 05, 10292021L3 05, 11062021L3 05, 11142021L3 05, 11202021L3 05, 11282021L3 05, 12032021L3 05, 12112021L3 05, 12112021L3 05, 12242021L3 05, 12252021L2 05, 12252021L3 05, 01012022L2 05, 01082022L2 05, 01082022L3 05, 01082022L2 05, 01152022L3 05, 01232022L2 05, 01232022L3 05, 01302022L2 05, 01302022L3 05, 02062022L2 05, 02062022L3 05, 02142022L3 05, 02182022L2 05, 02182022L3 05, 02192022L2 05, 02262022L3 05, 03032022L3 05, 03102022L2 05, 03102022L3 05, 03232022L2 05, 03232022L2 05, 03232022L3 05 03302022L2 05, 03302022L3 05, 04082022L2 05, 04082022L3 05, 04212022L3 05, 04292022L2 05, 04292022L3 05, 05042022L3 05, 05112022L2 05, 05112022L3 05, 05192022L2 05, 05192022L3 05, 05252022L3 05, 06032022L3 05, 06072022L3 05, 06102022L3 05, 06172022L3 05, 06222022L3 05, 06292022L2 05, 06292022L3 05, 07062022L2 05, 07062022L3 05, 01022021L2 05, 01022021L3 05, 01102021L3 05, 01182021L3 05, 01242021L2 05, 01242021L3 05, ","Class I",Terminated,V-0040-2021,2020-12-30,2021-01-27,2021-10-25,"10,343,432 pounds (5171.7 tons)","Voluntary: Firm initiated","Two or more of the following: Email, Fax, Letter, Press Release, Telephone, Visit",https://www.accessdata.fda.gov/scripts/ires/?Product=185156
87068,3,"Sportmix Cat Food Original Recipe Targeted Nutrition for Cats and Kittens UPC 034846600834 packaged in 31 pound bag and Sportmix Cat Food Original Recipe Targeted Nutrition for Cats and Kittens UPC 034846600803 packaged in 15 pound bag",034846600803;034846600834,"Lot # 01252021L2 05, 01252021L3 05, 02082021L2 05, 02082021L3 05, 02282021L2 05, 02282021L2 05, 04012021L2 05, 04012021L3 05, 05042021L3 05, 05262021L2 05, 05262021L3 05, 06122021L3 05, 07092021L2 05, 07092021L3 05, 08112021L2 05, 08112021L3 05, 08202021L3 05, 09172021L2 05, 09172021L3 05, 10072021L2 05, 10072021L3 05, 10172021L2 05, 10172021L3 05, 11122021L2 05, 11122021L3 05, 12112021L2 05, 12112021L3 05, 01092022L2 05, 01092022L3 05, 02062022L2 05, 02062022L3 05, 02062022L2 05, 03032022L3 05, 04012022L3 05, 04292022L2 05, 04292022L3 05, 06042022L3 05, 06302022L3 05, 01252021L2 05, 01252021L3 05, 02082021L2 05, 02082021L3 05, 02282021L2 05, 02282021L3 05, 02282021L3 05, 04012021L3 05, 05042021L2 05, 05042021L3 05, 05252021L3 05, 05252021L3 05, 06112021L3 05, 06122021L3 05, 07092021L2 05, 07092021L3 05, 07092021L2 05, 07092021L3 05, 08112021L3 05, 08202021L2 05, 08202021L3 05, 09172021L3 05, 10072021L2 05, 10072021L3 05, 10172021L3 05, 11122021L2 05, 11122021L3 05, 12112021L2 05, 01092022L2 05, 02062022L2 05, 02062022L3 05, 03032022L2 05, 03032022L3 05, 04012022L3 05, 04292022L3 05, 06042022L3 05, 06302022L2 05, 06302022L3 05","Class I",Terminated,V-0041-2021,2020-12-30,2021-01-27,2021-10-25,"1724167 pounds (862.083 tons)","Voluntary: Firm initiated","Two or more of the following: Email, Fax, Letter, Press Release, Telephone, Visit",https://www.accessdata.fda.gov/scripts/ires/?Product=185157
87068,4,"Pro Pac Dog Adult Mini Chunk Superpremium Dog Food UPC 034846704518 packaged in 40 pound bag",034846704518,"Lot # 02062021L2 05, 02062021L3 05, 04152021L2 05, 04152021L3 05, 06172021L3 05, 08042021L3 05, 10062021L3 05, 11112021L3 05, 11122021L3 05, 02042022L2 05, 02042022L3 05, 03242022L3 05, 06012022L3 05, 06152022L3 05","Class I",Terminated,V-0042-2021,2020-12-30,2021-01-27,2021-10-25,"759,000 pounds (379.5 tons)","Voluntary: Firm initiated","Two or more of the following: Email, Fax, Letter, Press Release, Telephone, Visit",https://www.accessdata.fda.gov/scripts/ires/?Product=185468
87068,5,"Pro Pac Dog Performance Puppy Superpremium Dog Food UPC 034846704112 packaged in 40 pound bag",034846704112,"Lot # 01092021L3 05, 01092021L3 05, 02072021L2 05, 02072021L3 05, 02072021L2 05, 04082021L2 05, 06022021L3 05, 07202021L3 05, 07202021L3 05, 07212021L3 05, 08202021L3 05, 10062021L3 05, 10062021L3 05, 11062021L3 05, 11062021L3 05, 01272022L3 05, 02282022L3 05, 04052022L3 05, 06082022L2 05, 06082022L3 05","Class I",Terminated,V-0043-2021,2020-12-30,2021-01-27,2021-10-25,"1,131,240 pounds (565.62 tons)","Voluntary: Firm initiated","Two or more of the following: Email, Fax, Letter, Press Release, Telephone, Visit",https://www.accessdata.fda.gov/scripts/ires/?Product=185469
87068,6,"Splash Fat Cat Fish Food Floater For All Fresh Water Fish 32% UPC 078337601054 packaged in 50 pound bag",078337601054,"Lot # 02082021L3 05, 02082021L3 05, 02092021L2 05, 05132021L3 05, 09032021L3 05, 10272021L3 05, 10282021L3 05, 11202021L3 05, 01212022L3 05, 03162022L3 05","Class I",Terminated,V-0044-2021,2020-12-30,2021-01-27,2021-10-25,"429900 pounds (214.95 tons)","Voluntary: Firm initiated","Two or more of the following: Email, Fax, Letter, Press Release, Telephone, Visit",https://www.accessdata.fda.gov/scripts/ires/?Product=185470
87068,7,"Nunn Better Hunter's Select Dog Food Maintenance UPC 041694008712 packaged in 50 pound bag",041694008712,"Lot # 01152021L2 05, 01152021L2 05, 03162021L2 05, 03162021L2 05, 03172021L2 05, 04072021L3 05, 05112021L3 05, 06092021L3 05, 06302021L3 05, 07162021L3 05, 09232021L3 05, 10202021L3 05, 11112021L3 05, 12222021L3 05, 01132022L3 05, 02102022L3 05, 04122022L3 05, 05092022L3 05, 06012022L3 05, 06072022L3 05, 06282022L3 05","Class I",Terminated,V-0045-2021,2020-12-30,2021-01-27,2021-10-25,Unknown,"Voluntary: Firm initiated","Two or more of the following: Email, Fax, Letter, Press Release, Telephone, Visit",https://www.accessdata.fda.gov/scripts/ires/?Product=185471
87068,8,"Sportstrail Bite Size Dog Food UPC 034846599015 packaged in 50 pound bag",034846599015,"Lot # 04022021L3 05, 04252021L2 05, 05042021L3 05, 05042021L3 05, 05052021L3 05, 05132021L3 05, 05142021L2 05, 06022021L3 05, 06032021L3 05, 06162021L3 05, 07072021L3 05, 07132021L3 05, 08032021L3 05, 08132021L3 05, 08142021L3 05, 08242021L3 05, 09092021L3 05, 09302021L3 05, 10132021L3 05, 10272021L3 05, 11122021L3 05, 12012021L3 05, 01072022L2 05, 01072022L3 05, 01172022L3 05, 01232022L3 05, 02032022L3 05, 03082022L3 05, 03092022L3 05, 03212022L3 05, 04052022L3 05, 04062022L3 05, 04272022L3 05, 05102022L3 05, 06082022L3 05, 06212022L3 05, 01082021L3 05, 01082021L3 05, 01292021L3 05, 02052021L3 05, 02272021L2 05, 02282021L2 05, 03162021L2 05, 03162021L3 05, 04012021L2 05, 04012021L3 05","Class I",Terminated,V-0046-2021,2020-12-30,2021-01-27,2021-10-25,"2990100 pounds (1495.05 tons)","Voluntary: Firm initiated","Two or more of the following: Email, Fax, Letter, Press Release, Telephone, Visit",https://www.accessdata.fda.gov/scripts/ires/?Product=185472
87068,9,"Sportmix Premium Maintenance Targeted Nutrition for Dogs UPC 034846700565 packaged in 44 pound bag and Sportmix Premium Maintenance Targeted Nutrition for Dogs UPC 034846700510 packaged 50 pound bag",034846700510;034846700565,"Lot # 01032021L3 05, 01152021L2 05, 01152021L3 05, 01232021L2 05, 01232021L2 05, 01302021L2 05, 01302021L3 05, 02092021L3 05, 02192021L3 05, 03032021L3 05, 03112021L2 05, 03112021L3 05, 03172021L2 05, 03172021L3 05, 03242021L2 05, 03242021L3 05, 04072021L3 05, 04212021L3 05, 04292021L3 05, 05112021L3 05, 05252021L3 05, 06092021L3 05, 06202021L2 05, 06202021L3 05, 06302021L2 05, 06302021L3 05, 07072021L3 05, 07162021L3 05, 07212021L2 05, 07212021L2 05, 07212021L3 05, 08052021L2 05, 08052021L3 05, 08172021L3 05, 09022021L3 05, 09172021L3 05, 09232021L3 05, 09302021L3 05, 10142021L2 05, 10142021L3 05, 10202021L3 05, 11112021L3 05, 11192021L3 05, 12022021L2 05, 12022021L3 05, 12222021L3 05, 01062022L3 05, 01132022L3 05, 01212022L3 05, 02042022L3 05, 02102022L3 05, 02242022L3 05, 03112022L2 05, 03112022L3 05, 03182022L2 05, 03182022L3 05, 04072022L3 05, 04122022L3 05, 04282022L2 05, 05092022L3 05, 05192022L3 05, 06012022L3 05, 06072022L3 05, 06182022L3 05, 06282022L3 05, 09162021L3 05, 09172021L3 05, 09232021L3 05, 09302021L3 05, 10142021L3 05, 10202021L3 05, 11112021L3 05, 11192021L3 05, 12022021L3 05, 12112021L2 05, 12112021L3 05, 12222021L3 05, 01062022L3 05, 01132022L3 05, 01222022L3 05, 02042022L3 05, 02102022L3 05, 02242022L3 05, 02242022L3 05, 03112022L3 05, 03182022L3 05, 04072022L3 05, 04122022L3 05, 04282022L3 05, 05092022L3 05, 05192022L3 05, 06012022L3 05, 06072022L3 05, 06172022L3 05, 06282022L3 05, 01032021L3 05, 01152021L3 05, 01242021L2 05, 01302021L2 05, 01302021L3 05, 02092021L3 05, 02192021L3 05, 03032021L3 05, 03112021L3 05, 03172021L3 05, 03242021L3 05, 03242021L3 05, 04072021L3 05, 04212021L3 05, 04292021L3 05, 05112021L3 05, 05252021L3 05, 06092021L3 05, 06202021L3 05, 06302021L2 05, 06302021L3 05, 07072021L3 05, 07072021L3 05, 07162021L3 05, 07212021L3 05, 08052021L3 05, 08172021L3 05, 09022021L3 05","Class I",Terminated,V-0047-2021,2020-12-30,2021-01-27,2021-10-25,"6543910 pounds (3271.955 tons)","Voluntary: Firm initiated","Two or more of the following: Email, Fax, Letter, Press Release, Telephone, Visit",https://www.accessdata.fda.gov/scripts/ires/?Product=185473
87068,10,"Sportmix High Protein Targeted Nutrition for Dogs UPC 034846700114 packaged in 50 pound bag",034846700114,"Lot # 02052021L3 05, 02062021L3 05, 03092021L3 05, 04142021L2 05, 05052021L2 05, 06112021L2 05, 06112021L2 05, 06122021L2 05, 07132021L2 05, 07132021L3 05, 08032021L3 05, 09032021L2 05, 09202021L2 05, 09242021L2 05, 09242021L2 05, 09252021L2 05, 10202021L2 05, 11282021L3 05, 01162022L2 05, 01172022L3 05, 02272022L3 05, 03282022L3 05, 04222022L2 05, 04222022L3 05, 06222022L2 05","Class I",Terminated,V-0048-2021,2020-12-30,2021-01-27,2021-10-25,"6331486 pounds (3165.743 tons)","Voluntary: Firm initiated","Two or more of the following: Email, Fax, Letter, Press Release, Telephone, Visit",https://www.accessdata.fda.gov/scripts/ires/?Product=185474
87068,11,"Sportmix Premium Stamina Targeted Nutrition for Dogs UPC 034846700879 packaged in 44 pound bag and Sportmix Premium Stamina Targeted Nutrition for Dogs UPC 034846700855 packaged in 50 pound bag",034846700855;034846700879,"Lot # 01172021L2 05, 01182021L2 05, 02142021L3 05, 03102021L3 05, 03112021L3 05, 04022021L2 05, 04222021L3 05, 06182021L2 05, 06182021L3 05, 07232021L3 05, 08182021L3 05, 09252021L3 05, 10152021L3 05, 10152021L3 05, 11192021L3 05, 11192021L3 05, 01012022L3 05, 01292022L3 05, 03022022L2 05, 03022022L3 05, 03022022L3 05, 04082022L3 05, 05172022L2 05, 05172022L3 05, 06112022L3 05, 01172021L2 05, 02142021L3 05, 03102021L3 05, 04022021L2 05, 04222021L3 05, 05192021L2 05, 06182021L3 05, 07232021L3 05, 08182021L3 05, 08182021L3 05, 09252021L3 05, 10152021L3 05, 11192021L3 05, 12102021L3 05, 01012022L3 05, 01012022L3 05, 01292022L3 05, 03022022L3 05, 04082022L3 05, 05172022L3 05, 06112022L3 05","Class I",Terminated,V-0049-2021,2020-12-30,2021-01-27,2021-10-25,Unknown,"Voluntary: Firm initiated","Two or more of the following: Email, Fax, Letter, Press Release, Telephone, Visit",https://www.accessdata.fda.gov/scripts/ires/?Product=185475
87068,12,"Sportmix Bite Size Targeted Nutrition for Dogs UPC 034846600520 packaged in 40 pound bags and Sportmix Bite Size Targeted Nutrition for Dogs UPC 034846600551 packaged in 44 pound bags",034846600520;034846600551,"Lot # 01082021L3 05, 01082021L3 05, 01092021L3 05, 01192021L2 05, 01192021L3 05, 01242021L2 05, 01242021L3 05, 02052021L3 05, 02192021L2 05, 02192021L3 05, 02272021L3 05, 10022021L3 05, 10092021L2 05, 10092021L3 05, 10162021L2 05, 10162021L3 05, 10292021L2 05, 10292021L3 05, 11182021L3 05, 11262021L3 05, 12012021L3 05, 12122021L3 05, 12202021L3 05, 12222021L3 05, 12292021L3 05, 01202022L3 05, 02032022L3 05, 02142022L3 05, 02262022L3 05, 02272022L3 05, 03082022L3 05, 03182022L3 05, 03282022L3 05, 04142022L3 05, 04152022L3 05, 05032022L3 05, 05042022L3 05, 05132022L2 05, 05132022L3 05, 06072022L3 05, 06082022L2 05, 06082022L3 05, 06212022L3 05, 06302022L2 05, 06302022L3 05, 07072022L2 05, 07072022L3 05, 03032021L2 05, 03032021L3 05, 03032021L3 05, 03092021L3 05, 03092021L3 05, 03102021L3 05, 03102021L3 05, 03232021L3 05, 03302021L3 05, 04142021L3 05, 04142021L3 05, 04242021L3 05, 04242021L3 05, 04252021L3 05, 04302021L3 05, 05052021L3 05, 05182021L3 05, 05182021L3 05, 06032021L2 05, 06032021L3 05, 06162021L2 05, 06162021L3 05, 06302021L2 05, 07092021L2 05, 07092021L3 05, 07202021L2 05, 07272021L3 05, 08032021L3 05, 08112021L3 05, 08242021L3 05, 09032021L2 05, 09032021L3 05, 09162021L3 05, 09242021L2 05, 09242021L3 05","Class I",Terminated,V-0050-2021,2020-12-30,2021-01-27,2021-10-25,"5035264 pounds (2517.632 tons)","Voluntary: Firm initiated","Two or more of the following: Email, Fax, Letter, Press Release, Telephone, Visit",https://www.accessdata.fda.gov/scripts/ires/?Product=185476
87068,13,"Sportmix Premium Puppy Small Bites Targeted Nutrition for Dogs UPC 034846600131 packaged in 16.5 pound bags and Sportmix Premium Puppy Small Bites Targeted Nutrition for Dogs UPC 034846600148 packaged in 33 pound bags",034846600131;034846600148,"Lot # 01232021L3 05, 03122021L2 05, 03122021L3 05, 05142021L2 05, 05142021L3 05, 07022021L2 05, 08112021L2 05, 08112021L3 05, 09242021L2 05, 10212021L3 05, 11282021L3 05, 01202022L3 05, 01202022L3 05, 03092022L2 05, 03092022L3 05, 03092022L2 05, 05052022L2 05, 05052022L3 05, 05062022L3 05, 06142022L3 05, 08112021L3 05, 09242021L2 05, 09242021L3 05, 10212021L3 05, 11282021L2 05, 11282021L2 05, 11292021L2 05, 01072022L2 05, 01072022L3 05, 01072022L2 05, 01072022L3 05, 01082022L3 05, 01212022L2 05, 03092022L2 05, 03092022L3 05, 05052022L3 05, 06142022L3 05, 01222021L2 05, 01222021L3 05, 01222021L3 05, 01232021L3 05, 03122021L2 05, 03122021L3 05, 05142021L2 05, 05142021L3 05, 07022021L2 05, 07022021L3 05, 08112021L2 05","Class I",Terminated,V-0051-2021,2020-12-30,2021-01-27,2021-10-25,"945169.5 pounds (472.58475 tons)","Voluntary: Firm initiated","Two or more of the following: Email, Fax, Letter, Press Release, Telephone, Visit",https://www.accessdata.fda.gov/scripts/ires/?Product=185477
87408,1,"""Performance Dog"" raw frozen dog food. The product is packaged in 2-lb bags, 20 bags to a box or in 5-lb bags, 8 bags to a box.",,"All lots within expiration including: 112320, 011821, 011020,062020,090719,120919,072720, 110819, and 052320","Class I",Terminated,V-0096-2021,2021-02-26,2021-03-10,2022-02-19,"Approx. 16,000lbs of lots 011821 and 112320","Voluntary: Firm initiated","Press Release",https://www.accessdata.fda.gov/scripts/ires/?Product=185979
87408,2,"""Ground Beef"" raw frozen dog food. The product is packaged in 2-lb bags, 20 bags to a box or in 5-lb bags, 8 bags to a box.",,"All lots within expiration including: lot 073020 and lot 040320","Class I",Terminated,V-0097-2021,2021-02-26,2021-03-10,2022-02-19,"Approximately 3,000lbs of lot 073020","Voluntary: Firm initiated","Press Release",https://www.accessdata.fda.gov/scripts/ires/?Product=186072
87420,1,"Visionary Keto Pet Foods, Enlightened Choice; Beef Recipe Beef and Beef Heart, Veggies, Seeds & Coconut Oil, Beef Liver, Added vitamins and minerals. Raw Frozen 1 oz. Keto Patties.Net Wt. 4 lbs. (1.81 kg) UPC 59381 00723 4 Manufactured for Visionary Pet Foods by OCPP, Santa Margarita, CA Package storage statement: ""This product is made from raw foods. Some raw food products may contain bacteria that could cause illness to you or the animals you are feeding if mishandled. For safest use, keep food frozen until ready to serve. Thaw the refrigerator, never in the microwave. Once thawed, refrigerated immediately or discard. The thawed food will be good for 2-3 days in the refrigerator. Store raw food separate from ready-to-eat foods. Always wash your hands, bowls, and handling surfaces, like counters or cutting boards, in hot soapy water after use.",59381007234,"Lot 6626, Use by 09/01/21","Class I",Terminated,V-0093-2021,2021-02-26,2021-03-10,2021-04-30,"682 x 4 lb. bags","Voluntary: Firm initiated",E-Mail,https://www.accessdata.fda.gov/scripts/ires/?Product=185994
87534,1,"Green Tripe (chub - ground bovine stomach) frozen raw dog food. The product is packaged in 2lbs and 5lb chubs",,"All lots within expiration","Class I",Terminated,V-0107-2021,2021-03-15,2021-03-31,2022-02-22,unknown,"Voluntary: Firm initiated","Press Release",https://www.accessdata.fda.gov/scripts/ires/?Product=186237
87534,2,"Performance Dog (patties ¿ lbs) frozen raw dog food. Unknown packaging size.",,"All lots within expiration including lots 112320, 011821, 011020,062020,090719,120919,072720, 110819, and 052320","Class I",Terminated,V-0108-2021,2021-03-15,2021-03-31,2022-02-22,unknown,"Voluntary: Firm initiated","Press Release",https://www.accessdata.fda.gov/scripts/ires/?Product=186238
87534,3,"Tripe (patties 1/4 lbs.) frozen raw dog food. Unknown packaging size",,"All lots within expiration","Class I",Terminated,V-0109-2021,2021-03-15,2021-03-31,2022-02-22,,"Voluntary: Firm initiated","Press Release",https://www.accessdata.fda.gov/scripts/ires/?Product=186239
87553,1,"Ranch Hound Maintenance Mini-Chunk Dog Food UPC 7 22304 39123 2, Manufactured for Atwood Distributing, L.P., Enid, OK. 40 lb. bag",722304391232,"Lots E1066 and E1067, best by 3/7/2022 and 3/8/2022","Class I",Terminated,V-0100-2021,2021-03-17,2021-03-31,2021-06-16,"3 bags","Voluntary: Firm initiated",Telephone,https://www.accessdata.fda.gov/scripts/ires/?Product=186264
87625,1,"Certain dog and cat food brands including CanineX, Earthborn Holistic, Venture, Unrefined, Sportmix Wholesomes, Pro Pac, Pro Pac Ultimates, Sportstrail, Sportmix and Meridian; the products are packaged in paper or plastic bags of various sizes/weights ranging from 4lb-50lb.",,"Multiple codes","Class I",Terminated,V-0104-2021,2021-03-26,2021-04-14,2022-01-26,"6,509,819 lbs./ 224,400 units","Voluntary: Firm initiated","Press Release",https://www.accessdata.fda.gov/scripts/ires/?Product=186414
87691,1,"Meow Mix Original Cat Food, 30 pound bags",,"Lot No. 1081804 and 1082804 Product No 29274 and 52099 Best Buy Date 09/14/2022 and 09/15/2022","Class I",Terminated,V-0106-2021,2021-04-08,2021-04-21,2021-06-01,"33,592 bags","Voluntary: Firm initiated","Two or more of the following: Email, Fax, Letter, Press Release, Telephone, Visit",https://www.accessdata.fda.gov/scripts/ires/?Product=186781
87892,1,"Zuke's Mini Naturals Dog Treats Chicken Recipe Distributed by Zuke's LLC Amarillo, TX packaged in 6 oz (UPC 0 13423 33051 7) and 16 oz (UPC 0 13423 33021 0) bags",013423330210;013423330517,"16 oz: 3450, 3460, 0431, 0441, 0451, 0461, 0761, 0771, 0781 6 oz: 3370, 0121, 0131, 0371, 0711, 0721, 0731","Class II",Terminated,V-0118-2021,2021-04-30,2021-06-09,2021-10-03,"43,362 cases (16 oz); 19,224 case (6 oz)","Voluntary: Firm initiated",Telephone,https://www.accessdata.fda.gov/scripts/ires/?Product=187326
87892,2,"Zuke's Mini Naturals Dog Treats Peanut Butter & Oats Recipe Distributed by Zuke's LLC Amarillo, TX packaged in 6 oz (UPC 0 13423 33052 4) and 16 oz (UPC 0 13423 33022 7) bags",013423330227;013423330524,"16 oz: 3450, 3460, 0431, 0441, 0451, 0461, 0761, 0771, 0781 6 oz: 0151, 0161, 0421, 0431, 0791, 0801","Class II",Terminated,V-0119-2021,2021-04-30,2021-06-09,2021-10-03,"19,678 cases (16 oz); 16,713 cases (6 oz)","Voluntary: Firm initiated",Telephone,https://www.accessdata.fda.gov/scripts/ires/?Product=187593
87892,3,"Zuke's Mini Naturals Dog Treats Duck Recipe Distributed by Zuke's LLC Amarillo, TX packaged in 6 oz (UPC 6 13423 33053 3) and 16 oz (UPC 6 13423 33023 6) bags",613423330236;613423330533,"16 oz: 0191, 0481, 0851, 0861 6 oz: 3150, 0481,0851, 0861","Class II",Terminated,V-0120-2021,2021-04-30,2021-06-09,2021-10-03,"2,196 cases (16 oz); 4,580 cases (6 oz)","Voluntary: Firm initiated",Telephone,https://www.accessdata.fda.gov/scripts/ires/?Product=187595
87892,4,"Zuke's Mini Naturals Dog Treats Salmon Recipe Distributed by Zuke's LLC Amarillo, TX packaged in 6 oz (UPC 0 13423 33054 8) and 16 oz (UPC 0 13423 33024 1) bags",013423330241;013423330548,"16 oz: 0521, 0531, 0541, 0881, 0891 6 oz: 0531, 0541, 0551, 0881, 0891","Class II",Terminated,V-0121-2021,2021-04-30,2021-06-09,2021-10-03,"4,900 cases (16 oz); 6,896 cases (6 oz)","Voluntary: Firm initiated",Telephone,https://www.accessdata.fda.gov/scripts/ires/?Product=187603
87892,5,"Zuke's Mini Naturals Dog Treats Rabbit Recipe Distributed by Zuke's LLC Amarillo, TX packaged in 6 oz (UPC 6 13423 33056 4) and 16 oz (UPC 6 13423 33026 7) bags",613423330267;613423330564,"16 oz: 0491, 0501, 0821 6 oz: 0201, 0491, 0821, 0831","Class II",Terminated,V-0122-2021,2021-04-30,2021-06-09,2021-10-03,"1,655 cases (16 oz); 5,019 cases (6 oz)","Voluntary: Firm initiated",Telephone,https://www.accessdata.fda.gov/scripts/ires/?Product=187604
87892,6,"Zuke's Mini Naturals Dog Treats Pork Recipe Distributed by Zuke's LLC Amarillo, TX packaged in 6 oz (UPC 6 13423 33055 7) and 16 oz (UPC 6 13423 33025 0) bags",613423330250;613423330557,"16 oz: 3140, 0211, 0511, 0871 6 oz: 0511, 0871","Class II",Terminated,V-0123-2021,2021-04-30,2021-06-09,2021-10-03,"2,187 cases (16 oz); 743 cases (6 oz)","Voluntary: Firm initiated",Telephone,https://www.accessdata.fda.gov/scripts/ires/?Product=187605
87892,7,"Zuke's Mini Naturals Dog Treats Beef Recipe Distributed by Zuke's LLC Amarillo, TX packaged in 6 oz (UPC 6 13423 33058 8) and 16 oz (UPC 6 13423 33060 1) bags",613423330588;613423330601,"16 oz: 3350, 3360, 0141, 0471, 0841 6 oz: 3350, 0141, 0471, 0841","Class II",Terminated,V-0124-2021,2021-04-30,2021-06-09,2021-10-03,"3,571 cases (16 oz); 2,691 cases (6 oz)","Voluntary: Firm initiated",Telephone,https://www.accessdata.fda.gov/scripts/ires/?Product=187608
87979,1,"Natural Balance L.I.D. Limited Ingredient Diets Green Pea & Chicken Formula Dry Cat Food- 5 LB Bag; 1- lb bag. 5 lb. bag - Case item code: 2363306234, UPC item code: 2363300233 10 lb. bag - Case item code: 2363300235, UPC item code: 2363300235",,"1008080 N811202-20 Best if Used by 10-Mar-2022","Class I",Terminated,V-0117-2021,2021-05-19,2021-06-02,2021-07-06,"9,360 total bags","Voluntary: Firm initiated",Letter,https://www.accessdata.fda.gov/scripts/ires/?Product=187574
88031,1,"FRM Gold Select High Performance Dog Food 50lb bag",,"UPC 159905873 Best By 10/06/2021 Lot TA1 06/Oct/2020","Class I",Terminated,V-0128-2021,2021-06-01,2021-06-16,2023-10-03,"96 bags","Voluntary: Firm initiated",E-Mail,https://www.accessdata.fda.gov/scripts/ires/?Product=187720
88031,2,"Sportman's Pride Professional Formula 30/20 Dog Food 40lb Bag",,"UPC 7015510184 Best By 10/07/2021 Lot TI1 07/Oct/2020","Class I",Terminated,V-0129-2021,2021-06-01,2021-06-16,2023-10-03,"166 bags","Voluntary: Firm initiated",E-Mail,https://www.accessdata.fda.gov/scripts/ires/?Product=187721
88031,3,"Sprout Sporting Dog Food 5lb Bag 40lb Bag",,"5lb: UPC 7015505101, Best By 10/06/2021, Lot TE1 06/Oct/2020 40lb: UPC 7015505100, Best By 10/06/2021, Lot TI3 06/Oct/2020","Class I",Terminated,V-0130-2021,2021-06-01,2021-06-16,2023-10-03,"1418 bags","Voluntary: Firm initiated",E-Mail,https://www.accessdata.fda.gov/scripts/ires/?Product=187722
88031,4,"Intimidator Chicken & Rice Formula Dog Food 16lb Bags 40lb Bags",,"16lb: UPC 7015541002, Best By 10/06/2021, Lot TA1 06/Oct/2020 40lb: UPC 5216631214, Best By 10/06/2021, Lot TA1 06/Oct/2020","Class I",Terminated,V-0131-2021,2021-06-01,2021-06-16,2023-10-03,"470 bags","Voluntary: Firm initiated",E-Mail,https://www.accessdata.fda.gov/scripts/ires/?Product=187723
88063,1,"Smalls Cat Food - Ground Chicken Recipe- 11.05 oz.",,"21098, 21109","Class II",Terminated,V-0133-2021,2021-06-09,2021-06-23,2022-05-19,,"Voluntary: Firm initiated",,https://www.accessdata.fda.gov/scripts/ires/?Product=187805
88063,2,"Smalls Cat Food -Pate Chicken Recipe - 11.05 oz.",,21136,"Class II",Terminated,V-0134-2021,2021-06-09,2021-06-23,2022-05-19,,"Voluntary: Firm initiated",,https://www.accessdata.fda.gov/scripts/ires/?Product=187821
88063,3,"Smalls Cat Food -Ground Turkey Recipe - 11.05 oz.",,21113,"Class II",Terminated,V-0135-2021,2021-06-09,2021-06-23,2022-05-19,,"Voluntary: Firm initiated",,https://www.accessdata.fda.gov/scripts/ires/?Product=187822
88063,4,"Smalls Cat Food -Pate Turkey Recipe - 11.05 oz.",,"21110, 21132","Class II",Terminated,V-0136-2021,2021-06-09,2021-06-23,2022-05-19,,"Voluntary: Firm initiated",,https://www.accessdata.fda.gov/scripts/ires/?Product=187823
88102,1,"Freshpet Select Small Dog Bite Size Beef & Egg Recipe NET WT 1 LB (454 g) Keep Refrigerated UPC: 627975012939. Sell By 10/30/2021 L2",627975012939,"Lot # 1421FBP0101","Class I",Terminated,V-0142-2021,2021-06-10,2021-06-23,2022-03-04,"2,471 cases","Voluntary: Firm initiated","Two or more of the following: Email, Fax, Letter, Press Release, Telephone, Visit",https://www.accessdata.fda.gov/scripts/ires/?Product=187863
88248,1,"NomNom Cat Chicken Cuisine 50gm, 70gm, 90gm, and 110gm bags 7meal bags per bundle - up to 8 bundles per month",,"Lot Numbers : 18700, 18714, 18728, 18742, 18756, 18770 Product Numbers : CC5, CC7, CC9, CC11","Class I",Terminated,V-0051-2022,2021-07-08,2021-07-21,2022-02-11,"105540lbs Total","Voluntary: Firm initiated",E-Mail,https://www.accessdata.fda.gov/scripts/ires/?Product=188214
88269,1,"Purina Pro Plan Complete Essentials Tuna Entree, Net Wt. 3 oz, UPC 38100-11197",3810011197,"Best by: JUN2023, 11621160","Class II",Terminated,V-0151-2021,2021-07-14,2021-09-08,2021-11-29,"140,976 cans","Voluntary: Firm initiated","Two or more of the following: Email, Fax, Letter, Press Release, Telephone, Visit",https://www.accessdata.fda.gov/scripts/ires/?Product=188259
88355,1,"Wild Harvest Chicken & Brown Rice 14lb bag",,"UPC 711535509523 Lot TA2 11/Feb/2021 Best By 02/11/22","Class II",Terminated,V-0005-2022,2021-07-26,2021-08-11,2021-11-08,"6245 bags TOTAL","Voluntary: Firm initiated","Two or more of the following: Email, Fax, Letter, Press Release, Telephone, Visit",https://www.accessdata.fda.gov/scripts/ires/?Product=188481
88355,2,"Triumph Wild Spirit Deboned Chicken & Brown Rice 3.5lb bag 30lb bag",,"UPC 30lb bag: 0736570085750 3.5lb bag: 073657008736 Lot 30lb: TA2 11/Feb/2021 3.5lb: TD2 11/Feb/2021 Best By 02/11/22","Class II",Terminated,V-0006-2022,2021-07-26,2021-08-11,2021-11-08,"6245 bags TOTAL","Voluntary: Firm initiated","Two or more of the following: Email, Fax, Letter, Press Release, Telephone, Visit",https://www.accessdata.fda.gov/scripts/ires/?Product=188482
88355,3,"Nuture Farms Deboned Chicken & Brown Rice 15lb bag",,"UPC 070155113597 Lot TA2 11/Feb/2021 Best By 02/11/22","Class II",Terminated,V-0007-2022,2021-07-26,2021-08-11,2021-11-08,"6245 bags TOTAL","Voluntary: Firm initiated","Two or more of the following: Email, Fax, Letter, Press Release, Telephone, Visit",https://www.accessdata.fda.gov/scripts/ires/?Product=188483
88355,4,"Elm Naturals Chicken & Rice 40lb bag",,"UPC070155225221 Lot TA1 11/Feb/2021 Best By 02/11/22","Class II",Terminated,V-0008-2022,2021-07-26,2021-08-11,2021-11-08,"6245 bags TOTAL","Voluntary: Firm initiated","Two or more of the following: Email, Fax, Letter, Press Release, Telephone, Visit",https://www.accessdata.fda.gov/scripts/ires/?Product=188484
88355,5,"Evolve Classic Deboned Chicken & Brown Rice 15lb bag 30lb bag",,"UPC 30lb: 073657380313, 15lb: 073657380320 Lot TA2 11/Feb/2021, TA1/Feb/2021 Best By 02/11/22","Class II",Terminated,V-0009-2022,2021-07-26,2021-08-11,2021-11-08,"6245 bags TOTAL","Voluntary: Firm initiated","Two or more of the following: Email, Fax, Letter, Press Release, Telephone, Visit",https://www.accessdata.fda.gov/scripts/ires/?Product=188485
88355,6,"Heart to Tail Pure Being Deboned Chicken & Brown Rice 5lb bag",,"UPC 4099100129441 Lot TD3 11/Feb/2021 Best By 02/11/2022","Class II",Terminated,V-0010-2022,2021-07-26,2021-08-11,2021-11-08,"6245 bags TOTAL","Voluntary: Firm initiated","Two or more of the following: Email, Fax, Letter, Press Release, Telephone, Visit",https://www.accessdata.fda.gov/scripts/ires/?Product=188486
88479,1,"Simply Nourish Fresh Market Chicken & Vegetable Recipe, net wt. 2 lb. UPC 737257 92262. Simply Nourish Fresh Market Chicken & Vegetable Recipe, net wt. 4.5 lb UPC 737257 92264. The label is read in parts: ""***SIMPLY NOURISH FRESH MARKET*** FROZEN DOG FOOD ***ADULT GENTLY COOKED ***CHICKEN & VEGETABLE RECIPE *** Real DEBONED CHICKEN #1 INGREDIENT *** HUMAN-GRADE FOOD FOR DOGS ***INGREDIENTS: Deboned Chicken, Brown Rice, Chicken Liver, Sweet Potato Puree, Carrots, Peas, Parsley, Vitamins***Vitamin D3 Supplement***, Minerals***Dist. by: Simply Nourish Pet Food Company LLC 19601 N. 27th Avenue, Phoenix, AZ 85027 ***"".",73725792262;73725792264,"Best By range: 11/10/2022 - 1/12/2023.","Class I",Terminated,V-0155-2021,2021-08-10,2021-09-08,2022-01-03,"4,788/2 lbs. packages and 4644/4.5 lbs. packages","Voluntary: Firm initiated",Telephone,https://www.accessdata.fda.gov/scripts/ires/?Product=188763
88479,2,"Simply Nourish Fresh Market Beef & Barley Recipe, net wt. 2 lb. UPC 737257 92266. Simply Nourish Fresh Market Beef & Barley Recipe, net wt. 4.5 lb. UPC 737257 92267. The label is read in parts: ""***SIMPLY NOURISH FRESH MARKET*** FROZEN DOG FOOD ***ADULT GENTLY COOKED ***Beef & Barley Recipe *** Real DEBONED BEEF #1 INGREDIENT *** HUMAN-GRADE FOOD FOR DOGS ***INGREDIENTS: Deboned Beef, Brown Rice, Beef Liver, Barley, Carrots, Peas, Sweet Potato Puree, Carrots Purees, Parsley, Vitamins***Vitamin D3 Supplement***, Minerals***Dist. by: Simply Nourish Pet Food Company LLC 19601 N. 27th Avenue, Phoenix, AZ 85027 ***"".",73725792266;73725792267,"Best By range: 11/10/2022 - 1/12/2023.","Class I",Terminated,V-0156-2021,2021-08-10,2021-09-08,2022-01-03,"12,348/2 lbs. packages and 3780/4.5 lbs. packages.","Voluntary: Firm initiated",Telephone,https://www.accessdata.fda.gov/scripts/ires/?Product=188764
88479,3,"Simply Nourish Fresh Market Turkey & Sweet Potato Recipe , net wt. 2 lb. UPC 737257 92260. Simply Nourish Fresh Market Turkey & Sweet Potato Recipe, net wt. 4.5 lb. UPC 737257 92263. The label is read in parts: ""***SIMPLY NOURISH FRESH MARKET*** FROZEN DOG FOOD ***ADULT GENTLY COOKED ***Turkey & Sweet Potato Recipe *** Real DEBONED TURKEY #1 INGREDIENT *** HUMAN-GRADE FOOD FOR DOGS ***INGREDIENTS: Deboned Turkey, Brown Rice, Sweet Potato Puree, Apple Puree, Carrots, Peas, Cranberries, Celery, Parsley, Vitamins***Vitamin D3 Supplement***, Minerals***Dist. by: Simply Nourish Pet Food Company LLC 19601 N. 27th Avenue, Phoenix, AZ 85027 ***"".",73725792260;73725792263,"Best By range: 11/10/2022 - 1/12/2023.","Class I",Terminated,V-0157-2021,2021-08-10,2021-09-08,2022-01-03,"3,720/2 lbs. packages and 8,400/4.5 lbs. packages","Voluntary: Firm initiated",Telephone,https://www.accessdata.fda.gov/scripts/ires/?Product=188765
88479,4,"Simply Nourish Pork & Vegetable Recipe, net wt. 2 lb. UPC 737257 92079. Simply Nourish Pork & Vegetable Recipe, net wt. 4.5 lb. UPC 737257 92078. The label is read in parts: ""***SIMPLY NOURISH FRESH MARKET*** FROZEN DOG FOOD ***ADULT GENTLY COOKED ***Pork & Vegetable Recipe *** Real DEBONED PORK #1 INGREDIENT *** HUMAN-GRADE FOOD FOR DOGS ***INGREDIENTS: Deboned Pork, Brown Rice, Sweet Potato Puree, Oats, Peas, Carrots, Celery, Carrot Puree, Vitamins***Vitamin D3 Supplement***, Minerals***Dist. by: Simply Nourish Pet Food Company LLC 19601 N. 27th Avenue, Phoenix, AZ 85027 ***"".",73725792078;73725792079,"Best By range: 11/10/2022 - 1/12/2023 and 8/26/2022 - 1/13/2023.","Class I",Terminated,V-0158-2021,2021-08-10,2021-09-08,2022-01-03,"2,688/2 lbs. packages and 1,836/4.5 lbs. packages","Voluntary: Firm initiated",Telephone,https://www.accessdata.fda.gov/scripts/ires/?Product=188766
88544,1,"Top Quality Dog Food, Beef HVM, 1 lb. pkgs in film casings, 1package is 1 lb., Keep Frozen. Refrigerate after opening.",,"Lot Number: 071521","Class I",Terminated,V-0049-2022,2021-08-19,2022-01-19,2024-08-07,"233 units","Voluntary: Firm initiated","Two or more of the following: Email, Fax, Letter, Press Release, Telephone, Visit",https://www.accessdata.fda.gov/scripts/ires/?Product=188961
88774,1,"Chicken Cacciatore Recipe, Clearly Good Food Made for All Dogs, shelf stable product packaged in glass jar, net weight 15oz. UPC 8 50201 00081 7. Product label is read in parts: ""***CHICKEN CACCIATORE RECIPE***CLEARLY GOOD FOOD MADE FOR ALL DOGS***BEST FRIEND BEST FOOD***Ingredients: Chicken, Tomato Puree, Diced tomatoes, Brown rice, Celery, Citric acid, Parsley, Minerals (Calcium citrate, Calcium phosphate, Zinc amino acid chelate, Iron amino acid chelate, Copper amino acid chelate, Potassium Iodide, Potassium citrate), Vitamins (Choline chloride, Vitamin E supplement, Vitamin A supplement, Vitamin B12 Supplement, D-Calcium pantothenate, Vitamin D3 supplement, Niacin, Riboflavin, Thiamine, Folic Acid, Pyridoxine hydrochloride) ***REFIGERATED AFTER OPENING***Wet Noses, Inc***Monroe, WA***"".",850201000817,"Best-by-date 1-8-2022. Lot Code 000841. Lot code breaks down as follows: 0 (1st digit) = Year 2020. 008 (2nd - 4th digit) = Julian Date 008 or January 8. 4 (5th digit) = Line Number #4. 1 (5th digit) = Shift Number #1.","Class III",Terminated,V-0003-2022,2021-09-27,2021-10-20,2021-11-12,"545 units","Voluntary: Firm initiated","Two or more of the following: Email, Fax, Letter, Press Release, Telephone, Visit",https://www.accessdata.fda.gov/scripts/ires/?Product=189507
88786,1,"Fromm Four-Star Nutritionals Shredded Beef in Gravy Entr¿e, food for Dogs, Can UPC 72705-11876. Net Wt 12 oz (340 g) Manufactured by Fromm Family Foods, LLC Mequon, WI 53092. Refrigerate After Opening. 12/12 oz. cans per case. Case code 11877. Case UPC 0 72705-11877 9",072705118779;7270511876,"Best by Date 082024","Class I",Terminated,V-0026-2022,2021-09-29,2021-10-13,2022-03-29,"1,715 cases","Voluntary: Firm initiated","Two or more of the following: Email, Fax, Letter, Press Release, Telephone, Visit",https://www.accessdata.fda.gov/scripts/ires/?Product=189531
88786,2,"Fromm Four-Star Nutritionals Shredded Chicken in Gravy Entree, food for Dogs, Can UPC 72705-11880. Net Wt 12 oz (340 g) Manufactured by Fromm Family Foods, LLC Mequon, WI 53092. Refrigerate After Opening. 12/12 oz. cans per case. Case code 11877. Case UPC 0 72705-11877 9",072705118779;7270511880,"Best by Date 082024","Class I",Terminated,V-0027-2022,2021-09-29,2021-10-13,2022-03-29,"1,542 cases","Voluntary: Firm initiated","Two or more of the following: Email, Fax, Letter, Press Release, Telephone, Visit",https://www.accessdata.fda.gov/scripts/ires/?Product=189532
88786,3,"Fromm Four-Star Nutritionals Shredded Pork in Gravy Entree, food for Dogs, Can UPC 72705-11878. Net Wt 12 oz (340 g) Manufactured by Fromm Family Foods, LLC Mequon, WI 53092. Refrigerate After Opening. 12/12 oz. cans per case. Case code 11877. Case UPC 0 72705-11877 9",072705118779;7270511878,"Best by Date 082024","Class I",Terminated,V-0028-2022,2021-09-29,2021-10-13,2022-03-29,"165 cases","Voluntary: Firm initiated","Two or more of the following: Email, Fax, Letter, Press Release, Telephone, Visit",https://www.accessdata.fda.gov/scripts/ires/?Product=189533
88786,4,"Fromm Four-Star Nutritionals Shredded Turkey in Gravy Entree, food for Dogs, Can UPC 72705-11878. Net Wt 12 oz (340 g) Manufactured by Fromm Family Foods, LLC Mequon, WI 53092. Refrigerate After Opening. 12/12 oz. cans per case. Case code 11877. Case UPC 0 72705-11877 9",072705118779;7270511878,"Best by Date 082024","Class I",Terminated,V-0029-2022,2021-09-29,2021-10-13,2022-03-29,"2,101 cases","Voluntary: Firm initiated","Two or more of the following: Email, Fax, Letter, Press Release, Telephone, Visit",https://www.accessdata.fda.gov/scripts/ires/?Product=189534
88842,1,"Nutri Source Pure Vita limited Ingredient Salmon Entree. Single Source Animal Protein. Grain Free Pate-Style Dog Food. Net Wt. 12.5 oz. (354g) Refrigerate After Opening. UPC 0 73893-96202 1. Manufactured for Tuffy's Pet Foods Inc. A KLN Family Brands Company P.O. Box 190, Perham, MN 56573",073893962021,"Best By 29 JUN 2023, Lot 0629101 N1 and Best By 01 SEP 2023, Lot 0901101 N1","Class II",Terminated,V-0004-2022,2021-10-08,2021-10-20,2022-02-03,"5,394","Voluntary: Firm initiated","Two or more of the following: Email, Fax, Letter, Press Release, Telephone, Visit",https://www.accessdata.fda.gov/scripts/ires/?Product=189709
89217,1,"Pure Being Dog & Cat Advent Calendar 5.15oz - 6 calendars per case Treats individually wrapped in plastic wrap then placed inside plastic tray that slides into cardboard box.",,"Cat Lot Codes: 210166pbst000p06, PBST000p06, 210168PBST000P06, 210169PBST0000P06 Dog Lot Codes: 210158pbst010p06, 210159PBST010P06, 210165PBST010P06, 210160PBST010P06 Best By: 05/2023","Class I",Terminated,V-0048-2022,2021-12-10,2021-12-29,2022-01-13,"264,000 total","Voluntary: Firm initiated",Telephone,https://www.accessdata.fda.gov/scripts/ires/?Product=190813
89302,1,"Woody's Pet Food Deli RAW CORNISH HEN w/SUPP, Item 5230. Packaged in Net Wt. 80 oz. (5 lbs), and 15 oz. white plastic containers. Keep Frozen. Thaw in Refrigerator. Ingredients: whole cornish hen with liver and gizzard. with ground bones. 3008 West 50th St, Minneapolis, MN 55410",,"11/20/22 printed on white stick on lid","Class I",Ongoing,V-0047-2022,2021-12-23,2022-01-12,,"21 lbs.","Voluntary: Firm initiated","Press Release",https://www.accessdata.fda.gov/scripts/ires/?Product=191168
89627,1,"Pet food and treats purchased from Family Dollar retail stores in Alabama, Arkansas, Louisiana, Mississippi, Missouri and Tennessee that are packaged in material other than glass or metal can",,"All food products purchased from Family Dollar retail stores located in AL, AR, LA, MS, MO, and TN from January 1, 2021 to present","Class II",Terminated,V-0063-2022,2022-02-18,2022-03-09,2024-06-24,Unknown,"Voluntary: Firm initiated","Two or more of the following: Email, Fax, Letter, Press Release, Telephone, Visit",https://www.accessdata.fda.gov/scripts/ires/?Product=192079
90470,1,"Freshpet Select, Fresh From the Kitchen, Home Cooked Chicken Recipe 4.5 lb. UPC:627975011673",627975011673,"Sell By 10/29/22 L3","Class I",Terminated,V-0157-2022,2022-06-15,2022-07-06,2022-11-07,"120 cases","Voluntary: Firm initiated","Two or more of the following: Email, Fax, Letter, Press Release, Telephone, Visit",https://www.accessdata.fda.gov/scripts/ires/?Product=194488
90570,1,"Primal Patties For Dogs Beef Formula Complete and balanced raw diet. Antibiotic-free beef raised without added hormones Grain & gluten free. Corn, wheat & soy free. Naturally derived vitamins & minerals. 6 LB Contains 12 Patties",,"Best By 05/22/23 Lot W10068709","Class I",Terminated,V-0217-2022,2022-07-06,2022-07-20,2023-01-27,"2,376 lbs.","Voluntary: Firm initiated","Press Release",https://www.accessdata.fda.gov/scripts/ires/?Product=194797
90584,1,"100% CHICKEN BREAST NO FILLERS, CHICKEN BREAST STRIPS, Human Grade Dogs Treats, NET WT 1 oz, UPC 8 50025 54628 7 4 oz (113g), UPC 8 50025 54611 9 & 10 OZ (283g), UPC 8 50025 54610 1 Sold under the brand names of Beg & Barker, Green Coast Pet CHICKEN CRISPS NET WT. 4 OZ (113g) UPC 8 60001 92832 7 DISTRIBUTED BY: GREEN COAST PET Pasadena, CA 91101",850025546101;850025546119;8500255462874;860001928327,"Beg & Barker Chicken Breast Strips Dog Treats, 1oz, Product #, BE0C0101, Exp. Date, 6/17/2023 Exp. Batch No., 72235001 & Date 6/21/2023, Batch No. 72244077. Beg & Barker Chicken Breast Strips Dog Treats, 4oz, Product #, BE0C0104, Exp. Date, 6/8/2023 Exp. Batch No., 72224014 & Date 6/14/2023, Batch No. 72235001. Beg & Barker Chicken Breast Strips Dog Treat, 10oz, Product #, BE0C0110, Exp. Date, 6/6/2023 Batch No. 72224014, Exp. Date 6/8/2020 Batch No. 72224014, Exp. Date 6/14/2023 Batch No. 72235001 & Exp. Date 6/21/2023, Batch No. 72244007. Green Coast Pets Chicken Crisps Dog Treats, 4oz, Product #, GCP0C0604, Exp. Date, 6/16/2023, Batch No., 72222002 & Exp. Date, 6/16/2023, Batch No. 72232003. Green Coast Pets Chicken Crisps Dog Treats, 8oz, Product #, GCP0C0608, Exp. Date, 6/16/2023 Batch No. 72222002, Exp. Date 6/17/2023 Batch No. 72222002 & Exp. Date 6/16/2023, Batch No. 72232003.","Class I",Ongoing,V-0218-2022,2022-07-08,2022-07-27,,"B&B Strips 1oz, 0, 848/4oz bgs, & 834/10oz bgs; GCP Crisps 204/4oz bgs, & 684/8oz bgs","Voluntary: Firm initiated",Telephone,https://www.accessdata.fda.gov/scripts/ires/?Product=194858
90832,1,"Spot & Tango Chicken and Brown Rice UnKibble Dog Food - 28oz, 38oz, 47oz, 56oz",,"LOT CODE/ SKU number T-22220 U-C-004 T-22223 U-C-005 T-22220 U-C-006","Class I",Terminated,V-0009-2023,2022-09-06,2022-09-28,2023-02-03,"25872 lbs. (9288 bags)","Voluntary: Firm initiated","Two or more of the following: Email, Fax, Letter, Press Release, Telephone, Visit",https://www.accessdata.fda.gov/scripts/ires/?Product=195982
91233,1,"Purina Pro Plan Veterinary Diets EN Gastroenteric Low Fat prescription wet dog food in 13.4 oz can, case of 12, UPC 38100 17599",3810017599,"Lot Code: 22581159 L4TR6 Best Before Sept 2024","Class II",Terminated,V-0019-2023,2022-11-30,2022-12-14,2023-01-30,"62,436 cans","Voluntary: Firm initiated","Two or more of the following: Email, Fax, Letter, Press Release, Telephone, Visit",https://www.accessdata.fda.gov/scripts/ires/?Product=197318
91342,1,"H-E-B Texas Pets Indoor Complete Formulated especially for Indoor Cats NET WT 16 LBS packaged in a poly-woven sewn bag UPC 4122081223",,"MFG 13 NOV 22","Class I",Terminated,V-0023-2023,2022-12-15,2022-12-28,2023-01-23,"3272 bags","Voluntary: Firm initiated","Two or more of the following: Email, Fax, Letter, Press Release, Telephone, Visit",https://www.accessdata.fda.gov/scripts/ires/?Product=197518
91393,1,"Wegmans Organic Farm & Orchard Cat Grass",,"UPC 77890-50938 Sold since: 10/25/22","Class II",Terminated,V-0024-2023,2022-12-22,2023-01-11,2023-03-28,,"Voluntary: Firm initiated","Two or more of the following: Email, Fax, Letter, Press Release, Telephone, Visit",https://www.accessdata.fda.gov/scripts/ires/?Product=197615
91551,1,"Royal Canin Veterinary Feline Renal Support F, Net Weight 6.6 lb (3 kg), packaged in a flexible plastic bag.",,"Lot number: 242B4RCR04 with time stamps: 00:00 - 07:06 Best by date: 04/17/2024","Class II",Terminated,V-0047-2023,2023-01-23,2023-02-08,2023-05-05,"3164 bags","Voluntary: Firm initiated","Two or more of the following: Email, Fax, Letter, Press Release, Telephone, Visit",https://www.accessdata.fda.gov/scripts/ires/?Product=198147
91662,1,"Purina Pro Plan Veterinary Diets EL Elemental prescription dry dog food packaged in 8lb (UPC 38100 19190) and 20lb (UPC 38100 19192) bags.",3810019190;3810019192,"Lot codes containing production codes: 2249 1082, 2250 1082, 2276 1082, 2277 1082, 2290 1082, 2360 1082, 2361 1082 with Best Before Dates 09 2023 - 12 2023","Class I",Terminated,V-0051-2023,2023-02-08,2023-02-22,2023-04-18,"11,697-20lb bags, 9,632-8lb bags","Voluntary: Firm initiated","Two or more of the following: Email, Fax, Letter, Press Release, Telephone, Visit",https://www.accessdata.fda.gov/scripts/ires/?Product=198451
91877,1,"Omega-V3 Softgels, For Small & Medium Dogs & Cats, 60 Soft Gels",,"Lot#31133, EXP 04/14/2023 and Lot#30837, EXP 10/26/2022","Class I",Terminated,V-0119-2023,2023-03-09,2023-03-29,2023-08-03,"5,254 bottles of lot #31133 and 6,198 bottles of lot #30837","Voluntary: Firm initiated","Two or more of the following: Email, Fax, Letter, Press Release, Telephone, Visit",https://www.accessdata.fda.gov/scripts/ires/?Product=199095
91877,2,"Omega-V3 Softgels, For Small & Medium Dogs & Cats, 60 Soft Gels",,"Lot#31133, EXP 04/14/2023 and Lot#30837, EXP 10/26/2022","Class I",Terminated,V-0119-2023,2023-03-09,2023-03-29,2023-08-03,"5,254 bottles of lot #31133 and 6,198 bottles of lot #30837","Voluntary: Firm initiated","Two or more of the following: Email, Fax, Letter, Press Release, Telephone, Visit",https://www.accessdata.fda.gov/scripts/ires/?Product=199111
91877,3,"Omega-V3 Softgels, For Small & Medium Dogs & Cats, 60 Soft Gels",,"Lot#31133, EXP 04/14/2023 and Lot#30837, EXP 10/26/2022","Class I",Terminated,V-0119-2023,2023-03-09,2023-03-29,2023-08-03,"5,254 bottles of lot #31133 and 6,198 bottles of lot #30837","Voluntary: Firm initiated","Two or more of the following: Email, Fax, Letter, Press Release, Telephone, Visit",https://www.accessdata.fda.gov/scripts/ires/?Product=199112
91877,4,"Omega-V3 Softgels, For small & medium dogs & cats, 60 Soft Gels",,"Lot#31133, EXP 04/14/2023 and Lot#30837, EXP 10/26/2022","Class I",Terminated,V-0119-2023,2023-03-09,2023-03-29,2023-08-03,"5,254 bottles of lot #31133 and 6,198 bottles of lot #30837","Voluntary: Firm initiated","Two or more of the following: Email, Fax, Letter, Press Release, Telephone, Visit",https://www.accessdata.fda.gov/scripts/ires/?Product=199114
91877,5,"Omega-3 Fatty Acid Max Strength Soft Gels, For small & medium dogs & cats, 60 Soft Gels",,"Lot#31133, EXP 04/14/2023 and Lot#30837, EXP 10/26/2022","Class I",Terminated,V-0064-2023,2023-03-09,2023-03-29,2023-08-03,"5,254 bottles of lot #31133 and 6,198 bottles of lot #30837","Voluntary: Firm initiated","Two or more of the following: Email, Fax, Letter, Press Release, Telephone, Visit",https://www.accessdata.fda.gov/scripts/ires/?Product=199115
91877,6,"Omega-V3 Softgels, Softgels for small & medium dogs & cats, 60 Softgels",,"Lot#31133, EXP 04/14/2023 and Lot#30837, EXP 10/26/2022","Class I",Terminated,V-0065-2023,2023-03-09,2023-03-29,2023-08-03,"5,254 bottles of lot #31133 and 6,198 bottles of lot #30837","Voluntary: Firm initiated","Two or more of the following: Email, Fax, Letter, Press Release, Telephone, Visit",https://www.accessdata.fda.gov/scripts/ires/?Product=199118
91877,7,"Omega-V3 Softgels, For small & medium dogs & cats, 60 Softgels",,"Lot#31133, EXP 04/14/2023 and Lot#30837, EXP 10/26/2022","Class I",Terminated,V-0119-2023,2023-03-09,2023-03-29,2023-08-03,"5,254 bottles of lot #31133 and 6,198 bottles of lot #30837","Voluntary: Firm initiated","Two or more of the following: Email, Fax, Letter, Press Release, Telephone, Visit",https://www.accessdata.fda.gov/scripts/ires/?Product=199119
91877,8,"Omega-V3 Softgels, For small & medium dogs & cats, 60 Softgels",,"Lot#31133, EXP 04/14/2023 and Lot#30837, EXP 10/26/2022","Class I",Terminated,V-0119-2023,2023-03-09,2023-03-29,2023-08-03,"5,254 bottles of lot #31133 and 6,198 bottles of lot #30837","Voluntary: Firm initiated","Two or more of the following: Email, Fax, Letter, Press Release, Telephone, Visit",https://www.accessdata.fda.gov/scripts/ires/?Product=199120
91877,9,"Omega-V3 Softgels, For small & medium dogs & cats, 60 Softgels",,"Lot#31133, EXP 04/14/2023 and Lot#30837, EXP 10/26/2022","Class I",Terminated,V-0119-2023,2023-03-09,2023-03-29,2023-08-03,"5,254 bottles of lot #31133 and 6,198 bottles of lot #30837","Voluntary: Firm initiated","Two or more of the following: Email, Fax, Letter, Press Release, Telephone, Visit",https://www.accessdata.fda.gov/scripts/ires/?Product=199121
91877,10,"Omega-V3 Softgels, For small & medium dogs & cats, 60 ct",,"Lot#31133, EXP 04/14/2023 and Lot#30837, EXP 10/26/2022","Class I",Terminated,V-0069-2023,2023-03-09,2023-03-29,2023-08-03,"5,254 bottles of lot #31133 and 6,198 bottles of lot #30837","Voluntary: Firm initiated","Two or more of the following: Email, Fax, Letter, Press Release, Telephone, Visit",https://www.accessdata.fda.gov/scripts/ires/?Product=199124
91877,11,"Omega-V3 Softgels, Small & medium dogs & cats, 60 softgels",,"Lot#31133, EXP 04/14/2023 and Lot#30837, EXP 10/26/2022","Class I",Terminated,V-0116-2023,2023-03-09,2023-03-29,2023-08-03,"5,254 bottles of lot #31133 and 6,198 bottles of lot #30837","Voluntary: Firm initiated","Two or more of the following: Email, Fax, Letter, Press Release, Telephone, Visit",https://www.accessdata.fda.gov/scripts/ires/?Product=199125
91877,12,"Omega-V3 Softgels, For Small & medium dogs & cats, 60 softgels",,"Lot#31133, EXP 04/14/2023 and Lot#30837, EXP 10/26/2022","Class I",Terminated,V-0119-2023,2023-03-09,2023-03-29,2023-08-03,"5,254 bottles of lot #31133 and 6,198 bottles of lot #30837","Voluntary: Firm initiated","Two or more of the following: Email, Fax, Letter, Press Release, Telephone, Visit",https://www.accessdata.fda.gov/scripts/ires/?Product=199126
91877,13,"Omega-V3 Softgels, For Small & medium dogs & cats, 60 softgels",,"Lot#31133, EXP 04/14/2023 and Lot#30837, EXP 10/26/2022","Class I",Terminated,V-0119-2023,2023-03-09,2023-03-29,2023-08-03,"5,254 bottles of lot #31133 and 6,198 bottles of lot #30837","Voluntary: Firm initiated","Two or more of the following: Email, Fax, Letter, Press Release, Telephone, Visit",https://www.accessdata.fda.gov/scripts/ires/?Product=199127
91877,14,"Omega-V3 Softgels, For Small & medium dogs & cats, 60 softgels",,"Lot#31133, EXP 04/14/2023 and Lot#30837, EXP 10/26/2022","Class I",Terminated,V-0119-2023,2023-03-09,2023-03-29,2023-08-03,"5,254 bottles of lot #31133 and 6,198 bottles of lot #30837","Voluntary: Firm initiated","Two or more of the following: Email, Fax, Letter, Press Release, Telephone, Visit",https://www.accessdata.fda.gov/scripts/ires/?Product=199128
91877,15,"Omega-V3 Softgels, For Small & medium dogs & cats, 60 softgels",,"Lot#31133, EXP 04/14/2023 and Lot#30837, EXP 10/26/2022","Class I",Terminated,V-0119-2023,2023-03-09,2023-03-29,2023-08-03,"5,254 bottles of lot #31133 and 6,198 bottles of lot #30837","Voluntary: Firm initiated","Two or more of the following: Email, Fax, Letter, Press Release, Telephone, Visit",https://www.accessdata.fda.gov/scripts/ires/?Product=199129
91877,16,"Omega-V3 Softgels, For Small & medium dogs & cats, 60 softgels",,"Lot#31133, EXP 04/14/2023 and Lot#30837, EXP 10/26/2022","Class I",Terminated,V-0119-2023,2023-03-09,2023-03-29,2023-08-03,"5,254 bottles of lot #31133 and 6,198 bottles of lot #30837","Voluntary: Firm initiated","Two or more of the following: Email, Fax, Letter, Press Release, Telephone, Visit",https://www.accessdata.fda.gov/scripts/ires/?Product=199130
91877,17,"Omega-V3 Softgels, For Small & medium dogs & cats, 60 softgels",,"Lot#31133, EXP 04/14/2023 and Lot#30837, EXP 10/26/2022","Class I",Terminated,V-0119-2023,2023-03-09,2023-03-29,2023-08-03,"5,254 bottles of lot #31133 and 6,198 bottles of lot #30837","Voluntary: Firm initiated","Two or more of the following: Email, Fax, Letter, Press Release, Telephone, Visit",https://www.accessdata.fda.gov/scripts/ires/?Product=199131
91877,18,"Omega-V3 Softgels, For Small & medium dogs & cats, 60 softgels",,"Lot#31133, EXP 04/14/2023 and Lot#30837, EXP 10/26/2022","Class I",Terminated,V-0119-2023,2023-03-09,2023-03-29,2023-08-03,"5,254 bottles of lot #31133 and 6,198 bottles of lot #30837","Voluntary: Firm initiated","Two or more of the following: Email, Fax, Letter, Press Release, Telephone, Visit",https://www.accessdata.fda.gov/scripts/ires/?Product=199132
91877,19,"Omega-V3 Softgels, Formulated for Small & medium dogs & cats, 60 softgels",,"Lot#31133, EXP 04/14/2023 and Lot#30837, EXP 10/26/2022","Class I",Terminated,V-0091-2023,2023-03-09,2023-03-29,2023-08-03,"5,254 bottles of lot #31133 and 6,198 bottles of lot #30837","Voluntary: Firm initiated","Two or more of the following: Email, Fax, Letter, Press Release, Telephone, Visit",https://www.accessdata.fda.gov/scripts/ires/?Product=199133
91877,20,"Omega-V3 Softgels,For Small & Medium Dogs & Cats, 60 softgels",,"Lot#31133, EXP 04/14/2023 and Lot#30837, EXP 10/26/2022","Class I",Terminated,V-0119-2023,2023-03-09,2023-03-29,2023-08-03,"5,254 bottles of lot #31133 and 6,198 bottles of lot #30837","Voluntary: Firm initiated","Two or more of the following: Email, Fax, Letter, Press Release, Telephone, Visit",https://www.accessdata.fda.gov/scripts/ires/?Product=199135
91877,21,"Omega-V3 Softgels, Small & Medium Dogs & Cats, 60 softgels",,"Lot#31133, EXP 04/14/2023 and Lot#30837, EXP 10/26/2022","Class I",Terminated,V-0116-2023,2023-03-09,2023-03-29,2023-08-03,"5,254 bottles of lot #31133 and 6,198 bottles of lot #30837","Voluntary: Firm initiated","Two or more of the following: Email, Fax, Letter, Press Release, Telephone, Visit",https://www.accessdata.fda.gov/scripts/ires/?Product=199136
91877,22,"Omega-V3 Softgels, For Small & Medium Dogs & Cats, 60 softgels",,"Lot#31133, EXP 04/14/2023 and Lot#30837, EXP 10/26/2022","Class I",Terminated,V-0119-2023,2023-03-09,2023-03-29,2023-08-03,"5,254 bottles of lot #31133 and 6,198 bottles of lot #30837","Voluntary: Firm initiated","Two or more of the following: Email, Fax, Letter, Press Release, Telephone, Visit",https://www.accessdata.fda.gov/scripts/ires/?Product=199137
91877,23,"Omega-V3 Softgels, For Small & Medium Dogs & Cats, 60 softgels",,"Lot#31133, EXP 04/14/2023 and Lot#30837, EXP 10/26/2022","Class I",Terminated,V-0119-2023,2023-03-09,2023-03-29,2023-08-03,"5,254 bottles of lot #31133 and 6,198 bottles of lot #30837","Voluntary: Firm initiated","Two or more of the following: Email, Fax, Letter, Press Release, Telephone, Visit",https://www.accessdata.fda.gov/scripts/ires/?Product=199138
91877,24,"Omega-V3 Softgels, For Small & Medium Dogs & Cats, 60 softgels",,"Lot#31133, EXP 04/14/2023 and Lot#30837, EXP 10/26/2022","Class I",Terminated,V-0119-2023,2023-03-09,2023-03-29,2023-08-03,"5,254 bottles of lot #31133 and 6,198 bottles of lot #30837","Voluntary: Firm initiated","Two or more of the following: Email, Fax, Letter, Press Release, Telephone, Visit",https://www.accessdata.fda.gov/scripts/ires/?Product=199157
91877,25,"Omega-V3 Softgels, For Small & Medium Dogs & Cats, 60 softgels",,"Lot#31133, EXP 04/14/2023 and Lot#30837, EXP 10/26/2022","Class I",Terminated,V-0119-2023,2023-03-09,2023-03-29,2023-08-03,"5,254 bottles of lot #31133 and 6,198 bottles of lot #30837","Voluntary: Firm initiated","Two or more of the following: Email, Fax, Letter, Press Release, Telephone, Visit",https://www.accessdata.fda.gov/scripts/ires/?Product=199158
91877,26,"Omega-V3 Softgels, For Small & Medium Dogs & Cats, 60 softgels",,"Lot#31133, EXP 04/14/2023 and Lot#30837, EXP 10/26/2022","Class I",Terminated,V-0119-2023,2023-03-09,2023-03-29,2023-08-03,"5,254 bottles of lot #31133 and 6,198 bottles of lot #30837","Voluntary: Firm initiated","Two or more of the following: Email, Fax, Letter, Press Release, Telephone, Visit",https://www.accessdata.fda.gov/scripts/ires/?Product=199159
91877,27,"Omega-V3 Softgels, For Small & Medium Dogs & Cats, 60 softgels",,"Lot#31133, EXP 04/14/2023 and Lot#30837, EXP 10/26/2022","Class I",Terminated,V-0119-2023,2023-03-09,2023-03-29,2023-08-03,"5,254 bottles of lot #31133 and 6,198 bottles of lot #30837","Voluntary: Firm initiated","Two or more of the following: Email, Fax, Letter, Press Release, Telephone, Visit",https://www.accessdata.fda.gov/scripts/ires/?Product=199160
91877,28,"Omega-V3 Softgels, For Small & Medium Dogs & Cats, 60 softgels",,"Lot#31133, EXP 04/14/2023 and Lot#30837, EXP 10/26/2022","Class I",Terminated,V-0119-2023,2023-03-09,2023-03-29,2023-08-03,"5,254 bottles of lot #31133 and 6,198 bottles of lot #30837","Voluntary: Firm initiated","Two or more of the following: Email, Fax, Letter, Press Release, Telephone, Visit",https://www.accessdata.fda.gov/scripts/ires/?Product=199161
91877,29,"Omega-V3 Softgels, For Small & Medium Dogs & Cats, 60 softgels",,"Lot#31133, EXP 04/14/2023 and Lot#30837, EXP 10/26/2022","Class I",Terminated,V-0119-2023,2023-03-09,2023-03-29,2023-08-03,"5,254 bottles of lot #31133 and 6,198 bottles of lot #30837","Voluntary: Firm initiated","Two or more of the following: Email, Fax, Letter, Press Release, Telephone, Visit",https://www.accessdata.fda.gov/scripts/ires/?Product=199162
91877,30,"Omega-V3 Softgels, For Small & Medium Dogs & Cats, 60 softgels",,"Lot#31133, EXP 04/14/2023 and Lot#30837, EXP 10/26/2022","Class I",Terminated,V-0119-2023,2023-03-09,2023-03-29,2023-08-03,"5,254 bottles of lot #31133 and 6,198 bottles of lot #30837","Voluntary: Firm initiated","Two or more of the following: Email, Fax, Letter, Press Release, Telephone, Visit",https://www.accessdata.fda.gov/scripts/ires/?Product=199163
91877,31,"Omega-V3 Softgels, Formulated for Small & Medium Dogs & Cats, 60 softgels",,"Lot#31133, EXP 04/14/2023 and Lot#30837, EXP 10/26/2022","Class I",Terminated,V-0091-2023,2023-03-09,2023-03-29,2023-08-03,"5,254 bottles of lot #31133 and 6,198 bottles of lot #30837","Voluntary: Firm initiated","Two or more of the following: Email, Fax, Letter, Press Release, Telephone, Visit",https://www.accessdata.fda.gov/scripts/ires/?Product=199164
91877,32,"Omega-V3 Softgels, Small & Medium Dogs & Cats, 60 softgels",,"Lot#31133, EXP 04/14/2023 and Lot#30837, EXP 10/26/2022","Class I",Terminated,V-0116-2023,2023-03-09,2023-03-29,2023-08-03,"5,254 bottles of lot #31133 and 6,198 bottles of lot #30837","Voluntary: Firm initiated","Two or more of the following: Email, Fax, Letter, Press Release, Telephone, Visit",https://www.accessdata.fda.gov/scripts/ires/?Product=199165
91877,33,"Dr. Hayes's Omega-V3 Softgels, Small & Medium Dogs & Cats, 60 softgels",,"Lot#31133, EXP 04/14/2023 and Lot#30837, EXP 10/26/2022","Class I",Terminated,V-0093-2023,2023-03-09,2023-03-29,2023-08-03,"5,254 bottles of lot #31133 and 6,198 bottles of lot #30837","Voluntary: Firm initiated","Two or more of the following: Email, Fax, Letter, Press Release, Telephone, Visit",https://www.accessdata.fda.gov/scripts/ires/?Product=199166
91877,34,"Omega-V3 Softgels, Small & Medium Dogs & Cats, 60 softgels",,"Lot#31133, EXP 04/14/2023 and Lot#30837, EXP 10/26/2022","Class I",Terminated,V-0116-2023,2023-03-09,2023-03-29,2023-08-03,"5,254 bottles of lot #31133 and 6,198 bottles of lot #30837","Voluntary: Firm initiated","Two or more of the following: Email, Fax, Letter, Press Release, Telephone, Visit",https://www.accessdata.fda.gov/scripts/ires/?Product=199167
91877,35,"Omega-V3 Softgels, Small & Medium Dogs & Cats, 60 softgels",,"Lot#31133, EXP 04/14/2023 and Lot#30837, EXP 10/26/2022","Class I",Terminated,V-0116-2023,2023-03-09,2023-03-29,2023-08-03,"5,254 bottles of lot #31133 and 6,198 bottles of lot #30837","Voluntary: Firm initiated","Two or more of the following: Email, Fax, Letter, Press Release, Telephone, Visit",https://www.accessdata.fda.gov/scripts/ires/?Product=199168
91877,36,"Omega-V3 Softgels, Small & Medium Dogs & Cats, 60 softgels",,"Lot#31133, EXP 04/14/2023 and Lot#30837, EXP 10/26/2022","Class I",Terminated,V-0116-2023,2023-03-09,2023-03-29,2023-08-03,"5,254 bottles of lot #31133 and 6,198 bottles of lot #30837","Voluntary: Firm initiated","Two or more of the following: Email, Fax, Letter, Press Release, Telephone, Visit",https://www.accessdata.fda.gov/scripts/ires/?Product=199169
91877,37,"Omega-V3 Softgels, Small & Medium Dogs & Cats, 60 softgels",,"Lot#31133, EXP 04/14/2023 and Lot#30837, EXP 10/26/2022","Class I",Terminated,V-0116-2023,2023-03-09,2023-03-29,2023-08-03,"5,254 bottles of lot #31133 and 6,198 bottles of lot #30837","Voluntary: Firm initiated","Two or more of the following: Email, Fax, Letter, Press Release, Telephone, Visit",https://www.accessdata.fda.gov/scripts/ires/?Product=199170
91877,38,"Omega-V3 Softgels, Small & Medium Dogs & Cats, 60 softgels",,"Lot#31133, EXP 04/14/2023 and Lot#30837, EXP 10/26/2022","Class I",Terminated,V-0116-2023,2023-03-09,2023-03-29,2023-08-03,"5,254 bottles of lot #31133 and 6,198 bottles of lot #30837","Voluntary: Firm initiated","Two or more of the following: Email, Fax, Letter, Press Release, Telephone, Visit",https://www.accessdata.fda.gov/scripts/ires/?Product=199171
91877,39,"Omega-V3 Softgels, Small & Medium Dogs & Cats, 60 softgels",,"Lot#31133, EXP 04/14/2023 and Lot#30837, EXP 10/26/2022","Class I",Terminated,V-0116-2023,2023-03-09,2023-03-29,2023-08-03,"5,254 bottles of lot #31133 and 6,198 bottles of lot #30837","Voluntary: Firm initiated","Two or more of the following: Email, Fax, Letter, Press Release, Telephone, Visit",https://www.accessdata.fda.gov/scripts/ires/?Product=199172
91877,40,"Omega-V3 Softgels, Small & Medium Dogs & Cats, 60 softgels",,"Lot#31133, EXP 04/14/2023 and Lot#30837, EXP 10/26/2022","Class I",Terminated,V-0116-2023,2023-03-09,2023-03-29,2023-08-03,"5,254 bottles of lot #31133 and 6,198 bottles of lot #30837","Voluntary: Firm initiated","Two or more of the following: Email, Fax, Letter, Press Release, Telephone, Visit",https://www.accessdata.fda.gov/scripts/ires/?Product=199173
91877,41,"Omega-V3 Softgels, Small & Medium Dogs & Cats, 60 softgels",,"Lot#31133, EXP 04/14/2023 and Lot#30837, EXP 10/26/2022","Class I",Terminated,V-0116-2023,2023-03-09,2023-03-29,2023-08-03,"5,254 bottles of lot #31133 and 6,198 bottles of lot #30837","Voluntary: Firm initiated","Two or more of the following: Email, Fax, Letter, Press Release, Telephone, Visit",https://www.accessdata.fda.gov/scripts/ires/?Product=199174
91877,42,"Omega-V3 Softgels, Small & Medium Dogs & Cats, 60 softgels",,"Lot#31133, EXP 04/14/2023 and Lot#30837, EXP 10/26/2022","Class I",Terminated,V-0116-2023,2023-03-09,2023-03-29,2023-08-03,"5,254 bottles of lot #31133 and 6,198 bottles of lot #30837","Voluntary: Firm initiated","Two or more of the following: Email, Fax, Letter, Press Release, Telephone, Visit",https://www.accessdata.fda.gov/scripts/ires/?Product=199175
91877,43,"Omega- 3 Softgels, For Small & Medium Dogs & Cats, 60 softgels",,"Lot#31133, EXP 04/14/2023 and Lot#30837, EXP 10/26/2022","Class I",Terminated,V-0103-2023,2023-03-09,2023-03-29,2023-08-03,"5,254 bottles of lot #31133 and 6,198 bottles of lot #30837","Voluntary: Firm initiated","Two or more of the following: Email, Fax, Letter, Press Release, Telephone, Visit",https://www.accessdata.fda.gov/scripts/ires/?Product=199176
91877,44,"Omega-V3 Softgels, For Small & Medium Dogs & Cats, 60 softgels",,"Lot#31133, EXP 04/14/2023 and Lot#30837, EXP 10/26/2022","Class I",Terminated,V-0119-2023,2023-03-09,2023-03-29,2023-08-03,"5,254 bottles of lot #31133 and 6,198 bottles of lot #30837","Voluntary: Firm initiated","Two or more of the following: Email, Fax, Letter, Press Release, Telephone, Visit",https://www.accessdata.fda.gov/scripts/ires/?Product=199177
91877,45,"Omega-V3 Softgels, Small & Medium Dogs & Cats, 60 softgels",,"Lot#31133, EXP 04/14/2023 and Lot#30837, EXP 10/26/2022","Class I",Terminated,V-0116-2023,2023-03-09,2023-03-29,2023-08-03,"5,254 bottles of lot #31133 and 6,198 bottles of lot #30837","Voluntary: Firm initiated","Two or more of the following: Email, Fax, Letter, Press Release, Telephone, Visit",https://www.accessdata.fda.gov/scripts/ires/?Product=199182
91877,46,"Omega-V3 Softgels, For Small & Medium Dogs & Cats, 60 softgels",,"Lot#31133, EXP 04/14/2023 and Lot#30837, EXP 10/26/2022","Class I",Terminated,V-0119-2023,2023-03-09,2023-03-29,2023-08-03,"5,254 bottles of lot #31133 and 6,198 bottles of lot #30837","Voluntary: Firm initiated","Two or more of the following: Email, Fax, Letter, Press Release, Telephone, Visit",https://www.accessdata.fda.gov/scripts/ires/?Product=199183
91877,47,"Omega-V3 Softgels, For Small & Medium Dogs & Cats, 60 softgels",,"Lot#31133, EXP 04/14/2023 and Lot#30837, EXP 10/26/2022","Class I",Terminated,V-0119-2023,2023-03-09,2023-03-29,2023-08-03,"5,254 bottles of lot #31133 and 6,198 bottles of lot #30837","Voluntary: Firm initiated","Two or more of the following: Email, Fax, Letter, Press Release, Telephone, Visit",https://www.accessdata.fda.gov/scripts/ires/?Product=199184
91877,48,"Omega-V3 Softgels, Small & Medium Dogs & Cats, 60 softgels",,"Lot#31133, EXP 04/14/2023 and Lot#30837, EXP 10/26/2022","Class I",Terminated,V-0116-2023,2023-03-09,2023-03-29,2023-08-03,"5,254 bottles of lot #31133 and 6,198 bottles of lot #30837","Voluntary: Firm initiated","Two or more of the following: Email, Fax, Letter, Press Release, Telephone, Visit",https://www.accessdata.fda.gov/scripts/ires/?Product=199185
91877,49,"Omega-V3 Softgels, For Small & Medium Dogs & Cats, 60 softgels",,"Lot#31133, EXP 04/14/2023 and Lot#30837, EXP 10/26/2022","Class I",Terminated,V-0119-2023,2023-03-09,2023-03-29,2023-08-03,"5,254 bottles of lot #31133 and 6,198 bottles of lot #30837","Voluntary: Firm initiated","Two or more of the following: Email, Fax, Letter, Press Release, Telephone, Visit",https://www.accessdata.fda.gov/scripts/ires/?Product=199186
91877,50,"Omega-V3 Softgels, For Small & Medium Dogs, 60 softgels",,"Lot#31133, EXP 04/14/2023 and Lot#30837, EXP 10/26/2022","Class I",Terminated,V-0110-2023,2023-03-09,2023-03-29,2023-08-03,"5,254 bottles of lot #31133 and 6,198 bottles of lot #30837","Voluntary: Firm initiated","Two or more of the following: Email, Fax, Letter, Press Release, Telephone, Visit",https://www.accessdata.fda.gov/scripts/ires/?Product=199187
91877,51,"Omega-V3 Softgels, For Small & Medium Dogs & Cats, 60 softgels",,"Lot#31133, EXP 04/14/2023 and Lot#30837, EXP 10/26/2022","Class I",Terminated,V-0119-2023,2023-03-09,2023-03-29,2023-08-03,"5,254 bottles of lot #31133 and 6,198 bottles of lot #30837","Voluntary: Firm initiated","Two or more of the following: Email, Fax, Letter, Press Release, Telephone, Visit",https://www.accessdata.fda.gov/scripts/ires/?Product=199188
91877,52,"Omega-V3 Softgels, For Small & Medium Dogs & Cats, 60 softgels",,"Lot#31133, EXP 04/14/2023 and Lot#30837, EXP 10/26/2022","Class I",Terminated,V-0119-2023,2023-03-09,2023-03-29,2023-08-03,"5,254 bottles of lot #31133 and 6,198 bottles of lot #30837","Voluntary: Firm initiated","Two or more of the following: Email, Fax, Letter, Press Release, Telephone, Visit",https://www.accessdata.fda.gov/scripts/ires/?Product=199189
91877,53,"Advanced Omega-V3 Softgels, 60 softgels, For Dogs & Cats",,"Lot#31133, EXP 04/14/2023 and Lot#30837, EXP 10/26/2022","Class I",Terminated,V-0113-2023,2023-03-09,2023-03-29,2023-08-03,"5,254 bottles of lot #31133 and 6,198 bottles of lot #30837","Voluntary: Firm initiated","Two or more of the following: Email, Fax, Letter, Press Release, Telephone, Visit",https://www.accessdata.fda.gov/scripts/ires/?Product=199190
91877,54,"Omega-V3 Softgels, For Small & Medium Dogs & Cats, 60 softgels,",,"Lot#31133, EXP 04/14/2023 and Lot#30837, EXP 10/26/2022","Class I",Terminated,V-0119-2023,2023-03-09,2023-03-29,2023-08-03,"5,254 bottles of lot #31133 and 6,198 bottles of lot #30837","Voluntary: Firm initiated","Two or more of the following: Email, Fax, Letter, Press Release, Telephone, Visit",https://www.accessdata.fda.gov/scripts/ires/?Product=199191
91877,55,"Preventive Care, V4B, Bully Fish Oil, Omega -3 EFA, For Small & Medium Dogs & Cats, 60 softgels,",,"Lot#31133, EXP 04/14/2023 and Lot#30837, EXP 10/26/2022","Class I",Terminated,V-0115-2023,2023-03-09,2023-03-29,2023-08-03,"5,254 bottles of lot #31133 and 6,198 bottles of lot #30837","Voluntary: Firm initiated","Two or more of the following: Email, Fax, Letter, Press Release, Telephone, Visit",https://www.accessdata.fda.gov/scripts/ires/?Product=199192
91877,56,"Omega -V3 Softgels, Small & Medium Dogs & Cats, 60 softgels,",,"Lot#31133, EXP 04/14/2023 and Lot#30837, EXP 10/26/2022","Class I",Terminated,V-0116-2023,2023-03-09,2023-03-29,2023-08-03,"5,254 bottles of lot #31133 and 6,198 bottles of lot #30837","Voluntary: Firm initiated","Two or more of the following: Email, Fax, Letter, Press Release, Telephone, Visit",https://www.accessdata.fda.gov/scripts/ires/?Product=199193
91877,57,"Omega -V3 Softgels, For Small & Medium Dogs & Cats, 60 softgels,",,"Lot#31133, EXP 04/14/2023 and Lot#30837, EXP 10/26/2022","Class I",Terminated,V-0119-2023,2023-03-09,2023-03-29,2023-08-03,"5,254 bottles of lot #31133 and 6,198 bottles of lot #30837","Voluntary: Firm initiated","Two or more of the following: Email, Fax, Letter, Press Release, Telephone, Visit",https://www.accessdata.fda.gov/scripts/ires/?Product=199194
91877,58,"Omega -V3 Softgels, For Small & Medium Dogs & Cats, 60 softgels,",,"Lot#31133, EXP 04/14/2023 and Lot#30837, EXP 10/26/2022","Class I",Terminated,V-0119-2023,2023-03-09,2023-03-29,2023-08-03,"5,254 bottles of lot #31133 and 6,198 bottles of lot #30837","Voluntary: Firm initiated","Two or more of the following: Email, Fax, Letter, Press Release, Telephone, Visit",https://www.accessdata.fda.gov/scripts/ires/?Product=199195
91877,59,"Omega -V3 Softgels, For Small & Medium Dogs & Cats, 60 softgels,",,"Lot#31133, EXP 04/14/2023 and Lot#30837, EXP 10/26/2022","Class I",Terminated,V-0119-2023,2023-03-09,2023-03-29,2023-08-03,"5,254 bottles of lot #31133 and 6,198 bottles of lot #30837","Voluntary: Firm initiated","Two or more of the following: Email, Fax, Letter, Press Release, Telephone, Visit",https://www.accessdata.fda.gov/scripts/ires/?Product=199196
91881,1,"Purina Pro Plan Veterinary Diets EL Elemental prescription dry dog food packaged in 8lb (UPC 38100 19190) and 20lb (UPC 3810019192) bags.",3810019190,"Lot codes: 2213 1082, 2214 1082; Best Before AUG 2023","Class I",Terminated,V-0054-2023,2023-03-10,2023-03-29,2023-04-24,"3,996 - 20lb bags; 1,280 - 8lb bags","Voluntary: Firm initiated","Two or more of the following: Email, Fax, Letter, Press Release, Telephone, Visit",https://www.accessdata.fda.gov/scripts/ires/?Product=199099
92330,1,"Every Day Naturals No Brush Toothpaste Natural Dental Chew 4-in-1 Dental Chew Distributed by: Ark Naturals Company Tampa, Florida 33602 a) Medium Size 20-40 lbs. Net Weight 14 oz./397 g UPC 6 32634 81001 6; b) Medium Size 20-40 lbs. Net Weight 12 oz./340g UPC 6 32634 82001 5; c) Large Size 40+ lbs. Net Weight 14oz./397g UPC 6 32634 82003 9; d) Small Size 8-20 lbs. Net Weight 10 oz./283g UPC 6 32634 81000 9; e) Mini Size Up to 8 lbs. Net Weight 3 oz./85g UPC 6 32634 81002 3; f) Large Size 40+ lbs. Net Weight 14oz./ 397g UPC 6 32634 81003 0; g) Small For Dogs 8-20 lbs. Net Weight 15.5 oz./439g UPC 6 32634 83000 7; h) Large For Dogs 40+ lbs. Net Weight 15.5 oz./439g UPC 6 32634 83003 8; i) Medium For Dogs 20-40 lbs. Net Weight 15.5 oz./439g UPC 6 32634 83001 4; j) Small Size 8-20 lbs Net Weight 10 oz./283 g UPC 6 32634 82000 8; k) Mini Size Up To 8 lbs. Net Weight 3 oz./85 g UPC 6 32634 820",632634810009;632634810016;632634810023;632634810030;632634820008;632634820015;632634820022;632634820039;632634830007;632634830014;632634830038,"Lots: a) AUG092022 Exp. 8/9/24, SEP302022 Exp. 9/30/24, DEC202022 Exp. 12/20/24; b) OCT112022 Exp. 10/11/24, DEC192022 Exp. 12/19/24; c) DEC162022 Exp. 12/16/24; d) AUG082022 Exp. 08/08/24, SEP292022 Exp. 09/29/24, DEC202022 Exp. 12/20/24, MAR162023 Exp. 03/16/25, MAR152023 Exp. 03/15/25; e) DEC202022 Exp. 12/20/24, MAR142023 Exp. 03/14/25, MAR152023 Exp. 03/15/25, MAR162023 Exp. 03/16/25; f) AUG112022 Exp. 08/11/24, AUG122022 Exp. 08/12/24, OCT032022 Exp. 10/03/24, OCT42022 Exp. 10/04/24, MAR172023 Exp. 03/17/25; g) MAR162023 Exp. 03/16/25; h) MAR172023 Exp. 03/17/25; i)MAR162023 Exp. 03/16/25; j) DEC120222 Exp. 12/12/24; k) DEC162022 Exp. 12/16/24","Class II",Ongoing,V-0123-2023,2023-05-11,2023-05-31,,"Mini-18,114 cartons; Small-26,682 cartons; Medium-17,508 cartons; Large-32,475 cartons","Voluntary: Firm initiated",Letter,https://www.accessdata.fda.gov/scripts/ires/?Product=200323
92330,2,"Ark Naturals Brushless Toothpaste Dental Chew 4-in-1 Original Dental Chew Distributed by: Ark Naturals Company Tampa, Florida 33602 www.arknaturals.com 800-926-5100 a) Small Size 8-20 lbs. Medium Hardness 60 Count Net Weight 35oz./2 lbs. 3 oz./ 992g UPC 6 32634 41000 1; b) Medium Size 20-40 lbs. Medium Hardness 60 Count Net Weight 54oz./3 lbs. 6oz./ 1531g UPC 6 32634 41001 8; c) Large Size 40+ lbs. Medium Hardness 40 Count Net Weight 54oz./3 lbs. 6 oz./ 1531g UPC 6 32634 41003 2",632634410001;632634410018;632634410032,"Lots: a) AUG112022 Exp. 08/11/24, DEC212022 Exp. 12/21/24, DEC222022 Exp. 12/22/24, FEB072023 Exp. 02/07/25, FEB082023 Exp. 02/08/25, MAR172023 Exp. 03/17/25; b) AUG122022 Exp. 08/12/24, AUG162022 Exp. 08/16/24, OCT112022 Exp. 10/11/24, OCT132022 Exp. 10/13/24, FEB072023 Exp. 02/07/25, FEB172023 Exp. 02/17/25; c) AUG112022 Exp. 08/11/24, AUG162022 Exp. 08/16/24, AUG182022 Exp. 08/18/24, OCT052022 Exp. 10/05/24, OCT072022 Exp. 10/07/24, DEC272022 Exp. 12/27/24, DEC282022 Exp. 12/28/24, FEBO62023 Exp. 02/06/25","Class II",Ongoing,V-0124-2023,2023-05-11,2023-05-31,,"a) 16,968 cartons; b) 7,364 cartons; c) 4,200 cartons","Voluntary: Firm initiated",Letter,https://www.accessdata.fda.gov/scripts/ires/?Product=200358
92422,1,"Best Choice Complete Puppy Formula Dog Food, 4.4 lb bags (UPC 0 70038 60378 8) and 16.5 lb bags (UPC 0 70038 60381 8)",070038603788;070038603818,"Lot number EP2264 Best Before 09-21-23","Class II",Terminated,V-0125-2023,2023-05-30,2023-06-07,2023-08-03,"4500 x 4.4 lb. bags; 2307 x 16.5 lb. bags","Voluntary: Firm initiated","Two or more of the following: Email, Fax, Letter, Press Release, Telephone, Visit",https://www.accessdata.fda.gov/scripts/ires/?Product=200888
92939,1,"Phycox Max small bites, Canine Joint Supplement, Net Contents: 120 Small Bites per jar, 324 g, Manufactured by: Dechra Veterinary Products, 7015 College Blvd., Overland Park, KS 66211",,"Lot#: 31172","Class III",Terminated,V-0156-2023,2023-08-07,2023-09-20,2024-09-30,"1020 jars","Voluntary: Firm initiated",Letter,https://www.accessdata.fda.gov/scripts/ires/?Product=202952
92990,1,"Victor Super Premium Dog Food, Hi-Pro Plus packaged in 5lb poly bag; UPC 94308 00214",9430800214,"Lot: 1000016385 Best By Date 4/30/2024","Class I",Ongoing,,2023-09-02,2023-09-20,,"644 cases","Voluntary: Firm initiated","Two or more of the following: Email, Fax, Letter, Press Release, Telephone, Visit",https://www.accessdata.fda.gov/scripts/ires/?Product=203178
93131,1,"Hollywood Feed CAROLINA Made USA FARM RAISED BEEF JERKY NET WEIGHT 5OZ (141 G) DISTRIBUTED BY HOLLYWOOD FEED, LLC 1341 WARFORD STREET MEMPHIS, TN 38108 UPC 8 10125 85014 1",810125850141,"Lot 20082323 BEST BY: 02/25/25 L2","Class I",Ongoing,V-0010-2024,2023-09-27,2023-10-25,,"26cs/24/5 oz bags","Voluntary: Firm initiated",Telephone,https://www.accessdata.fda.gov/scripts/ires/?Product=203517
93131,2,"Hollywood Feed CAROLINA Made USA FARMED RAISED CHICKEN JERKY NET WEIGHT 5OZ (141 G) DISTRIBUTED BY HOLLYWOOD FEED, LLC 1341 WARFORD STREET MEMPHIS, TN 38108 UPC 8 10125 85016 5",810125850165,"Lot 20082323 BEST BY: 02/24/25 L2 Lot 20082423 BEST BY: 02/25/25 L2","Class I",Ongoing,V-0011-2024,2023-09-27,2023-10-25,,"92cs/24/6 oz bags","Voluntary: Firm initiated",Telephone,https://www.accessdata.fda.gov/scripts/ires/?Product=203518
93131,3,"Hollywood Feed CAROLINA Made WILD ELK JERKY NET WEIGHT 5OZ (141 G) DISTRIBUTED BY HOLLY WOOD FEED, LLC 1341 WARFORD STREET MEMPHIS, TN 38108 UPC 8 10125 85018 9",810125850189,"Lot 20082423 BEST BY: 02/24/25 L2","Class I",Ongoing,V-0012-2024,2023-09-27,2023-10-25,,"41cs/24/5 oz bags","Voluntary: Firm initiated",Telephone,https://www.accessdata.fda.gov/scripts/ires/?Product=203519
93131,4,"Hollywood Feed CAROLINA Made PORK JERKY NET WEIGHT 6OZ (141 G) DISTRIBUTED BY HOLLYWOOD FEED, LLC 1341 WARFORD STREET MEMPHIS, TN 38108 UPC 8 10125 85017 2",810125850172,"Lot 20082523 BEST BY: 02/25/2025 L2","Class I",Ongoing,V-0013-2024,2023-09-27,2023-10-25,,"28cs/24/6 oz bags","Voluntary: Firm initiated",Telephone,https://www.accessdata.fda.gov/scripts/ires/?Product=203520
93131,5,"Hollywood Feed CAROLINA Made USA FARMED RAISED TURKEY JERKY NET WEIGHT 6OZ (141 G) DISTRIBUTED BY HOLLYWOOD FEED, LLC 1341 WARFORD STREET MEMPHIS, TN 38108 UPC 8 10125 85015 8",810125850158,"Lot 20082423 BEST BY: 02/24/2025 L2","Class I",Ongoing,V-0014-2024,2023-09-27,2023-10-25,,"83 cs/24/6 oz bags","Voluntary: Firm initiated",Telephone,https://www.accessdata.fda.gov/scripts/ires/?Product=203521
93284,1,"Retriever All Life Stages Mini Chunk Chicken Recipe Dry Dog Food, Lot numbers: BEST BY 10 2024 3277 TFP and BEST BY 10 2024 3278 TFP",,"BEST BY 10 2024 3277 TFP and BEST BY 10 2024 3278 TFP","Class I",Completed,V-0021-2024,2023-10-20,2023-11-15,,"8,434 bags","Voluntary: Firm initiated",Telephone,https://www.accessdata.fda.gov/scripts/ires/?Product=203833
93324,1,"BLUE RIDGE BEEF Breeders Choice For Dogs Higher Fat Content Keep Frozen Until Ready for Use Net Wt. 2 lbs. (.91kg) Not intended for Human Food UPC 8 54298 00193 1 Manufactured by: Blue Ridge Beef, 417 Garden Valley Rd, Statesville, NC 28625",854298001931,"Lot 08/02/24","Class I",Ongoing,V-0023-2024,2023-10-27,2023-11-15,,"45 cs/15/2 lb tubes","Voluntary: Firm initiated","Press Release",https://www.accessdata.fda.gov/scripts/ires/?Product=203986
93333,1,"Victor Super Premium Dog Food, Select Beef Meal & Brown Rice Formula 1000016890 5 pound bag 6/12/2024, 1000016891 15 pound bag 6/12/2024, 1000016892 40 pound bag 6/12/2024. 11/9/2023 Recall Expanded to include all products made at MAPF s Mount Pleasant, Texas facility with Best By Dates before October 31, 2024.",,"Lot # 1000016890 5 pound bag Best by 6/12/2024 Lot # 1000016891 15 pound bag Best by 6/12/2024 Lot # 1000016892 40 pound bag Best by 6/12/2024 11/9/2023 Expanded to include: All lots with Best By Before 10/31/2024","Class I",Completed,V-0033-2024,2023-10-30,2023-12-20,,"9,508,943 bags","Voluntary: Firm initiated",E-Mail,https://www.accessdata.fda.gov/scripts/ires/?Product=204018
93445,1,"Country Acres Farm Dog 55lb 23233TFP 18 -23316TFP 18 Exclusive Red Flannel Adult Formula Dog Food 40lb 23233TFP 18- 23316TFP 18; Exclusive Red Flannel Bites & Bones Dog Food 50lb 23233TFP 18- 23316TFP 18; Exclusive Signature Adult Dog Chicken & Rice Formula 5lb 23233TFP 18 -23316TFP 18; Exclusive Signature Adult Dog Chicken & Rice Formula 15lb 23233TFP 18- 23316TFP 18; Exclusive Signature Adult Dog Chicken & Rice Formula 30lb 23233TFP 18- 23316TFP 18; Exclusive Signature Lamb & Rice Adult 5lb 23233TFP 18 23316TFP 18; Exclusive Signature Lamb & Rice Adult 15lb 23233TFP 18 23316TFP 18; Exclusive Signature Lamb & Rice Adult 30lb 23233TFP 18 23316TFP 18, Exclusive Signature Large Breed Puppy Food Chicken and Brown Rice Formula 30lb 23233TFP 18 23316TFP 18; H-E-B Texas Pets Chicken Flavor Large Breed Dry Dog Food 30lb 21 AUG 23-12 NOV 23; H-E-B Texas Pets Chicken Flavor Large Breed Dry Dog Fo",,"Best By 10/05/2024- 11/06/2024","Class I",Terminated,V-0026-2024,2023-11-13,2023-12-20,2025-03-03,"22,831.30 tons","Voluntary: Firm initiated",Telephone,https://www.accessdata.fda.gov/scripts/ires/?Product=204346
93641,1,"BLUE RIDGE BEEF RAW PET FOOD Puppy Mix For Dogs Net Wt. 2 lbs. (.91kg) Manufactured by: Blue Ridge Beef PO Box 7261, Statesville, NC 28687 UPC 8 54298 00169 6",854298001696,"All lots between N24 1124 to N24 1224","Class I",Ongoing,V-0027-2024,2023-12-15,2024-01-17,,"590cs/15/2lb tubes","Voluntary: Firm initiated","Press Release",https://www.accessdata.fda.gov/scripts/ires/?Product=205003
93641,2,"BLUE RIDGE BEEF RAW PET FOOD Kitten Grind For Cats Net Wt. 2 lbs (.91 kg) Manufactured by: Blue Ridge Beef PO Box 7261, Statesville, NC 28687 UPC 8 54298 00101 6",854298001016,"All lots between N24 1124 to N24 1224","Class I",Ongoing,V-0028-2024,2023-12-15,2024-01-17,,"239cs/15/2lb tubes","Voluntary: Firm initiated","Press Release",https://www.accessdata.fda.gov/scripts/ires/?Product=205004
93641,3,"BLUE RIDGE BEEF RAW PET FOOD Kitten Mix For Cats Net Wt. 2 lbs. (.91kg) Manufactured by: Blue Ridge Beef PO Box 7261, Statesville, NC 28687 UPC 8 54298 00143 6",854298001436,"All lots between N24 1124 to N24 1224","Class I",Ongoing,V-0029-2024,2023-12-15,2024-01-17,,"374cs/15/2lb tubes","Voluntary: Firm initiated","Press Release",https://www.accessdata.fda.gov/scripts/ires/?Product=205005
93862,1,"VIVA for cats duck net wt. 1 lb (454g) Viva Raw 500 valley Forge Rd, Hillsborough, NC 27278",,"LOT# 22853","Class I",Ongoing,V-0035-2024,2024-01-23,2024-02-07,,"1,376/2/1lb packages","Voluntary: Firm initiated",E-Mail,https://www.accessdata.fda.gov/scripts/ires/?Product=205733
93862,2,"VIVA for dogs Chunked duck net wt. 1 lb (454g) 500 valley Forge Rd, Hillsborough, NC 27278",,"LOT# 22853 11:04 1","Class I",Ongoing,V-0036-2024,2024-01-23,2024-02-07,,"960/2/1lb packages","Voluntary: Firm initiated",E-Mail,https://www.accessdata.fda.gov/scripts/ires/?Product=205745
93862,3,"VIVA for dogs GROUND duck net wt. 1 lb (454g) Viva Raw 500 valley Forge Rd, Hillsborough, NC 27278",,"LOT# 22853","Class I",Ongoing,V-0037-2024,2024-01-23,2024-02-07,,"2,176/2/1lb packages","Voluntary: Firm initiated",E-Mail,https://www.accessdata.fda.gov/scripts/ires/?Product=205746
93862,4,"VIVA PURE duck PETFOODMIXER net wt. 1 lb (454g) Viva Raw 500 valley Forge Rd, Hillsborough, NC 27278",,"LOT# 22853","Class I",Ongoing,V-0038-2024,2024-01-23,2024-02-07,,"368/2/1lb packages","Voluntary: Firm initiated",E-Mail,https://www.accessdata.fda.gov/scripts/ires/?Product=205747
94362,1,"VIVA for cats turkey net wt. 1lb (454g) Distributed by Viva Raw, 500 Valley Forge Rd, Hillsborough, NC 27278",,"Lot #21244","Class II",Ongoing,V-0126-2024,2024-06-12,2024-07-10,,"896/2/1lb units","Voluntary: Firm initiated",Other,https://www.accessdata.fda.gov/scripts/ires/?Product=208395
94362,2,"VIVA for dogs CHUNKED turkey net wt. 1lb (454g) Viva Raw, 500 Valley Forge Rd, Hillsborough, NC 27278",,"Lot #21244","Class II",Ongoing,V-0127-2024,2024-06-12,2024-07-10,,"448/2/1lb units","Voluntary: Firm initiated",Other,https://www.accessdata.fda.gov/scripts/ires/?Product=208397
94362,3,"VIVA for dogs GROUND turkey net wt. 1lb (454g) Viva Raw, 500 Valley Forge Rd, Hillsborough, NC 27278",,"Lot #21244","Class II",Ongoing,V-0128-2024,2024-06-12,2024-07-10,,"880/2/1lb units","Voluntary: Firm initiated",Other,https://www.accessdata.fda.gov/scripts/ires/?Product=208398
94362,4,"VIVA for puppies beef & turkey GROUND net wt. 1lb (454g) Viva Raw, 500 Valley Forge Rd, Hillsborough, NC 27278",,"Lot #21244","Class II",Ongoing,V-0129-2024,2024-06-12,2024-07-10,,"1.888/2/1lb units","Voluntary: Firm initiated",Other,https://www.accessdata.fda.gov/scripts/ires/?Product=208409
94362,5,"VIVA PURE turkey for cats & dogs net wt. 1lb (454g) Viva Raw, 500 Valley Forge Rd, Hillsborough, NC 27278",,"Lot #21244","Class II",Ongoing,V-0130-2024,2024-06-12,2024-07-10,,"368/2/1lb units","Voluntary: Firm initiated",Other,https://www.accessdata.fda.gov/scripts/ires/?Product=208410
94657,1,"44 lb. bag PEDIGREE¿ Adult Complete Nutrition Grilled Steak & Vegetable Flavor Dry Dog Food",,"410B2TXT02 Best By March 4, 2025","Class II",Terminated,V-0123-2024,2024-05-17,2024-06-19,2025-01-30,,"Voluntary: Firm initiated",Telephone,https://www.accessdata.fda.gov/scripts/ires/?Product=207937
94732,1,"Green Tripe: 2 lbs plastic bag, Best-Bully-Sticks-brand (UPC:816807016027); 5 lbs plastic bag, Best-Bully-Sticks-brand (UPC: 816807016010 ); 7oz plastic bags, Barkworthies-brand (UPC:816807015686)",816807015686;816807016010;816807016027,"WO152669 Best By: Mar-Aug 2026 WO153321 Best By: Mar-Aug 2026 WO152107 Best By: Mar-Aug 2026 WO151401 Best By: Jan-Apr 2026 WO152319 Best By: Jan-Apr 2026 WO153179 Best By: Jan-Apr 2026 WO151768 Best By: Feb-Mar 2026 WO152373 Best By: Feb-Mar 2026 WO153121 Best By: Feb-Mar 2026","Class I",Ongoing,V-0124-2024,2024-05-30,2024-06-19,,"5,279 bags","Voluntary: Firm initiated",E-Mail,https://www.accessdata.fda.gov/scripts/ires/?Product=208120
95076,1,"Savage Cat Food Rabbit + Lamb Raw, RTE",,030324,"Class II",Terminated,V-0134-2024,2022-05-27,2024-08-21,2024-08-15,"8 cases (6 boxes/case) and 1 case (18 boxes/case)","Voluntary: Firm initiated",Letter,https://www.accessdata.fda.gov/scripts/ires/?Product=209414
95340,1,"Answers Pet Food Raw Beef Detailed Formula Net Wt. 4 lb (64 oz) (1.8 kg) UPC:856554002102. Packaged in 4-pound (half gallon) cartons. Frozen product. 10 cartons per case.",856554002102,"BUBD: MAY 06, 2026","Class I",Terminated,V-0019-2025,2024-09-22,2024-10-30,2025-02-06,"100 cases (4,000 lbs.)","Voluntary: Firm initiated","Press Release",https://www.accessdata.fda.gov/scripts/ires/?Product=210033
95340,2,"Answers Pet Food Straight Chicken Formula for Dogs Net Wt. 4lb (64 oz) (1.8 kg) UPC:856554002065. Packaged in 4-pound (half gallon) cartons. Frozen product. 10 cartons per case.",856554002065,"BUBD: Jan 02 2026 | BUBD: Mar 11 2026","Class I",Terminated,V-0022-2025,2024-09-22,2024-10-30,2025-02-06,"74 Cases (2,960 lbs.)","Voluntary: Firm initiated","Press Release",https://www.accessdata.fda.gov/scripts/ires/?Product=210300
95340,3,"Answers Pet Food Straight Chicken Formula for Dogs Net Wt. 4lb (64 oz) (1.8 kg) UPC:856554002065. Packaged in 4-pound (half gallon) cartons. Frozen product. 10 cartons per case.",856554002065,"BUBD: Jan 02 2026 | BUBD: Mar 11 2026","Class I",Terminated,V-0022-2025,2024-09-22,2024-10-30,2025-02-06,"74 Cases (2,960 lbs.)","Voluntary: Firm initiated","Press Release",https://www.accessdata.fda.gov/scripts/ires/?Product=210442
95340,4,"Answers Pet Food Raw Beef Straight Formula Net Wt. 4 lb (64 oz) (1.8 kg) UPC:856554002102. Packaged in 4-pound (half gallon) cartons. Frozen product. 10 cartons per case.",856554002102,"BUBD: JAN 31, 2026","Class II",Terminated,V-0020-2025,2024-09-22,2024-10-30,2025-02-06,"73 Cases (2,920 lbs.)","Voluntary: Firm initiated","Press Release",https://www.accessdata.fda.gov/scripts/ires/?Product=210034
95555,1,"Hollywood Feed Carolina Made Dog Treat - Chicken Chips 4 oz UPC 8 10125 85028 8. Packaged in a stand up resealable pouch. 24 pouches per case",810125850288,"Product lot number: 20082724 Expiration date: 02/27/26 Bulk product lot number: 20072924-7","Class I",Ongoing,V-0031-2025,2024-10-07,2024-10-30,,"4,224 oz./44 cases","Voluntary: Firm initiated",E-Mail,https://www.accessdata.fda.gov/scripts/ires/?Product=210578
95833,1,"Hollywood Feed Carolina Made Dog Treat - Chicken Chips Net Wt. 16 oz. UPC: 810125850295 Packaged in a stand up resealable pouch. 16 bags per case.",810125850295,"Lot: 20051324L2 Expiration date 11/13/25.","Class I",Ongoing,V-0042-2025,2024-11-15,2024-12-11,,"6400 oz/400 bags","Voluntary: Firm initiated","Two or more of the following: Email, Fax, Letter, Press Release, Telephone, Visit",https://www.accessdata.fda.gov/scripts/ires/?Product=211314
95879,1,"Blue Ridge Beef Puppy Mix For Dogs Net Wt. 2 lbs (.91 kg) UPC: 854298001696. Packaged in clear plastic chub bags, 15 packages per case. Frozen.",854298001696,"Lots 08/06/N25 and 08/16/N25","Class I",Terminated,V-0046-2025,2024-11-27,2024-12-18,2025-03-28,"320 cases/9,600lbs","Voluntary: Firm initiated",E-Mail,https://www.accessdata.fda.gov/scripts/ires/?Product=211434
95964,1,"Open Farm Freeze-Dried Raw Pork Recipe. Packaged in pouches. Net Weight 3.5 oz (99g), UPC: 683547126053, 12 pouches per case Net Weight 13.5 oz (382g), UPC: 628451123651, 6 pouches per case Net Weight 22 oz (623g), UPC: 683547124172, 4 pouches per case",628451123651;683547124172;683547126053,"17-BO-016556, 24235PRDDPS, MFD 8/22/2024, BBD 8/22/2026 17-BO-018009, 24313PRDDPS, MFD 11/8/2024, BBD 11/8/2026 17-BO-016557, 24235PRDDPS, MFD 8/22/2024, BBD 8/22/2026 17-BO-016602, 24239PRDDPS, MFD 8/26/2024, BBD 8/26/2026 17-BO-016534, 24234PRDDPS, MFD 8/21/2024, BBD 8/21/2026 17-BO-018010, 24313PRDDPS, MFD 11/8/2024, BBD 11/8/2026","Class III",Terminated,V-0048-2025,2024-12-11,2024-12-25,2026-04-28,"10,064.33 lbs","Voluntary: Firm initiated",E-Mail,https://www.accessdata.fda.gov/scripts/ires/?Product=211656
95964,2,"Open Farm Freeze-Dried Raw Homestead Turkey Recipe. Packaged in pouches. Net Weight 3.5 oz (99g), UPC: 683547126008, 12 pouches per case Net Weight 13.5 oz (382g), UPC: 328451123606, 6 pouches per case Net Weight 22 oz (623g), UPC: 683547124127, 4 pouches per case",328451123606;683547124127;683547126008,"17-BO-016738, 24256TRDDPS, MFD 9/12/2024, BBD 9/12/2026 17-BO-017546, 24285TRDDPS, MFD 10/11/2024, BBD 10/11/2026 17-BO-017578, 24295TRDDPS, MFD 10/21/2024, BBD 10/21/2026 17-BO-017797, 24296TRDDPS, MFD 10/22/2024, BBD 10/22/2026 17-BO-018166, 24316TRDDPS, MFD 11/11/2024, BBD 11/11/2026 17-BO-016739, 24250TRDDPS, MFD 9/6/2024, BBD 9/6/2026 17-BO-016863, 24256TRDDPS, MFD 9/12/2024, BBD 9/12/2026 17-BO-017630, 24296TRDDPS, MFD 10/22/2024, BBD 10/22/2026 17-BO-018167, 24316TRDDPS, MFD 11/11/2024 BBD 11/11/2026 17-BO-016737, 24250TRDDPS, MFD 9/6/2024, BBD 9/6/2026 17-BO-017580, 24295TRDDPS, MFD 10/21/2024, BBD10/21/2026","Class III",Terminated,V-0049-2025,2024-12-11,2024-12-25,2026-04-28,"13,029.89 lbs","Voluntary: Firm initiated",E-Mail,https://www.accessdata.fda.gov/scripts/ires/?Product=211689
95964,3,"Open Farm Freeze-Dried Raw Grass-Fed Beef Recipe. Packaged in pouches. Net Weight 3.5 oz (99g), UPC: 683547126022, 12 pouches per case Net Weight 13.5 oz (382g), UPC: 328451123626, 6 pouches per case Net Weight 22 oz (623g), UPC: 683547124141, 4 pouches per case Net Weight 31.5 oz (893g), UPC: 683547129207, 4 pouches per case",328451123626;683547124141;683547126022;683547129207,"17-BO-016735, 24248BFDDPS, MFD 9/4/2024, BBD 9/4/2026 17-BO-016868, 24257BFDDPS, MFD 9/13/2024, BBD 9/13/2026 17-BO-017800, 24298BFDDPS, MFD 10/24/2024, BBD 10/24/2026 17-BO-018172, 24320BFDDP, MFD 11/15/2024, BBD 11/15/2026 17-BO-016733, 24247BFDDPS, MFD 9/3/2024, BBD 9/3/2026 17-BO-017811, 24298BFDDPS, MFD 10/24/2024, BBD 10/24/2026 17-BO-017859, 24303BFDDPS, MFD 10/29/2024, BBD 10/29/2026 17-BO-016736, 24248BFDDPS, MFD 9/4/2024, BBD 9/4/2026 17-BO-017861, 24303BFDDPS, MFD 10/29/2024, BBD 10/29/2026 17-BO-016734, 24247BFDDPS, MFD 9/3/2024, BBD 9/3/2026 17-BO-017860, 24303BFDDPS, MFD 10/29/2024, BBD 10/29/2026","Class III",Terminated,V-0050-2025,2024-12-11,2024-12-25,2026-04-28,"21,274.45 lbs","Voluntary: Firm initiated",E-Mail,https://www.accessdata.fda.gov/scripts/ires/?Product=211706
95964,4,"Open Farm Freeze-Dried Raw Surf & Turf Recipe. Packaged in pouches. Net Weight 3.5 oz (99g), UPC: 683547126062, 12 pouches per case Net Weight 13.5 oz (382g), UPC: 328451123637, 6 pouches per case Net Weight 22 oz (623g), UPC: 683547124155, 4 pouches per case",328451123637;683547124155;683547126062,"17-BO-017437, 24281STDDPS, MFD 10/7/2024, BBD 10/7/2026 17-BO-017576, 24292STDDPS, MFD 10/18/2024, BBD 10/18/2026 17-BO-017862, 24311STDDPS, MFD 11/6/2024, BBD 11/6/2026 17-BO-018271, 24317STDDPS, MFD11/12/2024, BBD 11/12/2026 17-BO-016609, 24243STDDPS, MFD 8/30/2024, BBD 8/30/2026 17-BO-017629, 24288STDDPS, MFD 10/14/2024, BBD 10/14/2026 17-BO-018104, 24310STDDPS, MFD 11/5/2024, BBD 11/5/2026 17-BO-017577, 24288STDDPS, MFD 10/14/2024, BBD 10/14/2026 17-BO-017654, 24292STDDPS, MFD 10/18/2024, BBD 10/18/2026 17-BO-018105, 24310STDDPS, MFD 11/5/2024, BBD 11/5/2026 17-BO-018112, 24311STDDPS, MFD 11/6/2024, BBD 11/6/2026 17-BO-018170, 24317STDDPS, MFD 11/12/2024, BBD 11/12/2026","Class III",Terminated,V-0051-2025,2024-12-11,2024-12-25,2026-04-28,"21,530.81 lbs","Voluntary: Firm initiated",E-Mail,https://www.accessdata.fda.gov/scripts/ires/?Product=211729
95964,5,"Open Farm Freeze-Dried Raw Lamb Recipe. Packaged in pouches. Net Weight 3.5 oz (99g), UPC: 683547126046, 12 pouches per case Net Weight 13.5 oz (382g), UPC: 328451123644, 6 pouches per case Net Weight 22 oz (623g), UPC: 683547124165, 4 pouches per case",328451123644;683547124165;683547126046,"17-BO-017006, 24261LBDDPS, MFD 9/17/2024, BBD 9/17/2026 17-BO-017081, 24263LBDDPS, MFD 9/19/2024, BBD 9/19/2026 17-BO-016603, 24239LBDDPS, MFD 8/26/2024, BBD 8/26/2026 17-BO-016662, 24240LBDDPS, MFD 8/27/2024, BBD 8/27/2026 17-BO-017440, 24282LBDDPS, MFD 10/8/2024, BBD 10/8/2026 17-BO-017766, 24312LBDDPS, MFD 11/7/2024, BBD 11/7/2026 17-BO-016604, 24240LBDDPS, MFD 8/27/2024, BBD 8/27/2026 17-BO-017767, 24312LBDDPS, MFD 11/7/2024, BBD 11/7/2026","Class III",Terminated,V-0052-2025,2024-12-11,2024-12-25,2026-04-28,"10,929.91 lbs","Voluntary: Firm initiated",E-Mail,https://www.accessdata.fda.gov/scripts/ires/?Product=211730
95964,6,"Global Animal Partnership Open Farm Red Meat Fiesta Freeze Dried Meat Morsels, Barcode 13371. Weight-up to 600 lbs. Packaged in bulk corrugated totes.",,"17-BO-017163, 24269FRP, MFD 9/25/2024, BBD 3/26/2025 17-BO-017216, 24269FRP, MFD 9/25/2024, BBD 3/26/2025 17-BO-017217, 24270FRP, MFD 9/26/2024, BBD 3/27/2025 17-BO-017218, 24270FRP, MFD 9/26/2024, BBD 3/27/2025 17-BO-017219, 24271FRP, MFD 9/27/2024, BBD 3/28/2025 17-BO-017220, 24271FRP, MFD 9/27/2024, BBD 3/28/2025 17-BO-017221, 24271FRP, MFD 9/27/2024, BBD 3/28/2025 17-BO-017244, 24273FRP, MFD 9/29/2024, BBD 3/30/2025 17-BO-017245, 24273FRP, MFD 9/29/2024 , BBD 3/30/2025 17-BO-017247, 24273FRP, MFD 9/29/2024, BBD3/30/2025 17-BO-017242, 24274FRP, MFD 9/30/2024, BBD 3/31/2025 17-BO-017246, 24274FRP, MFD 9/30/2024, BBD 3/31/2025 17-BO-017248, 24275FRP, MFD 10/1/2024, BBD 4/1/2025 17-BO-017271, 24277FRP, MFD 10/3/2024, BBD 4/3/2025 17-BO-017272, 24277FRP, MFD 10/3/2024 , BBD 4/3/2025 17-BO-017326, 24277FRP, MFD 10/3/2024 , BBD 4/3/2025 17-BO-017327, 24278FRP, MFD 10/4/2024 , BBD 4/4/2025 17-BO-017328, 24278FRP, MFD 10/4/2024 , BBD 4/4/2025 17-BO-017329, 24278FRP, MFD 10/4/2024 , BBD4/4/2025 17-BO-017330, 24278FRP, MFD 10/4/2024, BBD 4/4/2025 17-BO-017961, 24307FRP, MFD 11/2/2024, BBD 5/3/2025 17-BO-017962, 24308FRP, MFD 11/3/2024, BBD 5/4/2025 17-BO-017963, 24308FRP, MFD 11/3/2024, BBD 5/4/2025 17-BO-017964, 24308FRP, MFD 11/3/2024, BBD 5/4/2025 17-BO-018035, 24311FRP, MFD 11/6/2024, BBD 5/7/2025 17-BO-018038, 24311FRP, MFD 11/6/2024, BBD 5/7/2025 17-BO-018039, 24311FRP, MFD 11/6/2024, BBD 5/7/2025 17-BO-018040, 24311FRP, MFD 11/6/2024, BBD 5/7/2025 17-BO-018041, 24311FRP, MFD 11/6/2024, BBD 5/7/2025 17-BO-018042, 24311FRP, MFD 11/6/2024, BBD 5/7/2025 17-BO-018044, 24311FRP, MFD 11/6/2024, BBD 5/7/2025 17-BO-018282, 24318FRP, MFD 11/13/2024, BBD 5/14/2025 17-BO-018283, 24318FRP, MFD 11/13/2024, BBD 5/14/2025 17-BO-018045, 24319FRP, MFD 11/14/2024, BBD 5/15/2025 17-BO-018284, 24319FRP, MFD 11/14/2024, BBD 5/15/2025","Class III",Terminated,V-0053-2025,2024-12-11,2024-12-25,2026-04-28,"54,299 lbs","Voluntary: Firm initiated",E-Mail,https://www.accessdata.fda.gov/scripts/ires/?Product=211731
96016,1,"Smallbatch Dog Chicken Recipe Patties 6lbs (2.72kg), UPC: 705105969879. Packaged in a plastic pouch, 6 pouches per case. Bulk 18 lb, UPC: 019962376931. Packaged in an cardboard box",019962376931;705105969879,"Best by 21 FEB 2026 Lot: 24326 CPATL","Class I",Terminated,V-0054-2025,2024-12-16,2024-12-25,2025-02-14,"206 cases","Voluntary: Firm initiated",Telephone,https://www.accessdata.fda.gov/scripts/ires/?Product=211791
96096,1,"Blue Ridge Beef Kitten Mix Net Wt. 2 lbs (.91 kg) UPC: 8542980013436. Packaged in clear plastic chub bags, 15 packages per case.",8542980013436,"Lot 07/16/N25","Class I",Terminated,V-0059-2025,2025-01-03,2025-01-22,2025-03-21,"1,350 lbs","Voluntary: Firm initiated","Press Release",https://www.accessdata.fda.gov/scripts/ires/?Product=211996
96213,1,"Blue Ridge Beef Natural Mix For Dogs Net Wt. 2 lbs (.91 kg) UPC:854298001054 clear plastic chub bags, 15 per case. Frozen",854298001054,"Lot N25/1231","Class I",Terminated,V-0060-2025,2025-01-31,2025-02-12,2025-03-26,"190 cases/5,700 lbs","Voluntary: Firm initiated","Two or more of the following: Email, Fax, Letter, Press Release, Telephone, Visit",https://www.accessdata.fda.gov/scripts/ires/?Product=212361
96410,1,"Wild Coast Raw Boneless Free Range Chicken Feline Formula 24 oz and 16 oz. Packaged in plastic tubs, 8 tubs per case.",,"Lots 22660, 22653, 22641, 22639, 22672 and 22664 Expiration date: 12/25","Class I",Terminated,V-0074-2025,2025-03-01,2025-03-26,2025-04-29,"4,800 lbs","Voluntary: Firm initiated",E-Mail,https://www.accessdata.fda.gov/scripts/ires/?Product=212806
96442,1,"ZP 8 in 1 Multivitamin Bites Peanut Butter Flavor 90 Soft Chews, 11.1 oz. Item# PZP1124J40Q, UPC: 856521007925.Packaged in plastic canisters. 40 canisters per case.",856521007925,"Lots: 20250361-1PR, 20250361-2PR, 20250361-3PR, BB: 08/2025","Class I",Terminated,V-0062-2025,2025-02-17,2025-03-26,2025-04-07,"10139.04 lbs/365 cases","Voluntary: Firm initiated",E-Mail,https://www.accessdata.fda.gov/scripts/ires/?Product=212895
96442,2,"ZP Allergy & Immune Bites Salmon Flavor 90 Soft Chews, 11.1 oz. Item# PZPS055J40Q, UPC: 854880008997.Packaged in plastic canisters. 40 canisters per case.",854880008997,"Lots: 20250331-1PR & 20250331-2PR, BB: 08/2026","Class I",Terminated,V-0063-2025,2025-02-17,2025-03-26,2025-04-07,"6635.52 lbs/239 cases","Voluntary: Firm initiated",E-Mail,https://www.accessdata.fda.gov/scripts/ires/?Product=212896
96442,3,"ZP Allergy & Immune Bites Lamb Flavor 50 Soft Chews, 6.1 oz. Item# PZPS054J36R, UPC: 810030594017.Packaged in plastic canisters. 36 canisters per case. ZP Allergy & Immune Bites Lamb Flavor 250 Soft Chews, 30.8 oz. Item# PZPS054J15C, UPC: 854880008904.Packaged in plastic canisters. 15 canisters per case.",810030594017;854880008904,"50 count-Lot: 20250301PR, BB:07/2026 250 count-Lot: 20250311APR, BB:07/2026","Class I",Terminated,V-0064-2025,2025-02-17,2025-03-26,2025-04-07,"5,842.69 lbs/321 cases","Voluntary: Firm initiated",E-Mail,https://www.accessdata.fda.gov/scripts/ires/?Product=212897
96442,4,"ZP Hemp Elements Hip & Joint Bites Mobility Chicken Flavor 90 Soft Chews, 11.1 oz. Item# PZP1138J40Q, UPC: 854880008409.Packaged in plastic canisters. 40 canisters per case.",854880008409,"Lot: 20250321PR, BB: 08/2026","Class I",Terminated,V-0065-2025,2025-02-17,2025-03-26,2025-04-07,"3408.39 lbs/124 cases","Voluntary: Firm initiated",E-Mail,https://www.accessdata.fda.gov/scripts/ires/?Product=212899
96442,5,"ZP Stay Green Bites Beef Flavor 90 Soft Chews, 11.1 oz. Item# PZPS114J40Q , UPC: 854880008973.Packaged in plastic canisters. 40 canisters per case.",854880008973,"Lot: 20250351PR, BB: 08/2025","Class I",Terminated,V-0066-2025,2025-02-17,2025-03-26,2025-04-07,"2938.93 lbs/104 cases","Voluntary: Firm initiated",E-Mail,https://www.accessdata.fda.gov/scripts/ires/?Product=212900
96442,6,"ZP Skin & Coat Bites + Salmon Oil Bites Bacon Flavor 90 Soft Chews, oz. Item# PZPS074J40Q, UPC: 810030590767.Packaged in plastic canisters. canisters per case.",810030590767,"Lot: 20250331PR, BB:08/2026","Class I",Terminated,V-0067-2025,2025-02-17,2025-03-26,2025-04-07,"3250.05 lbs/117 cases","Voluntary: Firm initiated",E-Mail,https://www.accessdata.fda.gov/scripts/ires/?Product=213032
96442,7,"ZP Allergy & Immune Mini Bites Lamb Flavor 90 Soft Chews, 5.5 oz. Item# PZPS111J36S , UPC: 810030591856 .Packaged in plastic canisters. 36 canisters per case.",810030591856,"Lot: 20250311PR , BB:07/2026","Class I",Terminated,V-0068-2025,2025-02-17,2025-03-26,2025-04-07,"3139.64 lbs/251 cases","Voluntary: Firm initiated",E-Mail,https://www.accessdata.fda.gov/scripts/ires/?Product=213036
96509,1,"Savage Cat Food Chicken 84 oz. Packaged in boxes containing 28, 3 oz plastic packets of product. Frozen product. Savage Cat Food Chicken 21 oz. Packaged in boxes containing 7, 3 oz plastic packets of product. Frozen product.",,"Lot 11152026","Class I",Terminated,V-0078-2025,2025-03-14,2025-03-26,2025-05-12,"444 lbs","Voluntary: Firm initiated","Press Release",https://www.accessdata.fda.gov/scripts/ires/?Product=213059
96610,1,"SUPERCAN Bully Sticks Pig Ear Slivers Thick Cut Piggy Ear Slices Pork Chews 15.9 oz/453 grams UPC: 7709417695092",7709417695092,"Exp 11/09/2026","Class I",Terminated,V-0077-2025,2025-03-28,2025-04-30,2025-08-27,"500 bags","Voluntary: Firm initiated",E-Mail,https://www.accessdata.fda.gov/scripts/ires/?Product=213248
96687,1,"Blue Ridge Beef Kitten Mix For Cats Net Wt. 2 lbs (.91 kg) UPC: 8542980013436. Packaged in clear plastic chub bags, 15 packages per case.",8542980013436,"N26 0114","Class I",Terminated,V-0075-2025,2025-04-11,2025-04-30,2025-05-13,"540 units","Voluntary: Firm initiated",E-Mail,https://www.accessdata.fda.gov/scripts/ires/?Product=213402
96687,2,"Blue Ridge Beef Puppy Mix For Dogs Net Wt. 2 lbs (.91 kg) UPC: 854298001696. Packaged in clear plastic chub bags, 15 packages per case. Frozen.",854298001696,"N25 1230","Class I",Terminated,V-0076-2025,2025-04-11,2025-04-30,2025-05-13,"690 units","Voluntary: Firm initiated",E-Mail,https://www.accessdata.fda.gov/scripts/ires/?Product=213403
97494,1,"Viva for Dogs Ground Chicken Complete Dog Food Net WT. 1 lb (454g)",,"Lot 21975","Class I",Terminated,V-0001-2026,2025-08-25,2025-09-03,2025-11-13,"2640 units","Voluntary: Firm initiated","Two or more of the following: Email, Fax, Letter, Press Release, Telephone, Visit",https://www.accessdata.fda.gov/scripts/ires/?Product=215757
97494,2,"Viva for Dogs Chunked Chicken Complete Dog Food Net Wt. 1 lb (454g)",,"Lot 21975","Class I",Terminated,V-0002-2026,2025-08-25,2025-09-03,2025-11-13,"554 units","Voluntary: Firm initiated","Two or more of the following: Email, Fax, Letter, Press Release, Telephone, Visit",https://www.accessdata.fda.gov/scripts/ires/?Product=215758
97494,3,"Viva for Dogs Ground Beef Complete Dog Food Net Wt. 1 lb (454g)",,"Lot 21495","Class I",Terminated,V-0003-2026,2025-08-25,2025-09-03,2025-11-13,"13301 units","Voluntary: Firm initiated","Two or more of the following: Email, Fax, Letter, Press Release, Telephone, Visit",https://www.accessdata.fda.gov/scripts/ires/?Product=215759
97494,4,"Viva for Puppies Beef & Turkey Complete Puppy Food Net Wt. 1 lb (454g)",,"Lot 21495","Class I",Terminated,V-0004-2026,2025-08-25,2025-09-03,2025-11-13,"2261 units","Voluntary: Firm initiated","Two or more of the following: Email, Fax, Letter, Press Release, Telephone, Visit",https://www.accessdata.fda.gov/scripts/ires/?Product=215760
97494,5,"Viva for Cats Chicken Complete Cat Food Net Wt. 1 lb (454g)",,"Lot 21975","Class I",Terminated,V-0005-2026,2025-08-25,2025-09-03,2025-11-13,"6120 units","Voluntary: Firm initiated","Two or more of the following: Email, Fax, Letter, Press Release, Telephone, Visit",https://www.accessdata.fda.gov/scripts/ires/?Product=215761
97494,6,"Viva Pure Chicken Dog & Cat Food Mixer Net Wt. 1 lb (454g)",,"Lot 21975","Class I",Terminated,V-0006-2026,2025-08-25,2025-09-03,2025-11-13,"371 units","Voluntary: Firm initiated","Two or more of the following: Email, Fax, Letter, Press Release, Telephone, Visit",https://www.accessdata.fda.gov/scripts/ires/?Product=215762
97658,1,"Darwin's Natural Pet Products BioLogics, All-Natural & Grain-Free BEEF RECIPE FOR DOGS Nt Wt. 2lbs/907g. Packaged in polyethylene vacuum sealed packages. Frozen",,"Lot No: 11895 MFG. Date: Jul 29 2025 | Lot No: 11826, MFG. Date: Jul 07 2025","Class I",Terminated,V-0011-2026,2025-09-19,2025-10-15,2025-12-11,"2808 units","Voluntary: Firm initiated",E-Mail,https://www.accessdata.fda.gov/scripts/ires/?Product=216256
97658,2,"Darwin's Natural Pet Products BioLogics, All-Natural & Grain-Free BEEF RECIPE FOR DOGS Nt Wt. 2lbs/907g. Packaged in polyethylene vacuum sealed packages. Frozen",,"Lot No: 11895 MFG. Date: Jul 29 2025 | Lot No: 11826, MFG. Date: Jul 07 2025","Class I",Terminated,V-0011-2026,2025-09-19,2025-10-15,2025-12-11,"2808 units","Voluntary: Firm initiated",E-Mail,https://www.accessdata.fda.gov/scripts/ires/?Product=216550
97743,1,"Nature's Own Pet Chews Bully Bites 1 pound Net Wt. 16oz (454g) UPC: 739598900750. Packaged in resealable plastic bags, 12 bags per case.",739598900750,"lots 19379, 19389, 19381, 19382 Expiration September 2027","Class I",Terminated,V-0008-2026,2025-10-01,2025-10-15,2026-04-24,"312 bags, 312 lbs.","Voluntary: Firm initiated",E-Mail,https://www.accessdata.fda.gov/scripts/ires/?Product=216476
97762,1,"Chicken Hearts Whole Raw Dog Barkery Treats for Cats and Dogs Freeze-Dried Whole Chicken Hearts net weight 3 oz (85 grams), UPC: 797132 874073, packaged in clear plastic pouches. Raw Dog Barkery Treats for Cats and Dogs Freeze-Dried Whole Chicken Hearts net weight 16 oz (453.6 grams), UPC: 765855 248785, packaged in clear plastic pouches. Also sampled What's In The Bowl Pet Treats Freeze-Dried Whole Chicken Hearts net weight 3 oz (85 grams), UPC: 797132 874073, packaged in clear plastic pouches. What's In The Bowl Pet Treats Freeze-Dried Whole Chicken Hearts net weight 16 oz (453.6 grams), UPC: 765855 248785, packaged in clear plastic pouches.",765855248785;797132874073,"Lot 030527","Class I",Terminated,V-0012-2026,2025-10-03,2025-10-29,2025-12-15,"34 units/14.5 lbs","Voluntary: Firm initiated",Telephone,https://www.accessdata.fda.gov/scripts/ires/?Product=216527
97762,2,"Chicken Hearts Sliced BellePepper Cats Freeze Dried Chicken Heart Slices Treats for Cats & Dogs Net Wt. 3 oz (83 grams), UPC: 711709 141955, packaged in clear plastic pouches. Freeze Dried Chicken Heart Raw treats Kanu Pet Net Wt. 3 oz, UPC: 7707708816188, packaged in clear plastic pouches.",711709141955;7707708816188,"Lot 031627","Class I",Terminated,V-0013-2026,2025-10-03,2025-10-29,2025-12-15,"48 units/9 lbs","Voluntary: Firm initiated",Telephone,https://www.accessdata.fda.gov/scripts/ires/?Product=216668
97762,3,"Raw Dog Barkery Treats for Cats & Dogs Freeze Dried Noah's Ark net weight 16oz (453.6 grams), UPC: 765855 249041, packaged in clear plastic pouches.",765855249041,"Lot 100126","Class I",Terminated,V-0014-2026,2025-10-03,2025-10-29,2025-12-15,"4 units/4 lbs","Voluntary: Firm initiated",Telephone,https://www.accessdata.fda.gov/scripts/ires/?Product=216673
97762,4,"Raw Dog Barkery Treats for Cats & Dogs Freeze Dried Uncle Clyde's Bucket of Chicken net weight 16oz (453.6 grams), UPC: 765855 249041, packaged in clear plastic pouches.",765855249041,"Lots 121426, 011526","Class I",Terminated,V-0015-2026,2025-10-03,2025-10-29,2025-12-15,"9 units/9 lbs","Voluntary: Firm initiated",Telephone,https://www.accessdata.fda.gov/scripts/ires/?Product=216674
97769,1,"Raw Bistro Dog Fare Grass-Fed Beef Entree Net Wt. 3 lb (1.36kg) approx. 24 patties UPC 8 5883300224 7. Packaged in resealable pouches, 6 per case. Frozen Raw Bistro Dog Fare Grass Fed Beef Entree Net Wt. 18 lb (8.16 kg) bulk box (36 8 oz. patties) UPC 8 5883300262 9. Packaged in corrugated boxes. Frozen.",858833002247;858833002629,"Best By Date 08/27/2026 Lot 239","Class I",Terminated,V-0009-2026,2025-10-10,2025-10-22,2025-12-15,"3204 lbs","Voluntary: Firm initiated","Press Release",https://www.accessdata.fda.gov/scripts/ires/?Product=216546
97982,1,"Bonnihill Farms Pet Foods BeefiBowls Beef Recipe Dog Food, Net Wt 16 oz (454g) UPC: 172705135004. Packaged in plastic retail chubs. 3, 16 oz chubs packaged in plastic bag. UPC: 072705135011 4, 3lb bags packages in a case UPC is: 072705135028",0727051350114;172705135004,12/25/2026B01,"Class I",Terminated,V-0027-2026,2025-10-10,2025-11-26,2026-03-13,"300 cases","Voluntary: Firm initiated","Two or more of the following: Email, Fax, Letter, Press Release, Telephone, Visit",https://www.accessdata.fda.gov/scripts/ires/?Product=217373
98221,1,"1) Country Vet Biscuits Original Meaty Flavor with Chicken, Medium Size, Net Weight 4 LBS. (1.81 KG.) bag, UPC 899623000463, Manufactured by Consumers Supply Distributing, North Sioux City, SD 57049, packed 8 bags per case 2) Heartland Harvest Dog Biscuits, Meaty Flavor with Chicken, Medium Size, Net Weight 4 LBS. (1,8 KG.) bag, UPC 840227340691, Manufactured for Mid-States Distributing, LLC, Fort Worth, TX 76137, packed 8 bags per case",840227340691;899623000463,"1) Lot 40906513; Best By 090626; Product Code (on case): P1035 2) Lot 40906513; Best By 090626; Item Code (on case): P1150","Class I",Terminated,V-0030-2026,2025-12-24,2026-01-28,2026-02-24,"1) 113 cases; 2) 432 cases; 545 cases TOTAL","Voluntary: Firm initiated","Press Release",https://www.accessdata.fda.gov/scripts/ires/?Product=217915
98224,1,"Pet food and treats purchased from this distributor August 1 thru November 24, 2025.",,"All pet food and treats purchased from this firm between 8/1/2025 and 11/24/2025.","Class II",Ongoing,V-0029-2026,2025-12-26,2026-01-14,,unknown,"Voluntary: Firm initiated","Press Release",https://www.accessdata.fda.gov/scripts/ires/?Product=217919
98309,1,"Animal Medical Clinic, Keto-C Wipes, Ketoconazole 2% Chlorhexidine 1%, For Dogs & Cats, 50 wipes, Manufactured for: Stratford Animal Care, 4027 Tampa Road, Oldsmar, FL 34677 877-498-2002 "" www.stratfordrx.com, www.Animal-Medical-Clinic.com 4020 South Babcock St. | Melbourne, Florida 32901, UPC 1 69682 51004 4.",169682510044,"Lot # 251086, Exp Date: 03/2027","Class II",Ongoing,V-0063-2026,2026-01-27,2026-02-11,,,"Voluntary: Firm initiated","Two or more of the following: Email, Fax, Letter, Press Release, Telephone, Visit",https://www.accessdata.fda.gov/scripts/ires/?Product=218487
98309,2,"Curaseb, Chlorhexidine Antiseptic Pads, for dogs & cats, 50 Pads, Anti-Fungal, Anti-Bacterial, Anti-Yeast, Manufactured for: Bexley Labs, Los Angeles, CA, Tel: 888.935.4512, www.curaseb.com",,"Lot # 251086, Exp Date: 03/2027","Class II",Ongoing,V-0064-2026,2026-01-27,2026-02-11,,,"Voluntary: Firm initiated","Two or more of the following: Email, Fax, Letter, Press Release, Telephone, Visit",https://www.accessdata.fda.gov/scripts/ires/?Product=218488
98309,3,"Boca Village Animal Hospital, Chlorhexidine 2%, Ketoconazole 1%, Antiseptic Wipes, 50 ct, For Dogs & Cats, Distributed by: Stratford Animal Care, 4027 Tampa Road, Oldsmar, FL 34677, 877-498-2002, www.stratfordrx.com",,"Lot # 251086, Exp Date: 03/2027","Class II",Ongoing,V-0065-2026,2026-01-27,2026-02-11,,,"Voluntary: Firm initiated","Two or more of the following: Email, Fax, Letter, Press Release, Telephone, Visit",https://www.accessdata.fda.gov/scripts/ires/?Product=218489
98309,4,"Deer Park Animal Hospital, Keto-C Wipes, Formulated for Dogs, Cats, & Horses, 50 Wipes, Manufactured for: Stratford Animal Care, Odessa, FL 33556, 877-498-2002, www.stratfordrx.com",,"Lot # 251086, Exp Date: 03/2027","Class II",Ongoing,V-0067-2026,2026-01-27,2026-02-11,,,"Voluntary: Firm initiated","Two or more of the following: Email, Fax, Letter, Press Release, Telephone, Visit",https://www.accessdata.fda.gov/scripts/ires/?Product=218491
98309,5,"Eco Deco Pet Hospital, Keto-C Wipes, Net Contents: 50 Wipes, For Dogs & Cats, Manufactured for: Stratford Animal Care, 4027 Tampa Road, Oldsmar, FL 33556, Eco Deco Pet Hospital, 1539 Alton Road, Miami Beach, FL 33139.",,"Lot # 251086, Exp Date: 03/2027","Class II",Ongoing,V-0069-2026,2026-01-27,2026-02-11,,,"Voluntary: Firm initiated","Two or more of the following: Email, Fax, Letter, Press Release, Telephone, Visit",https://www.accessdata.fda.gov/scripts/ires/?Product=218493
98309,6,"Emancipet, Ketoconazole & Chlorhexidine wipes, For Dogs & Cats, 50 Wipes, 1-866-441-9248, www.emancipet.org",,"Lot # 251086, Exp Date: 03/2027","Class II",Ongoing,V-0070-2026,2026-01-27,2026-02-11,,,"Voluntary: Firm initiated","Two or more of the following: Email, Fax, Letter, Press Release, Telephone, Visit",https://www.accessdata.fda.gov/scripts/ires/?Product=218494
98309,7,"ChloraSeb, Antiseptic Wipes, Chlorhexidine 2% Ketoconazole 1%, With Soothing Aloe Vera, 50 Pledget Wipes, For Dogs & Cats, Distributed by: PHS Pet Health Solutions, 34485 7th St., Union City, CA 94587, pethealthsolutions.com, UPC 8 14087 00590 8.",814087005908,"Lot # 251086, Exp Date: 03/2027","Class II",Ongoing,V-0071-2026,2026-01-27,2026-02-11,,,"Voluntary: Firm initiated","Two or more of the following: Email, Fax, Letter, Press Release, Telephone, Visit",https://www.accessdata.fda.gov/scripts/ires/?Product=218498
98309,8,"Island Animal Hospital, Keto-C Wipes, For Dogs, Cats, & Horses, Antiseptic Wipes, Chlorhexidine 2%, Ketoconazole 1%, 50ct Wipes, Visit: Island Animal Hospital at Viera, 5485 Lorkey Lane, Melbourne, FL 32940, Stratford Animal Care, 4027 Tampa Road, Oldsmar, FL 34677.",,"Lot # 251086, Exp Date: 03/2027","Class II",Ongoing,V-0072-2026,2026-01-27,2026-02-11,,,"Voluntary: Firm initiated","Two or more of the following: Email, Fax, Letter, Press Release, Telephone, Visit",https://www.accessdata.fda.gov/scripts/ires/?Product=218500
98309,9,"King's Crossing Animal Hospital, Keto-C Wipes, 50 Wipes, Formulate for Dogs, Cats & Horses, For Veterinary Use Only, King s Crossing Animal Hospital, 7607 NC Hwy 68 N Suite E Oak Ridge, NC 27310, 336-644-7606, Manufactured for: Stratford Animal Care, 4027 Tampa Road, Oldsmar, FL 34677.",,"Lot # 251086, Exp Date: 03/2027","Class II",Ongoing,V-0073-2026,2026-01-27,2026-02-11,,,"Voluntary: Firm initiated","Two or more of the following: Email, Fax, Letter, Press Release, Telephone, Visit",https://www.accessdata.fda.gov/scripts/ires/?Product=218501
98309,10,"Lake Oconee Animal Hospital, Keto-C Wipes, 50 Wipes, For Dogs, Cats & Horses, For Veterinary Use Only, Lake Oconee Animal Hospital, 613 Old Phoenix Road, Eatonton, Georgia 31024, Distributed by: Stratford Animal Care, 4027 Tampa Road, Oldsmar, FL 34677.",,"Lot # 251086, Exp Date: 03/2027","Class II",Ongoing,V-0075-2026,2026-01-27,2026-02-11,,,"Voluntary: Firm initiated","Two or more of the following: Email, Fax, Letter, Press Release, Telephone, Visit",https://www.accessdata.fda.gov/scripts/ires/?Product=218503
98309,11,"Mills Animal Hospital, Ketoconazole & Chlorhexidine Wipes, 50 Wipes, Cucumber Melon, For Dogs & Cats, Mills Animal Hospital, 4514 N. Cobb Pkwy NW, Suite 112, Acworth, GA 30101, 415 Villa Rica Way SW, Marietta, GA 30064, Distributed by: Stratford Animal Care, 4027 Tampa Road, Oldsmar, FL 34677.",,"Lot # 251086, Exp Date: 03/2027","Class II",Ongoing,V-0076-2026,2026-01-27,2026-02-11,,,"Voluntary: Firm initiated","Two or more of the following: Email, Fax, Letter, Press Release, Telephone, Visit",https://www.accessdata.fda.gov/scripts/ires/?Product=218504
98309,12,"Noah's Animal Hospital, Keto-C Wipes, 50 Wipes, For Dogs, Cats & Horses, Manufactured for: Stratford Animal Care, 4027 Tampa Road, 4027 Tampa Road, Oldsmar, FL 34667.",,"Lot # 251086, Exp Date: 03/2027","Class II",Ongoing,V-0079-2026,2026-01-27,2026-02-11,,,"Voluntary: Firm initiated","Two or more of the following: Email, Fax, Letter, Press Release, Telephone, Visit",https://www.accessdata.fda.gov/scripts/ires/?Product=218507
98309,13,"OBT & Orange Ave Pet Doc Hospital, Keto-C, Antiseptic Wipes, 50 wipes, Distributed By: Stratford Animal Care, 4027 Tampa Road, 4027 Tampa Road, Oldsmar, FL 34667, OBT & Orange Ave, 737 W. Oak Ridge Rd., Orlando, FL 32809",,"Lot # 251086, Exp Date: 03/2027","Class II",Ongoing,V-0080-2026,2026-01-27,2026-02-11,,,"Voluntary: Firm initiated","Two or more of the following: Email, Fax, Letter, Press Release, Telephone, Visit",https://www.accessdata.fda.gov/scripts/ires/?Product=218508
98309,14,"Old Shell Animal Hospital, Keto-C Antiseptic Wipes, 50 Wipes, For Dogs Cats, Distributed By: Stratford Animal Care, 4027 Tampa Road, Oldsmar, FL 34677, Old Shell Road Small Animal Hospital, 2658 Old Shell Road, Mobile, AL 36607.",,"Lot # 251086, Exp Date: 03/2027","Class II",Ongoing,V-0081-2026,2026-01-27,2026-02-11,,,"Voluntary: Firm initiated","Two or more of the following: Email, Fax, Letter, Press Release, Telephone, Visit",https://www.accessdata.fda.gov/scripts/ires/?Product=218509
98309,15,"Oxford Animal Hospital, Ketoconazole & Chlorhexidine Wipes, 50 Wipes, Chlorhexidine 2% & Ketoconazole 1%, Made for Dogs, Cats & Horses, Oxford Animal Hospital, 3935 County Road 201, Oxford, FL 34484.",,"Lot # 251086, Exp Date: 03/2027","Class II",Ongoing,V-0082-2026,2026-01-27,2026-02-11,,,"Voluntary: Firm initiated","Two or more of the following: Email, Fax, Letter, Press Release, Telephone, Visit",https://www.accessdata.fda.gov/scripts/ires/?Product=218510
98309,16,"Pamlico Animal Hospital, Ketoconazole & Chlorhexidine, Antiseptic Wipes, 50 Wipes, For Dogs & Cats, Manufactured for: Pamlico Animal Hospital, 3005 John Small Ave., Washington, NC 27889.",,"Lot # 251086, Exp Date: 03/2027","Class II",Ongoing,V-0083-2026,2026-01-27,2026-02-11,,,"Voluntary: Firm initiated","Two or more of the following: Email, Fax, Letter, Press Release, Telephone, Visit",https://www.accessdata.fda.gov/scripts/ires/?Product=218511
98309,17,"Pet Wellness Clinics, Keto-C Wipes, Formulated for Dogs, Cats & Horses, For Veterinary Use Only, 50 Wipes, Pet Wellness Clinics, 317-516-5921, www.PetWellnessClinics.com, Manufactured for: Stratford Animal Care, 4027 Tampa Road Suite 3200 Oldsmar, FL 34677.",,"Lot # 251086, Exp Date: 03/2027","Class II",Ongoing,V-0084-2026,2026-01-27,2026-02-11,,,"Voluntary: Firm initiated","Two or more of the following: Email, Fax, Letter, Press Release, Telephone, Visit",https://www.accessdata.fda.gov/scripts/ires/?Product=218512
98309,18,"DermatoVet Professional Formula, Keto-C Wipes, For Dogs, Cats & Horses, 50 Wipes, For Veterinary Use Only, Distributed By: Pet-Vet Biomed, Petach Tikva, Israel, Made in the USA.",,"Lot # 251086, Exp Date: 03/2027","Class II",Ongoing,V-0085-2026,2026-01-27,2026-02-11,,,"Voluntary: Firm initiated","Two or more of the following: Email, Fax, Letter, Press Release, Telephone, Visit",https://www.accessdata.fda.gov/scripts/ires/?Product=218513
98309,19,"PICCARDMEDS4PETS, Keto-Itch Antiseptic Wipes, Net Contents 50 Wipes, Cucumber Melon Scent, For Veterinary Use Only, Formulated for Dogs, Cats, & Horses, Distributed by: PiccardMeds4Pets, Stone Brook LLC - DBA PetPals Club, 1200 Riverplace Blvd, Suite 105-1394, Jacksonville, FL 32207, UPC 8 50053 06632 0.",850053066320,"Lot # 251086, Exp Date: 03/2027","Class II",Ongoing,V-0086-2026,2026-01-27,2026-02-11,,,"Voluntary: Firm initiated","Two or more of the following: Email, Fax, Letter, Press Release, Telephone, Visit",https://www.accessdata.fda.gov/scripts/ires/?Product=218514
98309,20,"Stratford, Keto-C, Antiseptic Wipes, Chlorhexidine 2%, Ketoconazole 1%, 50 CT, For Dogs, Cats & Horses, Distributed by: Stratford Animal Care, 4027 Tampa Road, Oldsmar, FL 34677, Southport Animal Hospital, 2200 S Andrews Ave West, Fort Lauderdale, FL 33316.",,"Lot # 251086, Exp Date: 03/2027","Class II",Ongoing,V-0089-2026,2026-01-27,2026-02-11,,,"Voluntary: Firm initiated","Two or more of the following: Email, Fax, Letter, Press Release, Telephone, Visit",https://www.accessdata.fda.gov/scripts/ires/?Product=218517
98309,21,"Tavares Crossroads Veterinary Clinic, Antiseptic Wipes, Chlorhexidine 2%, Ketoconazole 1%, 50 CT, Formulated for Dogs & Cats, Cucumber Melon Scent, Tavares Crossroads Veterinary Clinic, 2030 State Road 19, Tavares, FL 32778.",,"Lot # 251086, Exp Date: 03/2027","Class II",Ongoing,V-0090-2026,2026-01-27,2026-02-11,,,"Voluntary: Firm initiated","Two or more of the following: Email, Fax, Letter, Press Release, Telephone, Visit",https://www.accessdata.fda.gov/scripts/ires/?Product=218518
98309,22,"Warsaw Animal Hospital, Wipes for Dogs & Cats, Ketoconazole & Chlorhexidine, 50 Wipes, Manufactured for: Warsaw Animal Hospital, 1472 NC 24 50 HWY. Warsaw, NC 28398.",,"Lot # 251086, Exp Date: 03/2027","Class II",Ongoing,V-0093-2026,2026-01-27,2026-02-11,,,"Voluntary: Firm initiated","Two or more of the following: Email, Fax, Letter, Press Release, Telephone, Visit",https://www.accessdata.fda.gov/scripts/ires/?Product=218522
98309,23,"Weakley County Animal Clinic, Keto-C Antiseptic Wipes, Net Contents: 50 Wipes, Formulated for Dogs, Cats & Horses, Distributed By: Stratford Animal Care, 4027 Tampa Road, Oldsmar, FL 34677, Weakley County Animal Clinic, 110 Weldon Dr., Martin, TN 38237.",,"Lot # 251086, Exp Date: 03/2027","Class II",Ongoing,V-0094-2026,2026-01-27,2026-02-11,,,"Voluntary: Firm initiated","Two or more of the following: Email, Fax, Letter, Press Release, Telephone, Visit",https://www.accessdata.fda.gov/scripts/ires/?Product=218523
98309,24,"Wheatland Animal Hospital, Ketoconazole & Chlorhexidine Wipes, Cucumber Melon, 50 Wipes, Formulated for Dogs, Cats & Horses, Wheatland Animal Hospital, 24041 103rd St., Naperville, IL 60564.",,"Lot # 251086, Exp Date: 03/2027","Class II",Ongoing,V-0096-2026,2026-01-27,2026-02-11,,,"Voluntary: Firm initiated","Two or more of the following: Email, Fax, Letter, Press Release, Telephone, Visit",https://www.accessdata.fda.gov/scripts/ires/?Product=218525
98343,1,"Dog Food - Chicken Medley 2-lb and 5-lb tubes, 10 per Case",,"(2 lb) Date Code 7.17.25, (5 lb) Date Code 11.22.25 and 12.12.25.","Class I",Completed,V-0114-2026,2026-01-26,2026-03-25,,"182 Cases","Voluntary: Firm initiated",Telephone,https://www.accessdata.fda.gov/scripts/ires/?Product=218340
98343,2,"Dog Food - Salmon 5-lb tubes, 10 per Case",,"Date Code: 12.5.25 and 12.12.25","Class I",Completed,V-0115-2026,2026-01-26,2026-03-25,,"27 Cases","Voluntary: Firm initiated",Telephone,https://www.accessdata.fda.gov/scripts/ires/?Product=218355
98343,3,"Dog Food - Beef Chicken Medley 5-lb tubes, 10 per Case",,"Date Code: 11/22//2025, 12/12/2025, 7/17/2025","Class I",Completed,V-0116-2026,2026-01-26,2026-03-25,,"227 Cases","Voluntary: Firm initiated",Telephone,https://www.accessdata.fda.gov/scripts/ires/?Product=218356
98343,4,"Dog Food - Beef Turkey Medley 5-lb tubes",,"Date Code: 12.18.25","Class I",Completed,V-0117-2026,2026-01-26,2026-03-25,,"50 Cases","Voluntary: Firm initiated",Telephone,https://www.accessdata.fda.gov/scripts/ires/?Product=218357
98343,5,"Dog Food - Beef Chicken Tripe Medley 5-lb tubes",,"Date Code: 12/23/2025","Class I",Completed,V-0118-2026,2026-01-26,2026-03-25,,"14 Cases","Voluntary: Firm initiated",Telephone,https://www.accessdata.fda.gov/scripts/ires/?Product=218358
98446,1,"Quest Cat Food Chicken Freeze Dried Nuggets - shelf stable 10 oz bag - UPC 6-9173018103-1 Distributed by Steves Real Food Aumsville OR 97086.",691730181031,"Lot # C25288 BBD 10/15/27","Class I",Terminated,V-0108-2026,2026-02-13,2026-03-25,2026-06-11,"total of 60 cases 10/10 oz bags/case","Voluntary: Firm initiated","Two or more of the following: Email, Fax, Letter, Press Release, Telephone, Visit",https://www.accessdata.fda.gov/scripts/ires/?Product=218772
98446,2,"Quest Cat Food Chicken Recipe Frozen. Sold in beige, zip-lock, keep frozen refrigerate upon opening 2 lb bag - UPC 6-91730-17104-9. Distributed by Steves Real Food Aumsville OR 97086",691730171049,"MCD25350 Best By Date: 6/16/2027 MCC25321 Best By Date: 5/17/2027","Class I",Terminated,V-0109-2026,2026-02-13,2026-03-25,2026-06-11,"MCC25321 total of 74 cases 10 /2lb bags/case, MCD25350 total of 66 cases 10/ 2lb bags/case","Voluntary: Firm initiated","Two or more of the following: Email, Fax, Letter, Press Release, Telephone, Visit",https://www.accessdata.fda.gov/scripts/ires/?Product=218965
98465,1,"Young Again Pet Food, Core Health, Dog Food. For Breeds 30 lbs & up. Medium - Large Dog & Puppy Formula. Packaged in the following sized containers: 1. Net Weight 10 lbs. UPC 7 16432-92570; 2. Net Weight 25 lbs. (11.34 kg) UPC 7 16432-92574 2. Young Again Pet Foods, LLC., 31008 Fox Hill Avenue, Stacy, Minnesota 55079-9511",71643292570;716432925742,"Best By Date of 102826","Class I",Ongoing,V-0113-2026,2026-02-18,2026-03-18,,"4,375 lbs. total","Voluntary: Firm initiated",E-Mail,https://www.accessdata.fda.gov/scripts/ires/?Product=218829
98474,1,"All Natural Chicken Chips for Dogs 100 % Real Whole Chicken Breast, Nt Wt. 6oz (170g), 6- 6oz (170g) bags per case. manufactured by: Elite Treats, LLC Boca Raton, FL elite.treats@yahoo.com. UPC 976446 391820",976446391820,"Lot 24045 EXP 04/27","Class I",Terminated,V-0107-2026,2026-02-19,2026-03-04,2026-04-15,"60 - 6-ounce bags","Voluntary: Firm initiated","Two or more of the following: Email, Fax, Letter, Press Release, Telephone, Visit",https://www.accessdata.fda.gov/scripts/ires/?Product=218862
98645,1,"Farmina Pet Foods N&D TROPICAL SELECTION salmon, spelt, oats and tropical fruits recipe Net Wt 22lb UPC 8 01027 60423 85. Dog Food. Ingredients: lamb***Manufactured by: Famina Pet Food USA, LLC, Reidsville, North Carolina",8010276042385,"273-03-01-02 Lot 25260A3453 EXP 2027/3 17","Class III",Terminated,V-0119-2026,2026-03-25,2026-04-08,2026-08-28,"805122lb bags","Voluntary: Firm initiated",E-Mail,https://www.accessdata.fda.gov/scripts/ires/?Product=219336
98774,1,"Breeder's Edge Foster Care, Puppy Milk Replacer, Provides complete nutrition with digestive and immune support. Newborn Health. For use in Dogs/Puppies only. Packaged in the following sizes: 1. Net Contents: 12 oz (340 grams) Powder UPC 8 17160-01018 9. Manufactured For: Revival Animal Health, 1700 Albany Place SE, Orange City, IA 51041. 2. Net Contents: 4.5 LB (2.04 kg) Powder UPC 8 17160-01007 3. Marketed Exclusively By: Breeder's Edge, 1700 Albany Place SE, Orange Ciy, IA 51041. 3. Net Contents: 18 LB (8.16Kg) Powder UPC 8 17160-01102 5. Manufactured For: Revival Animal Health, 1700 Albany Place SE, Orange City, IA 51041. 4. Net Contents: 20 lb (9.07Kg) Powder, UPC 8 17160-01017 2. Marketed Exclusively By: Breeder's Edge, 1700 Albany Place SE, Orange Ciy, IA 51041.",817160010073;817160010172;817160010189;817160011025,"1. Best By Dates: 7/11/2026, 8/15/2026, 9/9/2026, 4/3/2027, 5/1/2027, 2/5/2028. 2. Best By Dates: 5/22/2026, 9/9/2026, 10/31/2026, 3/7/2027, 4/29/2027, 11/14/2027, 2/5/2028. 3. Bes By Dates: 7/11/2026, 9/9/2026, 1/16/2027, 4/3/2027, 4/29/2027, 11/14/2027, 1/20/2028. 4. Best By: 6/19/2026","Class I",Completed,V-0125-2026,2026-04-15,2026-05-13,,"48,526 lbs. total","Voluntary: Firm initiated","Two or more of the following: Email, Fax, Letter, Press Release, Telephone, Visit",https://www.accessdata.fda.gov/scripts/ires/?Product=219760
98774,2,"Shelter's Choice Milk Replacer, puppies. Provides complete nutrition and minimizes the potential for loose stools. Exclusively Marketed By: Shelter's Choice, 1700 Albany Place SE, Orange City, IA 51041. Packaged in the following sizes: 1. Net Contents: 1 LB Powder (454 GM). UPC 8 17160-01108 7. 2. Net Contents: 3.5 LB Powder 1.59 KG) UPC 8 17160-01107 0. 3. Net Contents: 8 LB Powder (3.63 KG) UPC 8 17160-01105 6.",817160011056;817160011070;817160011087,"1. Best By Dates: 6/19/2026, 9/9/2026, 1/16/2027, 11/14/2027 2. Best By Dates: 6/19/2026, 10/31/2026, 11/14/2027, 1/20/2028 3. Best By Dates: 6/19/2026, 9/9/2026, 11/14/2027, 1/20/2028","Class I",Completed,V-0126-2026,2026-04-15,2026-05-13,,"48,526 lbs. total","Voluntary: Firm initiated","Two or more of the following: Email, Fax, Letter, Press Release, Telephone, Visit",https://www.accessdata.fda.gov/scripts/ires/?Product=219835
98912,1,"Albright's All Natural Raw Pet Food Chicken Recipe for Dogs Compete and Balanced Net Weight 1 LB (456G). Packaged in 1 lb pouches, 30 pouches per case. UPC 20855404008367",20855404008367,"Lots C001876-1 and C001730","Class I",Terminated,V-0139-2026,2026-05-01,2026-05-27,2026-09-04,"36 cases/1080 lbs","Voluntary: Firm initiated","Two or more of the following: Email, Fax, Letter, Press Release, Telephone, Visit",https://www.accessdata.fda.gov/scripts/ires/?Product=220168
98950,1,"AllProvide Holistic Pet Food Gently Cooked Chicken Recipe For Dogs 16 oz UPC: 859125005809. Frozen product, packaged in a plastic vacuum sealed package. 2 packages per box, 32 packages per case.",859125005809,"048-01, 048-2, 048-3, 048-4, 048-5, 048-6, 048-7, 048-8, 048-9, 048-10, 048-11, 048-12, 048-13, 048-14.","Class II",Terminated,V-0128-2026,2026-05-11,2026-05-27,2026-09-04,"1,500lbs","Voluntary: Firm initiated",E-Mail,https://www.accessdata.fda.gov/scripts/ires/?Product=220267
98983,1,"My Pet Carnivore Coarse Ground Whole Mutton, Net Wt. 2lbs (907 grams). Packaged in a plastic tub. Frozen product. Manufactured Mar 16 Mar 20, 2026",,"Lots ranging from 20260316 to 20260320","Class I",Terminated,V-0132-2026,2026-05-13,2026-06-03,2026-07-20,"552 units / 1104lbs","Voluntary: Firm initiated",E-Mail,https://www.accessdata.fda.gov/scripts/ires/?Product=220346
98983,2,"My Pet Carnivore Coarse Ground Whole Lamb, Net Wt. 2lbs (907 grams). Packaged in a plastic tub. Frozen product. Manufactured Mar 23 Mar 27, 2026",,"Lots ranging from 20260323 to 20260327","Class I",Terminated,V-0133-2026,2026-05-13,2026-06-03,2026-07-20,"90 units/180lbs","Voluntary: Firm initiated",E-Mail,https://www.accessdata.fda.gov/scripts/ires/?Product=220347
98983,3,"My Pet Carnivore Fine Ground Whole Mutton, Net Wt. 1lbs (454 grams). Packaged in a plastic tub. Frozen product. Manufactured Jan 22 27, 2026",,"Lots ranging from 20260122 to 20260127","Class I",Terminated,V-0134-2026,2026-05-13,2026-06-03,2026-07-20,"994 units / 994lbs","Voluntary: Firm initiated",E-Mail,https://www.accessdata.fda.gov/scripts/ires/?Product=220348
98983,4,"The Butcher's Hound Ground Whole Pork, Net Wt. 3lbs (1361 grams). Packaged in a 3 lb chub. Frozen product. Manufactured Mar 30 Apr 3, 2026",,"Lots ranging from 20260330 to 20260403","Class I",Terminated,V-0135-2026,2026-05-13,2026-06-03,2026-07-20,"37 units/111lbs","Voluntary: Firm initiated",E-Mail,https://www.accessdata.fda.gov/scripts/ires/?Product=220349
98983,5,"The Butcher's Hound Turkey B.A.R.F. Blend, 3 lb Net Wt. 3lbs (1361 grams). Packaged in a 3 lb chub. Frozen product. Manufactured Feb 16 20, 2026",,"Lots ranging from 20260216 to 20260220","Class I",Terminated,V-0136-2026,2026-05-13,2026-06-03,2026-07-20,"100 units / 300lbs","Voluntary: Firm initiated",E-Mail,https://www.accessdata.fda.gov/scripts/ires/?Product=220350
98983,6,"The Butcher's Hound Ground Whole Chicken, 3 lb Net Wt. 3lbs (1361 grams). Packaged in a 3 lb chub. Frozen product. Manufactured Mar 2 Mar 6, 2026",,"Lots ranging from 20260302 to 20260306","Class I",Terminated,V-0137-2026,2026-05-13,2026-06-03,2026-07-20,"314 units/942lbs","Voluntary: Firm initiated",E-Mail,https://www.accessdata.fda.gov/scripts/ires/?Product=220351
98983,7,"The Butcher's Hound Beef & Turkey Blend, Net Wt. 5lbs (2268 grams). Packaged in a 5 lb chub. Frozen product. Manufactured Mar 2 Mar 27, 2026",,"Lots ranging from 20260302 to 20260306 AND 20260323 to 20260327","Class I",Terminated,V-0138-2026,2026-05-13,2026-06-03,2026-07-20,"493 units/2465lbs","Voluntary: Firm initiated",E-Mail,https://www.accessdata.fda.gov/scripts/ires/?Product=220352
99033,1,"4411 (Beef, Tripe, Duck Necks, and Chicken) packaged in 5-lb and 2-lb tubes. Frozen. Product sold in 50 lb boxes containing 5-lb tubes, 20 lb boxes containing 2-lb tubes, and 10 lb boxes containing 2-lb tubes.",,"Production dates: 9.9.25, 9.23.25, 10.14.25, 10.15.25","Class I",Ongoing,V-0142-2026,2026-05-19,2026-06-24,,"Approximately 8,010 lbs/236 boxes","Voluntary: Firm initiated",Telephone,https://www.accessdata.fda.gov/scripts/ires/?Product=220613
99033,2,"60/30/10 Chicken Medley packaged in 5-lb and 2-lb tubes. Frozen. Product sold in 50 lb boxes containing 5-lb tubes, 40 lb boxes containing 2-lb tubes, and 20 lb boxes containing 2-lb tubes.",,"Production dates: 7.29.25 8.6.25, 8.7.25, 10.9.25, and 10.10.25","Class I",Ongoing,V-0143-2026,2026-05-19,2026-06-24,,"Approximately 9,130 lbs/201 boxes","Voluntary: Firm initiated",Telephone,https://www.accessdata.fda.gov/scripts/ires/?Product=220642
99033,3,"60/30/10 Turkey Medley packaged in 5-lb and 2-lb tubes. Frozen. Product sold in 50 lb boxes containing 5-lb tubes and 20 lb boxes containing 2-lb tubes",,"Production dates: 7.24.25, 7.29.25","Class I",Ongoing,V-0144-2026,2026-05-19,2026-06-24,,"Approximately 5,210 lbs/106 boxes","Voluntary: Firm initiated",Telephone,https://www.accessdata.fda.gov/scripts/ires/?Product=220643
99033,4,"70/30 Beef Heart packaged in 5-lb and 2-lb tubes. Frozen. Product sold in 50 lb boxes containing 5-lb tubes, 20 lb boxes containing 2-lb tubes, and 10 lb boxes containing 2-lb tubes",,"Production dates: 8.19.25, 8.20.25","Class I",Ongoing,V-0145-2026,2026-05-19,2026-06-24,,"Approximately 4,480 lbs/203 boxes","Voluntary: Firm initiated",Telephone,https://www.accessdata.fda.gov/scripts/ires/?Product=220644
99033,5,"American Bully packaged in 5-lb and 2-lb tubes. Frozen. Product sold in 50 lb boxes containing 5-lb tubes, 20 lb boxes containing 2-lb tubes, and 10 lb boxes containing 2-lb tubes.",,"Production dates: 10.21.25, 10.22.25, 11.7.25","Class I",Ongoing,V-0146-2026,2026-05-19,2026-06-24,,"Approximately 5,710 lbs/162 boxes","Voluntary: Firm initiated",Telephone,https://www.accessdata.fda.gov/scripts/ires/?Product=220645
99033,6,"Beef and Chicken packaged in 5-lb and 2-lb tubes. Frozen. Product sold in 50 lb boxes containing 5-lb tubes, 40 lb boxes containing 2-lb tubes, 20 lb boxes containing 2-lb tubes, and 10 lb boxes containing 2-lb tubes.",,"Production dates: 7.30.25, 8.8.25, 8.12.25, 8.13.25, 8.15.25, 8.27.25, 8.28.25, 8.29.25, 9.2.25, 9.5.25, 9.16.25, 9.17.25, 9.24.25, 10.7.25, 10.8.25, 10.17.25, 10.22.25, 10.30.25, 11.22.25, 12.17.25","Class I",Ongoing,V-0147-2026,2026-05-19,2026-06-24,,"Approximately 57,310 lbs/1,426 boxes","Voluntary: Firm initiated",Telephone,https://www.accessdata.fda.gov/scripts/ires/?Product=220646
99033,7,"Beef and Chicken Tripe Medley packaged in 5-lb and 2-lb tubes. Frozen. Product sold in 50 lb boxes containing 5-lb tubes, 40 lb boxes containing 2-lb tubes, and 10 lb boxes containing 2-lb tubes.",,"Production dates: 7.30.25, 7.31.25, 8.5.25, 8.6.25, 8.13.25, 8.14.25, 8.15.25, 9.17.25, 9.18.25, 10.8.25, 10.9.25, 10.11.25, 10.14.25, 10.29.25, 11.5.25, 11.18.25, 11.19.25, 11.20.25, 11.25.25, 12.9.25","Class I",Ongoing,V-0148-2026,2026-05-19,2026-06-24,,"Approximately 80,750 lbs/1,779 boxes","Voluntary: Firm initiated",Telephone,https://www.accessdata.fda.gov/scripts/ires/?Product=220647
99033,8,"Beef and Pork packaged in 5-lb and 2-lb tubes. Frozen. Product sold in 50 lb boxes containing 5-lb tubes and 20 lb boxes containing 2-lb tubes",,"Production dates: 7.17.25, 10.31.25, 11.1.25","Class I",Ongoing,V-0149-2026,2026-05-19,2026-06-24,,"Approximately 4,640 lbs/148 boxes","Voluntary: Firm initiated",Telephone,https://www.accessdata.fda.gov/scripts/ires/?Product=220648
99033,9,"Beef and Salmon packaged in 5-lb and 2-lb tubes. Frozen. Product sold in 50 lb boxes containing 5-lb tubes, 40 lb boxes containing 2-lb tubes, 20 lb boxes containing 2-lb tubes, and 10 lb boxes containing 2-lb tubes.",,"Production dates: 7.18.25, 7.26.25, 8.1.25, 8.13.25, 8.15.25, 8.29.25, 9.2.25, 9.5.25, 9.6.25, 9.12.25, 9.18.25, 9.19.25, 9.20.25, 10.25.25, 10.31.25, 11.4.25, 11.5.25, 11.6.25, 11.7.25, 11.8.25, 11.12.25, 11.14.25, 11.19.25, 11.20.25, 11.21.25, 12.2.25, 12.10.25, 12.13.25, 12.17.25","Class I",Ongoing,V-0150-2026,2026-05-19,2026-06-24,,"Approximately 46,800 lbs/1,172 boxes","Voluntary: Firm initiated",Telephone,https://www.accessdata.fda.gov/scripts/ires/?Product=220649
99033,10,"Beef and Turkey Medley packaged in 5-lb and 2-lb tubes. Frozen. Product sold in 50 lb boxes containing 5-lb tubes, 40 lb boxes containing 2-lb tubes, and 20 lb boxes containing 2-lb tubes",,"Production dates: 7.24.25, 7.25.25, 7.26.25, 10.22.25, 12.17.25, 12.19.25, 12.23.25, 3.31.26","Class I",Ongoing,V-0151-2026,2026-05-19,2026-06-24,,"Approximately 26,950 lbs/552 boxes","Voluntary: Firm initiated",Telephone,https://www.accessdata.fda.gov/scripts/ires/?Product=220651
99033,11,"Beef Liver and Kidney packaged in 2-lb tubes. Frozen. Product sold in 20 lb boxes containing 2-lb tubes and 10 lb boxes containing 2-lb tubes",,"Production dates: 9.13.25","Class I",Ongoing,V-0152-2026,2026-05-19,2026-06-24,,"Approximately 570 lbs/29 boxes","Voluntary: Firm initiated",Telephone,https://www.accessdata.fda.gov/scripts/ires/?Product=220653
99033,12,"Beefturducken packaged in 5-lb and 2-lb tubes. Frozen. Product sold in 50 lb boxes containing 5-lb tubes, 20 lb boxes containing 2-lb tubes, and 10 lb boxes containing 2-lb tubes.",,"Production dates: 7.29.25, 11.25.25","Class I",Ongoing,V-0153-2026,2026-05-19,2026-06-24,,"Approximately 6,860 lbs/210 boxes","Voluntary: Firm initiated",Telephone,https://www.accessdata.fda.gov/scripts/ires/?Product=220654
99033,13,"Chicken Hearts packaged in 2-lb tubes. Frozen. Product sold in 10 lb boxes containing 2-lb tubes.",,"Production dates: 11.7.25","Class I",Ongoing,V-0154-2026,2026-05-19,2026-06-24,,"Approximately 350 lbs/35 boxes","Voluntary: Firm initiated",Telephone,https://www.accessdata.fda.gov/scripts/ires/?Product=220655
99033,14,"Chicken Medley packaged in 5-lb and 2-lb tubes. Frozen. Product sold in 50 lb boxes containing 5-lb tubes, 40 lb boxes containing 2-lb tubes, and 20 lb boxes containing 2-lb tubes.",,"Production dates: 7.23.25, 7.24.25, 8.5.25, 8.7.25, 8.26.25, 9.10.25, 9.11.25, 9.26.25, 10.10.25, 10.11.25, 10.15.25, 10.16.25, 10.25.25, 11.14.25, 11.15.25, 11.25.25, 12.5.25, 12.19.25","Class I",Ongoing,V-0155-2026,2026-05-19,2026-06-24,,"Approximately 43,650 lbs/922 boxes","Voluntary: Firm initiated",Telephone,https://www.accessdata.fda.gov/scripts/ires/?Product=220656
99033,15,"Chips Agility packaged in 2-lb tubes. Frozen. Product sold in 20 lb boxes containing 2-lb tubes and 10 lb boxes containing 2-lb tubes.",,"Production dates: 9.23.25, 11.1.25, 11.7.25, 11.8.25","Class I",Ongoing,V-0156-2026,2026-05-19,2026-06-24,,"Approximately 2,770 lbs/173 boxes","Voluntary: Firm initiated",Telephone,https://www.accessdata.fda.gov/scripts/ires/?Product=220657
99033,16,"Chips Beef packaged in 5-lb and 2-lb tubes. Frozen. Product sold in 50 lb boxes containing 5-lb tubes and 10 lb boxes containing 2-lb tubes.",,"Production dates: 7.22.25","Class I",Ongoing,V-0157-2026,2026-05-19,2026-06-24,,"Approximately 1,210 lbs/49 boxes","Voluntary: Firm initiated",Telephone,https://www.accessdata.fda.gov/scripts/ires/?Product=220658
99033,17,"Country Soul packaged in 2-lb tubes. Frozen. Product sold in 20 lb boxes containing 2-lb tubes",,"Production dates: 9.4.25, 9.5.25","Class I",Ongoing,V-0158-2026,2026-05-19,2026-06-24,,"Approximately 2,020 lbs/101 boxes","Voluntary: Firm initiated",Telephone,https://www.accessdata.fda.gov/scripts/ires/?Product=220659
99033,18,"Dog's Best Friend (DBF) packaged in 5-lb and 2-lb tubes. Frozen. Product sold in 50 lb boxes containing 5-lb tubes, 20 lb boxes containing 2-lb tubes, and 10 lb boxes containing 2-lb tubes",,"Production dates: 7.29.25, 9.3.25, 11.13.25, 11.14.25","Class I",Ongoing,V-0159-2026,2026-05-19,2026-06-24,,"Approximately 10,590 lbs/375 boxes","Voluntary: Firm initiated",Telephone,https://www.accessdata.fda.gov/scripts/ires/?Product=220660
99033,19,"Duck packaged in 5-lb and 2-lb tubes. Frozen. Product sold in 50 lb boxes containing 5-lb tubes, 20 lb boxes containing 2-lb tubes, and 10 lb boxes containing 2-lb tubes",,"Production dates: 9.11.25, 9.12.25","Class I",Ongoing,V-0160-2026,2026-05-19,2026-06-24,,"Approximately 3,800 lbs/130 boxes","Voluntary: Firm initiated",Telephone,https://www.accessdata.fda.gov/scripts/ires/?Product=220661
99033,20,"Green Tripe packaged in 5-lb and 2-lb tubes. Frozen. Product sold in 50 lb boxes containing 5-lb tubes, 40 lb boxes containing 2-lb tubes, and 20 lb boxes containing 2-lb tubes",,"Production dates:10.17.25, 10.18.25, 11.1.25, 11.5.25","Class I",Ongoing,V-0161-2026,2026-05-19,2026-06-24,,"Approximately 1,950 lbs/68 boxes","Voluntary: Firm initiated",Telephone,https://www.accessdata.fda.gov/scripts/ires/?Product=220662
99033,21,"Heart Chunks packaged in 2-lb tubes. Frozen. Product sold in 10 lb boxes containing 2-lb tubes",,"Production dates: 7.19.25","Class I",Ongoing,V-0162-2026,2026-05-19,2026-06-24,,"Approximately 200 lbs/20 boxes","Voluntary: Firm initiated",Telephone,https://www.accessdata.fda.gov/scripts/ires/?Product=220663
99033,22,"Heart Corazon packaged in 5-lb and 2-lb tubes. Frozen. Product sold in 50 lb boxes containing 5-lb tubes, 20 lb boxes containing 2-lb tubes, and 10 lb boxes containing 2-lb tubes",,"Production dates: 8.9.25, 10.14.25","Class I",Ongoing,V-0163-2026,2026-05-19,2026-06-24,,"Approximately 3,010 lbs/103 boxes","Voluntary: Firm initiated",Telephone,https://www.accessdata.fda.gov/scripts/ires/?Product=220664
99033,23,"Hybrid Beef and Chicken packaged in 2-lb tubes. Frozen. Product sold in 20 lb boxes containing 2-lb tubes",,"Production dates: 10.17.25","Class I",Ongoing,V-0164-2026,2026-05-19,2026-06-24,,"Approximately 300 lbs/15 boxes","Voluntary: Firm initiated",Telephone,https://www.accessdata.fda.gov/scripts/ires/?Product=220665
99033,24,"Hybrid Dog's Best Friend packaged in 2-lb tubes. Frozen. Product sold in 20 lb boxes containing 2-lb tubes",,"Production dates: 7.29.25","Class I",Ongoing,V-0165-2026,2026-05-19,2026-06-24,,"Approximately 660 lbs/33 boxes","Voluntary: Firm initiated",Telephone,https://www.accessdata.fda.gov/scripts/ires/?Product=220666
99033,25,"Italian packaged in 5-lb and 2-lb tubes. Frozen. Product sold in 50 lb boxes containing 5-lb tubes, 20 lb boxes containing 2-lb tubes, and 10 lb boxes containing 2-lb tubes.",,"Production dates: 8.7.25, 8.8.25, 10.14.25","Class I",Ongoing,V-0166-2026,2026-05-19,2026-06-24,,"Approximately 4,130 lbs/144 boxes","Voluntary: Firm initiated",Telephone,https://www.accessdata.fda.gov/scripts/ires/?Product=220667
99033,26,"Kidney and Liver packaged in 2-lb tubes. Frozen. Product sold in 20 lb boxes containing 2-lb tubes and 10 lb boxes containing 2-lb tubes",,"Production dates: 10.18.25","Class I",Ongoing,V-0167-2026,2026-05-19,2026-06-24,,"Approximately 830 lbs/65 boxes","Voluntary: Firm initiated",Telephone,https://www.accessdata.fda.gov/scripts/ires/?Product=220668
99033,27,"Lamb Beef and Chicken packaged in 5-lb tubes. Frozen. Product sold in 50 lb boxes containing 5-lb tubes",,"Production dates: 12.2.25","Class I",Ongoing,V-0168-2026,2026-05-19,2026-06-24,,"Approximately 2,800 lbs/56 boxes","Voluntary: Firm initiated",Telephone,https://www.accessdata.fda.gov/scripts/ires/?Product=220669
99033,28,"Natural Remedies packaged in 2-lb tubes. Frozen. Product sold in 20 lb boxes containing 2-lb tubes and 10 lb boxes containing 2-lb tubes.",,"Production dates: 9.4.25, 9.9.25","Class I",Ongoing,V-0169-2026,2026-05-19,2026-06-24,,"Approximately 1,300 lbs/74 boxes","Voluntary: Firm initiated",Telephone,https://www.accessdata.fda.gov/scripts/ires/?Product=220670
99033,29,"Pork packaged in 5-lb and 2-lb tubes. Frozen. Product sold in 50 lb boxes containing 5-lb tubes, 20 lb boxes containing 2-lb tubes, and 10 lb boxes containing 2-lb tubes",,"Production dates: 8.1.25, 10.14.25, 11.1.25, 12.13.25","Class I",Ongoing,V-0170-2026,2026-05-19,2026-06-24,,"Approximately 7,660 lbs/231 boxes","Voluntary: Firm initiated",Telephone,https://www.accessdata.fda.gov/scripts/ires/?Product=220671
99033,30,"R Chicken packaged in 5-lb and 2-lb tubes. Frozen. Product sold in 50 lb boxes containing 5-lb tubes and 20 lb boxes containing 2-lb tubes.",,"Production dates: 11.5.25","Class I",Ongoing,V-0171-2026,2026-05-19,2026-06-24,,"Approximately 1,870 lbs/38 boxes","Voluntary: Firm initiated",Telephone,https://www.accessdata.fda.gov/scripts/ires/?Product=220672
99033,31,"R Chicken with Pork packaged in 5-lb and 2-lb tubes. Frozen. Product sold in 50 lb boxes containing 5-lb tubes and 20 lb boxes containing 2-lb tubes.",,"Production dates: 11.4.25, 12.10.25","Class I",Ongoing,V-0172-2026,2026-05-19,2026-06-24,,"Approximately 4,740 lbs/96 boxes","Voluntary: Firm initiated",Telephone,https://www.accessdata.fda.gov/scripts/ires/?Product=220673
99033,32,"Salmon packaged in 5-lb and 2-lb tubes. Frozen. Product sold in 50 lb boxes containing 5-lb tubes, 20 lb boxes containing 2-lb tubes, and 10 lb boxes containing 2-lb tubes",,"Production dates:7.23.25, 7.31.25, 8.8.25, 9.10.25, 10.24.25, 10.25.25, 10.29.25, 11.14.25, 11.22.25, 12.20.25","Class I",Ongoing,V-0173-2026,2026-05-19,2026-06-24,,"Approximately 7,690 lbs/284 boxes","Voluntary: Firm initiated",Telephone,https://www.accessdata.fda.gov/scripts/ires/?Product=220674
99033,33,"Terrestrial packaged in 5-lb and 2-lb tubes. Frozen. Product sold in 50 lb boxes containing 5-lb tubes and 10 lb boxes containing 2-lb tubes",,"Production dates: 10.7.25","Class I",Ongoing,V-0174-2026,2026-05-19,2026-06-24,,"Approximately 1,550 lbs/55 boxes","Voluntary: Firm initiated",Telephone,https://www.accessdata.fda.gov/scripts/ires/?Product=220675
99033,34,"Turkey Chicken packaged in 5-lb and 2-lb tubes. Frozen. Product sold in 50 lb boxes containing 5-lb tubes and 10 lb boxes containing 2-lb tubes",,"Production dates: 9.25.25, 10.24.25, 12.19.25, 12.20.25","Class I",Ongoing,V-0175-2026,2026-05-19,2026-06-24,,"Approximately 18,490 lbs/397 boxes","Voluntary: Firm initiated",Telephone,https://www.accessdata.fda.gov/scripts/ires/?Product=220676
99033,35,"Turkey Medley packaged in 5-lb and 2-lb tubes. Frozen. Product sold in 50 lb boxes containing 5-lb tubes and 20 lb boxes containing 2-lb tubes.",,"Production dates: 9.24.25, 9.25.25, 9.26.25, 10.23.25, 10.24.25, 11.13.25","Class I",Ongoing,V-0176-2026,2026-05-19,2026-06-24,,"Approximately 11,840 lbs/349 boxes","Voluntary: Firm initiated",Telephone,https://www.accessdata.fda.gov/scripts/ires/?Product=220677
99033,36,"White Meat Turkey Breast packaged in 2-lb tubes. Frozen. Product sold in 20 lb boxes containing 2-lb tubes and 10 lb boxes containing 2-lb tubes",,"Production dates: 9.3.25, 11.13.25","Class I",Ongoing,V-0177-2026,2026-05-19,2026-06-24,,"Approximately 2,420 lbs/136 boxes","Voluntary: Firm initiated",Telephone,https://www.accessdata.fda.gov/scripts/ires/?Product=220678
99033,37,"Whole Chicken packaged in 5-lb and 2-lb tubes. Frozen. Product sold in 50 lb boxes containing 5-lb tubes, 20 lb boxes containing 2-lb tubes, and 10 lb boxes containing 2-lb tubes",,"Production dates: 9.5.25, 9.6.25","Class I",Ongoing,V-0178-2026,2026-05-19,2026-06-24,,"Approximately 8,640 lbs/234 boxes","Voluntary: Firm initiated",Telephone,https://www.accessdata.fda.gov/scripts/ires/?Product=220679
99206,1,"Steves Real Food Chicken Recipe Freeze Dried Net Wt 1.25 lbs (20oz) UPC: 6-91730-18103-1. Packaged in plastic bags, 6 bags per case.",691730181031,"Lot C26022, Best By: 1/22/2028","Class I",Terminated,V-0140-2026,2026-06-08,2026-06-17,2026-08-14,"203 cases","Voluntary: Firm initiated","Two or more of the following: Email, Fax, Letter, Press Release, Telephone, Visit",https://www.accessdata.fda.gov/scripts/ires/?Product=221048
99212,1,"Midwest Legacy Raw Beef Dog Food BLT & Bones Net Weight 5 lb-2.26 kg UPC: 850039082429. Packaged in a Styrofoam cooler wrapped in a plastic bag sealed. 6 packages per case. Frozen product.",850039082429,"Batch A6062","Class I",Terminated,V-0179-2026,2026-06-16,2026-07-08,2026-09-04,"1,586 lbs","Voluntary: Firm initiated",E-Mail,https://www.accessdata.fda.gov/scripts/ires/?Product=221072
99362,1,"Pedigree High Protein Chopped Ground Dinner Chicken & Duck Flavor Net Wt. 375g (13.2oz) UPC:023100137230. Packaged in cans and sold as single units.",023100137230,"613C3KKCFC & 613C1KKCFC","Class II",Ongoing,V-0182-2026,2026-07-02,2026-07-22,,unknown,"Voluntary: Firm initiated","Two or more of the following: Email, Fax, Letter, Press Release, Telephone, Visit",https://www.accessdata.fda.gov/scripts/ires/?Product=221409
99620,1,"Raw Bistro Dog Fare Free Range Turkey Entree Premium Raw Food For Dogs Net Wt. 18 lb (8.16 kg) bulk box (36 8 oz patties) Keep Frozen UPC: 858833002612",858833002612,"Best by: 7/20/2027 Lot # 201","Class I",Ongoing,V-0187-2026,2026-08-10,2026-08-26,,"1 box/18 lbs","Voluntary: Firm initiated",Telephone,https://www.accessdata.fda.gov/scripts/ires/?Product=222005
99623,1,"Oma's Pride Pet Food Woof Complete Canine Chicken Recipe Net Wt. 6 LB (2.76 KG) 12 individual 8 oz. portions. UPC: 8 7938400145 9. Frozen. Item Number: F-WOOFC-6, Product Number: 879384001459. Packaged in flexible packaging bag.",879384001459,BB012729,"Class I",Ongoing,V-0191-2026,2026-08-10,2026-08-26,,"639 bags","Voluntary: Firm initiated",Telephone,https://www.accessdata.fda.gov/scripts/ires/?Product=222008
99714,1,"Beef Lung Treats For Dogs A Place for Paws Nothing But... the Basic Treat Net Weight 5 oz. (141.747g). Packaged in plastic bags.",,"Batch 559","Class I",Ongoing,V-0197-2026,2026-08-20,2026-09-09,2026-10-06,"19 bags","Voluntary: Firm initiated",Telephone,https://www.accessdata.fda.gov/scripts/ires/?Product=222286
99719,1,"Fromm Pate Turkey Pate Net Wt 12.2 oz.(345 G). Wet dog food packaged in cans, 12 cans per case. Individual can- item code: 11870, UPC: 072705118700 Case- item code: 11871, UPC: 072705118717",072705118700;072705118717,"EP2A3306 551006 Best By 032029","Class I",Ongoing,V-0192-2026,2026-08-21,2026-09-02,,"3,852 cases","Voluntary: Firm initiated","Two or more of the following: Email, Fax, Letter, Press Release, Telephone, Visit",https://www.accessdata.fda.gov/scripts/ires/?Product=222298
99719,2,"Fromm Diner Classics Milo's Meatloaf Pate, Net Wt 12.5 oz.(354G). Wet dog food packaged in cans, 12 cans per case. Individual can- item code: 13232, UPC: 072705132324 Case- item code: 13233, UPC: 072705132331",072705132324;072705132331,"EP2A3306 551029 Best By 032029","Class I",Ongoing,V-0193-2026,2026-08-21,2026-09-02,,"1,973 cases","Voluntary: Firm initiated","Two or more of the following: Email, Fax, Letter, Press Release, Telephone, Visit",https://www.accessdata.fda.gov/scripts/ires/?Product=222299
99743,1,"Breeder's Edge Foster Care Feline Milk Replacer 12 oz., UPC: 817160010196 Breeder's Edge Foster Care Feline Milk Replacer 18 lbs, UPC: 817160011278 Breeder's Edge Foster Care Feline Milk Replacer 4.5 lbs, UPC: 817160010103 Shelter's Choice Feline Milk Replacer 1 lb, UPC: 817160011032 Shelter's Choice Feline Milk Replacer 3.5 lbs, UPC: 817160011049 Shelter's Choice Feline Milk Replacer 8 lbs, UPC: 817160011063",817160010103;817160010196;817160011032;817160011049;817160011063;817160011278,"Best by dates: 9/09/2026, 10/31/2026, 4/16/2027, 4/18/2027, 4/23/2027, 5/01/2027, 5/20/2027, 6/25/2027, 8/06/2027, 11/14/2027, 2/05/2028 and 3/12/2028.","Class I",Ongoing,V-0198-2026,2026-08-21,2026-09-09,,"80411.25 lbs","Voluntary: Firm initiated",Telephone,https://www.accessdata.fda.gov/scripts/ires/?Product=222394
99786,1,"Northwest Naturals Chicken Recipe Raw Diet for Cats, Complete and Balanced Topper for Dogs Raw Frozen Net Weight 2 lbs (907.18 g) UPC 087316384956. Packaged in plastic bags, 12 bags per case.",087316384956,"Lot B-5 Best By 01/26/2028","Class I",Ongoing,V-0195-2026,2026-08-28,2026-09-09,,"52 cases","Voluntary: Firm initiated",E-Mail,https://www.accessdata.fda.gov/scripts/ires/?Product=222483
99786,2,"Northwest Naturals Raw Diet for Dogs Chicken Recipe Raw Frozen Net Weight 6 lbs (2.72 kg) UPC: 087316380392. Packaged in plastic bags, 6 bags per case.",087316380392,"Lot B-19 Best By 01/25/2028","Class I",Ongoing,V-0196-2026,2026-08-28,2026-09-09,,"18 cases","Voluntary: Firm initiated",E-Mail,https://www.accessdata.fda.gov/scripts/ires/?Product=222484
