event_id,classified_date,initiated_date,terminated_date,fda_class,status,firm,firm_city,firm_state,species,reason_category,reason_text,distribution,product_count,maker,maker_evidence,plant,plant_evidence,maker_url,plant_url,brands,fda_url,perbowl_url
61817,2012-07-11,2012-05-08,2013-01-15,"Class I",Closed,"Solid Gold Hlth Prods For Pets, Inc.","El Cajon",California,dog,Salmonella,"Products were produced at the facility that has been linked to recent recalls of Diamond brand pet foods due to potential Salmonella contamination.","Distributed to Canada and following US States CA, IL, NY, OH, MI, WA, NV, FL, GA, NJ, PA, AZ, WI, HI, LA, OK, and TX._x000D_
Canada:  1. Lucid, 5888 Trapp Ave, Burnaby  B.C. V3N 5G4_x000D_
2. 11 Edvac Dr. Units 8 & 9, Brampton, Ontario L6S 5W5_x000D_
No Mexico._x000D_
One Foreign: 56 Tannery Ln. Singapore 347801",2,,,,,,,,https://www.accessdata.fda.gov/scripts/ires/?Product=109158,https://perbowl.com/recalls/2012/solid-gold-hlth-prods-for-pets-inc-salmonella-2012-07/
61805,2012-07-17,2012-05-04,2013-03-15,"Class I",Closed,"Natural Balance Pet Food Inc.",Pacoima,California,dog,Salmonella,"The recall was initiated because Natural Balance Pet Foods has confirmed that certain dry pet food formulas manufactured by Diamond Pet Foods may be contaminated with Salmonella.","Nationwide:  PA, NC, AL, FL, OH, WI, MN, IL, MI, NJ, GA, TX, MA, CA_x000D_
_x000D_
Worldwide:  Taiwan, Israel, and Canada.",13,,,,,,,"Natural Balance",https://www.accessdata.fda.gov/scripts/ires/?Product=109122,https://perbowl.com/recalls/2012/natural-balance-pet-food-inc-salmonella-2012-07/
61806,2012-08-02,2012-05-04,2015-07-14,"Class I",Closed,"WellPet LLC",Tewksbury,Massachusetts,dog,Salmonella,"Product maybe potentially contaminated with salmonella (manufactured by Diamond Pet Foods)","Nationwide_x000D_
Canada",1,,,,,,,Wellness,https://www.accessdata.fda.gov/scripts/ires/?Product=109133,https://perbowl.com/recalls/2012/wellpet-llc-salmonella-2012-08/
62677,2012-08-16,2012-07-27,2013-07-29,"Class II",Closed,"Whitebridge Pet Brands Llc","Los Angeles",California,,Other,"The product was recalled because it has the potential to contain propylene glycol.","The VitaKitty treats were distributed nationwide and Canada via retail stores and mail order from April 13th through June 14th, 2012.",1,,,,,,,,https://www.accessdata.fda.gov/scripts/ires/?Product=111335,https://perbowl.com/recalls/2012/whitebridge-pet-brands-llc-recall-2012-08/
61897,2012-08-21,2012-05-18,2013-06-19,"Class I",Closed,"Diamond Pet Foods",Meta,Missouri,dog,Salmonella,"Contaminated with Salmonella","Distribution was made to AR, CO, IL, KY, LA, MI, MN, MO, OK, NE, PA, SD, TN, TX, and WI,",1,"Diamond Pet Foods",name,"Diamond Pet Foods, Gaston, SC",trace,https://perbowl.com/who-makes/diamond-pet-foods/,https://perbowl.com/who-makes/diamond-pet-foods/gaston-sc/,,https://www.accessdata.fda.gov/scripts/ires/?Product=109329,https://perbowl.com/recalls/2012/diamond-pet-foods-salmonella-2012-08/
62469,2012-08-21,2012-06-29,2013-06-10,"Class I",Closed,"Mars Petcare US",Franklin,Tennessee,dog,"Foreign material","Product is being recalled because it may contain small pieces (2/3 x 2/3 x 2/5) of blue plastic. These pieces may represent a choking hazard to dogs.","Product was shipped to the following states: AL, AR, AZ, CA, CO, CT, DE, FL, GA, HI, IA, IL, IN, KS, KY, LA, MA, MD, ME, MI, MN, MO, MS, NC, NH, NJ, NV, NY, OH, OR, PA, SC, TN, TX, UT, VA, WA, WI & WV.",3,"Mars Petcare US",name,,,https://perbowl.com/who-makes/mars-petcare-us/,,Pedigree,https://www.accessdata.fda.gov/scripts/ires/?Product=110777,https://perbowl.com/recalls/2012/mars-petcare-us-foreign-material-2012-08/
61581,2012-09-05,2012-04-05,2014-05-27,"Class I",Closed,"Diamond Pet Foods",Meta,Missouri,dog,Salmonella,"Salmonella contamination.","AL, FL, GA, IA, KY, MD, MI, NY, NC, OH, PA, SC, TN, VA, Canada, Colombia, Japan and the Russian Federation.",3,"Diamond Pet Foods",name,"Diamond Pet Foods, Gaston, SC",trace,https://perbowl.com/who-makes/diamond-pet-foods/,https://perbowl.com/who-makes/diamond-pet-foods/gaston-sc/,,https://www.accessdata.fda.gov/scripts/ires/?Product=108489,https://perbowl.com/recalls/2012/diamond-pet-foods-salmonella-2012-09/
61845,2012-09-05,2012-05-11,2013-07-02,"Class I",Closed,"Nestle Purina PetCare Co","Saint Louis",Missouri,cat,"Low thiamine;Nutrient levels","The product is deficient in thiamine (Vitamin B1)","Distribution was made to IL, CO, TX, PA, FL, and NV.  Foreign distribution was made to Canada.",1,"Nestlé Purina PetCare",name,,,https://perbowl.com/who-makes/nestle-purina-petcare/,,Purina,https://www.accessdata.fda.gov/scripts/ires/?Product=109230,https://perbowl.com/recalls/2012/nestle-purina-petcare-co-low-thiamine-2012-09/
62922,2012-09-07,2012-06-26,2012-09-07,"Class II",Closed,Breadfarm,Bow,Washington,dog,"Foreign material","The wheat germ used by the firm to make their products was recalled by the wheat germ manufacturer because it was potentially contaminated with metal fragments approximately 0.5mm in diameter and 3-15mm in length.  The contamination occurred at the raw ingredient manufacturer.","Retail sales at firm only.",1,,,,,,,,https://www.accessdata.fda.gov/scripts/ires/?Product=112038,https://perbowl.com/recalls/2012/breadfarm-foreign-material-2012-09/
63185,2012-10-02,2012-08-23,2012-11-19,"Class II",Closed,"Kelly Foods Corporation",Berlin,Maryland,dog,Other,"Dry dog food may contain mold.","Product distributed to AR, DC, DE, IA, IL, IN, KS, KY, MA, MD, ME, MI, MN, MO, ND, NE, NH, NJ, NY, OH, OK, PA, RI, SD, TX, VA, WI, WV.",1,,,,,,,,https://www.accessdata.fda.gov/scripts/ires/?Product=112868,https://perbowl.com/recalls/2012/kelly-foods-corporation-recall-2012-10/
61820,2012-10-19,2012-05-04,2014-05-27,"Class I",Closed,"Diamond Pet Foods",Meta,Missouri,cat;dog,Salmonella,"Product was found to be contaminated with Salmonella.","US/Nationwide; Canada; Belize; Costa Rica; Domincan Republic; Guatemala; Hong Kong; Jamaica; Jordan; Japan; Kuwait; Kazakhstan; Lebanon; Sri Lanka; Malasia; Nigeria; Philippines; Pakistan; Russia; Singapore; El Salvadore; Thailand; Trinidad and Tobago; Taiwan",90,"Diamond Pet Foods",name,"Diamond Pet Foods, Gaston, SC",trace,https://perbowl.com/who-makes/diamond-pet-foods/,https://perbowl.com/who-makes/diamond-pet-foods/gaston-sc/,"4health;Kirkland Signature;Canidae;Taste of the Wild",https://www.accessdata.fda.gov/scripts/ires/?Product=109165,https://perbowl.com/recalls/2012/diamond-pet-foods-salmonella-2012-10/
63454,2013-01-11,2012-10-12,2013-02-06,"Class I",Closed,"Del Monte Foods, Inc","San Francisco",California,,Salmonella,"Product may be contaminated with Salmonella.","Products were distributed nationwide.",1,,,,,,,"Nature’s Recipe",https://www.accessdata.fda.gov/scripts/ires/?Product=113928,https://perbowl.com/recalls/2013/del-monte-foods-inc-salmonella-2013-01/
63137,2013-01-14,2012-09-07,2014-09-18,"Class I",Closed,"Breeders Choice Pet Foods Inc",Irwindale,California,dog,Salmonella,"The firm recalled because the product has the potential to be contaminated with Salmonella.","U.S. states to include California, Georgia, Illinois, Nevada, Ohio, Virginia, and Washington.",1,,,,,,,,https://www.accessdata.fda.gov/scripts/ires/?Product=112663,https://perbowl.com/recalls/2013/breeders-choice-pet-foods-inc-salmonella-2013-01/
63606,2013-01-14,2012-10-31,2013-12-04,"Class I",Closed,"Wixon, Inc.","Saint Francis",Wisconsin,,Salmonella,"Charlee Bear Products, a division of Wixon, Inc., is voluntarily recalling  certain lots of its Charlee Bear Protein Crunch Treats because they have the potential to be contaminated with Salmonella.","CA, IL, GA, NJ, CT, KS, MN, MA, WA, ME, NY.",2,,,,,,,,https://www.accessdata.fda.gov/scripts/ires/?Product=114355,https://perbowl.com/recalls/2013/wixon-inc-salmonella-2013-01/
63459,2013-02-05,2012-10-10,2013-03-20,"Class I",Closed,"TBD Brands",Exeter,"New Hampshire",dog,Salmonella,"Frozen dog treats recalled due to possible contamination with salmonella due to Sunland Peanut Butter recall",Nationwide,1,,,,,,,,https://www.accessdata.fda.gov/scripts/ires/?Product=113933,https://perbowl.com/recalls/2013/tbd-brands-salmonella-2013-02/
64445,2013-03-26,2013-02-22,2014-05-29,"Class II",Closed,"Hy-Vee Stores Inc","West Des Moines",Iowa,dog,"Aflatoxin or mycotoxin;Nutrient levels","The recalled products may contain elevated levels of Aflatoxin.","Distribution was made to 212 retail stores in  IA, IL, MO, KS, NE, SD, MN and WI.",5,,,,,,,,https://www.accessdata.fda.gov/scripts/ires/?Product=116152,https://perbowl.com/recalls/2013/hy-vee-stores-inc-aflatoxin-or-mycotoxin-2013-03/
64663,2013-05-03,2013-03-11,2014-07-07,"Class III",Closed,"Procter & Gamble Co",Mason,Ohio,dog,Other,"The firm was notified via consumer complaints that the product contains mold.","Product was shipped to the following states: AL, AZ, CA, CO, CT, FL, GA, HI, IA, IL, IN, KS, KY, MA, MI, MN, MO, NC, NJ, NY, NC, OH, OR, PA, SC, TN, TX, UT, VA, WA & WI.  Product was also shipped to Canada.",2,,,,,,,Iams,https://www.accessdata.fda.gov/scripts/ires/?Product=116732,https://perbowl.com/recalls/2013/procter-gamble-co-recall-2013-05/
63882,2013-05-16,2012-12-07,2013-07-31,"Class III",Closed,"Claudia's Canine Cuisine",Maumelle,Arkansas,dog,Other,"The product has the potential to contain mold.",Nationwide,2,,,,,,,,https://www.accessdata.fda.gov/scripts/ires/?Product=114965,https://perbowl.com/recalls/2013/claudia-s-canine-cuisine-recall-2013-05/
63745,2013-05-17,2012-11-15,2014-04-30,"Class I",Closed,"Carolina Prime Pet",Murphy,"North Carolina",dog,Salmonella,"Product tested positive for Salmonella.","AZ, CA, CO, DC, DE, HI, IL, MD, NE, NJ, NV, NM, PA, SD, TX, VA and WY.",1,,,,,,,,https://www.accessdata.fda.gov/scripts/ires/?Product=114696,https://perbowl.com/recalls/2013/carolina-prime-pet-salmonella-2013-05/
64411,2013-05-17,2013-02-20,2013-08-07,"Class I",Closed,"Nutri-Vet, LLC",Boise,Idaho,dog,Salmonella,"Nutri-Pet Chicken Jerky products are recalled because they may be contaminated with Salmonella. Nutri-Vet Chicken Jerky products are recalled because they may be contaminated with Salmonella.","distributed nationwide and also to Hong Kong, Malaysia, Panama, and Singapore.",10,,,,,,,,https://www.accessdata.fda.gov/scripts/ires/?Product=116084,https://perbowl.com/recalls/2013/nutri-vet-llc-salmonella-2013-05/
64476,2013-05-17,2013-02-27,2013-07-09,"Class I",Closed,"United Pet Group Inc",Cincinnati,Ohio,,Salmonella,"The firm received notification from one of their  ingredient  suppliers that parsley they purchased may be contaminated with Salmonella.","Product was shipped to the following states: AZ, CA, FL, GA, IL, IN, MI, MO, NC, NJ, NV, NY, OH, PA, SC, WA & WI.  Product was also shipped to Canada.",1,,,,,,,,https://www.accessdata.fda.gov/scripts/ires/?Product=116220,https://perbowl.com/recalls/2013/united-pet-group-inc-salmonella-2013-05/
64757,2013-05-21,2013-03-15,2015-06-19,"Class III",Closed,"Abbott Laboratories","Abbott Park",Illinois,dog,"Mislabeling or undeclared ingredient","Canadian labeled Isoflurane was shipped to US customers.","Nationwide (CA, GA, IA, IN, KY, MN, OR, TX, VA, WA)",1,,,,,,,,https://www.accessdata.fda.gov/scripts/ires/?Product=117001,https://perbowl.com/recalls/2013/abbott-laboratories-mislabeling-or-undeclared-ingredient-201/
64061,2013-06-12,2013-01-09,2019-04-19,"Class II",Closed,"Del Monte Foods, Inc","San Francisco",California,dog,Other,"On 01/07/2013, New York State's Department of Agriculture informed the U.S. Food and Drug Administration (FDA) and the Company that trace amounts of residual antibiotics had been found in several lots of MiIo's Kitchen Chicken Jerky and Chicken Grillers. After consultation with the New York Department of Agriculture and FDA, the company decided to voluntarily recall Milo's Kitchen Chicken Jerky an On 01/07/2013, New York State's Department of Agriculture informed the U.S. Food and Drug Administration (FDA) and the Company that trace amounts of residual antibiotics had been found in several lots of MiIo's Kitchen Chicken Jerky and Chicken Grillers. After consultation with the New York Department of Agriculture and FDA, the company decided to voluntarily recall Milos Kitchen Chicken Jerky and","Nationally to >200 consignees",2,,,,,,,,https://www.accessdata.fda.gov/scripts/ires/?Product=115307,https://perbowl.com/recalls/2013/del-monte-foods-inc-recall-2013-06/
64064,2013-06-12,2013-01-08,2013-11-20,"Class II",Closed,"Central Garden and Pet DBA IMS, Trading, LLC.","Wood Ridge","New Jersey",dog,Other,"NYSDAM Analysis has revealed the presence of unapproved antibiotics in Cadet Gourmet Chicken Breast Pet Treats.",Nationwide.,3,,,,,,,,https://www.accessdata.fda.gov/scripts/ires/?Product=115581,https://perbowl.com/recalls/2013/central-garden-and-pet-dba-ims-trading-llc-recall-2013-06/
64212,2013-06-12,2013-01-25,2015-02-25,"Class II",Closed,"Hartz Mountain Corp.",Secaucus,"New Jersey",,Other,"Pet treats contain unapproved antibiotics Pet treats contain unapproved antibiotics.",Nationwide,6,"Hartz Mountain",name,,,https://perbowl.com/who-makes/hartz-mountain/,,,https://www.accessdata.fda.gov/scripts/ires/?Product=115571,https://perbowl.com/recalls/2013/hartz-mountain-corp-recall-2013-06/
64551,2013-06-13,2013-02-27,2013-06-13,"Class I",Closed,"Diggin Your Dog, LLC",Reno,Nevada,dog,Salmonella,"Colorado Department of Agriculture collected a sample of Diggin Your Dog Brand Strippin Chicks at retail and had a positive result for Salmonella.","NV and CO",1,,,,,,,,https://www.accessdata.fda.gov/scripts/ires/?Product=116472,https://perbowl.com/recalls/2013/diggin-your-dog-llc-salmonella-2013-06/
65271,2013-06-21,2013-05-01,2015-03-04,"Class II",Closed,"Sogeval Laboratories Inc",Oldsmar,Florida,dog,Other,"Product's recent testing microbial analysis revealed results exceeding that of the upper limit of normal bacterial specifications.","Product was distributed to 8 domestic wholesalers/distributors and 1 foreign distributor.",1,,,,,,,,https://www.accessdata.fda.gov/scripts/ires/?Product=118422,https://perbowl.com/recalls/2013/sogeval-laboratories-inc-recall-2013-06/
63240,2013-06-24,2012-09-17,2014-07-22,"Class I",Closed,"Kasel Associates Industries, Inc.",Denver,Colorado,dog,Salmonella,"Kasel Associated Industries is voluntarily recalling a specific lot of Boots & Barkley Roasted American Pig Ears, due to possible contamination with Salmonella bacteria. Kasel Associated Industries is voluntarily recalling a specific lot of Boots and Barkley American Variety Pack, due to possible contamination with Salmonella bacteria. Kasel Associated Industries is voluntarily recalling a specific lot of Nature's Deli Chicken Jerky Dog Treats, 2.5 lbs. bag, due to possible contamination with Salmonella bacteria. Kasel Industries is recalling Boots & Barkley American Beef Bully Sticks, 6 count, due to possible contamination with salmonella bacteria.","Beef Bully Sticks were distributed to Target locations in: AL, AZ, CA, CO, GA, IA, IL, IN, KS, MI, MN, NC, NY, OH, OR, PA, SC, TX, VA, WI._x000D_
Chicken Jerky Treats were distributed to 57 Sam's Club locations in: CO, IA, ID, IL, KS, MO, MT, NE, OK, SD, UT, WY.",4,,,,,,,,https://www.accessdata.fda.gov/scripts/ires/?Product=113087,https://perbowl.com/recalls/2013/kasel-associates-industries-inc-salmonella-2013-06/
65316,2013-07-16,2013-05-24,2019-08-20,"Class II",Closed,"Rhode Island Textile Company",Pawtucket,"Rhode Island",dog,Other,"Pet treats contain trace amount of  antibiotics",Nationwide,1,,,,,,,,https://www.accessdata.fda.gov/scripts/ires/?Product=118542,https://perbowl.com/recalls/2013/rhode-island-textile-company-recall-2013-07/
64392,2013-07-24,2013-02-19,2014-07-22,"Class I",Closed,"Kasel Associates Industries, Inc.",Denver,Colorado,dog,Salmonella,"Kasel Industries received a 423(a), Notification of Opportunity to Initiate a Voluntary Recall, letter from FDA and is recalling all lots of pet treats manufactured at their facility between April 20, 2012 and September 19, 2012 due to positive Salmonella findings in the firm's products and facility.","Nationwide distribution.",46,,,,,,,,https://www.accessdata.fda.gov/scripts/ires/?Product=116017,https://perbowl.com/recalls/2013/kasel-associates-industries-inc-salmonella-2013-07/
64433,2013-07-24,2013-02-21,2013-10-17,"Class I",Closed,"The Honest Kitchen","San Diego",California,,Salmonella,"The Honest Kitchen is recalling five lots of its Verve, Zeal and Thrive pet food products because they have the potential to be contaminated with Salmonella.","Nationwide in the US and in Canada.",3,,,,,,,,https://www.accessdata.fda.gov/scripts/ires/?Product=116136,https://perbowl.com/recalls/2013/the-honest-kitchen-salmonella-2013-07/
64582,2013-07-24,2013-03-06,2017-08-15,"Class I",Closed,"Jones Natural Chews, Co., Inc.",Rockford,Illinois,dog,Salmonella,"This product is being recalled due to the possible risk of Salmonella.","AZ, CA, CO, PA, VA, and WI",1,,,,,,,,https://www.accessdata.fda.gov/scripts/ires/?Product=116542,https://perbowl.com/recalls/2013/jones-natural-chews-co-inc-salmonella-2013-07/
64539,2013-08-07,2013-03-07,2014-08-26,"Class I",Closed,"Steve's Real Food, Inc.",Murray,Utah,dog,Salmonella,"Steve's Real Food is recalling certain lots of Turducken Canine Recipe due to possible salmonella contamination.","Distributed to four distributors in CA, TN, RI, and MN. No foreign, government, or military distribution.",1,,,,,,,,https://www.accessdata.fda.gov/scripts/ires/?Product=116431,https://perbowl.com/recalls/2013/steve-s-real-food-inc-salmonella-2013-08/
64726,2013-08-07,2013-03-21,2013-09-09,"Class I",Closed,"JDJ Manufacturing, LLC",Aumsville,Oregon,,Salmonella,"BARF Juicy Combo Recipe patties from lot 209 sold under BARF brand are recalled due to a potential contamination with Salmonella. BARF Juicy Lamb Recipe patties from lot 209 sold under BARF brand are recalled due to a potential contamination with Salmonella.","directly distributed to California",2,,,,,,,,https://www.accessdata.fda.gov/scripts/ires/?Product=116865,https://perbowl.com/recalls/2013/jdj-manufacturing-llc-salmonella-2013-08/
64581,2013-08-27,2013-03-09,2014-05-13,"Class I",Closed,"Schell & Kampeter, Inc.",Meta,Missouri,cat,"Low thiamine","Product may contain low thiamine levels (vitamin B1).","AL, CO, FL, GA, IN, KY, MD, MA, MI, MN, MO, NY, NC, OH, OK, PA, SC, VA, Canada, Costa Rica, Japan, Lebanon, Latvia, Poland, Russia, Sweden, Singapore, Slovenia, Taiwan",6,"Diamond Pet Foods",name,,,https://perbowl.com/who-makes/diamond-pet-foods/,,"4health;Diamond Naturals",https://www.accessdata.fda.gov/scripts/ires/?Product=116535,https://perbowl.com/recalls/2013/schell-kampeter-inc-low-thiamine-2013-08/
64598,2013-08-27,2013-03-13,2016-06-07,"Class I",Closed,"BNG Miracle Pet LLC",Vernon,Connecticut,cat;dog,Salmonella,"Potential for Product  to be contaminated with Salmonella Product contaminated with Salmonella",Nationwide,3,,,,,,,,https://www.accessdata.fda.gov/scripts/ires/?Product=116577,https://perbowl.com/recalls/2013/bng-miracle-pet-llc-salmonella-2013-08/
65847,2013-12-05,2013-07-26,2015-12-23,"Class I",Closed,"Steve's Real Foods",Ogden,Utah,dog,Other,"Steve's Real Food is recalling its ""Chicken Canine Recipe"" due to potential contamination with Salmonelle.",Nationwide.,1,,,,,,,,https://www.accessdata.fda.gov/scripts/ires/?Product=120468,https://perbowl.com/recalls/2013/steve-s-real-foods-recall-2013-12/
65569,2013-12-17,2013-05-23,2014-02-27,"Class II",Closed,"Pet Brands Inc",Columbus,Ohio,dog,Other,"The New York State Department of Agriculture & Markets (NYSDAM) found trace amounts of non-approved antibiotic residue in some of the dog treat samples that they tested.","Product was shipped to the following states: AL, AR, AZ, CA, CO, DE, FL, GA, IA, IL, IN, KS, KY, LA, MD, MI, MO, MS, NC, NE, NJ, NM, NY, OH, OK, PA, SC, SD, TN, TX, UT, VA, VT, WI & WV.",1,,,,,,,,https://www.accessdata.fda.gov/scripts/ires/?Product=119602,https://perbowl.com/recalls/2013/pet-brands-inc-recall-2013-12/
65871,2013-12-17,2013-08-02,2014-02-05,"Class III",Closed,"Whitebridge Pet Brands Llc","Los Angeles",California,,Other,"Dogswell, LLC initiated this recall of certain Dogswell and Catswell pet treats because they have the potential to contain trace amounts of an antibiotic 
that has not been approved for use in the United States.","This product was distributed within the contiguous 48 states.",22,,,,,,,,https://www.accessdata.fda.gov/scripts/ires/?Product=120621,https://perbowl.com/recalls/2013/whitebridge-pet-brands-llc-recall-2013-12/
66429,2014-02-25,2013-09-26,2014-06-17,"Class II",Closed,"Bio-Cat Inc",Troy,Virginia,cat,Other,"Raw material enzymes intended for further manufacturing of animal feed may be contaminated with chloramphenicol.","The product was distributed to manufacturers and distributors nationwide and to Canada and Taiwan.",3,,,,,,,,https://www.accessdata.fda.gov/scripts/ires/?Product=122382,https://perbowl.com/recalls/2014/bio-cat-inc-recall-2014-02/
67417,2014-03-11,2014-01-29,2014-08-04,"Class III",Closed,"Sogeval Laboratories Inc",Oldsmar,Florida,dog,"Mislabeling or undeclared ingredient","Consumer complaint of the smell of their Synovial Flex Soft Chews associated with Joint Max Double Strength soft chews that were inadvertently mislabeled as Synovial Flex Soft Chews.","USA: FL, KY, MI, MN, OH, TX, WA.",1,,,,,,,,https://www.accessdata.fda.gov/scripts/ires/?Product=125423,https://perbowl.com/recalls/2014/sogeval-laboratories-inc-mislabeling-or-undeclared-ingredien/
65870,2014-06-10,2013-08-01,2014-06-10,"Class I",Closed,"BARF World Inc",Danville,California,,Salmonella,"Product was manufactured on the same equipment as product that tested positive for Salmonella by the Minnesota Dept of Public Health.",Nationwide,3,,,,,,,,https://www.accessdata.fda.gov/scripts/ires/?Product=120620,https://perbowl.com/recalls/2014/barf-world-inc-salmonella-2014-06/
66776,2014-06-11,2013-10-28,2017-02-27,"Class I",Closed,"Bailey's Choice",Cumming,Georgia,,Salmonella,"Possible Salmonella contamination.","DE, GA, NC, SC, TN and VA.",3,,,,,,,,https://www.accessdata.fda.gov/scripts/ires/?Product=123383,https://perbowl.com/recalls/2014/bailey-s-choice-salmonella-2014-06/
68280,2014-06-17,2014-04-18,2014-06-17,"Class III",Closed,"Whitebridge Pet Brands Llc","Los Angeles",California,,"Mislabeling or undeclared ingredient","Dogswell LLC initiated this market withdrawal due to undeclared vegetable glycerin.","US. No international.",1,,,,,,,,https://www.accessdata.fda.gov/scripts/ires/?Product=127264,https://perbowl.com/recalls/2014/whitebridge-pet-brands-llc-mislabeling-or-undeclared-ingredi/
69103,2014-09-18,2014-08-21,2016-03-08,"Class II",Closed,"Mars Petcare US",Mattoon,Illinois,dog,"Foreign material","Mars Petcare US is recalling specific 15 and 55 pound bags of PEDIGREE Adult Complete Nutrition Dry Dog Food because they may contain metal fragments.","US: AR, IN, LA, MI, MS, OH, TN",1,"Mars Petcare US",name,"Mars Petcare US, Mattoon, IL",fei,https://perbowl.com/who-makes/mars-petcare-us/,https://perbowl.com/who-makes/mars-petcare-us/mattoon-il/,Pedigree,https://www.accessdata.fda.gov/scripts/ires/?Product=129645,https://perbowl.com/recalls/2014/mars-petcare-us-foreign-material-2014-09/
66149,2014-10-14,2013-08-30,2016-10-26,"Class I",Closed,"Nestle Purina PetCare Co","Saint Louis",Missouri,dog,Salmonella,"The product is being recalled due to contamination with Salmonella.","Distributon was made to AL, AR, AZ, CA, CO, FL, GA, KS, LA, MO, MS, NV, OK. OR, SC, SD, TN, TX, UT and WA.  No foreign or military distribution was made.",1,"Nestlé Purina PetCare",name,,,https://perbowl.com/who-makes/nestle-purina-petcare/,,Purina,https://www.accessdata.fda.gov/scripts/ires/?Product=121560,https://perbowl.com/recalls/2014/nestle-purina-petcare-co-salmonella-2014-10/
69374,2014-10-16,2014-09-19,2014-12-01,"Class III",Closed,"Jakks Pacific Inc",Malibu,California,,Other,"JAKKS Pacific is recalling Kong Brand Rawhide products because they may be contaminated with mold.",AZ,2,,,,,,,,https://www.accessdata.fda.gov/scripts/ires/?Product=130359,https://perbowl.com/recalls/2014/jakks-pacific-inc-recall-2014-10/
66009,2014-11-04,2013-08-13,2017-03-21,"Class I",Closed,"Procter & Gamble Co",Mason,Ohio,cat;dog,Salmonella,"Product has the potential to be contaminated with Salmonella.","AL, CT, FL, DE, GA, LA, MA, MD, ME, MS, NC, NH, NJ, NY, SC, PA and VA.",29,,,,,,,Iams;Eukanuba,https://www.accessdata.fda.gov/scripts/ires/?Product=121184,https://perbowl.com/recalls/2014/procter-gamble-co-salmonella-2014-11/
69598,2014-11-25,2014-10-01,2017-07-12,"Class III",Closed,"Loving Pets",Cranbury,"New Jersey",dog,Other,"Simply Nourish Beef Biscotti with Sweet Potatoes contain improper bag seals which allow moisture into the packaging.",Nationwide,1,,,,,,,"Simply Nourish",https://www.accessdata.fda.gov/scripts/ires/?Product=131020,https://perbowl.com/recalls/2014/loving-pets-recall-2014-11/
68413,2015-01-29,2014-05-28,2015-01-30,"Class I",Closed,"Sunshine Mills Inc AKA World Pet Foods","Red Bay",Alabama,dog,"Low thiamine","A sample of one lot of product was found to contain levels of thiamine below the FDA recommended limit.","FL, IA, IN, GA, CT, PA, and TX",1,"Sunshine Mills",name,,,https://perbowl.com/who-makes/sunshine-mills/,,,https://www.accessdata.fda.gov/scripts/ires/?Product=127539,https://perbowl.com/recalls/2015/sunshine-mills-inc-aka-world-pet-foods-low-thiamine-2015-01/
67366,2015-08-10,2014-01-26,2015-10-19,"Class I",Closed,"Pmi Nutrition, Llc",Shoreview,Minnesota,cat,Salmonella,"The firm was notified by the FDA of a positive result for Salmonella.","Product was shipped to the following states: AL, GA, IA, IL, IN, KY, MA, MD, MI, MN, MS, NC, ND, NJ, NY, OH, PA, SC, TN, VA, VT, WI & WV.",1,,,,,,,,https://www.accessdata.fda.gov/scripts/ires/?Product=125341,https://perbowl.com/recalls/2015/pmi-nutrition-llc-salmonella-2015-08/
68425,2015-08-10,2014-05-30,2015-08-10,"Class I",Closed,"Hill's Pet Nutrition Inc",Topeka,Kansas,dog,Salmonella,"The product may be contaminated with Salmonella.","The product was distributed in CA, HI and NV. Distribution was also made to a military customer.  There was no foreign distribution.",1,"Hill’s Pet Nutrition",name,,,https://perbowl.com/who-makes/hills-pet-nutrition/,,"Science Diet",https://www.accessdata.fda.gov/scripts/ires/?Product=127564,https://perbowl.com/recalls/2015/hill-s-pet-nutrition-inc-salmonella-2015-08/
71703,2015-09-17,2015-07-17,2017-03-02,"Class III",Closed,"Spectrum Brands Pet Group Inc",Blacksburg,Virginia,dog,Other,"Product may be contaminated with Amantadine, an antiviral human drug not approved for use in animal food.","Product was distributed to CA, IA, IL, MN, NY, OH, OK, PA, TX, VA, WA, and WI.  There was no foreign, military, or government distribution.",1,,,,,,,,https://www.accessdata.fda.gov/scripts/ires/?Product=138791,https://perbowl.com/recalls/2015/spectrum-brands-pet-group-inc-recall-2015-09/
70301,2015-10-23,2015-01-16,2015-10-26,"Class I",Closed,"Miller Foods Inc.",Avon,Connecticut,cat,Salmonella,"Product tested positive for Salmonella.","Nationwide in the following states:  VT, NY, NH, CT, OK, NJ, OH, IN, TN, DE, MT, PA, ME, VT, WA, CO, CA, NM, MI, SC",1,,,,,,,,https://www.accessdata.fda.gov/scripts/ires/?Product=132922,https://perbowl.com/recalls/2015/miller-foods-inc-salmonella-2015-10/
71506,2015-11-12,2015-06-26,2017-03-28,"Class II",Closed,"Kent Nutrtion Group Inc",Muscatine,Iowa,,"Mislabeling or undeclared ingredient;Nutrient levels","Analysis of product indicates it may contain more than the labeled amounts of vitamin A, calcium, and phosphorus.","The recalled product was distributed to CA, GA, IL, MN, PA, NV and NY.",3,,,,,,,,https://www.accessdata.fda.gov/scripts/ires/?Product=138009,https://perbowl.com/recalls/2015/kent-nutrtion-group-inc-nutrient-levels-2015-11/
68297,2015-11-25,2014-05-14,2016-06-15,"Class I",Closed,"BNG Miracle Pet LLC",Manchester,Connecticut,cat;dog,Listeria,"Potential for contamination with Listeria monocytogenes","Product was distributed in the following states: AZ, CA, CO, CT, FL, IL, IN, MA, MD, MN, MO, NH, NM, NY, OH, PA, RI, SC, TX, WA",6,,,,,,,,https://www.accessdata.fda.gov/scripts/ires/?Product=127293,https://perbowl.com/recalls/2015/bng-miracle-pet-llc-listeria-2015-11/
68403,2015-11-25,2014-05-28,2015-12-23,"Class I",Closed,"Pet Center Inc","Los Angeles",California,dog,Salmonella,"Pet Center, Inc of Los Angeles, CA. is voluntarily recalling its 3 oz bag of Lamb Crunchy’s dog treats (LAM-003) (UPC# 727348200038) with date code 122015 product of USA, because it has the potential to be contaminated with Salmonella.","US: CA, CO, WA, WI.",1,,,,,,,,https://www.accessdata.fda.gov/scripts/ires/?Product=127517,https://perbowl.com/recalls/2015/pet-center-inc-salmonella-2015-11/
69853,2015-12-02,2015-06-03,2016-04-27,"Class I",Closed,"Ainsworth Pet Nutrition",Meadville,Pennsylvania,cat,"Excess vitamin D;Nutrient levels","Elevated levels of Vitamin D","AL	;_x000D_
 AR	;_x000D_
 AZ	;_x000D_
 CA	;_x000D_
 CO	;_x000D_
 CT	;_x000D_
 DE	;_x000D_
 FL	;_x000D_
 GA	;_x000D_
 IA	;_x000D_
 IL	;_x000D_
 IN	;_x000D_
 KS	;_x000D_
 KY	;_x000D_
 LA	;_x000D_
 ME	;_x000D_
 MI	;_x000D_
 MN	;_x000D_
 MO	;_x000D_
 MS	;_x000D_
 NC	;_x000D_
 NE	;_x000D_
 NH	;_x000D_
 NJ	;_x000D_
 NV	;_x000D_
 NY	;_x000D_
 OH	;_x000D_
 OR	;_x000D_
 PA	;_x000D_
 SC	;_x000D_
 TN	;_x000D",6,"Post Consumer Brands",name,,,https://perbowl.com/who-makes/post-consumer-brands/,,"Rachael Ray Nutrish",https://www.accessdata.fda.gov/scripts/ires/?Product=131708,https://perbowl.com/recalls/2015/ainsworth-pet-nutrition-excess-vitamin-d-2015-12/
69811,2015-12-23,2014-07-01,2016-06-21,"Class III",Closed,"Rhode Island Textile Company",Cumberland,"Rhode Island",,Other,"Presence of antibiotics (sulfaclozine) in product.","Walgreens Distribution Centers in PA, NY, CT, FL, and WI",1,,,,,,,,https://www.accessdata.fda.gov/scripts/ires/?Product=131576,https://perbowl.com/recalls/2015/rhode-island-textile-company-recall-2015-12/
64642,2016-01-21,2013-03-18,2016-01-28,"Class I",Closed,"Natura Manufacturing, Inc.",Fremont,Nebraska,cat;dog,Salmonella,"Product is potentially contaminated with Salmonella.","Distribution was nationwide.  Foreign distribution was made to Canada, Hong Kong, Korea, Japan, Malaysia, and Costa Rica.",58,"Royal Canin USA",plant,"Royal Canin USA, Fremont, NE",fei,https://perbowl.com/who-makes/royal-canin-usa/,https://perbowl.com/who-makes/royal-canin-usa/fremont-ne/,,https://www.accessdata.fda.gov/scripts/ires/?Product=116701,https://perbowl.com/recalls/2016/natura-manufacturing-inc-salmonella-2016-01/
65475,2016-01-21,2013-06-18,2016-01-28,"Class I",Closed,"Natura Pet Products",Fremont,Nebraska,cat;dog,Salmonella,"The product may be contaminated with Salmonella.","Distribution was made to AZ, CA, CO, FL, GA, ID, IL, MI, MN, MT, NC, NJ, NV, NY, OH, PA, RI, TX, VT, and WA.",74,"Royal Canin USA",plant,"Royal Canin USA, Fremont, NE",fei,https://perbowl.com/who-makes/royal-canin-usa/,https://perbowl.com/who-makes/royal-canin-usa/fremont-ne/,,https://www.accessdata.fda.gov/scripts/ires/?Product=119036,https://perbowl.com/recalls/2016/natura-pet-products-salmonella-2016-01/
67583,2016-01-21,2014-02-04,2016-08-25,"Class I",Closed,"Pro Pet LLC","Saint Marys",Ohio,cat;dog,Salmonella,"During an internal investigation, the firm discovered five additional products that were packaged on the same finishing line as a previous product which tested positive for Salmonella contamination.","Product was shipped to the following states: AZ, CA, CO, CT, FL, GA, IA, IL, IN, KS, KY, MA, MI, MN, MT, NC, ND, NE, NJ, NM, NY, OH, PA, SD, TN, TX, VA, WA, WI and WV.",5,,,,,,,,https://www.accessdata.fda.gov/scripts/ires/?Product=125767,https://perbowl.com/recalls/2016/pro-pet-llc-salmonella-2016-01/
67969,2016-01-22,2014-04-08,2016-02-05,"Class I",Closed,"The Robert Abady Dog & Cat Food Co / Nutra-Vet Research Co",Poughkeepsie,"New York",cat,Salmonella,"The Robert Abady Dog Food Co., LLC of Poughkeepsie, NY, is recalling its 2 lb, 5 lb & 15 lb boxes of ""Abady Highest Quality Maintenance & Growth Formula for Cats"" because they have the potential to be contaminated with Salmonella.","Distributed in 6 states: CT, MA, MI, NJ, NY, RI",1,,,,,,,,https://www.accessdata.fda.gov/scripts/ires/?Product=126681,https://perbowl.com/recalls/2016/the-robert-abady-dog-cat-food-co-nutra-vet-research-co-salmo/
69353,2016-01-22,2014-09-25,2016-06-07,"Class I",Closed,"BNG Miracle Pet LLC",Manchester,Connecticut,cat;dog,Salmonella,"Product has the potential to be contaminated with Salmonella.","Product was distributed nationwide.",2,,,,,,,,https://www.accessdata.fda.gov/scripts/ires/?Product=130278,https://perbowl.com/recalls/2016/bng-miracle-pet-llc-salmonella-2016-01/
69843,2016-01-22,2014-11-20,2016-02-05,"Class I",Closed,"Mars Petcare US",Franklin,Tennessee,cat,Other,"Batches of cat and ferret food were manufactured with no added vitamins and double the specified minerals.","Product was distributed to distributors in CA, GA, MI, MN, NV, PA, TX, and VT as well as British Columbia, Canada.",2,"Mars Petcare US",name,,,https://perbowl.com/who-makes/mars-petcare-us/,,,https://www.accessdata.fda.gov/scripts/ires/?Product=131681,https://perbowl.com/recalls/2016/mars-petcare-us-recall-2016-01/
70996,2016-01-22,2015-04-10,2016-03-30,"Class I",Closed,"TFH Publications, Inc.",Neptune,"New Jersey",dog,Salmonella,"Nylabone Puppy Starter Kit may be contaminated with Salmonella.",Nationwide,1,,,,,,,,https://www.accessdata.fda.gov/scripts/ires/?Product=135823,https://perbowl.com/recalls/2016/tfh-publications-inc-salmonella-2016-01/
71258,2016-01-22,2015-05-13,2017-02-27,"Class I",Closed,"oc Raw Dog","Rancho Santa Margarita",California,dog,Salmonella,"OC Raw Dog, LLC is initiating a recall of OC Raw Dog Turkey & Produce in 6.5 lb and bulk bags due to potential Salmonella contamination.","U.S. distribution to the following; MN, MO, CO, and PA._x000D_
No foreign distribution.",1,,,,,,,,https://www.accessdata.fda.gov/scripts/ires/?Product=137122,https://perbowl.com/recalls/2016/oc-raw-dog-salmonella-2016-01/
71520,2016-01-22,2015-06-04,2016-07-12,"Class I",Closed,"Boulder Dog Food Company, L.L.C.",Boulder,Colorado,dog,Salmonella,"Boulder Dog Food Company is recalling Chicken Sprinkles with Best by Date of 05/04/2016 and Turkey Sprinkles with Best by Date of 5/30/2016 because of the potential for Salmonella contamination. Boulder Dog Food Company is recalling Chicken Sprinkles with Best by Date of 05/04/2016 because it tested positive for Salmonella.","Distributed to Colorado, Washington, Maryland, Virginia, Florida, California  No foreign or VA/govt/military consignees.",2,,,,,,,,https://www.accessdata.fda.gov/scripts/ires/?Product=138062,https://perbowl.com/recalls/2016/boulder-dog-food-company-l-l-c-salmonella-2016-01/
71789,2016-01-22,2015-07-24,2017-03-28,"Class I",Closed,"Nature's Variety","Saint Louis",Missouri,dog,Salmonella,"Product tested positive for Salmonella","Nationwide distribution.  Product was also distributed to Canada.  No military or government distribution was reported.",2,,,,,,,Instinct,https://www.accessdata.fda.gov/scripts/ires/?Product=139104,https://perbowl.com/recalls/2016/nature-s-variety-salmonella-2016-01/
71875,2016-01-22,2015-07-20,2016-06-14,"Class I",Closed,"Natural Dog Company, Inc.",Windsor,Colorado,dog,Salmonella,"The Natural Dog Company is recalling 12” Tremenda Sticks due to potential Salmonella.","Nationwide to CO, FL, IL, MO, MN, MT, NC, OH, UT and WA.  No foreign/ military/ VA/ govt.",1,,,,,,,,https://www.accessdata.fda.gov/scripts/ires/?Product=139259,https://perbowl.com/recalls/2016/natural-dog-company-inc-salmonella-2016-01/
70196,2016-02-04,2014-12-31,2016-09-28,"Class I",Closed,"Jump Your Bones, Inc.","Boca Raton",Florida,,Salmonella,"The Colorado Department of Agriculture collected a sample and found that it was positive for Salmonella. They submitted the Salmonella isolate to the FDA for further identification.","Distributors in  WA, CA and NY - product sold Nationwide and via internet sales at  Pet Stores, Pet Boutiques, Groomers and Veterinarian Offices.",1,,,,,,,,https://www.accessdata.fda.gov/scripts/ires/?Product=132476,https://perbowl.com/recalls/2016/jump-your-bones-inc-salmonella-2016-02/
70406,2016-02-04,2015-01-30,2016-06-14,"Class I",Closed,"BarkDine Innovations, LLC",Loveland,Colorado,dog,Salmonella,"Grill-Phoria of Loveland, Colorado is recalling certain Big Bark All Natural Beef Jerky Treats for Dogs due to potential contamination with Salmonella.","Big Bark All Natural Beef Jerky Treats for Dogs was distributed primarily in Colorado, with some product distributed in Wyoming, Utah, Oklahoma, and Arizona through Nor-Sky Pet Supply LLC to independent pet stores.",1,,,,,,,,https://www.accessdata.fda.gov/scripts/ires/?Product=133501,https://perbowl.com/recalls/2016/barkdine-innovations-llc-salmonella-2016-02/
70504,2016-02-04,2015-02-11,2016-04-07,"Class I",Closed,"Tuffy's Pet Food, Inc",Perham,Minnesota,dog,Salmonella,"Specific lots of Nutrisca Chicken and Chick Pea Recipe Dry Dog Food have the potential to be contaminated with Salmonella.","Product distributed to distributors in CA and IL",1,,,,,,,,https://www.accessdata.fda.gov/scripts/ires/?Product=133921,https://perbowl.com/recalls/2016/tuffy-s-pet-food-inc-salmonella-2016-02/
71607,2016-02-04,2015-06-19,2016-12-19,"Class I",Closed,"Carnivore Meat Company, LLC","Green Bay",Wisconsin,,Listeria,"Carnivore Meat Company LLC is recalling Frozen Beef Tripe Patties (Lot Number 10930) and Frozen Beef Tripe Nibblets (Lot Number 10719) because of the presence of Listeria monocytogenes in the product.","US: RI, MA, VT, PA, OH, GA, FL, TX, IL, CO, CA NM.",1,,,,,,,,https://www.accessdata.fda.gov/scripts/ires/?Product=138376,https://perbowl.com/recalls/2016/carnivore-meat-company-llc-listeria-2016-02/
71927,2016-02-04,2015-08-10,2016-03-01,"Class I",Closed,"Northwest Farm Food Cooperative",Burlington,Washington,cat,Salmonella,"Frozen Raw ""Cat Food"" is recalled due to contamination with Salmonella.","distributed in OR and WA",1,,,,,,,,https://www.accessdata.fda.gov/scripts/ires/?Product=139394,https://perbowl.com/recalls/2016/northwest-farm-food-cooperative-salmonella-2016-02/
70508,2016-02-09,2015-01-12,2017-01-04,"Class I",Closed,"Pet International Inc.",Doral,Florida,,Salmonella,"Samples collected by the Colorado Department of Agriculture and tested in FDA laboratory tested positive for Salmonella",Colorado,1,,,,,,,,https://www.accessdata.fda.gov/scripts/ires/?Product=133926,https://perbowl.com/recalls/2016/pet-international-inc-salmonella-2016-02/
70734,2016-02-09,2015-03-13,2016-02-16,"Class I",Closed,"Primal Pet Foods Inc.","San Francisco",California,cat,"Low thiamine","One lot of Feline Turkey Raw Frozen Formula 3 pound bag tested FDA was found to be low in Thiamine.","MO, PA, MN, FL, NY, OH, CA,  HI.",1,,,,,,,,https://www.accessdata.fda.gov/scripts/ires/?Product=134573,https://perbowl.com/recalls/2016/primal-pet-foods-inc-low-thiamine-2016-02/
71736,2016-02-09,2015-07-23,2016-07-27,"Class I",Closed,"BNG Miracle Pet LLC",Manchester,Connecticut,cat;dog,Salmonella,"Product did not test positive for Salmonella, but is being voluntarily recalled out of an abundance of caution because it was manufactured in the same manufacturing facility on the same day as the product that tested positive for Salmonella spp. Poly A. Product tested positive for Salmonella spp. Poly A","CT, MA, NH, NY, WI, OH, TX, AZ, MO, MN, MI, CA, CO, OR, NM, IN, FL, SC, PA, WA, RI, IL, MD",4,,,,,,,,https://www.accessdata.fda.gov/scripts/ires/?Product=138878,https://perbowl.com/recalls/2016/bng-miracle-pet-llc-salmonella-2016-02/
72300,2016-02-10,2015-09-27,2017-02-27,"Class I",Closed,"oc Raw Dog","Rancho Santa Margarita",California,dog,Salmonella,"OC Raw Dog, LLC is recalling OC Raw Dog Chicken, Fish & Produce Raw Frozen Canine Formulation due to potential Salmonella contamination.","U.S. distribution to the following; VT, CO, PA._x000D_
No foreign distribution.",1,,,,,,,,https://www.accessdata.fda.gov/scripts/ires/?Product=140517,https://perbowl.com/recalls/2016/oc-raw-dog-salmonella-2016-02/
72467,2016-03-04,2015-10-16,2016-03-04,"Class III",Closed,"Centinela Feed and Pet Supplies",Torrance,California,,Other,"Centinela Feed & Pet Supplies is recalling Home Duck Jerky & Duck Treats because they may contain trace amounts of antibiotics.",CA,2,,,,,,,,https://www.accessdata.fda.gov/scripts/ires/?Product=141156,https://perbowl.com/recalls/2016/centinela-feed-and-pet-supplies-recall-2016-03/
72627,2016-03-04,2015-11-06,2016-04-14,"Class II",Closed,"The Blue Buffalo Company",Wilton,Connecticut,cat,Other,"Product contains propylene glycol.","USA: CA_x000D_
CO_x000D_
FL_x000D_
GA_x000D_
IL_x000D_
IN_x000D_
KY_x000D_
MA_x000D_
MD_x000D_
MI_x000D_
MN_x000D_
NC_x000D_
NE_x000D_
NJ_x000D_
NV_x000D_
NY_x000D_
OH_x000D_
PA_x000D_
RI_x000D_
SC_x000D_
TX_x000D_
WA_x000D_
_x000D_
Canada",1,,,,,,,,https://www.accessdata.fda.gov/scripts/ires/?Product=141745,https://perbowl.com/recalls/2016/the-blue-buffalo-company-recall-2016-03/
72613,2016-03-07,2015-10-26,2019-01-29,"Class II",Closed,"Halo, Purely for Pets, Inc.",Tampa,Florida,cat,Other,"Reports of mold in the product.","AZ, CA, CO, DE, GA, ID, IL, IN, MA, MI, MN, NC, ND, NJ, NV, NY, OH, OK, OR, PA, SC, TN, TX, UT AND WA_x000D_
Canada",1,,,,,,,,https://www.accessdata.fda.gov/scripts/ires/?Product=141667,https://perbowl.com/recalls/2016/halo-purely-for-pets-inc-recall-2016-03/
72744,2016-03-29,2015-11-25,2017-02-22,"Class III",Closed,"Cosmos Corp",Wentzville,Missouri,dog,Other,"Some bags of product showed evidence of mold.","Product was distributed to distribution centers in AL, AZ, CA, CO, GA, IA, IL, IN, KS, MI, MN, NC, NY, OH, OR, PA, SC, TX, VA, and WI. Further distribution to retail stores was likely to more states.",1,,,,,,,,https://www.accessdata.fda.gov/scripts/ires/?Product=142063,https://perbowl.com/recalls/2016/cosmos-corp-recall-2016-03/
72743,2016-06-10,2015-11-25,2016-06-13,"Class I",Closed,"The Blue Buffalo Company",Wilton,Connecticut,,Salmonella,"Cub Size Wilderness Wild Chews Bones may be contaminated with Salmonella.","PetSmart Stores in:  California, Nevada, Utah, Kansas, Washington, Montana, Minnesota, Oregon, Michigan",1,,,,,,,"Blue Buffalo",https://www.accessdata.fda.gov/scripts/ires/?Product=142062,https://perbowl.com/recalls/2016/the-blue-buffalo-company-salmonella-2016-06/
72092,2016-06-11,2015-08-31,2016-08-12,"Class I",Closed,"Boesl Packing Company, Inc.",Baltimore,Maryland,dog,Listeria;Salmonella,"Chicken and Vegetable, K-9, Dog Food (sample  # 912272 ) tested positive for Listeria monocytogenes and Salmonella. 
 
Chicken and Vegetable, K-9, Dog Food is manufactured by the Boesl Packing Company, Inc., 2322 Belair Rd, Baltimore, Maryland.","The product was distributed in Maryland to two Direct accounts and one Distributor",1,,,,,,,,https://www.accessdata.fda.gov/scripts/ires/?Product=139843,https://perbowl.com/recalls/2016/boesl-packing-company-inc-salmonella-2016-06/
72310,2016-06-11,2015-09-30,2017-03-02,"Class I",Closed,"United Pet Group, Inc.",Blacksburg,Virginia,,Salmonella,"Product may be contaminated with Salmonella.","Nationwide distribution to AL, AR, CA, CO, CT, FL, GA, IA, IL, IN, KY, MO, MS, NC, NY, OH, OK, PA, SC, TX, UT, VA, and WA.  There was not foreign, government, or military distribution.",1,,,,,,,,https://www.accessdata.fda.gov/scripts/ires/?Product=140569,https://perbowl.com/recalls/2016/united-pet-group-inc-salmonella-2016-06/
72833,2016-06-11,2015-12-10,2019-05-17,"Class I",Closed,"BNG Miracle Pet LLC",Manchester,Connecticut,cat;dog,Salmonella,"May be contaminated with Salmonella","AZ, CA, CO.IL, MN, MD, OR, PA, SC, TX, WA",4,,,,,,,,https://www.accessdata.fda.gov/scripts/ires/?Product=142324,https://perbowl.com/recalls/2016/bng-miracle-pet-llc-salmonella-2016-06/
71648,2016-08-02,2015-07-03,2017-08-11,"Class I",Closed,"Stella & Chewy's, LLC",Milwaukee,Wisconsin,cat;dog,Listeria,"Stella & Chewy's is voluntarily recalling some of its products due to concerns of a possible presence of Listeria monocytogenes. The recall was prompted by a positive test confirming Listeria monocytogenes in Chewy's Chicken Freeze-Dried Dinner Patties for Dogs, 15 ounce, Lot #111-15.  As a precautionary measure the company is recalling  all products from lot # 111-15 including products that could have come into contact with the affected lot. Stella & Chewy's is voluntarily recalling some of its products due to concerns of a possible presence of Listeria monocytogenes. The recall was prompted by a positive test confirming Listeria monocytogenes in Chewy's Chicken Freeze-Dried Dinner Patties for Dogs, 15 ounce, Lot #111-15.  As a precautionary measure the company is recalling all products from lot # 111-15 including products that could have come into contact with the affected lot. Stella & Chewy's is voluntarily recalling some of its products due to concerns of a possible presence of Listeria monocytogenes. The recall was prompted by a positive test confirming Listeria monocytogenes in Chewy's Chicken Freeze-Dried Dinner Patties for Dogs, 15 ounce, Lot #11115. As a precautionary measure the company is recalling all products from lot # 111-15 including products that could have come into contact with the affected lot.","US: AZ, CA, CO, FL GA, IL, KS, MD, MN, NY, NC, PA, RI, TX, VI, VA, WI,WA.",8,,,,,,,"Stella & Chewy’s",https://www.accessdata.fda.gov/scripts/ires/?Product=138524,https://perbowl.com/recalls/2016/stella-chewy-s-llc-listeria-2016-08-2/
72857,2016-08-02,2015-12-11,2016-12-19,"Class I",Closed,"Stella & Chewy's, LLC","Oak Creek",Wisconsin,cat;dog,Listeria,"The recall was prompted by a positive test confirming Listeria monocytogenes in Stella's Super Beef Dinner Morsels for Dogs, 8.5 oz. frozen bags, lot #165-15, ""Use by 6-25-2016"", during routine surveillance testing by the Michigan Department of Agriculture and Rural Development.","Nationwide and Canada",3,,,,,,,"Stella & Chewy’s",https://www.accessdata.fda.gov/scripts/ires/?Product=142362,https://perbowl.com/recalls/2016/stella-chewy-s-llc-listeria-2016-08/
73463,2016-08-31,2016-03-09,2017-11-29,"Class II",Closed,"Nestle Purina PetCare Co","Saint Louis",Missouri,dog,"Mislabeling or undeclared ingredient","Product may contain less vitamins and minerals than label purports.","Product was distributed nationwide and Puerto Rico.  Product was also distributed to Ontario, Canada.  There was no military or government distribution.",24,"Nestlé Purina PetCare",name,,,https://perbowl.com/who-makes/nestle-purina-petcare/,,Purina,https://www.accessdata.fda.gov/scripts/ires/?Product=144232,https://perbowl.com/recalls/2016/nestle-purina-petcare-co-mislabeling-or-undeclared-ingredien/
72226,2016-09-13,2015-07-10,2016-10-24,"Class I",Closed,"I and Love and You - NatPets LLC",Boulder,Colorado,,Salmonella,"Natpet, LLC dba I and Love and You conducts a recall of cow-boom! strips-beef gullet pet treats due to contaminaton with Salmonella.","Nationwide to Ohio, Rhode Island, Washington and Florida._x000D_
No foreign/VA/Govt/military",1,,,,,,,,https://www.accessdata.fda.gov/scripts/ires/?Product=140277,https://perbowl.com/recalls/2016/i-and-love-and-you-natpets-llc-salmonella-2016-09/
73534,2016-09-20,2016-03-14,2016-12-12,"Class II",Closed,"Fromm Family Foods, LLC",Mequon,Wisconsin,dog,"Excess vitamin D;Nutrient levels","Fromm has discovered through its own analysis that the some varieties canned dog foods do not contain recommended levels of vitamins and minerals. These products may contain elevated levels of Vitamin D.","US: MN, WI, WY, NY, MA, TN, WA, IL, CO, CA, RI, MI, TX, GA, AZ, NJ, OH._x000D_
_x000D_
OUS:  CANADA",3,,,,,,,Fromm,https://www.accessdata.fda.gov/scripts/ires/?Product=144418,https://perbowl.com/recalls/2016/fromm-family-foods-llc-excess-vitamin-d-2016-09/
74256,2016-09-20,2016-05-26,2017-02-13,"Class II",Closed,"The Blue Buffalo Company",Wilton,Connecticut,dog,Other,"Product is contaminated with mold","Nationwide_x000D_
Canada",1,,,,,,,"Blue Buffalo",https://www.accessdata.fda.gov/scripts/ires/?Product=146998,https://perbowl.com/recalls/2016/the-blue-buffalo-company-recall-2016-09/
73687,2016-09-21,2016-03-30,2017-01-04,"Class III",Closed,"Xtra Factors",Pratt,Kansas,dog,"Mislabeling or undeclared ingredient","Product labeled for canine use is contaminated with monensin.","Product was distributed to TX.  There was no foreign/military/government distribution.",1,,,,,,,,https://www.accessdata.fda.gov/scripts/ires/?Product=144757,https://perbowl.com/recalls/2016/xtra-factors-mislabeling-or-undeclared-ingredient-2016-09/
73066,2016-09-28,2016-01-12,2017-11-17,"Class I",Closed,"Carnivore Meat Company, LLC","Green Bay",Wisconsin,dog,Salmonella,"Carnivore Meat Company is recalling one batch (lot # 11475) of Vital Essentials 6 lb. Frozen Chicken Patties Entree for Dogs  because it has the potential to be contaminated with Salmonella.","CA, CO, FL, GA, RI, TX, and WA",1,,,,,,,,https://www.accessdata.fda.gov/scripts/ires/?Product=142951,https://perbowl.com/recalls/2016/carnivore-meat-company-llc-salmonella-2016-09/
75116,2016-09-28,2016-08-30,2016-11-08,"Class II",Closed,"Addiction Foods Llc",Kent,Washington,dog,"Nutrient levels","New Zealand Brushtail & Vegetables Entr¿e, Canned Dog Food, are recalled due to  elevated levels of Vitamin A and slight variance in calcium and phosphorous ratios. New Zealand Venison & Apple Canned Dog Food are recalled due to  elevated levels of Vitamin A and slight variance in calcium and phosphorous ratios.","distributed in CA, FL, NC, PA, WA and in Canada",2,,,,,,,,https://www.accessdata.fda.gov/scripts/ires/?Product=149388,https://perbowl.com/recalls/2016/addiction-foods-llc-nutrient-levels-2016-09/
74518,2016-09-30,2016-06-22,2016-12-01,"Class I",Closed,"Radagast Pet Food, Inc.",Portland,Oregon,cat,Listeria;Salmonella,"Frozen Rad Cat Raw Diet Free-Range Chicken product is recalled due to the potential to be contaminated with Salmonella and/or Listeria monocytogenes. Frozen Rad Cat Raw Diet Free-Range Turkey product is recalled due to the potential to be contaminated with Salmonella and/or Listeria monocytogenes. Frozen Rad Cat Raw Diet Grass-Fed Beef product is recalled due to the potential to be contaminated with Salmonella and/or Listeria monocytogenes.","distributed nationwide except HI and MS and in Canada",3,,,,,,,,https://www.accessdata.fda.gov/scripts/ires/?Product=147812,https://perbowl.com/recalls/2016/radagast-pet-food-inc-salmonella-2016-09/
72987,2016-10-21,2016-01-04,2017-08-31,"Class I",Closed,"Gwenstone, Inc.",Brick,"New Jersey",dog,Listeria;Salmonella,"Dog food may be contaminated with Salmonella and Listeria monocytogenes as per FDA sampling and analysis.",Nationwide,2,,,,,,,,https://www.accessdata.fda.gov/scripts/ires/?Product=142631,https://perbowl.com/recalls/2016/gwenstone-inc-salmonella-2016-10/
75402,2016-12-21,2016-10-07,2019-02-12,"Class I",Closed,"Mars Petcare US",Franklin,Tennessee,,"Foreign material","There is a potential presence of white plastic in the finished product.","US nationwide.  The products were shipped to three government facilities. The products were distributed to the following states: AL, AR, AZ, CA, CO, CT, DE, FL, GA, IA, IL, IN, KS, KY, LA, MD, MI, MN, MO, MS, NC, NH, NJ, NV, NY, OH, OK, OR, PA SC, TN, TX, UT, VA, VT, and WI.",1,"Mars Petcare US",name,,,https://perbowl.com/who-makes/mars-petcare-us/,,Cesar,https://www.accessdata.fda.gov/scripts/ires/?Product=150206,https://perbowl.com/recalls/2016/mars-petcare-us-foreign-material-2016-12/
75457,2016-12-21,2016-10-17,2017-07-24,"Class I",Closed,"Arrow Reliance Inc",Tukwila,Washington,dog,Listeria,"Several meals for dogs are recalled due to contamination with Listeria monocytogenes","internet sale",3,,,,,,,,https://www.accessdata.fda.gov/scripts/ires/?Product=150427,https://perbowl.com/recalls/2016/arrow-reliance-inc-listeria-2016-12/
75919,2017-04-17,2016-12-09,2017-07-26,"Class I",Closed,"Environmental Trade Inc.",Eatonton,Georgia,cat;dog,Listeria;Salmonella,"Samples collected by FDA revealed the presence of Salmonella and Listeria monocytogenes.","AZ, FL, GA, IN, NC, SC and TX.",2,,,,,,,,https://www.accessdata.fda.gov/scripts/ires/?Product=151712,https://perbowl.com/recalls/2017/environmental-trade-inc-salmonella-2017-04/
76151,2017-04-17,2017-01-03,2017-05-31,"Class I",Closed,"The JM Smucker Company LLC",Orrville,Ohio,cat,"Low thiamine;Nutrient levels","A limited voluntary recall is being implemented on certain lots of canned cat food due to possible low levels of thiamine (Vitamin B1).  This issue was identified upon discovery of incorrect vitamin usage in production.","AL_x000D_
AR_x000D_
CO_x000D_
CT_x000D_
DE_x000D_
FL_x000D_
GA_x000D_
IA_x000D_
IL_x000D_
IN_x000D_
KS_x000D_
KY_x000D_
LA_x000D_
MA_x000D_
MD_x000D_
ME_x000D_
MI_x000D_
MO_x000D_
NC_x000D_
NH_x000D_
NJ_x000D_
NY_x000D_
OH_x000D_
PA_x000D_
PR_x000D_
TN_x000D_
TX_x000D_
VA_x000D_
VT_x000D_
WI",10,,,,,,,"Special Kitty",https://www.accessdata.fda.gov/scripts/ires/?Product=152373,https://perbowl.com/recalls/2017/the-jm-smucker-company-llc-low-thiamine-2017-04/
76706,2017-04-17,2017-03-17,2017-09-07,"Class I",Closed,"The Blue Buffalo Company",Wilton,Connecticut,dog,"Nutrient levels","Product may contain elevated levels of thyroid hormones.","AZ_x000D_
CA_x000D_
FL_x000D_
GA_x000D_
IL_x000D_
IN_x000D_
KS_x000D_
KY_x000D_
MA_x000D_
MI_x000D_
MN_x000D_
MT_x000D_
NC_x000D_
NJ_x000D_
NV_x000D_
OH_x000D_
OR_x000D_
PA_x000D_
SC_x000D_
TX_x000D_
VA_x000D_
WA_x000D_
WI",1,,,,,,,"Blue Buffalo",https://www.accessdata.fda.gov/scripts/ires/?Product=154133,https://perbowl.com/recalls/2017/the-blue-buffalo-company-nutrient-levels-2017-04/
76755,2017-04-17,2017-03-17,2017-11-17,"Class I",Closed,"WellPet LLC",Tewksbury,Massachusetts,dog,"Nutrient levels","Product  contains Elevated Levels of Thyroid Hormones","Nationwide_x000D_
Foreign: Canada, Australia,",1,,,,,,,,https://www.accessdata.fda.gov/scripts/ires/?Product=154096,https://perbowl.com/recalls/2017/wellpet-llc-nutrient-levels-2017-04/
76403,2017-05-19,2017-02-01,2018-02-14,"Class II",Closed,"Simmons Pet Food, Inc.","Siloam Springs",Arkansas,cat;dog,"Foreign material","This recall has been initiated due to receiving a notification of a consumer complaint regarding foreign material in Doctors Fosters and Smith Chicken and Brown Rice Dog Food. This recall has been initiated due to receiving a notification of a consumer complaint regarding foreign material in Drs Fosters and Smith Chicken and Brown Rice Dog Food.",Nationwide,23,"Simmons Pet Food",name,,,https://perbowl.com/who-makes/simmons-pet-food/,,"4health;Blue Buffalo",https://www.accessdata.fda.gov/scripts/ires/?Product=153080,https://perbowl.com/recalls/2017/simmons-pet-food-inc-foreign-material-2017-05/
76453,2017-05-19,2017-02-13,2017-09-11,"Class II",Closed,"The Blue Buffalo Company",Wilton,Connecticut,,"Foreign material","Product may contain metal fragments.","NY, RI, PA, OH, IL, GA, MA, SC, NC, TX, NJ, KY, TN_x000D_
_x000D_
Canada",1,,,,,,,"Blue Buffalo",https://www.accessdata.fda.gov/scripts/ires/?Product=153307,https://perbowl.com/recalls/2017/the-blue-buffalo-company-foreign-material-2017-05/
76616,2017-05-19,2017-02-10,2017-07-03,"Class II",Closed,"WellPet, LLC",Mishawaka,Indiana,cat,"Foreign material","Product may contain metal fragments.","US:AZ CA FL MA MI MN NC NJ NV NY PA RI TX VT WA_x000D_
Canada_x000D_
_x000D_
Product was distributed to 26 accounts.",7,,,,,,,,https://www.accessdata.fda.gov/scripts/ires/?Product=153678,https://perbowl.com/recalls/2017/wellpet-llc-foreign-material-2017-05/
77441,2017-07-11,2017-06-05,2018-02-02,"Class II",Closed,"Spectrum Brands Inc",Blacksburg,Virginia,dog,Other,"Investigation of complaints of an off odor on the product revealed that the product is potentially contaminated with an equipment sanitizer (quaternary ammonium).","Multiple states nationwide and Canada. States include AL, AR, AZ, CA, CO, CT, DE, FL, GA, IA, ID, IL, IN, KS, KY, LA, MA, MD, ME, MI, MN, MO, MS, NC, NE, NJ, NV, NY, OH, OK, OR, PA, RI, SC, TN, TX, UT, VA, WA, WI, and WV",93,,,,,,,"Good Lovin’",https://www.accessdata.fda.gov/scripts/ires/?Product=156063,https://perbowl.com/recalls/2017/spectrum-brands-inc-recall-2017-07/
76385,2017-08-03,2017-02-03,2023-12-07,"Class I",Closed,"Evanger's Dog & Cat Food Co",Wheeling,Illinois,cat;dog,Pentobarbital,"Product is potentially contaminated with the barbiturate pentobarbital.","AZ, CA, FL, GA, HI, IL, IN, MA, MD, MI, MN, NV, NY, OH, PA, SC, WA, WI, British Columbia (Canada)",2,,,,,,,,https://www.accessdata.fda.gov/scripts/ires/?Product=153026,https://perbowl.com/recalls/2017/evanger-s-dog-cat-food-co-pentobarbital-2017-08/
77207,2017-08-03,2017-05-03,2017-11-15,"Class I",Closed,"Smallbatch Pets, Inc.",Portland,Oregon,cat;dog,Salmonella,"The Smallbatch brand, frozen chicken blend for dogs and cats, 2 lbs. packages are recall due to the potential to be contaminated with Salmonella.","CA, CO, OR, WA",1,,,,,,,,https://www.accessdata.fda.gov/scripts/ires/?Product=155432,https://perbowl.com/recalls/2017/smallbatch-pets-inc-salmonella-2017-08/
77476,2017-11-16,2017-06-07,2020-12-09,"Class I",Closed,"Loving Pets",Cranbury,"New Jersey",,Salmonella,"According to Loving Pets Corporation, raw materials received from their supplier was potentially contaminated with salmonella.   
 
The Raw materials came with a COA that they were Salmonella Free but testing done by Loving Pets  Corporation found salmonella","The products are distributed nationwide through various retailers.  The products are sold into distributors who then sell them to retail stores.",7,,,,,,,WholeHearted,https://www.accessdata.fda.gov/scripts/ires/?Product=156107,https://perbowl.com/recalls/2017/loving-pets-salmonella-2017-11/
77574,2017-11-16,2017-06-15,2018-02-15,"Class I",Closed,"Vitakraft Sun Seed Inc",Weston,Ohio,,Listeria,"The firm was notified by their supplier that an ingredient may be contaminated with Listeria monocytogenes.","Product was shipped to the following states: AZ, GA, IL, MI, NJ, NV, NY, OH, PA & WI.",1,,,,,,,,https://www.accessdata.fda.gov/scripts/ires/?Product=156585,https://perbowl.com/recalls/2017/vitakraft-sun-seed-inc-listeria-2017-11/
78090,2018-02-26,2017-09-08,2018-03-21,"Class I",Closed,"Arrow Reliance, Inc",Tukwila,Washington,cat,Salmonella,"Natural Selections Frozen Duck Meals for Cats product is recalled due to a potential contamination with Salmonella.","distributed in AK, AR, AZ, CA, CO, FL, GA, HI, IA, ID, IL, IN, KS, KY, LA, MN, MO, MS, MT, NC, ND, NE, NJ, NM, NV, NY, OK, OR, PA, TX, UT, VA, WA, WI, WY.",1,,,,,,,,https://www.accessdata.fda.gov/scripts/ires/?Product=158642,https://perbowl.com/recalls/2018/arrow-reliance-inc-salmonella-2018-02/
79291,2018-03-14,2018-02-12,2020-12-07,"Class III",Closed,"The JM Smucker Company LLC",Orrville,Ohio,dog,"Nutrient levels;Pentobarbital","A TV station notified the firm and stated that certain varieties of their canned pet food products may contain Pentobarbital in low levels.  The firm performed a safety assessment and concluded that no threat to pet safety was present. The firm agreed to conduct a product withdrawal, but the FDA considered this to be a recall once data indicated that the tallow was contaminated with pentobarbital.",Nationwide,15,,,,,,,"Ol’ Roy;Kibbles ‘n Bits",https://www.accessdata.fda.gov/scripts/ires/?Product=161825,https://perbowl.com/recalls/2018/the-jm-smucker-company-llc-pentobarbital-2018-03/
78676,2018-03-15,2017-12-04,2018-04-02,"Class I",Closed,"Arrow Reliance Inc",Tukwila,Washington,dog,Listeria;Salmonella,"Natural Selections brand Chicken with Organic Vegetables Meals for Dogs is recalled due to Salmonella and Listeria monocytogenes. Natural Selections brand Duck With Organic Vegetables Meals for Dogs is recalled due to Salmonella. Natural Selections brand Turkey With Organic Vegetables Meals for Dogs product is recalled due to Salmonella",nationwide,3,,,,,,,,https://www.accessdata.fda.gov/scripts/ires/?Product=160100,https://perbowl.com/recalls/2018/arrow-reliance-inc-salmonella-2018-03-2/
79151,2018-03-15,2018-02-05,2018-05-04,"Class I",Closed,"Christofersen Meats Co, Inc.",Minneapolis,Minnesota,,Salmonella,"Turkey Pet food was found to be contaminated with Salmonella.","MN, IA, and WI",1,,,,,,,,https://www.accessdata.fda.gov/scripts/ires/?Product=161447,https://perbowl.com/recalls/2018/christofersen-meats-co-inc-salmonella-2018-03/
79188,2018-03-15,2018-02-10,2018-04-02,"Class I",Closed,"Arrow Reliance Inc",Tukwila,Washington,dog,Salmonella,"ZooLogics Chicken Meals for Dogs is recalled due to the potential for contamination with Salmonella. ZooLogics Duck Meals for Dogs is recalled due to the potential for contamination with Salmonella.","direct internet customers nationwide and in Canada.",2,,,,,,,,https://www.accessdata.fda.gov/scripts/ires/?Product=161557,https://perbowl.com/recalls/2018/arrow-reliance-inc-salmonella-2018-03/
79388,2018-04-11,2018-02-28,2025-12-18,"Class I",Closed,"Environmental Trade INC",Eatonton,Georgia,cat,Listeria;Salmonella,"May be contaminated with Listeria monocytogenes and Salmonella, as revealed by FDA sample analysis.","GA, TX (Direct Distribution) _x000D_
Further distribution by distributor(s) to TN, FL, SC, and NC",2,,,,,,,,https://www.accessdata.fda.gov/scripts/ires/?Product=162194,https://perbowl.com/recalls/2018/environmental-trade-inc-salmonella-2018-04/
79434,2018-05-02,2018-03-06,2019-07-01,"Class I",Closed,"Raw Basics, LLC","Pleasant Prairie",Wisconsin,dog,Salmonella,"Product has the potential to be contaminated with Salmonella.","GA, KS, MN, PA",1,,,,,,,,https://www.accessdata.fda.gov/scripts/ires/?Product=162313,https://perbowl.com/recalls/2018/raw-basics-llc-salmonella-2018-05/
79586,2018-05-02,2018-03-20,2018-06-20,"Class I",Closed,"Radagast Pet Food, Inc.",Portland,Oregon,cat,Listeria,"Rad Cat Raw Diet Free-Range Chicken is recalled because they have the potential to be contaminated with Listeria monocytogenes. Rad Cat Raw Diet Free-Range Turkey Recipe is recalled because they have the potential to be contaminated with Listeria monocytogenes.","directly distributed in CA, CO, FL, GA, MD, MI, MN, NY, OH, PA, RI, TX, and WA.",2,,,,,,,,https://www.accessdata.fda.gov/scripts/ires/?Product=162710,https://perbowl.com/recalls/2018/radagast-pet-food-inc-listeria-2018-05/
79596,2018-05-02,2018-03-22,2020-07-09,"Class I",Closed,"The JM Smucker Company LLC",Orrville,Ohio,dog,"Nutrient levels","The firm was notified that the product contains harmful, elevated levels of beef thyroid hormone.","Product was shipped to the following states: AL, AZ, CA, CO, CT, DE, FL, GA, IA, ID, IL, IN, KS, KY, LA, MA, MD, ME, MI, MN, NC, NH, NJ, NV, NY, OR, PA, SC, TN, TX, UT, VA, WA, WI.",2,,,,,,,,https://www.accessdata.fda.gov/scripts/ires/?Product=162743,https://perbowl.com/recalls/2018/the-jm-smucker-company-llc-nutrient-levels-2018-05/
79623,2018-06-05,2018-03-26,2018-06-05,"Class I",Closed,"Arrow Reliance Inc",Tukwila,Washington,dog,Salmonella,"Natural Selections Chicken Meals for Dogs and ZooLogics Chicken with Organic Vegetables Meals for Dogs are recalled due to potential to be contaminated with Salmonella. Natural Selections Duck with Organic Vegetables Meals for Dogs are recalled due to potential to be contaminated with Salmonella. ZooLogics Turkey with Vegetables Meals for Dogs are recalled due to potential to be contaminated with Salmonella and E. coli O128.",nationwide,3,,,,,,,,https://www.accessdata.fda.gov/scripts/ires/?Product=162844,https://perbowl.com/recalls/2018/arrow-reliance-inc-salmonella-2018-06/
79897,2018-06-28,2018-04-16,2018-12-19,"Class I",Closed,"Carnivore Meat Company, LLC","Green Bay",Wisconsin,cat;dog,Salmonella,"Raw dog food may have the potential to be contaminated with Salmonella","CA, CO, FL, GA, IL, IN, KS,OH,  PA, RI, TX, VT, WA, WI, and Hong Kong",2,,,,,,,,https://www.accessdata.fda.gov/scripts/ires/?Product=163829,https://perbowl.com/recalls/2018/carnivore-meat-company-llc-salmonella-2018-06/
79173,2018-06-29,2018-02-06,2018-07-05,"Class I",Closed,"Smokehouse Pet Products","Sun Valley",California,dog,Salmonella,"Colorado Department of Agriculture sampled Beefy Munchies at retail and had a positive result for Salmonella","TM, NV, PA, MA, CA, NC, TX, VA, IL, OR, ND, TN,, FL, AZ, ID, OH,, HI, WA, MO, VT and foreign distribution to Canada,  Aruba, Bahamas and Arab Emirates.",1,,,,,,,,https://www.accessdata.fda.gov/scripts/ires/?Product=161510,https://perbowl.com/recalls/2018/smokehouse-pet-products-salmonella-2018-06/
79827,2018-07-26,2018-04-03,2020-04-30,"Class I",Closed,"TRUPET, LLC",Milford,Ohio,dog,Salmonella,"TruDog Boost Me, Freeze-Dried Raw Super Boost for Dogs, Lot 20190531 13815 has the potential to be contaminated with Salmonella.",nationwide,1,,,,,,,,https://www.accessdata.fda.gov/scripts/ires/?Product=163611,https://perbowl.com/recalls/2018/trupet-llc-salmonella-2018-07/
79829,2018-07-26,2018-04-13,2019-02-11,"Class I",Closed,"K9 Natural Food Ltd",Christchurch,-,dog,Listeria,"Colorado Department of Agriculture tested one sample of K9 Natural New Zealand Cage Free Chicken Feast lot 170517, 1 KG/2.2 LB, that resulted positive for Listeria monocytogenes. The firm is withdrawing two additional lots of the product pack size 5 KG/11 LB.","U.S. consignees only.",1,,,,,,,,https://www.accessdata.fda.gov/scripts/ires/?Product=163623,https://perbowl.com/recalls/2018/k9-natural-food-ltd-listeria-2018-07/
79914,2018-07-26,2018-04-20,2018-12-10,"Class I",Closed,"OC Raw Dog, LLC","Rancho Santa Margarita",California,dog,Listeria,"Potential Listeria monocytogenes contamination.","U.S. distribution to the following: CA, CO, FL, MD, MN, PA, and VT._x000D_
_x000D_
No foreign distribution.",4,,,,,,,,https://www.accessdata.fda.gov/scripts/ires/?Product=163927,https://perbowl.com/recalls/2018/oc-raw-dog-llc-listeria-2018-07/
80455,2018-08-10,2018-07-06,2018-09-20,"Class I",Closed,"Radagast Pet Food Inc.",Portland,Oregon,cat,Listeria,"Rad Cat Raw Diet Free-Range Chicken Recipe is recalled because it has the potential to be contaminated with Listeria monocytogenes. Rad Cat Raw Diet Pasture-Raised Venison Recipe is recalled because it has the potential to be contaminated with shiga-toxin producing Escherichia coli O121 (STEC).","Nationwide and to Canada, 13 US pet food distributors at 18 warehouse locations and one Canadian distributor",2,,,,,,,,https://www.accessdata.fda.gov/scripts/ires/?Product=165522,https://perbowl.com/recalls/2018/radagast-pet-food-inc-listeria-2018-08/
79913,2018-08-29,2018-04-20,2018-12-11,"Class I",Closed,"OC Raw Dog, LLC","Rancho Santa Margarita",California,dog,Other,"Potential C. bot. contamination due to fish being un-eviscerated and greater than 5 inches.","U.S. distribution to the following: CA, CO, FL, MD, MN, PA, GA, and TX.",1,,,,,,,,https://www.accessdata.fda.gov/scripts/ires/?Product=163924,https://perbowl.com/recalls/2018/oc-raw-dog-llc-recall-2018-08/
80859,2018-10-22,2018-08-21,2018-11-20,"Class I",Closed,"Radagast Pet Food Inc",Portland,Oregon,cat,Listeria,"Radagast Pet Food, Inc. of Portland, OR is expanding its voluntary recall to include an additional quantity of Rad Cat Raw Diet across all varieties with the Best By dates of 10/19/18 through 12/3/19 because it has the potential to be contaminated with Listeria monocytogenes.","distributed in AZ, CA, CO, FL, GA, IL, KS, MD, MI, MN, NY, OH, PA, RI, TX, WA  and CANADA.",6,,,,,,,,https://www.accessdata.fda.gov/scripts/ires/?Product=166733,https://perbowl.com/recalls/2018/radagast-pet-food-inc-listeria-2018-10/
80983,2018-10-22,2018-09-07,2020-08-26,"Class I",Closed,"STEVE'S REAL FOOD FOR PETS","Cottonwood Heights",Utah,cat;dog,Listeria;Salmonella,"Steve s Real Food is voluntarily recalling one lot of 5lb Turducken Recipe, one lot of Quest Emu Diet, and one lot of Quest Beef Diet, due to their potential to be contaminated with Salmonella and/or Listeria. Steves Real Food is voluntarily recalling one lot of 5lb Turducken Recipe, one lot of Quest Emu Diet, and one lot of Quest Beef Diet, due to their potential to be contaminated with Salmonella and/or Listeria.","nationwide.  no foreign/VA/govt/military consignees.",3,,,,,,,,https://www.accessdata.fda.gov/scripts/ires/?Product=167172,https://perbowl.com/recalls/2018/steve-s-real-food-for-pets-salmonella-2018-10/
79414,2018-10-23,2018-03-02,2018-10-25,"Class I",Closed,"STEVE'S REAL FOOD FOR PETS","Cottonwood Heights",Utah,dog,Salmonella,"One lot of Raw Frozen Dog Food Turkey Canine Recipe, 5 lb. packages, is recalled due to potential to be contaminated with Salmonella.","distributed in CA, CO, CT, IA, KS, FL, MD, MI, MN, MO, ND, NE, NJ, NV, NY, OR, PA, TX, UT, VA, and WA",1,,,,,,,,https://www.accessdata.fda.gov/scripts/ires/?Product=162254,https://perbowl.com/recalls/2018/steve-s-real-food-for-pets-salmonella-2018-10-2/
79164,2018-11-01,2018-02-06,2019-05-17,"Class I",Closed,"Redbarn Pet Products","Long Beach",California,dog,Salmonella,"A sample collected by the Colorado Department of agriculture was positive for Salmonella.","Product distributed to distribution centers and retail stores the following US States: AL, AR, AZ, CA, CO, DE, FL, GA, HI, IA, ID, IL, IN, KS, MA, MI, MN, MO, MT, NC, ND, NJ, NV, NY, OH, OR, PA, RI, SC, SD, TN, TX, UT, VA, WA, WI, and WY. Further distribution to retail stores in likely additional states.",23,,,,,,,"Good Lovin’",https://www.accessdata.fda.gov/scripts/ires/?Product=161499,https://perbowl.com/recalls/2018/redbarn-pet-products-salmonella-2018-11/
79323,2018-11-01,2018-02-21,2018-11-07,"Class I",Closed,"Morasch Meats, Inc.",Portland,Oregon,dog,Listeria,"Raw Diet for Dogs Chicken & Salmon Recipe, frozen, is recalled due to a potential for contamination with Listeria monocytogenes.","California, Michigan, Pennsylvania, Rhode Island, Texas, and Washington.",1,,,,,,,,https://www.accessdata.fda.gov/scripts/ires/?Product=161967,https://perbowl.com/recalls/2018/morasch-meats-inc-listeria-2018-11/
80013,2018-11-01,2018-02-23,2020-04-24,"Class I",Closed,"TRUPET, LLC",Milford,Ohio,dog,Salmonella,"Pet food has the potential to be contaminated with Salmonella.",nationwide,1,,,,,,,,https://www.accessdata.fda.gov/scripts/ires/?Product=164213,https://perbowl.com/recalls/2018/trupet-llc-salmonella-2018-11/
80942,2018-11-01,2018-08-31,2019-02-11,"Class I",Closed,"Bravo Packing, Inc.","Carneys Point","New Jersey",dog,Salmonella,"Potential for Salmonella contamination","Distributed to one distributor, Tefco of Brooklyn, NY.  Distributor doesn't directly handle the product, but he brokers it for sale to Tefco sub-distributors. Distributor stated that none of his customers/distributors are retail outlets.",1,,,,,,,,https://www.accessdata.fda.gov/scripts/ires/?Product=167067,https://perbowl.com/recalls/2018/bravo-packing-inc-salmonella-2018-11/
80683,2018-12-20,2018-07-30,2019-12-20,"Class I",Closed,"G & C Raw, LLC",Versailles,Ohio,cat;dog,Listeria,"Positive for Listeria monocytogenes positive for Listeria monocytogenes","Product distributed to individual consumers in: OH, MI, IN, PA, KY, NC, SC, GA",29,,,,,,,,https://www.accessdata.fda.gov/scripts/ires/?Product=166150,https://perbowl.com/recalls/2018/g-c-raw-llc-listeria-2018-12/
80152,2019-02-11,2018-05-23,2019-05-28,"Class II",Closed,"Merrick Pet Care",Hereford,Texas,,"Nutrient levels","Potential to contain elevated levels of a naturally-occurring beef thyroid hormone.","United States and Canada",1,"Merrick Pet Care",name,,,https://perbowl.com/who-makes/merrick-pet-care/,,Merrick,https://www.accessdata.fda.gov/scripts/ires/?Product=164690,https://perbowl.com/recalls/2019/merrick-pet-care-nutrient-levels-2019-02/
81499,2019-02-14,2018-11-02,2019-04-09,"Class I",Closed,"Whitebridge Pet Brands Llc","Saint Louis",Missouri,dog,"Excess vitamin D","Dry dog food may have high levels of vitamin D.","Nutrisca distributed to retail stores nationwide. Natural Life brand distributed to retail stores in Georgia, Florida, Alabama, North Carolina, South Carolina, Tennessee, Virginia and California.",2,,,,,,,,https://www.accessdata.fda.gov/scripts/ires/?Product=168849,https://perbowl.com/recalls/2019/whitebridge-pet-brands-llc-excess-vitamin-d-2019-02/
80273,2019-02-22,2018-06-12,2019-02-22,"Class II",Closed,"Daves Pet City",Agawam,Massachusetts,dog,"Nutrient levels","Product contains elevated levels of thyroid hormones.","East coast of US.",1,,,,,,,,https://www.accessdata.fda.gov/scripts/ires/?Product=165014,https://perbowl.com/recalls/2019/daves-pet-city-nutrient-levels-2019-02/
81617,2019-04-03,2018-11-19,2020-07-17,"Class I",Closed,"Sunshine Mills Inc AKA World Pet Foods","Red Bay",Alabama,dog,"Excess vitamin D;Nutrient levels","Possible elevated levels of Vitamin D.","U.S. Distribution to the states of: AL, AZ, FL, GA, IN, KS, MA, MI, MO, NC, NE, NJ, NV, NY, PA, TN, TX, UT, VA, WA, WI, WV_x000D_
Countries of: Canada, Columbia, Israel, Japan, South Korea",6,"Sunshine Mills",name,,,https://perbowl.com/who-makes/sunshine-mills/,,,https://www.accessdata.fda.gov/scripts/ires/?Product=169099,https://perbowl.com/recalls/2019/sunshine-mills-inc-aka-world-pet-foods-excess-vitamin-d-2019/
81726,2019-04-03,2018-11-19,2019-09-30,"Class I",Closed,"The Kroger Co",Cincinnati,Ohio,,"Excess vitamin D;Nutrient levels","Possible elevated levels of Vitamin D.","Distributed to the states of CO, WY, UT, NM, KY, IN, IL",3,,,,,,,,https://www.accessdata.fda.gov/scripts/ires/?Product=169631,https://perbowl.com/recalls/2019/the-kroger-co-excess-vitamin-d-2019-04/
82268,2019-05-02,2019-02-07,2019-09-30,"Class I",Closed,"Arrow Reliance Inc dba Darwin's Natural Pet Products",Tukwila,Washington,dog,Salmonella,"Natural Selections Chicken and Vegetable Meals for Dogs are recalled due to a potential contamination with Salmonella. Natural Selections Turkey and Vegetable Meals for Dogs are recalled due to a potential contamination with Salmonella.",Unknown,2,,,,,,,,https://www.accessdata.fda.gov/scripts/ires/?Product=171245,https://perbowl.com/recalls/2019/arrow-reliance-inc-dba-darwin-s-natural-pet-products-salmone/
81739,2019-05-16,2018-12-10,2019-05-30,"Class II",Closed,"OMAHA STEAKS",Omaha,Nebraska,,Other,"Beef bone dog chews being recalled because they may splinter and injure dogs","The product sold in the firm's retail stores in AZ, CA, CO, CT, FL, GA, IL, IN, KS, KY, MA, MD, MI, MO, NC, NE, NJ, NV, NY, OH, PA, RI, TX, and VA and directly to consumers nationwide.",1,,,,,,,,https://www.accessdata.fda.gov/scripts/ires/?Product=169661,https://perbowl.com/recalls/2019/omaha-steaks-recall-2019-05/
81822,2019-06-26,2018-12-18,2020-07-17,"Class II",Closed,"Sunshine Mills Inc AKA World Pet Foods","Red Bay",Alabama,dog,"Excess vitamin D;Nutrient levels","Possible elevated levels of vitamin D.","Products were distributed in the following states:  AL, CA, GA, KY, MO, MS, OK, and TX.",1,"Sunshine Mills",name,,,https://perbowl.com/who-makes/sunshine-mills/,,,https://www.accessdata.fda.gov/scripts/ires/?Product=169999,https://perbowl.com/recalls/2019/sunshine-mills-inc-aka-world-pet-foods-excess-vitamin-d-2019-2/
82482,2019-07-22,2019-03-29,2019-07-25,"Class II",Closed,"Nestle Purina PetCare Co","Saint Louis",Missouri,cat,"Foreign material","Product is contaminated with foreign objects which are a potential choking hazard.","Distributed to customers in AZ, CA, CO, CT, FL, GA, IL, IN, KY, MA, MD, MI, MN, NJ, NV, OH, OR, PA, SC, TN, TX, VA, and WA",1,"Nestlé Purina PetCare",name,,,https://perbowl.com/who-makes/nestle-purina-petcare/,,Purina,https://www.accessdata.fda.gov/scripts/ires/?Product=171682,https://perbowl.com/recalls/2019/nestle-purina-petcare-co-foreign-material-2019-07/
81526,2019-08-07,2018-11-06,2020-12-07,"Class I",Closed,"Elm Pet Foods",Wilmington,Delaware,,"Excess vitamin D;Nutrient levels","ELM Pet Foods, Inc. is issuing a voluntary recall of Elm Chicken and Chickpea Recipe dog food because the products contain elevated levels of Vitamin D.","Distribution went to Delaware, Pennsylvania, New Jersey and Maryland",2,,,,,,,,https://www.accessdata.fda.gov/scripts/ires/?Product=168909,https://perbowl.com/recalls/2019/elm-pet-foods-excess-vitamin-d-2019-08/
81543,2019-10-05,2018-11-06,2021-01-15,"Class I",Closed,"Lidl US TRADING",Arlington,Virginia,dog,"Excess vitamin D","Lidl US, LLC has initiated a recall because their supplier notified them of elevated Vitamin D in the following products Nutrisca Life and Chicken pea Dry Dog Food  and Natural Life Chicken and Potato Dry Dog Food .","Product was sold at Lidl Distribution Centers and  retail grocery locations in the following states: Virginia, Delaware, New Jersey, Maryland, Georgia, North Carolina, South Carolina.",1,,,,,,,,https://www.accessdata.fda.gov/scripts/ires/?Product=168936,https://perbowl.com/recalls/2019/lidl-us-trading-excess-vitamin-d-2019-10/
81654,2019-10-05,2018-11-20,2019-11-15,"Class I",Closed,"Anf Pet Inc","Saint Helena",California,dog,"Excess vitamin D","Firm was notified by contact manufacturer of potential high levels of Vitamin D due to formulation error in concentration of vitamin D.","Puerto Rico and to Japan, Israel, Singapore, Dominican Republic, Guatemala, Hong Kong.",2,,,,,,,,https://www.accessdata.fda.gov/scripts/ires/?Product=169278,https://perbowl.com/recalls/2019/anf-pet-inc-excess-vitamin-d-2019-10/
81713,2019-10-05,2018-12-04,2019-10-05,"Class I",Closed,"Columbia River Natural Pet Foods Inc",Camas,Washington,cat;dog,Listeria;Salmonella,"Chicken & Vegetables Fresh Frozen Meats Whole Food Nutrition for Dogs and Cats product (lot # 111518) is recalled due to contamination with Salmonella. Cow Pie Fresh Frozen Meats Whole Food Nutrition for Dogs and Cats product ( lot 81917) is recalled due to contamination with Listeria monocytogenes. 
 
Cow Pie Fresh Frozen Meats Whole Food Nutrition for Dogs and Cats product ( lot 72618) is recalled due to contamination with Listeria monocytogenes and Salmonella.","distributed in AK, OR, and WA",2,,,,,,,,https://www.accessdata.fda.gov/scripts/ires/?Product=169605,https://perbowl.com/recalls/2019/columbia-river-natural-pet-foods-inc-salmonella-2019-10/
82018,2019-10-05,2019-01-30,2021-12-21,"Class I",Closed,"Hill's Pet Nutrition Inc",Topeka,Kansas,dog,"Excess vitamin D;Nutrient levels","Product may contain elevated levels of vitamin D","Nationwide through retail pet food stores. Product was also distributed internationality to Antilles, Australia, Bahamas, Belgium, Bermuda, Bulgaria, Canada, Cayman Islands, Chile, Colombia, Costa Rica, Croatia, Curacao, Cyprus, Denmark, Dominican Republic, El Salvador, Estonia, Finland, France, Germany, Greece, Guatemala, Honduras, Hong Kong, Hungary, India, Indonesia, Ireland, Israel, Italy, Jap",31,"Hill’s Pet Nutrition",name,,,https://perbowl.com/who-makes/hills-pet-nutrition/,,"Prescription Diet;Science Diet",https://www.accessdata.fda.gov/scripts/ires/?Product=170571,https://perbowl.com/recalls/2019/hill-s-pet-nutrition-inc-excess-vitamin-d-2019-10/
82087,2019-10-05,2019-01-30,2021-12-14,"Class I",Closed,"DSM Nutritional Products, Inc.",Parsippany,"New Jersey",dog,"Excess vitamin D;Nutrient levels","DSM Nutritional Products has initiated a recall of DSM vitamin premix because elevated levels of Vitamin D.","The product sold to one consignee in in the United States",1,,,,,,,,https://www.accessdata.fda.gov/scripts/ires/?Product=171929,https://perbowl.com/recalls/2019/dsm-nutritional-products-inc-excess-vitamin-d-2019-10/
83261,2019-10-05,2019-06-25,2020-05-11,"Class I",Closed,"Pet Supplies Plus",Livonia,Michigan,,Salmonella,"Bulk pig ear products supplied to all locations by several different vendors are being recalled due to the potential of Salmonella contamination","AL, AR, CA, CO, CT, DE, FL, GA, IA, IL, IN, KS, KY, MA, MD, MI, MN, MO, NC, NE, NH, NJ, NY, OH, OK, PA, RI, SC, TN, TX, VA, WI and WV",1,,,,,,,,https://www.accessdata.fda.gov/scripts/ires/?Product=174422,https://perbowl.com/recalls/2019/pet-supplies-plus-salmonella-2019-10/
83404,2019-10-05,2019-07-21,2021-02-03,"Class I",Closed,"The Lennox Intl",Edison,"New Jersey",,Salmonella,"The Lennox Intl Inc, 930 New Durham Rd, Edison NJ 08817 USA has initiated a recall of Pig Ears because of Salmonella contamination. 
Product with UPC, may or may not be branded: 
038538484108 Exp Nov 2021 (individually shrink-wrapped) 
742174994166 Exp Nov 2021 (Branded 8-pack) 
742174995163 Exp Nov 2021 (Branded 8-pack) 
742174935107 (individually shrink-wrapped) 
 
Bulk unwrapped product with no UPC, may or may not be branded: 
Item 99510 
Item 99530","Product was distributed to 17 States: CA, CT, FL, ID, IL, IN, KY, MI (3), MN (2), MO (2), NY (3), OH, PA (2), TN, VA, VT, and WI._x000D_
12/24 are distributors CT, FL, ID, IN, MI, MN, MO, PA, TN, and VT._x000D_
11/24 are retailers: IL, KY, MI, MN, MO, NY, OH, VA, and WI_x000D_
1/24 appears to be a residence: CA",1,,,,,,,,https://www.accessdata.fda.gov/scripts/ires/?Product=175082,https://perbowl.com/recalls/2019/the-lennox-intl-salmonella-2019-10/
83165,2019-10-23,2019-06-17,2019-12-20,"Class I",Closed,"Provimi North America Inc",Brookville,Ohio,,"Foreign material","Firm discovered foreign material in an ingredient.","Ohio, Kentucky, Indiana, North Carolina, Michigan, Pennsylvania",4,,,,,,,,https://www.accessdata.fda.gov/scripts/ires/?Product=173899,https://perbowl.com/recalls/2019/provimi-north-america-inc-foreign-material-2019-10/
83589,2019-11-08,2019-08-17,,"Class I",Closed,"TDBBS, LLC.",Richmond,Virginia,,Salmonella,"The products are being recalled due to potential Salmonella contamination.","The products were distributed nationwide through the firm's website and Amazon.",1,,,,,,,,https://www.accessdata.fda.gov/scripts/ires/?Product=175803,https://perbowl.com/recalls/2019/tdbbs-llc-salmonella-2019-11/
83630,2019-11-08,2019-08-22,2020-04-03,"Class I",Closed,"Brutus and Barnaby, LLC",Clearwater,Florida,dog,Salmonella,"Brutus & Barnaby Pig Ears product sampled by Michigan Department of Agriculture resulted positive for Salmonella.","Domestic distribution only.",1,,,,,,,,https://www.accessdata.fda.gov/scripts/ires/?Product=175968,https://perbowl.com/recalls/2019/brutus-and-barnaby-llc-salmonella-2019-11/
83755,2019-11-12,2019-09-09,2020-02-25,"Class I",Closed,"Big Dan's Trucking Inc.",Altura,Minnesota,,Salmonella,"Raw Ground Beef pet food was found positive for Salmonella.","CA, CO, IA, IL, IN, MI, MN, ND, NJ, OH, TN, WI",1,,,,,,,,https://www.accessdata.fda.gov/scripts/ires/?Product=176279,https://perbowl.com/recalls/2019/big-dan-s-trucking-inc-salmonella-2019-11/
82895,2020-01-23,2019-05-20,2021-01-15,"Class I",Closed,"G & C Raw, LLC",Versailles,Ohio,dog,Listeria,"Possible presence of Listeria monocytogenes.",Michigan,2,,,,,,,,https://www.accessdata.fda.gov/scripts/ires/?Product=173066,https://perbowl.com/recalls/2020/g-c-raw-llc-listeria-2020-01/
83272,2020-01-23,2019-07-03,2020-04-02,"Class I",Closed,"Texas Tripe, Inc",Detroit,Texas,dog,Listeria;Salmonella,"Listeria monocytogenes and Salmonella detected in raw frozen pet food.","TX, LA, CA, OK, AR, VA, TN, MI, FL, NC, MS, KS, NM, OH, KY, MO, AZ, AL, NY, IL, GA, NJ, IA, PA, CO, NH",22,,,,,,,,https://www.accessdata.fda.gov/scripts/ires/?Product=174513,https://perbowl.com/recalls/2020/texas-tripe-inc-salmonella-2020-01/
83405,2020-01-23,2019-07-22,2020-01-23,"Class I",Closed,"Boesl Packing Company, Inc.",Baltimore,Maryland,dog,Listeria,"Raw pet food tested positive for Listeria monocytogenes.","Distributed to one customer in North Carolina.",1,,,,,,,,https://www.accessdata.fda.gov/scripts/ires/?Product=175083,https://perbowl.com/recalls/2020/boesl-packing-company-inc-listeria-2020-01/
83458,2020-01-23,2019-07-29,2020-01-23,"Class I",Closed,"Raw Advantage","Kettle Falls",Washington,dog,Salmonella,"Frozen Chicken Dinner for Dogs product is recalled due to a potential for contamination with Salmonella.","distributed in CA, CO, IL, OR, TX, and WA.",1,,,,,,,,https://www.accessdata.fda.gov/scripts/ires/?Product=175290,https://perbowl.com/recalls/2020/raw-advantage-salmonella-2020-01/
83683,2020-01-23,2019-08-26,2022-06-28,"Class I",Closed,"Bravo Packing, Inc.","Carneys Point","New Jersey",dog,"Listeria;Mislabeling or undeclared ingredient;Salmonella","Bravo Packing is recalling approximately 8,000 pounds (200 boxes) of ""Performance Dog"" frozen raw dog food, lot code ""072219"" because of the potential for the product to be contaminated with Salmonella spp. and Listeria monocytogenes. The product is packaged in 2-lb bags, 20 bags to a box. The boxes are labeled with lot codes, but the individual bags are not.","The firm distributes its products through a broker. The broker does not actually take physical possession of the product, but ships it to their network of distributors, which include independent distributors and pet stores.",1,,,,,,,,https://www.accessdata.fda.gov/scripts/ires/?Product=176125,https://perbowl.com/recalls/2020/bravo-packing-inc-salmonella-2020-01/
83713,2020-01-23,2019-08-30,2020-01-24,"Class I",Closed,"Woody's Pet Food Deli",Eagan,Minnesota,cat;dog,Salmonella,"Product was found to be contaminated with Salmonella","MN and CO",1,,,,,,,,https://www.accessdata.fda.gov/scripts/ires/?Product=176197,https://perbowl.com/recalls/2020/woody-s-pet-food-deli-salmonella-2020-01/
84267,2020-01-23,2019-11-08,2022-04-24,"Class I",Closed,"Go Raw, LLC DBA Steve's Real Food",Cottonwood,Utah,cat,Salmonella,"One lot of Quest Cat Food Prey Model Beef Diet, 2 lb. bags, is being voluntarily recalled due to its potential to be contaminated with Salmonella.","Nationwide; no foreign, government/military/VA consignees.",1,,,,,,,,https://www.accessdata.fda.gov/scripts/ires/?Product=177860,https://perbowl.com/recalls/2020/go-raw-llc-dba-steve-s-real-food-salmonella-2020-01/
84423,2020-01-23,2019-12-04,2020-06-10,"Class I",Closed,"The JM Smucker Company LLC",Orrville,Ohio,cat,"Nutrient levels","Firm is voluntarily recalling Special Kitty Mix Grilled Pate, canned feed, due to excessive level of choline chloride in product. Firm is voluntarily recalling Special Kitty Surf & Turf Variety Pack Pate, canned feed, due to excessive level of choline chloride in product. Firm is voluntary recalling Special Kitty Surf & Turf Variety Pack Pate, canned feed, due to excessive level of choline chloride in product.","Product was shipped to 42 retail Walmart stores. THe retail stores were in the following states; FL, CA, WI, AR, MS, FL, AZ, MI, AL, GA, UT, OH, OR, NC, KY, CO, NY, TN, VA, IA, TX, LA, KS, NH, MO, IN, DE, IL, PA.",4,,,,,,,"Special Kitty",https://www.accessdata.fda.gov/scripts/ires/?Product=178270,https://perbowl.com/recalls/2020/the-jm-smucker-company-llc-nutrient-levels-2020-01/
85945,2020-07-17,2020-06-18,2021-08-31,"Class I",Closed,"INHE Manufacturing",Jenison,Michigan,cat;dog,Other,"High levels of lead","Sold direct to consumers via internet sales, and also sold to retailers and distributors in CA, CO, FL, IA, IL, IN, KY, MA, MI, MN, NY, OH, PA, TX, VT, WI",13,,,,,,,,https://www.accessdata.fda.gov/scripts/ires/?Product=182223,https://perbowl.com/recalls/2020/inhe-manufacturing-recall-2020-07/
85961,2020-07-17,2020-07-02,2020-09-14,"Class I",Closed,"The JM Smucker Company LLC",Orrville,Ohio,,"Nutrient levels","Product potentially contains an excessive level of choline chloride.","The products were distributed to the following states: AZ, CA, CO, CT, FL, GA, IL, IN, MA, MI, MN, MT, NC, NJ, NV, OH, OR, PA, SC, TN, TX, & WA. _x000D_
_x000D_
The products were also distributed in Canada.",1,,,,,,,,https://www.accessdata.fda.gov/scripts/ires/?Product=182348,https://perbowl.com/recalls/2020/the-jm-smucker-company-llc-nutrient-levels-2020-07/
86321,2020-09-14,2020-08-24,2021-04-12,"Class I",Closed,"Sunshine Mills Inc AKA World Pet Foods","Red Bay",Alabama,dog,Salmonella,"Potential contamination with Salmonella.","The products were shipped to the following states: AL, CA, FL, GA, IN, KY, MS, OK, TX, & WI.",1,"Sunshine Mills",name,,,https://perbowl.com/who-makes/sunshine-mills/,,,https://www.accessdata.fda.gov/scripts/ires/?Product=183345,https://perbowl.com/recalls/2020/sunshine-mills-inc-aka-world-pet-foods-salmonella-2020-09/
86357,2020-09-23,2020-08-31,2021-04-12,"Class I",Closed,"Sunshine Mills Inc AKA World Pet Foods","Red Bay",Alabama,dog,"Aflatoxin or mycotoxin;Nutrient levels","Potential for elevated levels of aflatoxin in the product.","Products were shipped to the following states: AR, CA, FL, GA, IN, IA, LA, MO, OK, TX, & UT.",3,"Sunshine Mills",name,,,https://perbowl.com/who-makes/sunshine-mills/,,,https://www.accessdata.fda.gov/scripts/ires/?Product=183475,https://perbowl.com/recalls/2020/sunshine-mills-inc-aka-world-pet-foods-aflatoxin-or-mycotoxi/
86475,2020-10-20,2020-09-22,2020-12-07,"Class I",Closed,"REAL PET FOOD COMPANY, LLC",Phoenix,Arizona,,Salmonella,"Potential to be contaminated with Salmonella","Nationwide throughout the US via online and retail sales.",1,,,,,,,,https://www.accessdata.fda.gov/scripts/ires/?Product=183803,https://perbowl.com/recalls/2020/real-pet-food-company-llc-salmonella-2020-10/
86569,2020-10-21,2020-10-07,2021-04-12,"Class I",Closed,"Sunshine Mills Inc AKA World Pet Foods","Red Bay",Alabama,dog,"Aflatoxin or mycotoxin;Nutrient levels","Potential for elevated levels of aflatoxin in the product.","Products were distributed to the following states: AL, AZ, AR, CA, FL, GA, IN, IL, IA, KY, LA, MN, MS, MO, NY, NC, OK, TN, TX, UT, VA, WA, & WI._x000D_
_x000D_
Products were also distributed to the following countries: Colombia and Japan.",18,"Sunshine Mills",name,,,https://perbowl.com/who-makes/sunshine-mills/,,Retriever,https://www.accessdata.fda.gov/scripts/ires/?Product=184045,https://perbowl.com/recalls/2020/sunshine-mills-inc-aka-world-pet-foods-aflatoxin-or-mycotoxi-2/
86616,2020-10-28,2020-10-14,2021-01-20,"Class I",Closed,"Stella & Chewy's, LLC","Oak Creek",Wisconsin,,Salmonella,"Dog food has the potential to be contaminated with Salmonella.","CA, CO, TX, and WA",1,,,,,,,"Stella & Chewy’s",https://www.accessdata.fda.gov/scripts/ires/?Product=184199,https://perbowl.com/recalls/2020/stella-chewy-s-llc-salmonella-2020-10/
86729,2020-11-23,2020-11-07,2020-12-30,"Class II",Closed,"Cargill Meat Solutions Corp","Albert Lea",Minnesota,dog,"Foreign material","Frozen Dog Food may contain plastic pieces","NE, NJ, NV, TN",1,,,,,,,,https://www.accessdata.fda.gov/scripts/ires/?Product=184401,https://perbowl.com/recalls/2020/cargill-meat-solutions-corp-foreign-material-2020-11/
86747,2020-12-02,2020-11-13,2020-12-15,"Class I",Closed,"ALBRIGHTS RAW DOG FOOD","Fort Wayne",Indiana,dog,Salmonella,"Product tested positive for Salmonella.","Albright_x0019_s Raw Dog Food Chicken Recipe for Dogs was distributed in CA, FL, IL, IN, NH, NJ, NV, NY, PA, and TN and product was distributed through retail stores, mail order, and direct delivery.",1,,,,,,,,https://www.accessdata.fda.gov/scripts/ires/?Product=184447,https://perbowl.com/recalls/2020/albrights-raw-dog-food-salmonella-2020-12/
86870,2020-12-17,2020-11-11,2022-04-01,"Class II",Closed,"Petsmart Inc",Phoenix,Arizona,cat,"Aflatoxin or mycotoxin;Nutrient levels","Product samples contain elevated levels of the mycotoxin Zearalenone.",Nationwide.,2,,,,,,,Authority,https://www.accessdata.fda.gov/scripts/ires/?Product=184729,https://perbowl.com/recalls/2020/petsmart-inc-aflatoxin-or-mycotoxin-2020-12/
86854,2020-12-18,2020-11-20,2021-10-06,"Class I",Closed,"TDBBS, LLC.",Richmond,Virginia,,"Foreign material;Salmonella","TDBBS, LLC  5701 Eastport Boulevard Richmond, VA 23231 is initiating a recall of the following products, TDBBS ""12  Bully Sticks: 8 oz. ( Standard , Amazon.com), 12-pack ( Jumbo , BestBullySticks.com), 8- pack ( Jumbo , Chewy.com) ""	Natural Cow Ears: 12-pack (Chewy.com) , Poly (plastic) bag . 
 
TDBBS, LLC ships 12  Jumbo Bully Stick 12-pack from BestBullySticks.com in individual bags, 12  Jumbo Bully Stick 8-pack to Chewy.com in 25 bags per case, 12  Standard Bully Stick 8 oz-pack to Amazon.com in 50 bags per case, and Natural Cow Ears 12-pack to Chewy.com in 10 bags per case due to contamination with Salmonella.","Product distributed  via internet, thru out the United States",1,,,,,,,,https://www.accessdata.fda.gov/scripts/ires/?Product=184689,https://perbowl.com/recalls/2020/tdbbs-llc-salmonella-2020-12/
87068,2021-02-08,2020-12-30,2021-10-25,"Class I",Closed,"Midwestern Pet Foods Chickasha Operation",Chickasha,Oklahoma,cat;dog,"Aflatoxin or mycotoxin;Nutrient levels","Elevated levels of aflatoxin","Nationwide throughout the United States and _x000D_
Bahrain,_x000D_
Barbados,_x000D_
Chile,_x000D_
Costa Rica,_x000D_
Curacao,_x000D_
Cyprus,_x000D_
Czech Republic,_x000D_
Ecuador,_x000D_
El Salvador,_x000D_
French Polynesia,_x000D_
Ghana,_x000D_
Guatemala,_x000D_
Honduras,_x000D_
Hong Kong,_x000D_
Iceland,_x000D_
Indonesia,_x000D_
Ireland,_x000D_
Israel,_x000D_
Korea,_x000D_
Kuwait,_x000D_
Lebano",13,,,,,,,,https://www.accessdata.fda.gov/scripts/ires/?Product=185155,https://perbowl.com/recalls/2021/midwestern-pet-foods-chickasha-operation-aflatoxin-or-mycoto/
87420,2021-03-18,2021-02-26,2021-04-30,"Class I",Closed,"Visionary Pet Food","Los Angeles",California,,Listeria;Salmonella,"Testing by Virginia Department of Agriculture found Salmonella and Listeria monocytogenes in the product.","One customer Chewy.com",1,,,,,,,,https://www.accessdata.fda.gov/scripts/ires/?Product=185994,https://perbowl.com/recalls/2021/visionary-pet-food-salmonella-2021-03/
87408,2021-03-19,2021-02-26,2022-02-19,"Class I",Closed,"Bravo Packing, Inc.","Carneys Point","New Jersey",dog,Listeria;Salmonella,"Possible Listeria monocytogenes and Salmonella spp. contamination in frozen dog food","Product is sold to a distributor in NY then further distributed to distributors, retail locations or direct consumers nationwide. Some product is also sold to consumers directly.",2,,,,,,,,https://www.accessdata.fda.gov/scripts/ires/?Product=185979,https://perbowl.com/recalls/2021/bravo-packing-inc-salmonella-2021-03/
87553,2021-04-06,2021-03-17,2021-06-16,"Class I",Closed,"Cargill, Inc Corporate Headquarters",Wayzata,Minnesota,dog,Salmonella,"Dog food product tested positive for Salmonella","Distributed to a distribution center in Texas",1,,,,,,,,https://www.accessdata.fda.gov/scripts/ires/?Product=186264,https://perbowl.com/recalls/2021/cargill-inc-corporate-headquarters-salmonella-2021-04/
87625,2021-04-20,2021-03-26,2022-01-26,"Class I",Closed,"MIdwestern Pet Foods Inc.",Monmouth,Illinois,cat;dog,Salmonella,"Product potentially contaminated with Salmonella spp.","Products were distributed to retail stores nationwide in the United States (including Puerto Rico) and to online retailers. Products were also exported to the following countries: Bahrain, Barbados, Chile, Costa Rica, Ghana, Honduras, Iceland, Indonesia, Ireland, Israel, Kuwait, Malaysia, New Zealand, Singapore, Taiwan, Trinidad and Tobago, United Arab Emirates, and Uruguay.",1,,,,,,,,https://www.accessdata.fda.gov/scripts/ires/?Product=186414,https://perbowl.com/recalls/2021/midwestern-pet-foods-inc-salmonella-2021-04/
87691,2021-04-27,2021-04-08,2021-06-01,"Class I",Closed,"The JM Smucker Company LLC",Orrville,Ohio,cat,Salmonella,"Presumptive positive for Salmonella placed on hold was inadvertently released.","10 Walmart locations located in: IL, OK, NE, WY, MO, WI, UT, NM",1,,,,,,,"Meow Mix",https://www.accessdata.fda.gov/scripts/ires/?Product=186781,https://perbowl.com/recalls/2021/the-jm-smucker-company-llc-salmonella-2021-04/
87534,2021-04-29,2021-03-15,2022-02-22,"Class I",Closed,"Bravo Packing, Inc.","Carneys Point","New Jersey",dog,Listeria;Salmonella,"Possible Listeria monocytogenes and Salmonella spp. contamination in frozen dog food and bones","Product is distributed nationwide.",3,,,,,,,,https://www.accessdata.fda.gov/scripts/ires/?Product=186237,https://perbowl.com/recalls/2021/bravo-packing-inc-salmonella-2021-04/
87979,2021-06-07,2021-05-19,2021-07-06,"Class I",Closed,"Natural Balance Pet Foods, Inc.","San Diego",California,cat,Salmonella,"Product tested by the Minnesota Department of Agriculture found Salmonella 21:y:in Limited Ingredient Died Green Pea and Chicken Cat Food.","OH, WI, NJ, NC, MN, TX, IN, PA, FL and Canada",1,,,,,,,"Natural Balance",https://www.accessdata.fda.gov/scripts/ires/?Product=187574,https://perbowl.com/recalls/2021/natural-balance-pet-foods-inc-salmonella-2021-06/
87892,2021-06-11,2021-04-30,2021-10-03,"Class II",Closed,"Tejas Industries - Amarillo Distribution",Amarillo,Texas,dog,Other,"Pet treat products show presence of mold.","Distributed to pet food distributors and retailers in AZ, CA, CO, CT, DE, FL, GA, ID, IL, IN, KS, KY, MA, MD, MI, MN, MO, MS, MT, NC, NE, NJ, NV, NY, OH, OR, PA, RI, SC, TN, TX, UT, VA, WA, WI, WV, WY and Canada.",7,,,,,,,,https://www.accessdata.fda.gov/scripts/ires/?Product=187326,https://perbowl.com/recalls/2021/tejas-industries-amarillo-distribution-recall-2021-06/
88031,2021-06-21,2021-06-01,2023-10-03,"Class I",Closed,"Sunshine Mills, Inc.",Tupelo,Mississippi,dog,Salmonella,"Positive Salmonella Sampling","MS, FL, TN, LA, VA, NC, TX, MN, WI, IA, SD, ND, AL, GA",4,"Sunshine Mills",name,"Sunshine Mills, Tupelo, MS",fei,https://perbowl.com/who-makes/sunshine-mills/,https://perbowl.com/who-makes/sunshine-mills/tupelo-ms/,,https://www.accessdata.fda.gov/scripts/ires/?Product=187720,https://perbowl.com/recalls/2021/sunshine-mills-inc-salmonella-2021-06/
88063,2021-06-24,2021-06-09,2022-05-19,"Class II",Closed,"True Pet Food Project, Inc dba Smalls","New York","New York",cat,Other,"Cat food has off odor and color",Nationwide,4,,,,,,,,https://www.accessdata.fda.gov/scripts/ires/?Product=187805,https://perbowl.com/recalls/2021/true-pet-food-project-inc-dba-smalls-recall-2021-06/
88102,2021-07-01,2021-06-10,2022-03-04,"Class I",Closed,"Freshpet Inc.",Bethlehem,Pennsylvania,dog,Salmonella,"Possible salmonella contamination.","Distributed to distribution centers in CA, WA, and FL.",1,Freshpet,name,,,https://perbowl.com/who-makes/freshpet/,,Freshpet,https://www.accessdata.fda.gov/scripts/ires/?Product=187863,https://perbowl.com/recalls/2021/freshpet-inc-salmonella-2021-07/
88269,2021-09-08,2021-07-14,2021-11-29,"Class II",Closed,"Nestle Purina PetCare Co","Saint Louis",Missouri,,"Foreign material","Canned cat food may contain foreign black rubber material","Distributed to pet food and online retailer distribution centers in AR, AZ, FL, IL, MI, VA, WA, and WI.",1,"Nestlé Purina PetCare",name,,,https://perbowl.com/who-makes/nestle-purina-petcare/,,Purina,https://www.accessdata.fda.gov/scripts/ires/?Product=188259,https://perbowl.com/recalls/2021/nestle-purina-petcare-co-foreign-material-2021-09/
88479,2021-09-15,2021-08-10,2022-01-03,"Class I",Closed,"WET NOSES NATURAL DOG TREATS",Monroe,Washington,dog,"Excess vitamin D;Nutrient levels","Elevated levels of Vitamin D.","distributed nationwide",4,"Wet Noses Natural Dog Treat Co.",plant,"Wet Noses Natural Dog Treat Co., Monroe, WA",fei,https://perbowl.com/who-makes/wet-noses-natural-dog-treat-co/,https://perbowl.com/who-makes/wet-noses-natural-dog-treat-co/monroe-wa/,"Simply Nourish",https://www.accessdata.fda.gov/scripts/ires/?Product=188763,https://perbowl.com/recalls/2021/wet-noses-natural-dog-treats-excess-vitamin-d-2021-09/
88774,2021-11-02,2021-09-27,2021-11-12,"Class III",Closed,"WET NOSES NATURAL DOG TREATS",Monroe,Washington,dog,Other,"pH level exceeded low acid level guidelines.","distributed nationwide.",1,"Wet Noses Natural Dog Treat Co.",plant,"Wet Noses Natural Dog Treat Co., Monroe, WA",fei,https://perbowl.com/who-makes/wet-noses-natural-dog-treat-co/,https://perbowl.com/who-makes/wet-noses-natural-dog-treat-co/monroe-wa/,,https://www.accessdata.fda.gov/scripts/ires/?Product=189507,https://perbowl.com/recalls/2021/wet-noses-natural-dog-treats-recall-2021-11/
88355,2021-11-05,2021-07-26,2021-11-08,"Class II",Closed,"Sunshine Mills, Inc.",Tupelo,Mississippi,,"Aflatoxin or mycotoxin;Nutrient levels","Elevated levels of Aflatoxins","Product distributed to the following states: IL, PA, TX, DE, NC, AZ, OH, NH, AL, FL, CT, NV, NY, MN, CA, OK, WI, KS, MO, MI, IN",6,"Sunshine Mills",name,"Sunshine Mills, Tupelo, MS",fei,https://perbowl.com/who-makes/sunshine-mills/,https://perbowl.com/who-makes/sunshine-mills/tupelo-ms/,,https://www.accessdata.fda.gov/scripts/ires/?Product=188481,https://perbowl.com/recalls/2021/sunshine-mills-inc-aflatoxin-or-mycotoxin-2021-11/
88842,2021-11-05,2021-10-08,2022-02-03,"Class II",Closed,"Tuffy's Pet Foods, Inc.",Perham,Minnesota,dog,"Excess vitamin D;Nutrient levels","Dog food may contain elevated levels of Vitamin D.","AZ, CA, CO, FL, MI, MN, NM, NY, PA, SC, TN, WI",1,,,,,,,,https://www.accessdata.fda.gov/scripts/ires/?Product=189709,https://perbowl.com/recalls/2021/tuffy-s-pet-foods-inc-excess-vitamin-d-2021-11/
88786,2021-11-26,2021-09-29,2022-03-29,"Class I",Closed,"Fromm Family Foods, LLC",Mequon,Wisconsin,dog,"Excess vitamin D;Nutrient levels","Dog food may contain elevated levels of Vitamin D.","AZ, CA, GA, IL, MI, MN, NJ, NY, OH, PA, RI, TX, WI and Canada",4,,,,,,,Fromm,https://www.accessdata.fda.gov/scripts/ires/?Product=189531,https://perbowl.com/recalls/2021/fromm-family-foods-llc-excess-vitamin-d-2021-11/
89217,2022-01-11,2021-12-10,2022-01-13,"Class I",Closed,"Pet Brands Products LLC",Dublin,Ohio,cat;dog,Other,"Potential choking hazard","Product distributed to single distribution center located in IL. The distribution center then shipped the product to the following states: Alabama, Arkansas, Connecticut, Georgia Illinois, Kansas, Michigan, Nevada, Oregon, South Carolina, Texas Virginia, Wisconsin, California, Delaware, Indiana, Kentucky, Maryland, Minnesota, New Hampshire, New York, Ohio, Pennsylvania, Utah,  Washington, Wyoming,",1,,,,,,,,https://www.accessdata.fda.gov/scripts/ires/?Product=190813,https://perbowl.com/recalls/2022/pet-brands-products-llc-recall-2022-01/
89302,2022-01-13,2021-12-23,,"Class I",Active,"Agila Corporation",Eagan,Minnesota,,Salmonella,"Salmonella contamination.",MN,1,,,,,,,,https://www.accessdata.fda.gov/scripts/ires/?Product=191168,https://perbowl.com/recalls/2022/agila-corporation-salmonella-2022-01/
88544,2022-02-08,2021-08-19,2024-08-07,"Class I",Closed,"Top Quality Dog Food, LLC",Hyattsville,Maryland,dog,Listeria;Salmonella,"Top Quality Dog Food, LLC. 3630 East St. Hyattsville, MD 20785 has initiated a recall of Top Quality Dog Food, Beef HVM, 1 lb. pkgs in film casings, 1 package is 1 lb, Lot Number: 071521 Expiration Date: 07/15/2022 because product tested positive for Salmonella, Listeria Monocytogenes .","The product was distributed to the following states :  MD, DE, MA, MD, SC, VA, CT, PA and the DC",1,,,,,,,,https://www.accessdata.fda.gov/scripts/ires/?Product=188961,https://perbowl.com/recalls/2022/top-quality-dog-food-llc-salmonella-2022-02/
88248,2022-02-11,2021-07-08,2022-02-11,"Class I",Closed,"NomNomNow Inc.",Nashville,Tennessee,cat,Other,"Downstream Recall. Potential L. mono contamination due to ingredient used.","Firm ships product directly to consumers in the following states: AL, AR, AZ, CA, CO, CT, DC, DE, FL, GA, IA, ID, IL, IN, KS, KY, LA, MA, MD, ME, MI, MN, MO, MS, MT, NC, ND, NE, NH, NJ, NM, NV, NY, OH, OK, OR, PA, RI, SC, SD, TN, TX, UT, VA, VT, WA, WI, WV, WY.",1,,,,,,,,https://www.accessdata.fda.gov/scripts/ires/?Product=188214,https://perbowl.com/recalls/2022/nomnomnow-inc-recall-2022-02/
89627,2022-04-05,2022-02-18,2024-06-24,"Class II",Closed,"Dollar Tree Distribution, Inc.",Chesapeake,Virginia,,Other,"Potential exposure to rodents and rodent activity in the distribution center.","Alabama, Arkansas, Louisiana, Mississippi, Missouri and Tennessee",1,,,,,,,,https://www.accessdata.fda.gov/scripts/ires/?Product=192079,https://perbowl.com/recalls/2022/dollar-tree-distribution-inc-recall-2022-04/
90470,2022-07-11,2022-06-15,2022-11-07,"Class I",Closed,"Freshpet Inc.",Bethlehem,Pennsylvania,,Salmonella,"Potential Salmonella contamination","Distributed to distribution centers in AL and MA. Product was further distributed retail stores in AL, GA, CT, NY, ME, MA, NJ, NH, RI, VT, WV, and Puerto Rico",1,Freshpet,name,,,https://perbowl.com/who-makes/freshpet/,,Freshpet,https://www.accessdata.fda.gov/scripts/ires/?Product=194488,https://perbowl.com/recalls/2022/freshpet-inc-salmonella-2022-07/
90570,2022-08-23,2022-07-06,2023-01-27,"Class I",Closed,"Primal Pet Foods Inc.",Fairfield,California,dog,Listeria,"Potential Listeria monocytogenes contamination.","U.S distribution to the following: TX, GA. MD

Foreign distribution to the following: Canada",1,,,,,,,,https://www.accessdata.fda.gov/scripts/ires/?Product=194797,https://perbowl.com/recalls/2022/primal-pet-foods-inc-listeria-2022-08/
90584,2022-08-23,2022-07-08,,"Class I",Active,"Stormberg Foods LLC",Goldsboro,"North Carolina",dog,Salmonella,"The firm was notified by the NCDA & CS that they received positive test results for Salmonella in various dog treats.","Product was shipped to the following states: CA, MN, NC & RI.",1,,,,,,,,https://www.accessdata.fda.gov/scripts/ires/?Product=194858,https://perbowl.com/recalls/2022/stormberg-foods-llc-salmonella-2022-08/
90832,2022-10-14,2022-09-06,2023-02-03,"Class I",Closed,"BREUER PREMIUM PET FOOD CO, INC",Bedford,"New York",dog,Salmonella,"Contaminated with Salmonella",Nationwide,1,,,,,,,,https://www.accessdata.fda.gov/scripts/ires/?Product=195982,https://perbowl.com/recalls/2022/breuer-premium-pet-food-co-inc-salmonella-2022-10/
91233,2022-12-19,2022-11-30,2023-01-30,"Class II",Closed,"Nestle Purina PetCare Co","Saint Louis",Missouri,dog,"Mislabeling or undeclared ingredient","Cans of a complete adult wet dog food are mislabeled as a prescription diet low fat wet dog food.",Nationwide.,1,"Nestlé Purina PetCare",name,,,https://perbowl.com/who-makes/nestle-purina-petcare/,,Purina,https://www.accessdata.fda.gov/scripts/ires/?Product=197318,https://perbowl.com/recalls/2022/nestle-purina-petcare-co-mislabeling-or-undeclared-ingredien-2/
91342,2023-01-08,2022-12-15,2023-01-23,"Class I",Closed,"Texas Farm Products Company dba TFP Nutrition",Nacogdoches,Texas,cat,Salmonella,"Potential Salmonella contamination of dry cat food",Texas,1,,,,,,,,https://www.accessdata.fda.gov/scripts/ires/?Product=197518,https://perbowl.com/recalls/2023/texas-farm-products-company-dba-tfp-nutrition-salmonella-202/
91393,2023-01-08,2022-12-22,2023-03-28,"Class II",Closed,"Wegmans Food Markets, Inc.",Rochester,"New York",cat,Salmonella,"Product may be contaminated with Salmonella.","MA, NY, PA, NJ, VA, Washington DC, DE, NC, MD",1,,,,,,,,https://www.accessdata.fda.gov/scripts/ires/?Product=197615,https://perbowl.com/recalls/2023/wegmans-food-markets-inc-salmonella-2023-01/
91551,2023-02-06,2023-01-23,2023-05-05,"Class II",Closed,"Royal Canin USA Inc","Saint Charles",Missouri,cat,"Mislabeling or undeclared ingredient","Product is mislabeled and some bags may contain a different product.","Distributed nationwide. Only available for purchase by veterinary recommendation.",1,"Royal Canin USA",name,,,https://perbowl.com/who-makes/royal-canin-usa/,,"Royal Canin",https://www.accessdata.fda.gov/scripts/ires/?Product=198147,https://perbowl.com/recalls/2023/royal-canin-usa-inc-mislabeling-or-undeclared-ingredient-202/
91662,2023-03-10,2023-02-08,2023-04-18,"Class I",Closed,"Nestle Purina PetCare Co","Saint Louis",Missouri,dog,"Excess vitamin D;Nutrient levels","Prescription diet dry dog food may contain elevated levels of vitamin D.","Distributors in GA, IL, NV, PA, TX",1,"Nestlé Purina PetCare",name,,,https://perbowl.com/who-makes/nestle-purina-petcare/,,Purina,https://www.accessdata.fda.gov/scripts/ires/?Product=198451,https://perbowl.com/recalls/2023/nestle-purina-petcare-co-excess-vitamin-d-2023-03/
91881,2023-04-18,2023-03-10,2023-04-24,"Class I",Closed,"Nestle Purina PetCare Co","Saint Louis",Missouri,dog,"Excess vitamin D;Nutrient levels","Prescription diet dry dog food may contain elevated levels of vitamin D.","Distributors in GA, IL, NV, PA, TX",1,"Nestlé Purina PetCare",name,,,https://perbowl.com/who-makes/nestle-purina-petcare/,,Purina,https://www.accessdata.fda.gov/scripts/ires/?Product=199099,https://perbowl.com/recalls/2023/nestle-purina-petcare-co-excess-vitamin-d-2023-04/
91877,2023-05-08,2023-03-09,2023-08-03,"Class I",Closed,"Stratford Care USA, Inc.",Odessa,Florida,cat;dog,"Nutrient levels","Elevated levels of Vitamin A in animal food.","Domestic distribution only.",59,,,,,,,,https://www.accessdata.fda.gov/scripts/ires/?Product=199095,https://perbowl.com/recalls/2023/stratford-care-usa-inc-nutrient-levels-2023-05/
92330,2023-06-05,2023-05-11,,"Class II",Active,"Ark Naturals Company",Tampa,Florida,dog,Other,"Potential mold.","AL, AZ, CA, CO, CT, FL, GA, IA, IL, IN, KS, KY, MA, MD, MI, MO, MN, NC, NH, NJ, NV, NY, OH, OR, PA, SC, SD, TN, TX, UT, VA, WA, WI, Canada",2,,,,,,,,https://www.accessdata.fda.gov/scripts/ires/?Product=200323,https://perbowl.com/recalls/2023/ark-naturals-company-recall-2023-06/
92422,2023-06-12,2023-05-30,2023-08-03,"Class II",Closed,"Cargill, Inc Corporate Headquarters",Wayzata,Minnesota,dog,"Aflatoxin or mycotoxin","Elevated aflatoxin levels","Distributors in KS, LA, MO, MS, NE, OK",1,,,,,,,,https://www.accessdata.fda.gov/scripts/ires/?Product=200888,https://perbowl.com/recalls/2023/cargill-inc-corporate-headquarters-aflatoxin-or-mycotoxin-20/
92939,2023-09-18,2023-08-07,2024-09-30,"Class III",Closed,"Dechra Veterinary Products Inc","Overland Park",Kansas,dog,Other,"Product may have been contaminated with packaging material from one of the raw materials during manufacturing.","KY, ID, MO",1,,,,,,,,https://www.accessdata.fda.gov/scripts/ires/?Product=202952,https://perbowl.com/recalls/2023/dechra-veterinary-products-inc-recall-2023-09/
92990,2023-09-28,2023-09-02,,"Class I",Active,"Mid America Pet Food LLC","Mount Pleasant",Texas,dog,Salmonella,"Positive Salmonella Sample","Throughout the USA",1,,,,,,,Victor,https://www.accessdata.fda.gov/scripts/ires/?Product=203178,https://perbowl.com/recalls/2023/mid-america-pet-food-llc-salmonella-2023-09/
93131,2023-10-26,2023-09-27,,"Class I",Active,"Carolina Prime Pet, Inc.",Lenoir,"North Carolina",,Salmonella,"The firm was notified by their customer that the products test positive for Salmonella.","Product was distributed to one customer in TN. Product was not further distributed to retail establishments or consumers.",5,,,,,,,,https://www.accessdata.fda.gov/scripts/ires/?Product=203517,https://perbowl.com/recalls/2023/carolina-prime-pet-inc-salmonella-2023-10/
93284,2023-11-21,2023-10-20,,"Class I",Closed,"Texas Farm Products Company dba TFP Nutrition",Nacogdoches,Texas,dog,Salmonella,"potential salmonella","Product was distributed to Tractor Supply Company Distribution Centers in LA, TX, NM. AZ.  This product is sold retail exclusively in Tractor Supply Stores",1,,,,,,,Retriever,https://www.accessdata.fda.gov/scripts/ires/?Product=203833,https://perbowl.com/recalls/2023/texas-farm-products-company-dba-tfp-nutrition-salmonella-202-2/
93324,2023-11-24,2023-10-27,,"Class I",Active,"Lea-Way Farms Inc. dba Blue Ridge Beef",Statesville,"North Carolina",dog,Salmonella,"The firm was notified by the FDA that the product test positive for Salmonella.","Product was shipped to the following state MD.",1,,,,,,,,https://www.accessdata.fda.gov/scripts/ires/?Product=203986,https://perbowl.com/recalls/2023/lea-way-farms-inc-dba-blue-ridge-beef-salmonella-2023-11/
93445,2024-01-23,2023-11-13,2025-03-03,"Class I",Closed,"Texas Farm Products Company dba TFP Nutrition",Nacogdoches,Texas,cat;dog,Salmonella,"Positive Salmonella Sample","Products are distributed Nationwide",1,,,,,,,Retriever,https://www.accessdata.fda.gov/scripts/ires/?Product=204346,https://perbowl.com/recalls/2024/texas-farm-products-company-dba-tfp-nutrition-salmonella-202-3/
93641,2024-01-23,2023-12-15,,"Class I",Active,"Lea-Way Farms Inc. dba Blue Ridge Beef",Statesville,"North Carolina",cat;dog,Listeria;Salmonella,"The firm was notified by North Carolina Department of Agriculture and Consumer Services that the products tested positive for Salmonella and Listeria.","Product was shipped to the following states: CT, FL, IA, IL, MA, MD, MI, NC, NY, OH, OR, PA, RI, TN, VA & WI.",3,,,,,,,,https://www.accessdata.fda.gov/scripts/ires/?Product=205003,https://perbowl.com/recalls/2024/lea-way-farms-inc-dba-blue-ridge-beef-salmonella-2024-01/
93333,2024-01-30,2023-10-30,,"Class I",Closed,"Mid America Pet Food LLC","Mount Pleasant",Texas,dog,Salmonella,"Positive Salmonella sample","Product is sold through various distributors who sell the product retail for animal consumption.",1,,,,,,,Victor,https://www.accessdata.fda.gov/scripts/ires/?Product=204018,https://perbowl.com/recalls/2024/mid-america-pet-food-llc-salmonella-2024-01/
93862,2024-02-26,2024-01-23,,"Class I",Active,"Viva Raw",Hillsborough,"North Carolina",cat;dog,Listeria;Salmonella,"FDA notified the firm that via our Adverse Event Reporting system that a positive test results for Listeria monocytogenes and Salmonella was found in the product.","Product was shipped to the following states: AK, AL, AZ, CA, CO, CT, DC, DE, FL, GA, HI, IA, ID, IL, IN, KS, KY, LA, MA, MD, ME, MI, MN, MO, MS, MT, NC, ND, NE, NH, NJ, NM, NV, NY, OH, OK, OR, PA, RI, SC, SD, TN, TX, UT, VA, VT, WA, WI, WV & WY.",3,,,,,,,,https://www.accessdata.fda.gov/scripts/ires/?Product=205733,https://perbowl.com/recalls/2024/viva-raw-salmonella-2024-02/
94657,2024-06-21,2024-05-17,2025-01-30,"Class II",Closed,"MARS PETCARE U.S INC",Franklin,Tennessee,dog,"Foreign material","Potential Metal Contamination","Arkansas, Oklahoma, Texas and Louisiana.",1,"Mars Petcare US",name,,,https://perbowl.com/who-makes/mars-petcare-us/,,Pedigree,https://www.accessdata.fda.gov/scripts/ires/?Product=207937,https://perbowl.com/recalls/2024/mars-petcare-u-s-inc-foreign-material-2024-06/
94362,2024-07-02,2024-06-12,,"Class II",Active,"Viva Raw",Hillsborough,"North Carolina",cat;dog,Listeria,"After an inspection by the FDA, the firm was notified that their products test positive for Listeria monocytogenes.","Product was shipped to distributors in the following states: CA, NC & NJ.",5,,,,,,,,https://www.accessdata.fda.gov/scripts/ires/?Product=208395,https://perbowl.com/recalls/2024/viva-raw-listeria-2024-07/
95076,2024-08-15,2022-05-27,2024-08-15,"Class II",Closed,"Predator Pet, Inc.","Spring Valley",California,cat,Other,"Product tested positive for L. mono.","Product shipped to 3 distributors, who further distributed to 7 retailers in total. CO, IL, NE, TX",1,,,,,,,,https://www.accessdata.fda.gov/scripts/ires/?Product=209414,https://perbowl.com/recalls/2024/predator-pet-inc-recall-2024-08/
95340,2024-10-21,2024-09-22,2025-02-06,"Class I",Closed,"Lystn LLC",Fleetwood,Pennsylvania,dog,Listeria;Salmonella,"Potential Listeria monocytogenes contamination Potential Salmonella Kentucky contamination Potential Salmonella Newport and Listeria monocytogenes contamination Potential Salmonella Typhimurium contamination","Distributed nationwide.",4,,,,,,,,https://www.accessdata.fda.gov/scripts/ires/?Product=210033,https://perbowl.com/recalls/2024/lystn-llc-salmonella-2024-10/
95555,2024-11-20,2024-10-07,,"Class I",Active,"Carolina Prime Pet, Inc.",Lenoir,"North Carolina",dog,Salmonella,"Potential Salmonella contamination","Distributed to a distributor in Tennessee",1,,,,,,,,https://www.accessdata.fda.gov/scripts/ires/?Product=210578,https://perbowl.com/recalls/2024/carolina-prime-pet-inc-salmonella-2024-11/
95833,2024-12-11,2024-11-15,,"Class I",Active,"Carolina Prime Pet, Inc.",Lenoir,"North Carolina",dog,Salmonella,"Potential Salmonella contamination","Distributed to a consignee in Tennessee",1,,,,,,,,https://www.accessdata.fda.gov/scripts/ires/?Product=211314,https://perbowl.com/recalls/2024/carolina-prime-pet-inc-salmonella-2024-12/
95879,2024-12-19,2024-11-27,2025-03-28,"Class I",Closed,"Lea-Way Farms Inc. dba Blue Ridge Beef",Statesville,"North Carolina",dog,Salmonella,"Possible Salmonella contamination","Distributed to distributors in IL, MI, MA, CT, OH, PA, VA, NH, and MD",1,,,,,,,,https://www.accessdata.fda.gov/scripts/ires/?Product=211434,https://perbowl.com/recalls/2024/lea-way-farms-inc-dba-blue-ridge-beef-salmonella-2024-12/
95964,2025-01-02,2024-12-11,2026-04-28,"Class III",Closed,"SFD Opco, LLC",Seward,Nebraska,,"Foreign material","Foreign object (plastic)","Distributed to distribution centers in TX, Fl, AZ, PA, MI, CA, RI, CO, and SC.",6,,,,,,,,https://www.accessdata.fda.gov/scripts/ires/?Product=211656,https://perbowl.com/recalls/2025/sfd-opco-llc-foreign-material-2025-01/
96016,2025-01-26,2024-12-16,2025-02-14,"Class I",Closed,"Smallbatch Pets LLC",Seahurst,Washington,dog,Salmonella,"Potential Salmonella contamination.","Distributed to 1 distributor in WI",1,,,,,,,,https://www.accessdata.fda.gov/scripts/ires/?Product=211791,https://perbowl.com/recalls/2025/smallbatch-pets-llc-salmonella-2025-01/
96096,2025-02-12,2025-01-03,2025-03-21,"Class I",Closed,"Lea-Way Farms Inc. dba Blue Ridge Beef",Statesville,"North Carolina",cat,Salmonella,"Possible Salmonella contamination","Distributed to distributors in MD, PA, CT",1,,,,,,,,https://www.accessdata.fda.gov/scripts/ires/?Product=211996,https://perbowl.com/recalls/2025/lea-way-farms-inc-dba-blue-ridge-beef-salmonella-2025-02/
96213,2025-02-19,2025-01-31,2025-03-26,"Class I",Closed,"Lea-Way Farms Inc. dba Blue Ridge Beef",Statesville,"North Carolina",dog,Salmonella,"Potential Salmonella contamination.","Distributed to consignees in Virginia, Tennessee, Rhode Island, and Connecticut.",1,,,,,,,,https://www.accessdata.fda.gov/scripts/ires/?Product=212361,https://perbowl.com/recalls/2025/lea-way-farms-inc-dba-blue-ridge-beef-salmonella-2025-02-2/
96442,2025-03-27,2025-02-17,2025-04-07,"Class I",Closed,"Petdine, LLC.",Harvard,Illinois,,Salmonella,"Possible Salmonella contamination","Distributed to 1 consignee in IL, no further distribution.",7,,,,,,,,https://www.accessdata.fda.gov/scripts/ires/?Product=212895,https://perbowl.com/recalls/2025/petdine-llc-salmonella-2025-03/
96410,2025-04-24,2025-03-01,2025-04-29,"Class I",Closed,"Wild Coast LLC",Tumwater,Washington,cat,Other,"Highly Pathogenic Avian Influenza (HPAI) contamination in raw cat food","Distributed to distributor in WA and further distributed to retailers in WA and OR.",1,,,,,,,,https://www.accessdata.fda.gov/scripts/ires/?Product=212806,https://perbowl.com/recalls/2025/wild-coast-llc-recall-2025-04/
96687,2025-05-01,2025-04-11,2025-05-13,"Class I",Closed,"Lea-Way Farms Inc. dba Blue Ridge Beef",Statesville,"North Carolina",cat;dog,Listeria;Salmonella,"Possible contamination with Salmonella and Listeria monocytogenes","Distributed to distributors in PA, CT, MD, WI, and RI and further distributed to retail stores VA, MD, PA, CT, MA, NY, TN, RI, and WI.",2,,,,,,,,https://www.accessdata.fda.gov/scripts/ires/?Product=213402,https://perbowl.com/recalls/2025/lea-way-farms-inc-dba-blue-ridge-beef-salmonella-2025-05/
96610,2025-05-02,2025-03-28,2025-08-27,"Class I",Closed,"SUPERCAN BULLY STICKS LLC",Miami,Florida,,Salmonella,"Potential Salmonella contamination.","Distributed to a retail store in WA.",1,,,,,,,,https://www.accessdata.fda.gov/scripts/ires/?Product=213248,https://perbowl.com/recalls/2025/supercan-bully-sticks-llc-salmonella-2025-05/
96509,2025-05-06,2025-03-14,2025-05-12,"Class I",Closed,"PREDATOR PET INC DBA SAVAGE PET","El Cajon",California,cat,Other,"Highly Pathogenic Avian Influenza (HPAI) contamination in raw cat food.","Distributed to retailers in AZ, CA, CO, DC, DE, KS, MD, NE, NJ, NM, NY, OH, PA, UT, WV and WY",1,,,,,,,,https://www.accessdata.fda.gov/scripts/ires/?Product=213059,https://perbowl.com/recalls/2025/predator-pet-inc-dba-savage-pet-recall-2025-05/
97494,2025-10-01,2025-08-25,2025-11-13,"Class I",Closed,"Viva Raw",Charlotte,"North Carolina",cat;dog,Listeria;Salmonella,"Potential Listeria monocytogenes contamination. Potential Salmonella contamination.","Distributed to distributors in NJ, CA, TX, and NC.",6,,,,,,,,https://www.accessdata.fda.gov/scripts/ires/?Product=215757,https://perbowl.com/recalls/2025/viva-raw-salmonella-2025-10/
97743,2025-10-21,2025-10-01,2026-04-24,"Class I",Closed,"Best Buy Bones Inc.","Mount Morris",Michigan,,Salmonella,"Potential Salmonella Contamination","Distributed to consignees in PA, MN, and MO. Product was further distributed in retail stores in WI.",1,,,,,,,,https://www.accessdata.fda.gov/scripts/ires/?Product=216476,https://perbowl.com/recalls/2025/best-buy-bones-inc-salmonella-2025-10/
97769,2025-10-22,2025-10-10,2025-12-15,"Class I",Closed,"Raw Bistro, Inc.","Cannon Falls",Minnesota,dog,Salmonella,"Potential Salmonella contamination.","Distributed to consumers in MI, MD, TN, OH, CA, NJ, WI, MN, CO, AL, UT, IL, ME. MO, NY, FL, TX, and VA and distribution centers in IL, CA, CO, and MN.",1,,,,,,,,https://www.accessdata.fda.gov/scripts/ires/?Product=216546,https://perbowl.com/recalls/2025/raw-bistro-inc-salmonella-2025-10/
97658,2025-10-28,2025-09-19,2025-12-11,"Class I",Closed,"Arrow Reliance Inc",Tukwila,Washington,dog,Listeria;Salmonella,"Potential Listeria monocytogenes and Salmonella contamination Potential Listeria monocytogenes contamination","Distributed to distribution centers in TX, PA, and FL. Further distributed nationwide.",2,,,,,,,,https://www.accessdata.fda.gov/scripts/ires/?Product=216256,https://perbowl.com/recalls/2025/arrow-reliance-inc-salmonella-2025-10/
97762,2025-11-04,2025-10-03,2025-12-15,"Class I",Closed,"Glacial Freeze Dry, LLC",Wales,Wisconsin,cat;dog,Salmonella,"Potential Salmonella contamination","Distributed to retailers in WY, NY, WI, FL, and MD.",4,,,,,,,,https://www.accessdata.fda.gov/scripts/ires/?Product=216527,https://perbowl.com/recalls/2025/glacial-freeze-dry-llc-salmonella-2025-11/
97982,2025-12-21,2025-10-10,2026-03-13,"Class I",Closed,"Fromm Family Foods, LLC",Mequon,Wisconsin,dog,"Foreign material","Potential foreign material (plastic)","Distributed to consignees in IL, TX, CA and Canada.",1,,,,,,,,https://www.accessdata.fda.gov/scripts/ires/?Product=217373,https://perbowl.com/recalls/2025/fromm-family-foods-llc-foreign-material-2025-12/
98224,2026-01-14,2025-12-26,,"Class II",Active,"GOLD STAR DISTRIBUTION INC",Minneapolis,Minnesota,,Other,"Potential exposure of rodents and rodent activity in the distribution center.","IN, MN, ND",1,,,,,,,,https://www.accessdata.fda.gov/scripts/ires/?Product=217919,https://perbowl.com/recalls/2026/gold-star-distribution-inc-recall-2026-01/
98221,2026-01-20,2025-12-24,2026-02-24,"Class I",Closed,"Consumers Supply Distributing, LLC","Sioux City",Iowa,dog,Salmonella,"Potential contamination with Salmonella","CO, IA, KS, MO, MT, NE, TX",1,,,,,,,,https://www.accessdata.fda.gov/scripts/ires/?Product=217915,https://perbowl.com/recalls/2026/consumers-supply-distributing-llc-salmonella-2026-01/
98309,2026-02-19,2026-01-27,,"Class II",Active,"Stratford Care USA, Inc.",Oldsmar,Florida,cat;dog,"Mislabeling or undeclared ingredient","The product labeled as medicated wipes was found to contain a non-medicated otic flush due to a product mix-up that occurred at the manufacturing level. As a result, the product is misbranded and does not contain the labeled active ingredient.","US Nationwide, including PR and Israel.",24,,,,,,,,https://www.accessdata.fda.gov/scripts/ires/?Product=218487,https://perbowl.com/recalls/2026/stratford-care-usa-inc-mislabeling-or-undeclared-ingredient/
98474,2026-03-19,2026-02-19,2026-04-15,"Class I",Closed,"elite treats LLC","Boca Raton",Florida,dog,Salmonella,"Potential contamination with Salmonella","Product was distributed to Alabama, Florida, Georgia, North Carolina and South Carolina",1,,,,,,,,https://www.accessdata.fda.gov/scripts/ires/?Product=218862,https://perbowl.com/recalls/2026/elite-treats-llc-salmonella-2026-03/
98446,2026-03-23,2026-02-13,2026-06-11,"Class I",Closed,"Go Raw, LLC DBA Steve's Real Food",Cottonwood,Utah,cat,"Low thiamine","Inadequate levels of thiamine for cats.","Distributed in the following states: CO, UT, WA, OR, PA, RI, MI, CA, TX, IL, GA, NC, SC, FL, MN, NY, OH, WI, PA, ID & MT.",2,,,,,,,,https://www.accessdata.fda.gov/scripts/ires/?Product=218772,https://perbowl.com/recalls/2026/go-raw-llc-dba-steve-s-real-food-low-thiamine-2026-03/
98343,2026-04-09,2026-01-26,,"Class I",Closed,"Raaw Energy, LLC",Adelphia,"New Jersey",dog,Listeria;Salmonella,"Product tested positive for positive for one or more types of pathogenic (harmful) bacteria, specifically: Listeria monocytogenes (L. monocytogenes). Product tested positive for positive for one or more types of pathogenic (harmful) bacteria, specifically: Listeria monocytogenes, Salmonella, Campylobacter jejuni. 
Chicken medley 2lb (Listeria monocytogenes, Salmonella, Campylobacter jejuni)
Chicken medley 5lb Date code 11.22.25 (Listeria monocytogenes)
Chicken medley 5lb Date code 12.12.25  (Listeria monocytogenes, Salmonella) Product tested positive for positive for one or more types of pathogenic (harmful) bacteria, specifically: Listeria monocytogenes.","The adulterate product was distributed to the following states: CT, MA, MD, ME, NH, NJ, PA, VA, RI, DE, NH, VT, WV",5,,,,,,,,https://www.accessdata.fda.gov/scripts/ires/?Product=218340,https://perbowl.com/recalls/2026/raaw-energy-llc-salmonella-2026-04/
98465,2026-04-09,2026-02-18,,"Class I",Active,"Pretty Bird International, Inc",Stacy,Minnesota,dog,Salmonella,"Dog food tested presumptive Salmonella positive.",Nationwide,1,,,,,,,,https://www.accessdata.fda.gov/scripts/ires/?Product=218829,https://perbowl.com/recalls/2026/pretty-bird-international-inc-salmonella-2026-04/
98645,2026-04-09,2026-03-25,2026-08-28,"Class III",Closed,"Farmina Pet Food USA LLC",Reidsville,"North Carolina",dog,"Mislabeling or undeclared ingredient","Mislabeled Dog Food. The ingredient panel on the back list lamb while the front panel of the product list salmon.","Product was shipped to the following states: IL, MN, PA & TN.",1,,,,,,,,https://www.accessdata.fda.gov/scripts/ires/?Product=219336,https://perbowl.com/recalls/2026/farmina-pet-food-usa-llc-mislabeling-or-undeclared-ingredien/
98774,2026-05-26,2026-04-15,,"Class I",Closed,"Revival Animal Health LLC","Orange City",Iowa,dog,"Excess vitamin D;Mislabeling or undeclared ingredient","Milk Replacer may contain vitamin D levels higher or lower than labeled claim.","Nationwide.  Outside the US to Canada.",2,,,,,,,,https://www.accessdata.fda.gov/scripts/ires/?Product=219760,https://perbowl.com/recalls/2026/revival-animal-health-llc-excess-vitamin-d-2026-05/
98950,2026-05-27,2026-05-11,2026-09-04,"Class II",Closed,"Allprovide Pet Foods LLC",Norcross,Georgia,dog,"Foreign material","Potential foreign material (plastic) contamination.","Distributed nationwide.",1,,,,,,,,https://www.accessdata.fda.gov/scripts/ires/?Product=220267,https://perbowl.com/recalls/2026/allprovide-pet-foods-llc-foreign-material-2026-05/
98912,2026-06-12,2026-05-01,2026-09-04,"Class I",Closed,"Hoosier Processing LLC","Fort Wayne",Indiana,dog,Salmonella,"Potential Salmonella contamination","Distributed to consignees in NV, WI, NC, FL, TN, MN, GA, IN, MI, MA, NY, OH, PA, and VT.",1,,,,,,,,https://www.accessdata.fda.gov/scripts/ires/?Product=220168,https://perbowl.com/recalls/2026/hoosier-processing-llc-salmonella-2026-06/
98983,2026-06-12,2026-05-13,2026-07-20,"Class I",Closed,"Montgomery Meats",Ladoga,Indiana,,Listeria,"Potential Listeria monocytogenes contamination","Distributed nationwide",3,,,,,,,,https://www.accessdata.fda.gov/scripts/ires/?Product=220346,https://perbowl.com/recalls/2026/montgomery-meats-listeria-2026-06/
99206,2026-07-02,2026-06-08,2026-08-14,"Class I",Closed,"Go Raw, LLC DBA Steve's Real Food",Cottonwood,Utah,,"Low thiamine","Inadequate levels of thiamine for cats.","Distributed to distributors in IL, CA, FL, GA, MN, PA, RI, CO, and WA.",1,,,,,,,,https://www.accessdata.fda.gov/scripts/ires/?Product=221048,https://perbowl.com/recalls/2026/go-raw-llc-dba-steve-s-real-food-low-thiamine-2026-07/
99033,2026-07-10,2026-05-19,,"Class I",Active,"Raaw Energy, LLC",Adelphia,"New Jersey",dog,Listeria,"Potential Listeria monocytogenes contamination","Distributed to customers in CT, DE, MA, MD, NH, NJ, NY, PA, and VA",37,,,,,,,,https://www.accessdata.fda.gov/scripts/ires/?Product=220613,https://perbowl.com/recalls/2026/raaw-energy-llc-listeria-2026-07/
99212,2026-07-15,2026-06-16,2026-09-04,"Class I",Closed,"Midwest Legacy Beef, L.L.C.","La Motte",Iowa,dog,Listeria;Salmonella,"Potential contamination with Salmonella, Listeria monocytogenes, and E. coli O8:H19","Distributed to consumers nationwide.",1,,,,,,,,https://www.accessdata.fda.gov/scripts/ires/?Product=221072,https://perbowl.com/recalls/2026/midwest-legacy-beef-l-l-c-salmonella-2026-07/
99362,2026-07-21,2026-07-02,,"Class II",Active,"MARS PETCARE U.S. INC",Franklin,Tennessee,,"Foreign material","Potential fraudulent distribution of product which may contain foreign material (plastic & metal)","Complete distribution unknown.",1,"Mars Petcare US",name,,,https://perbowl.com/who-makes/mars-petcare-us/,,Pedigree,https://www.accessdata.fda.gov/scripts/ires/?Product=221409,https://perbowl.com/recalls/2026/mars-petcare-u-s-inc-foreign-material-2026-07/
99620,2026-08-26,2026-08-10,,"Class I",Active,"Raw Bistro, Inc.","Cannon Falls",Minnesota,dog,Salmonella,"Potential Salmonella contamination","Distributed to one customer in IL",1,,,,,,,,https://www.accessdata.fda.gov/scripts/ires/?Product=222005,https://perbowl.com/recalls/2026/raw-bistro-inc-salmonella-2026-08/
99623,2026-09-03,2026-08-10,,"Class I",Active,"Miller Foods, Inc.",Avon,Connecticut,dog,Salmonella,"Potential Salmonella contamination","Distributed to wholesalers, retailers, and consumers nationwide.",1,,,,,,,,https://www.accessdata.fda.gov/scripts/ires/?Product=222008,https://perbowl.com/recalls/2026/miller-foods-inc-salmonella-2026-09/
99719,2026-09-03,2026-08-21,,"Class I",Active,"Fromm Family Foods, LLC",Mequon,Wisconsin,dog,"Foreign material","Potential foreign material (metal) contamination.","Distributed nationwide and in Canada.",2,,,,,,,Fromm,https://www.accessdata.fda.gov/scripts/ires/?Product=222298,https://perbowl.com/recalls/2026/fromm-family-foods-llc-foreign-material-2026-09/
99714,2026-09-22,2026-08-20,2026-10-06,"Class I",Active,"A Place for Paws LLC",Canfield,Ohio,dog,Salmonella,"Product may be contaminated with Salmonella","Distributed to consignees in OH and PA",1,,,,,,,,https://www.accessdata.fda.gov/scripts/ires/?Product=222286,https://perbowl.com/recalls/2026/a-place-for-paws-llc-salmonella-2026-09/
99786,2026-09-22,2026-08-28,,"Class I",Active,"Morasch Meats Inc",Portland,Oregon,cat;dog,Listeria;Salmonella,"Product may be contaminated with Salmonella Product may be contaminated with Salmonella and Listeria monocytogenes","Distributed nationwide.",2,,,,,,,,https://www.accessdata.fda.gov/scripts/ires/?Product=222483,https://perbowl.com/recalls/2026/morasch-meats-inc-salmonella-2026-09/
99743,2026-09-24,2026-08-21,,"Class I",Active,"Revival Animal Health LLC","Orange City",Iowa,cat,"Nutrient levels","Product may contain low levels of potassium, copper, folic acid, choline and/or pyridoxine (vitamin B6).","Distributed nationwide.",1,,,,,,,,https://www.accessdata.fda.gov/scripts/ires/?Product=222394,https://perbowl.com/recalls/2026/revival-animal-health-llc-nutrient-levels-2026-09/
